addr	name	kind	target
401000	FUN_00401000	lib	crtstl
401020	FUN_00401020	lib	crtstl
401040	FUN_00401040	lib	crtstl
401060	FUN_00401060	game	World
401080	FUN_00401080	game	World
4010b0	FUN_004010b0	lib	crtstl
4010e0	FUN_004010e0	game	World
401140	FUN_00401140	game	Creature
401370	FUN_00401370	lib	crtstl
4013a0	FUN_004013a0	game	World
4013d0	FUN_004013d0	game	World
4013e0	FUN_004013e0	lib	crtstl
4013f0	FUN_004013f0	lib	crtstl
401420	FUN_00401420	lib	crtstl
401450	FUN_00401450	lib	crtstl
401490	FUN_00401490	lib	crtstl
4014b0	FUN_004014b0	lib	crtstl
4014f0	FUN_004014f0	lib	crtstl
401530	FUN_00401530	lib	crtstl
401570	FUN_00401570	lib	crtstl
4015a0	FUN_004015a0	lib	crtstl
4015e0	FUN_004015e0	lib	crtstl
401610	FUN_00401610	lib	crtstl
401650	FUN_00401650	lib	crtstl
401690	vfunc_0	lib	crtstl
4016c0	FUN_004016c0	lib	crtstl
4016f0	FUN_004016f0	gamemisc	game_misc
401786	Catch_All@00401786	lib	crtstl
4017c3	Catch_All@004017c3	lib	crtstl
401840	FUN_00401840	lib	crtstl
4018f0	FUN_004018f0	lib	crtstl
401920	FUN_00401920	game	Server
401a40	FUN_00401a40	gamemisc	game_misc
401b40	vfunc_3	lib	crtstl
401b80	vfunc_3	lib	crtstl
401ba0	vfunc_4	lib	crtstl
401bc0	vfunc_5	lib	crtstl
401c00	FUN_00401c00	game	Server
401ca0	FUN_00401ca0	lib	crtstl
401cd0	FUN_00401cd0	gamemisc	game_misc
401d40	FUN_00401d40	lib	crtstl
401d80	FUN_00401d80	lib	crtstl
401dd0	vfunc_2	lib	crtstl
401e50	vfunc_2	lib	crtstl
401ea0	vfunc_2	lib	crtstl
401f20	vfunc_1	lib	crtstl
401f30	vfunc_1	lib	crtstl
401f40	vfunc_1	lib	crtstl
401f50	FUN_00401f50	lib	crtstl
401fb0	FUN_00401fb0	lib	crtstl
402030	FUN_00402030	lib	crtstl
402150	FUN_00402150	lib	crtstl
402160	FUN_00402160	lib	crtstl
402170	FUN_00402170	lib	crtstl
402180	FUN_00402180	lib	crtstl
4021b0	FUN_004021b0	lib	crtstl
4021f0	FUN_004021f0	lib	crtstl
4022e0	FUN_004022e0	lib	crtstl
4023b0	FUN_004023b0	lib	crtstl
402480	FUN_00402480	lib	crtstl
4024a0	FUN_004024a0	lib	crtstl
4024c0	FUN_004024c0	lib	crtstl
4024e0	FUN_004024e0	lib	crtstl
402510	FUN_00402510	gamemisc	game_misc
402550	FUN_00402550	gamemisc	game_misc
4025b0	FUN_004025b0	lib	audit
4025f0	FUN_004025f0	lib	audit
4027ef	Catch_All@004027ef	lib	crtstl
402840	FUN_00402840	lib	audit
402954	Catch_All@00402954	lib	crtstl
402990	FUN_00402990	lib	crtstl
4029b0	FUN_004029b0	game	CombatBehavior
4029e0	ctor_0	game	CombatBehavior
402a10	FUN_00402a10	lib	crtstl
402a40	FUN_00402a40	gamemisc	game_misc
402a70	FUN_00402a70	game	CombatBehavior
402b10	FUN_00402b10	lib	audit
402bb0	FUN_00402bb0	lib	crtstl
402bc0	FUN_00402bc0	game	World
402bd0	FUN_00402bd0	game	CombatBehavior
402c10	FUN_00402c10	lib	crtstl
402c30	FUN_00402c30	lib	crtstl
402c50	FUN_00402c50	gamemisc	game_misc
402cb0	FUN_00402cb0	gamemisc	game_misc
402d10	FUN_00402d10	lib	crtstl
402d40	FUN_00402d40	lib	crtstl
402d80	FUN_00402d80	lib	crtstl
402db0	FUN_00402db0	game	CombatBehavior
402e30	FUN_00402e30	lib	crtstl
402e60	FUN_00402e60	lib	crtstl
402e80	FUN_00402e80	lib	crtstl
402eb0	FUN_00402eb0	lib	crtstl
402ed0	FUN_00402ed0	lib	audit
402f40	vfunc_0	game	CombatBehavior
405330	FUN_00405330	gamemisc	game_misc
4053e0	vfunc_1	game	CombatBehavior
405420	FUN_00405420	lib	crtstl
405450	FUN_00405450	gamemisc	game_misc
405510	FUN_00405510	lib	crtstl
405570	FUN_00405570	lib	crtstl
4055a0	FUN_004055a0	lib	crtstl
4055d0	ctor_0	game	CompanionBehavior
4055f0	ctor_1	game	CompanionBehavior
405610	FUN_00405610	lib	crtstl
405640	Millisecs	lib	crtstl
405660	FUN_00405660	lib	crtstl
405690	FUN_00405690	lib	crtstl
4056c0	FUN_004056c0	game	CompanionBehavior
405750	FUN_00405750	lib	crtstl
405780	vfunc_0	game	CompanionBehavior
405ef0	vfunc_1	game	CompanionBehavior
405f20	FUN_00405f20	gamemisc	game_misc
405fd0	FUN_00405fd0	gamemisc	game_misc
406050	FUN_00406050	gamemisc	game_misc
406100	FUN_00406100	gamemisc	game_misc
4061d0	FUN_004061d0	lib	crtstl
4061e0	FUN_004061e0	lib	crtstl
4061f0	FUN_004061f0	lib	crtstl
406210	FUN_00406210	gamemisc	game_misc
406250	FUN_00406250	lib	crtstl
406260	FUN_00406260	lib	crtstl
406280	FUN_00406280	lib	crtstl
406290	FUN_00406290	gamemisc	game_misc
406310	FUN_00406310	lib	audit
406350	FUN_00406350	lib	crtstl
406380	FUN_00406380	lib	crtstl
4063b0	FUN_004063b0	lib	crtstl
4063d0	FUN_004063d0	lib	crtstl
406400	ctor_1	game	Creature
406970	FUN_00406970	game	Spawn
406ad0	FUN_00406ad0	game	Spawn
406ef0	FUN_00406ef0	gamemisc	game_misc
406f70	FUN_00406f70	lib	crtstl
406fd0	FUN_00406fd0	lib	crtstl
407020	FUN_00407020	game	Creature
4072a0	FUN_004072a0	lib	other
4072d0	ctor_0	game	Creature
407650	FUN_00407650	lib	other
4076a0	FUN_004076a0	game	Creature
407730	FUN_00407730	lib	other
4078d0	FUN_004078d0	lib	crtstl
4078f0	FUN_004078f0	lib	crtstl
4079c0	FUN_004079c0	lib	crtstl
4079f0	FUN_004079f0	lib	crtstl
407a30	FUN_00407a30	lib	audit
407a50	FUN_00407a50	lib	audit
407aa0	vfunc_0	game	Creature
407ad0	FUN_00407ad0	lib	audit
407b00	FUN_00407b00	lib	audit
407b30	FUN_00407b30	lib	audit
407b60	FUN_00407b60	lib	audit
407ba0	FUN_00407ba0	lib	audit
407be0	FUN_00407be0	lib	audit
407c20	FUN_00407c20	lib	audit
407c80	FUN_00407c80	lib	crtstl
407cc0	FUN_00407cc0	gamemisc	game_misc
407d60	FUN_00407d60	lib	crtstl
407db0	FUN_00407db0	game	CombatBehavior
408230	FUN_00408230	lib	crtstl
408300	FUN_00408300	lib	crtstl
4084b0	FUN_004084b0	game	CombatBehavior
408f70	FUN_00408f70	lib	crtstl
409270	FUN_00409270	lib	other
4094a0	FUN_004094a0	lib	crtstl
4095d0	FUN_004095d0	lib	crtstl
409620	FUN_00409620	lib	crtstl
409660	FUN_00409660	lib	other
4096b0	FUN_004096b0	game	CombatBehavior
409740	FUN_00409740	lib	crtstl
409780	FUN_00409780	lib	crtstl
409ac0	FUN_00409ac0	lib	crtstl
409d10	FUN_00409d10	lib	other
409de0	FUN_00409de0	gamemisc	game_misc
409e60	FUN_00409e60	game	Creature
409f20	FUN_00409f20	game	Creature
40a1d0	FUN_0040a1d0	lib	audit
40a430	FUN_0040a430	game	Creature
40a4f0	FUN_0040a4f0	game	Creature
40a7a0	FUN_0040a7a0	game	CombatBehavior
40a7f0	FUN_0040a7f0	lib	crtstl
40a840	FUN_0040a840	lib	crtstl
40ef90	FUN_0040ef90	lib	crtstl
40efc0	FUN_0040efc0	lib	crtstl
40f0a0	FUN_0040f0a0	lib	crtstl
40f220	FUN_0040f220	lib	crtstl
40f2b0	FUN_0040f2b0	gamemisc	game_misc
40f2f0	FUN_0040f2f0	game	CombatBehavior
40f520	FUN_0040f520	lib	crtstl
40f5a0	FUN_0040f5a0	game	CombatBehavior
40f610	FUN_0040f610	lib	crtstl
40f650	FUN_0040f650	game	CombatBehavior
40f690	FUN_0040f690	game	CombatBehavior
40f6d0	FUN_0040f6d0	lib	crtstl
40f6e0	FUN_0040f6e0	lib	crtstl
40f710	FUN_0040f710	game	CombatBehavior
40f7f0	FUN_0040f7f0	lib	crtstl
40f8b0	FUN_0040f8b0	lib	crtstl
40f8f0	FUN_0040f8f0	lib	other
40fb20	FUN_0040fb20	game	CombatBehavior
40fc30	FUN_0040fc30	game	CombatBehavior
40fcf0	FUN_0040fcf0	gamemisc	game_misc
40fda0	FUN_0040fda0	gamemisc	game_misc
40ffe0	FUN_0040ffe0	lib	crtstl
410010	FUN_00410010	gamemisc	game_misc
410290	FUN_00410290	gamemisc	game_misc
4103a0	FUN_004103a0	lib	crtstl
410400	FUN_00410400	game	CombatBehavior
410690	FUN_00410690	game	CombatBehavior
410f00	FUN_00410f00	gamemisc	game_misc
410f90	FUN_00410f90	gamemisc	game_misc
411040	FUN_00411040	lib	crtstl
411090	FUN_00411090	game	World
4110d0	FUN_004110d0	lib	crtstl
411360	FUN_00411360	lib	crtstl
411540	FUN_00411540	lib	crtstl
4116f0	FUN_004116f0	lib	crtstl
411740	FUN_00411740	gamemisc	game_misc
411800	FUN_00411800	game	CombatBehavior
411ad0	FUN_00411ad0	lib	other
411d60	FUN_00411d60	game	CombatBehavior
4120f0	FUN_004120f0	lib	crtstl
412150	FUN_00412150	game	CombatBehavior
412300	FUN_00412300	game	CombatBehavior
412550	FUN_00412550	lib	crtstl
412670	FUN_00412670	lib	crtstl
412710	FUN_00412710	gamemisc	game_misc
4128ba	Catch_All@004128ba	lib	crtstl
4128da	FUN_004128da	gamemisc	game_misc
412940	ctor_1	game	Database
412950	ctor_0	game	Database
412980	FUN_00412980	lib	other
4129a0	FUN_004129a0	lib	other
4129d0	FUN_004129d0	lib	crtstl
412ac0	vfunc_0	game	Database
412b00	FUN_00412b00	lib	crtstl
412b60	FUN_00412b60	lib	audit
412bd0	FUN_00412bd0	lib	audit
412c40	FUN_00412c40	gamemisc	game_misc
412c50	FUN_00412c50	lib	crtstl
412c70	FUN_00412c70	lib	crtstl
412d00	FUN_00412d00	lib	crtstl
412d90	FUN_00412d90	lib	crtstl
412e20	FUN_00412e20	lib	crtstl
412f80	FUN_00412f80	game	Speech
413000	FUN_00413000	lib	crtstl
413010	FUN_00413010	game	Speech
413070	FUN_00413070	gamemisc	game_misc
413130	FUN_00413130	gamemisc	game_misc
413180	FUN_00413180	lib	audit
413200	FUN_00413200	lib	crtstl
413210	FUN_00413210	lib	crtstl
413240	FUN_00413240	lib	crtstl
413400	ctor_0	game	Field
413420	FUN_00413420	lib	crtstl
413560	FUN_00413560	lib	other
413590	FUN_00413590	lib	other
4135d0	FUN_004135d0	lib	other
413640	FUN_00413640	lib	crtstl
4136d0	FUN_004136d0	lib	crtstl
413710	FUN_00413710	gamemisc	game_misc
4137c0	FUN_004137c0	lib	other
4137f0	FUN_004137f0	lib	crtstl
413840	FUN_00413840	lib	crtstl
41391e	Catch_All@0041391e	lib	crtstl
413940	FUN_00413940	lib	crtstl
4139b0	FUN_004139b0	lib	crtstl
413aa0	FUN_00413aa0	lib	crtstl
413ac0	FUN_00413ac0	lib	crtstl
413be0	FUN_00413be0	lib	crtstl
413ce0	FUN_00413ce0	gamemisc	game_misc
413df0	FUN_00413df0	lib	crtstl
414200	FUN_00414200	lib	crtstl
414260	FUN_00414260	lib	crtstl
414350	FUN_00414350	game	CombatBehavior
414470	FUN_00414470	lib	crtstl
414550	FUN_00414550	lib	other
414720	ctor_0	game	LookAtPlayerBehavior
414730	vfunc_0	game	LookAtPlayerBehavior
4149c0	vfunc_1	game	LookAtPlayerBehavior
4149e0	FUN_004149e0	lib	crtstl
414a80	FUN_00414a80	lib	crtstl
414b20	FUN_00414b20	lib	crtstl
414bc0	FUN_00414bc0	lib	crtstl
414c60	FUN_00414c60	lib	crtstl
414d40	FUN_00414d40	lib	crtstl
414de0	FUN_00414de0	lib	crtstl
414e80	FUN_00414e80	lib	crtstl
414f20	FUN_00414f20	lib	crtstl
414fd0	FUN_00414fd0	lib	crtstl
415090	FUN_00415090	lib	crtstl
415150	FUN_00415150	lib	crtstl
4151f0	FUN_004151f0	lib	crtstl
415260	FUN_00415260	lib	crtstl
4152d0	FUN_004152d0	lib	crtstl
415340	FUN_00415340	lib	crtstl
4153d0	FUN_004153d0	lib	crtstl
415450	FUN_00415450	lib	crtstl
4154d0	FUN_004154d0	lib	crtstl
415550	FUN_00415550	lib	crtstl
4155d0	FUN_004155d0	lib	crtstl
415660	FUN_00415660	lib	crtstl
4156e0	FUN_004156e0	lib	crtstl
415710	FUN_00415710	lib	crtstl
415750	FUN_00415750	lib	crtstl
4159b0	FUN_004159b0	lib	crtstl
415b00	FUN_00415b00	lib	crtstl
415b20	FUN_00415b20	lib	crtstl
415be0	FUN_00415be0	lib	crtstl
415c90	FUN_00415c90	lib	crtstl
415cd0	FUN_00415cd0	lib	crtstl
415d50	FUN_00415d50	lib	crtstl
415dd0	FUN_00415dd0	lib	crtstl
416210	FUN_00416210	lib	crtstl
4168f0	FUN_004168f0	lib	crtstl
416930	FUN_00416930	gamemisc	game_misc
416940	free	lib	crtstl
416950	FUN_00416950	gamemisc	game_misc
4169c0	FUN_004169c0	gamemisc	game_misc
416a20	FUN_00416a20	gamemisc	game_misc
416a90	FUN_00416a90	lib	audit
416b00	FUN_00416b00	lib	audit
416b60	FUN_00416b60	game	Speech
416b80	thunk_FUN_00417cc0	lib	crtstl
416b90	FUN_00416b90	lib	audit
416be0	FUN_00416be0	game	Speech
416c00	FUN_00416c00	lib	crtstl
416c20	FUN_00416c20	game	Speech
416c30	FUN_00416c30	game	Speech
416c50	FUN_00416c50	lib	crtstl
416cb0	FUN_00416cb0	lib	crtstl
416d00	FUN_00416d00	lib	crtstl
416d60	FUN_00416d60	lib	audit
416dff	Catch_All@00416dff	lib	crtstl
416e3c	Catch_All@00416e3c	lib	crtstl
416ec0	FUN_00416ec0	lib	crtstl
416ef0	FUN_00416ef0	gamemisc	game_misc
416f80	FUN_00416f80	gamemisc	game_misc
417000	FUN_00417000	gamemisc	game_misc
417070	FUN_00417070	gamemisc	game_misc
4170c0	FUN_004170c0	lib	crtstl
417170	FUN_00417170	lib	audit
417230	FUN_00417230	gamemisc	game_misc
4172b0	FUN_004172b0	gamemisc	game_misc
4172f0	FUN_004172f0	lib	audit
417410	FUN_00417410	lib	audit
417510	FUN_00417510	game	Speech
417590	FUN_00417590	game	Speech
4175c0	FUN_004175c0	game	Speech
417640	FUN_00417640	game	Speech
417680	FUN_00417680	gamemisc	game_misc
417730	FUN_00417730	gamemisc	game_misc
417790	FUN_00417790	gamemisc	game_misc
4177e0	FUN_004177e0	game	Speech
417890	FUN_00417890	gamemisc	game_misc
4178f0	FUN_004178f0	gamemisc	game_misc
417950	FUN_00417950	gamemisc	game_misc
4179e0	FUN_004179e0	gamemisc	game_misc
417ae0	FUN_00417ae0	gamemisc	game_misc
417cc0	FUN_00417cc0	game	Speech
417d30	FUN_00417d30	game	Speech
417d50	FUN_00417d50	lib	audit
417e00	FUN_00417e00	game	Speech
417e40	FUN_00417e40	gamemisc	game_misc
417f90	FUN_00417f90	gamemisc	game_misc
418000	FUN_00418000	gamemisc	game_misc
4180a0	FUN_004180a0	game	Speech
418160	FUN_00418160	game	Speech
418180	FUN_00418180	lib	other
4181d0	FUN_004181d0	lib	other
418280	FUN_00418280	gamemisc	game_misc
418360	FUN_00418360	lib	other
418410	FUN_00418410	gamemisc	game_misc
4189b0	FUN_004189b0	game	Speech
418ab0	FUN_00418ab0	gamemisc	game_misc
418b60	FUN_00418b60	gamemisc	game_misc
418bd0	FUN_00418bd0	gamemisc	game_misc
418cf0	FUN_00418cf0	lib	other
418db0	FUN_00418db0	lib	other
418ea0	FUN_00418ea0	gamemisc	game_misc
419210	FUN_00419210	gamemisc	game_misc
419490	FUN_00419490	lib	other
4194e0	FUN_004194e0	lib	other
4195a0	FUN_004195a0	lib	other
419670	FUN_00419670	lib	other
419770	FUN_00419770	lib	other
4198e0	FUN_004198e0	lib	other
419a80	FUN_00419a80	gamemisc	game_misc
419ac0	FUN_00419ac0	gamemisc	game_misc
419ba0	FUN_00419ba0	gamemisc	game_misc
419c90	FUN_00419c90	gamemisc	game_misc
419ef0	FUN_00419ef0	lib	audit
419f80	FUN_00419f80	lib	crtstl
419f90	FUN_00419f90	lib	audit
419fd0	FUN_00419fd0	lib	other
41a000	FUN_0041a000	lib	other
41a030	FUN_0041a030	game	Speech
41a060	FUN_0041a060	lib	audit
41a090	FUN_0041a090	game	Speech
41a120	FUN_0041a120	gamemisc	game_misc
41a180	FUN_0041a180	game	Speech
41a240	FUN_0041a240	lib	audit
41a510	FUN_0041a510	gamemisc	game_misc
41a5d0	FUN_0041a5d0	lib	audit
41a657	Catch_All@0041a657	lib	crtstl
41a670	FUN_0041a670	game	QuestText
41a6f0	FUN_0041a6f0	lib	audit
41a78f	Catch_All@0041a78f	lib	crtstl
41a7b0	FUN_0041a7b0	lib	audit
41a9b0	FUN_0041a9b0	gamemisc	game_misc
41aaef	Catch_All@0041aaef	lib	crtstl
41ab00	FUN_0041ab00	gamemisc	game_misc
41ab90	ctor_1	game	QuestText
41abc0	ctor_0	game	QuestTextNode
41ac90	ctor_3	game	QuestText
41ad10	ctor_1	game	QuestTextNode
41ae40	FUN_0041ae40	lib	audit
41ae70	vfunc_0	game	QuestText
41af00	vfunc_0	game	QuestTextNode
41af30	FUN_0041af30	lib	audit
41af70	FUN_0041af70	gamemisc	game_misc
41b000	FUN_0041b000	gamemisc	game_misc
41b050	FUN_0041b050	game	Speech
41b900	FUN_0041b900	game	RandomInteractionBehavior
41b930	FUN_0041b930	gamemisc	game_misc
41b970	FUN_0041b970	game	RandomInteractionBehavior
41b9e0	FUN_0041b9e0	game	RandomInteractionBehavior
41ba60	ctor_0	game	RandomInteractionBehavior
41ba70	FUN_0041ba70	lib	crtstl
41ba90	FUN_0041ba90	gamemisc	game_misc
41bb5f	Catch_All@0041bb5f	lib	crtstl
41bb80	FUN_0041bb80	gamemisc	game_misc
41bc20	vfunc_0	game	RandomInteractionBehavior
41c9e0	FUN_0041c9e0	lib	crtstl
41cac0	vfunc_1	game	RandomInteractionBehavior
41cae0	FUN_0041cae0	lib	crtstl
41caf0	FUN_0041caf0	lib	crtstl
41cb40	FUN_0041cb40	lib	crtstl
41cb60	operator=<std::pair<unsigned___int64,unsigned___int64>,0>	lib	crtstl
41cb90	ctor_0	game	RandomWalkBehavior
41cba0	FUN_0041cba0	game	Speech
41cbb0	vfunc_0	game	RandomWalkBehavior
41ce70	vfunc_1	game	RandomWalkBehavior
41ce90	FUN_0041ce90	lib	crtstl
41cef0	ctor_0	game	SequentialBehavior
41cfc0	ctor_1	game	SequentialBehavior
41cff0	ctor_2	game	SequentialBehavior
41d050	vfunc_2	game	SequentialBehavior
41d080	vfunc_0	game	SequentialBehavior
41d0f0	vfunc_1	game	SequentialBehavior
41d160	FUN_0041d160	lib	crtstl
41d190	FUN_0041d190	lib	crtstl
41d240	FUN_0041d240	lib	crtstl
41d270	FUN_0041d270	lib	crtstl
41d340	FUN_0041d340	lib	crtstl
41d390	FUN_0041d390	lib	crtstl
41d410	FUN_0041d410	lib	crtstl
41d460	FUN_0041d460	lib	crtstl
41d4c6	Catch_All@0041d4c6	lib	crtstl
41d500	FUN_0041d500	lib	crtstl
41d550	FUN_0041d550	lib	crtstl
41d5d0	FUN_0041d5d0	lib	crtstl
41d600	FUN_0041d600	lib	crtstl
41d680	FUN_0041d680	lib	crtstl
41d6c0	FUN_0041d6c0	lib	crtstl
41d720	FUN_0041d720	lib	crtstl
41d7bf	Catch_All@0041d7bf	lib	crtstl
41d7e0	FUN_0041d7e0	lib	crtstl
41d800	FUN_0041d800	game	World
41d820	FUN_0041d820	lib	crtstl
41d8d0	FUN_0041d8d0	lib	crtstl
41d950	FUN_0041d950	lib	crtstl
41dac0	Catch_All@0041dac0	lib	crtstl
41dae0	FUN_0041dae0	lib	crtstl
41dc43	Catch_All@0041dc43	lib	crtstl
41dc60	FUN_0041dc60	lib	crtstl
41de13	Catch_All@0041de13	lib	crtstl
41de30	FUN_0041de30	lib	crtstl
41df20	FUN_0041df20	lib	crtstl
41df70	FUN_0041df70	lib	crtstl
41e2e0	FUN_0041e2e0	lib	crtstl
41e300	FUN_0041e300	lib	crtstl
41e320	FUN_0041e320	lib	crtstl
41e390	FUN_0041e390	lib	crtstl
41e400	FUN_0041e400	lib	crtstl
41e450	FUN_0041e450	lib	crtstl
41e520	Catch_All@0041e520	lib	crtstl
41e540	FUN_0041e540	lib	crtstl
41e61e	Catch_All@0041e61e	lib	crtstl
41e640	FUN_0041e640	lib	crtstl
41e71c	Catch_All@0041e71c	lib	crtstl
41e740	FUN_0041e740	lib	crtstl
41e820	Catch_All@0041e820	lib	crtstl
41e840	FUN_0041e840	lib	crtstl
41e8f0	FUN_0041e8f0	lib	crtstl
41e960	FUN_0041e960	lib	crtstl
41ea10	FUN_0041ea10	lib	crtstl
41eab0	FUN_0041eab0	lib	crtstl
41eb20	FUN_0041eb20	lib	crtstl
41ebb0	FUN_0041ebb0	lib	crtstl
41ebc0	FUN_0041ebc0	game	World
41ed50	FUN_0041ed50	game	World
41ee20	FUN_0041ee20	lib	crtstl
41f4d0	FUN_0041f4d0	lib	crtstl
41f5b0	FUN_0041f5b0	lib	crtstl
41f640	FUN_0041f640	lib	crtstl
41f75d	Catch_All@0041f75d	lib	crtstl
41f770	FUN_0041f770	lib	crtstl
41f860	Catch_All@0041f860	lib	crtstl
41f880	FUN_0041f880	lib	crtstl
41f9e0	FUN_0041f9e0	lib	crtstl
41faa0	FUN_0041faa0	lib	crtstl
41fe60	FUN_0041fe60	lib	crtstl
41ff00	FUN_0041ff00	lib	crtstl
41fff0	FUN_0041fff0	lib	crtstl
420020	FUN_00420020	lib	crtstl
420040	FUN_00420040	lib	other
420080	FUN_00420080	lib	audit
4200d0	FUN_004200d0	lib	crtstl
420100	FUN_00420100	lib	crtstl
420160	FUN_00420160	lib	crtstl
4201e2	Catch_All@004201e2	lib	crtstl
420200	FUN_00420200	lib	crtstl
420299	Catch_All@00420299	lib	crtstl
4202b0	FUN_004202b0	lib	crtstl
4202e0	FUN_004202e0	lib	crtstl
420362	Catch_All@00420362	lib	crtstl
420380	FUN_00420380	lib	other
4203c0	FUN_004203c0	lib	audit
420400	FUN_00420400	lib	crtstl
420430	FUN_00420430	lib	crtstl
420470	FUN_00420470	lib	crtstl
4204a0	FUN_004204a0	lib	crtstl
4204d0	FUN_004204d0	lib	crtstl
42052c	Catch_All@0042052c	lib	crtstl
420540	FUN_00420540	lib	other
4205df	Catch_All@004205df	lib	crtstl
420600	FUN_00420600	lib	crtstl
420810	FUN_00420810	lib	crtstl
420a0f	Catch_All@00420a0f	lib	crtstl
420a60	FUN_00420a60	lib	crtstl
420b74	Catch_All@00420b74	lib	crtstl
420bb0	FUN_00420bb0	lib	crtstl
420c39	Catch_All@00420c39	lib	crtstl
420c80	FUN_00420c80	lib	crtstl
420d09	Catch_All@00420d09	lib	crtstl
420d50	FUN_00420d50	lib	crtstl
420dd9	Catch_All@00420dd9	lib	crtstl
420e20	FUN_00420e20	lib	crtstl
420ea9	Catch_All@00420ea9	lib	crtstl
420ef0	FUN_00420ef0	lib	crtstl
420f79	Catch_All@00420f79	lib	crtstl
420fc0	FUN_00420fc0	lib	crtstl
421049	Catch_All@00421049	lib	crtstl
421090	FUN_00421090	lib	crtstl
421119	Catch_All@00421119	lib	crtstl
421160	FUN_00421160	lib	crtstl
4211e9	Catch_All@004211e9	lib	crtstl
421230	FUN_00421230	lib	crtstl
4212b9	Catch_All@004212b9	lib	crtstl
421300	FUN_00421300	lib	crtstl
421389	Catch_All@00421389	lib	crtstl
4213d0	FUN_004213d0	lib	crtstl
421459	Catch_All@00421459	lib	crtstl
4214a0	FUN_004214a0	lib	crtstl
421529	Catch_All@00421529	lib	crtstl
421570	FUN_00421570	lib	crtstl
4215f9	Catch_All@004215f9	lib	crtstl
421640	FUN_00421640	lib	crtstl
4216c9	Catch_All@004216c9	lib	crtstl
421710	FUN_00421710	lib	crtstl
421799	Catch_All@00421799	lib	crtstl
4217e0	FUN_004217e0	lib	crtstl
421867	Catch_All@00421867	lib	crtstl
4218b0	FUN_004218b0	lib	crtstl
421939	Catch_All@00421939	lib	crtstl
421980	FUN_00421980	lib	crtstl
4219c0	FUN_004219c0	lib	crtstl
421a30	FUN_00421a30	lib	crtstl
421aa0	FUN_00421aa0	lib	crtstl
421b10	FUN_00421b10	lib	crtstl
421b80	FUN_00421b80	lib	crtstl
421bf0	FUN_00421bf0	lib	crtstl
421c60	FUN_00421c60	lib	crtstl
421ce0	FUN_00421ce0	lib	crtstl
421d50	FUN_00421d50	lib	crtstl
421dc0	FUN_00421dc0	lib	crtstl
421e30	FUN_00421e30	game	World
421e50	FUN_00421e50	lib	crtstl
421e80	FUN_00421e80	lib	crtstl
421eff	Catch_All@00421eff	lib	crtstl
421f20	FUN_00421f20	lib	crtstl
421f9f	Catch_All@00421f9f	lib	crtstl
421fc0	FUN_00421fc0	lib	crtstl
42203f	Catch_All@0042203f	lib	crtstl
422060	FUN_00422060	lib	crtstl
4220df	Catch_All@004220df	lib	crtstl
422100	FUN_00422100	lib	crtstl
42217f	Catch_All@0042217f	lib	crtstl
4221a0	FUN_004221a0	lib	crtstl
42221f	Catch_All@0042221f	lib	crtstl
422240	FUN_00422240	lib	crtstl
4222bf	Catch_All@004222bf	lib	crtstl
4222e0	FUN_004222e0	lib	crtstl
42235f	Catch_All@0042235f	lib	crtstl
422380	FUN_00422380	lib	crtstl
4223ff	Catch_All@004223ff	lib	crtstl
422420	FUN_00422420	lib	crtstl
42249f	Catch_All@0042249f	lib	crtstl
4224c0	FUN_004224c0	lib	crtstl
42253f	Catch_All@0042253f	lib	crtstl
422560	FUN_00422560	lib	crtstl
4225df	Catch_All@004225df	lib	crtstl
422600	FUN_00422600	lib	crtstl
42267f	Catch_All@0042267f	lib	crtstl
4226a0	FUN_004226a0	lib	crtstl
42271f	Catch_All@0042271f	lib	crtstl
422740	FUN_00422740	lib	crtstl
4227bf	Catch_All@004227bf	lib	crtstl
4227e0	FUN_004227e0	lib	crtstl
422890	FUN_00422890	lib	crtstl
422910	ctor_1	game	Connection
422a00	FUN_00422a00	lib	crtstl
422a90	FUN_00422a90	lib	crtstl
422af0	FUN_00422af0	lib	crtstl
422b10	FUN_00422b10	lib	other
422c00	FUN_00422c00	lib	crtstl
422c90	FUN_00422c90	lib	crtstl
422d00	FUN_00422d00	lib	crtstl
422d70	FUN_00422d70	lib	crtstl
422da0	FUN_00422da0	lib	crtstl
422e10	FUN_00422e10	lib	crtstl
422e80	ctor_1	game	Server
422f90	FUN_00422f90	lib	other
423350	FUN_00423350	lib	crtstl
423400	FUN_00423400	lib	crtstl
423510	FUN_00423510	game	Connection
423700	FUN_00423700	lib	other
423710	FUN_00423710	lib	other
423750	FUN_00423750	lib	other
423770	FUN_00423770	lib	other
4237b0	ctor_0	game	Connection
423880	ctor_0	game	Server
4239f0	FUN_004239f0	game	Connection
423c90	FUN_00423c90	lib	crtstl
423ce0	FUN_00423ce0	lib	crtstl
423dd0	FUN_00423dd0	lib	crtstl
4254a0	ctor_0	lib	crtstl
426020	FUN_00426020	lib	crtstl
426750	vfunc_0	game	Connection
426780	vfunc_0	game	Server
4267b0	FUN_004267b0	lib	crtstl
4267f0	FUN_004267f0	gamemisc	game_misc
426830	FUN_00426830	game	Connection
426870	FUN_00426870	game	Connection
4268b0	FUN_004268b0	gamemisc	game_misc
4268f0	FUN_004268f0	game	Connection
426930	FUN_00426930	game	Connection
426970	FUN_00426970	game	Connection
4269b0	FUN_004269b0	game	Connection
4269f0	FUN_004269f0	lib	crtstl
426a30	FUN_00426a30	game	Connection
426a70	FUN_00426a70	lib	other
426ab0	vfunc_0	lib	crtstl
426b20	FUN_00426b20	lib	crtstl
426b50	vfunc_2	lib	crtstl
426b60	vfunc_2	lib	crtstl
426b70	vfunc_2	lib	crtstl
426b80	FUN_00426b80	lib	crtstl
426c20	FUN_00426c20	lib	crtstl
426c70	FUN_00426c70	lib	other
426c80	FUN_00426c80	lib	other
426c90	vfunc_0	lib	crtstl
426cf0	vfunc_0	lib	crtstl
426d30	FUN_00426d30	gamemisc	game_misc
426db0	FUN_00426db0	lib	crtstl
426e8e	Catch_All@00426e8e	lib	crtstl
426eb0	FUN_00426eb0	gamemisc	game_misc
426f30	vfunc_3	lib	crtstl
426f40	vfunc_3	lib	crtstl
426f50	vfunc_3	lib	crtstl
426f60	FUN_00426f60	lib	crtstl
426fa0	FUN_00426fa0	lib	crtstl
426fd0	FUN_00426fd0	lib	crtstl
427000	FUN_00427000	lib	crtstl
4272d0	FUN_004272d0	lib	crtstl
427fd0	FUN_00427fd0	lib	crtstl
428070	FUN_00428070	game	World
428080	FUN_00428080	game	Connection
428100	FUN_00428100	lib	audit
428160	FUN_00428160	lib	crtstl
428170	FUN_00428170	lib	crtstl
4281d0	FUN_004281d0	lib	crtstl
428230	FUN_00428230	lib	crtstl
428290	FUN_00428290	lib	crtstl
4282d0	FUN_004282d0	lib	crtstl
4282f0	FUN_004282f0	lib	crtstl
428360	FUN_00428360	lib	crtstl
4283b0	FUN_004283b0	lib	crtstl
428400	FUN_00428400	lib	crtstl
428450	FUN_00428450	lib	crtstl
4284a0	FUN_004284a0	lib	crtstl
4284f0	FUN_004284f0	lib	crtstl
428540	FUN_00428540	lib	crtstl
428590	FUN_00428590	lib	crtstl
4285e0	FUN_004285e0	lib	crtstl
428630	FUN_00428630	lib	crtstl
4286b0	FUN_004286b0	lib	crtstl
4286f0	FUN_004286f0	gamemisc	game_misc
428780	FUN_00428780	lib	crtstl
428790	ctor_0	lib	crtstl
428920	ctor_0	game	SpawnLocationBehavior
428930	FUN_00428930	lib	crtstl
428940	vfunc_0	game	SpawnLocationBehavior
428ec0	vfunc_1	game	SpawnLocationBehavior
428ee0	FUN_00428ee0	lib	crtstl
428ef0	FUN_00428ef0	game	Speech
429040	Catch_All@00429040	lib	crtstl
429060	FUN_00429060	game	Speech
4290d0	FUN_004290d0	lib	audit
429180	Catch_All@00429180	lib	crtstl
4291a0	FUN_004291a0	lib	audit
429227	Catch_All@00429227	lib	crtstl
429240	FUN_00429240	lib	audit
429280	FUN_00429280	lib	audit
42931d	Catch_All@0042931d	lib	crtstl
429340	FUN_00429340	lib	audit
429380	ctor_0	game	QuestText
429415	Catch_All@00429415	lib	crtstl
429430	FUN_00429430	lib	audit
4294b0	FUN_004294b0	lib	audit
42954f	Catch_All@0042954f	lib	crtstl
429570	FUN_00429570	lib	audit
4297a0	FUN_004297a0	lib	audit
4299b0	FUN_004299b0	lib	audit
429bc0	FUN_00429bc0	lib	audit
429e40	FUN_00429e40	lib	audit
42a018	Catch_All@0042a018	lib	crtstl
42a070	FUN_0042a070	lib	audit
42a244	Catch_All@0042a244	lib	crtstl
42a260	FUN_0042a260	lib	audit
42a434	Catch_All@0042a434	lib	crtstl
42a450	FUN_0042a450	lib	audit
42a624	Catch_All@0042a624	lib	crtstl
42a640	FUN_0042a640	lib	audit
42a814	Catch_All@0042a814	lib	crtstl
42a830	FUN_0042a830	lib	audit
42a908	Catch_All@0042a908	lib	crtstl
42a970	FUN_0042a970	lib	audit
42aac0	Catch_All@0042aac0	lib	crtstl
42aae0	FUN_0042aae0	lib	audit
42ac24	Catch_All@0042ac24	lib	crtstl
42ac40	FUN_0042ac40	lib	audit
42ad84	Catch_All@0042ad84	lib	crtstl
42ada0	FUN_0042ada0	lib	audit
42ae29	Catch_All@0042ae29	lib	crtstl
42ae70	FUN_0042ae70	lib	audit
42af1d	Catch_All@0042af1d	lib	crtstl
42af50	FUN_0042af50	lib	audit
42b040	FUN_0042b040	lib	audit
42b0b6	Catch_All@0042b0b6	lib	crtstl
42b0e0	FUN_0042b0e0	game	QuestText
42b156	Catch_All@0042b156	lib	crtstl
42b180	FUN_0042b180	lib	audit
42b1ff	Catch_All@0042b1ff	lib	crtstl
42b220	ctor_0	game	Speech
42c250	FUN_0042c250	lib	other
42c280	FUN_0042c280	lib	other
42c2b0	FUN_0042c2b0	lib	other
42c2e0	FUN_0042c2e0	gamemisc	game_misc
42c350	FUN_0042c350	lib	other
42c3a0	FUN_0042c3a0	lib	other
42c410	FUN_0042c410	lib	other
42c450	ctor_1	game	Speech
42c6d0	FUN_0042c6d0	lib	other
42c6f0	FUN_0042c6f0	lib	audit
42c710	FUN_0042c710	lib	audit
42c820	FUN_0042c820	game	Speech
42c9a0	FUN_0042c9a0	lib	audit
42cad0	FUN_0042cad0	lib	audit
42cc10	ctor_2	game	QuestText
42cd40	ctor_0	lib	crtstl
42cd9b	vfunc_0	lib	crtstl
42cdb0	vfunc_0	lib	crtstl
42cde0	ctor_1	lib	crtstl
42ce60	vfunc_0	game	Speech
42ce81	vfunc_1	lib	crtstl
42ce8d	vfunc_2	lib	crtstl
42cea0	FUN_0042cea0	lib	audit
42ced0	FUN_0042ced0	lib	audit
42cf00	FUN_0042cf00	lib	audit
42cf40	FUN_0042cf40	lib	audit
42cf80	FUN_0042cf80	lib	audit
42cfc0	FUN_0042cfc0	lib	crtstl
42d000	FUN_0042d000	lib	crtstl
42d040	FUN_0042d040	lib	crtstl
42d060	FUN_0042d060	lib	crtstl
42d0c0	FUN_0042d0c0	lib	crtstl
42d140	FUN_0042d140	lib	audit
42d1a0	FUN_0042d1a0	lib	audit
42d250	FUN_0042d250	lib	audit
42d300	FUN_0042d300	lib	audit
42d3d0	FUN_0042d3d0	lib	audit
42d420	FUN_0042d420	lib	audit
42d440	FUN_0042d440	lib	audit
42d460	FUN_0042d460	lib	audit
42d4c0	FUN_0042d4c0	lib	crtstl
42d520	FUN_0042d520	lib	audit
42d580	FUN_0042d580	lib	audit
42d640	FUN_0042d640	lib	audit
42d8f0	FUN_0042d8f0	lib	audit
42d9b0	FUN_0042d9b0	lib	audit
42dc80	FUN_0042dc80	lib	audit
42dd40	FUN_0042dd40	lib	audit
42e000	FUN_0042e000	lib	audit
42e090	FUN_0042e090	game	World
42e220	FUN_0042e220	lib	crtstl
42e260	vfunc_3	lib	crtstl
42e470	vfunc_4	lib	crtstl
42e4e0	vfunc_10	lib	crtstl
42e6d0	vfunc_11	lib	crtstl
42e810	vfunc_6	lib	crtstl
42e880	FUN_0042e880	lib	crtstl
42e900	FUN_0042e900	lib	crtstl
42e920	FUN_0042e920	gamemisc	game_misc
42e960	FUN_0042e960	gamemisc	game_misc
42e9a0	FUN_0042e9a0	lib	crtstl
42ea90	ctor_3	lib	crtstl
42ebb0	ctor_0	game	Sprite
42ec80	ctor_5	lib	crtstl
42ecd0	ctor_4	lib	crtstl
42ed40	ctor_6	lib	crtstl
42edb0	FUN_0042edb0	lib	crtstl
42ede0	FUN_0042ede0	lib	crtstl
42ee10	FUN_0042ee10	lib	other
42ee40	FUN_0042ee40	lib	other
42ee65	vfunc_0	lib	crtstl
42ee6d	vfunc_0	lib	crtstl
42ee80	vfunc_0	lib	crtstl
42eee0	FUN_0042eee0	lib	crtstl
42ef30	FUN_0042ef30	lib	crtstl
42ef80	vfunc_0	game	Sprite
42f023	vfunc_1	lib	crtstl
42f02f	vfunc_2	lib	crtstl
42f040	FUN_0042f040	lib	audit
42f070	FUN_0042f070	lib	crtstl
42f1c0	FUN_0042f1c0	lib	audit
42f240	vfunc_1	lib	crtstl
42f250	FUN_0042f250	gamemisc	game_misc
42f318	Catch_All@0042f318	lib	crtstl
42f330	FUN_0042f330	gamemisc	game_misc
42f3d0	_Reset_back	lib	crtstl
42f400	_Set_back	lib	crtstl
42f440	FUN_0042f440	lib	audit
42f470	vfunc_2	lib	crtstl
42f480	FUN_0042f480	lib	crtstl
42f4e0	FUN_0042f4e0	lib	audit
42f5a0	FUN_0042f5a0	lib	audit
42f850	vfunc_14	lib	crtstl
42f890	FUN_0042f890	lib	crtstl
42f9a0	FUN_0042f9a0	game	World
42fc30	vfunc_3	lib	crtstl
42fe20	vfunc_4	lib	crtstl
42feb0	FUN_0042feb0	game	RandomInteractionBehavior
42ff40	FUN_0042ff40	game	World
430033	Catch_All@00430033	lib	crtstl
430050	vfunc_10	lib	crtstl
430150	vfunc_11	lib	crtstl
430230	FUN_00430230	game	World
430440	vfunc_12	lib	crtstl
4304d0	vfunc_13	lib	crtstl
430500	vfunc_7	lib	crtstl
4306f0	vfunc_6	lib	crtstl
430730	FUN_00430730	lib	crtstl
430780	FUN_00430780	lib	crtstl
430870	FUN_00430870	lib	crtstl
430911	Catch_All@00430911	lib	crtstl
430930	FUN_00430930	lib	crtstl
430b40	FUN_00430b40	lib	crtstl
430d18	Catch_All@00430d18	lib	crtstl
430d70	FUN_00430d70	lib	crtstl
430e4d	Catch_All@00430e4d	lib	crtstl
430e90	ctor_0	game	SpriteManager
430ec0	FUN_00430ec0	lib	other
430f00	ctor_1	game	SpriteManager
430fa0	FUN_00430fa0	lib	crtstl
430fe0	FUN_00430fe0	lib	crtstl
431020	FUN_00431020	lib	crtstl
431170	vfunc_0	game	SpriteManager
4311a0	FUN_004311a0	lib	crtstl
4311f0	FUN_004311f0	lib	crtstl
4312e0	FUN_004312e0	lib	crtstl
431400	FUN_00431400	lib	crtstl
45f030	FUN_0045f030	lib	crtstl
45f080	FUN_0045f080	gamemisc	game_misc
45f120	FUN_0045f120	lib	other
45f160	FUN_0045f160	lib	other
45f1d0	FUN_0045f1d0	lib	other
45f250	FUN_0045f250	lib	other
45f310	FUN_0045f310	lib	other
45f330	FUN_0045f330	lib	other
45f350	FUN_0045f350	lib	other
45f370	FUN_0045f370	lib	other
45f380	FUN_0045f380	lib	other
45f3e0	FUN_0045f3e0	lib	other
45f5b0	FUN_0045f5b0	lib	other
45f7d0	FUN_0045f7d0	lib	other
45f850	FUN_0045f850	lib	other
45f860	FUN_0045f860	lib	other
45f870	FUN_0045f870	lib	other
45f8a0	FUN_0045f8a0	lib	other
45f950	FUN_0045f950	lib	other
45f990	FUN_0045f990	lib	other
45f9d0	FUN_0045f9d0	lib	other
45fa00	FUN_0045fa00	lib	other
45fa30	FUN_0045fa30	lib	sqlite
45fa70	FUN_0045fa70	lib	other
45faa0	FUN_0045faa0	lib	other
45fad0	FUN_0045fad0	lib	other
45fb30	FUN_0045fb30	lib	other
45fb90	FUN_0045fb90	lib	other
45fbd0	FUN_0045fbd0	lib	other
45fc30	FUN_0045fc30	lib	other
45fc90	FUN_0045fc90	lib	other
45fce0	FUN_0045fce0	lib	other
45fd10	FUN_0045fd10	lib	other
45fd50	FUN_0045fd50	lib	other
45fd90	FUN_0045fd90	lib	other
45fdc0	FUN_0045fdc0	lib	other
45fe90	FUN_0045fe90	lib	other
45fed0	FUN_0045fed0	lib	other
45fee0	FUN_0045fee0	lib	other
45ff40	FUN_0045ff40	lib	other
45ffa0	FUN_0045ffa0	lib	other
460010	FUN_00460010	lib	other
460380	FUN_00460380	lib	other
4603f0	FUN_004603f0	lib	other
460480	FUN_00460480	lib	other
4604f0	FUN_004604f0	lib	other
460590	FUN_00460590	lib	other
4605e0	FUN_004605e0	lib	other
460630	FUN_00460630	lib	other
4607a0	FUN_004607a0	lib	other
4607e0	FUN_004607e0	lib	other
4607f0	FUN_004607f0	lib	other
460810	FUN_00460810	lib	other
4608d0	FUN_004608d0	lib	other
460910	FUN_00460910	lib	other
460960	FUN_00460960	lib	other
4609b0	FUN_004609b0	lib	other
460c30	FUN_00460c30	lib	other
460d00	FUN_00460d00	lib	other
460d50	FUN_00460d50	lib	sqlite
461310	FUN_00461310	lib	other
461320	FUN_00461320	lib	other
461400	FUN_00461400	lib	other
461420	FUN_00461420	lib	other
461530	FUN_00461530	lib	other
461610	FUN_00461610	lib	other
461bb0	FUN_00461bb0	lib	other
461cd0	FUN_00461cd0	lib	other
461d80	FUN_00461d80	lib	other
461e80	FUN_00461e80	lib	other
462070	FUN_00462070	lib	other
462150	FUN_00462150	lib	other
462250	FUN_00462250	lib	other
4622c0	FUN_004622c0	lib	other
4622e0	FUN_004622e0	lib	other
462330	FUN_00462330	lib	other
4628d0	FUN_004628d0	lib	other
462910	FUN_00462910	lib	other
462930	FUN_00462930	lib	other
462b60	FUN_00462b60	lib	other
462d70	FUN_00462d70	lib	other
462e80	FUN_00462e80	lib	sqlite
462eb0	FUN_00462eb0	lib	other
462fe0	FUN_00462fe0	lib	audit
463000	FUN_00463000	lib	other
463120	FUN_00463120	lib	audit
463630	FUN_00463630	lib	other
4636f0	FUN_004636f0	lib	other
4637e0	FUN_004637e0	lib	other
463860	FUN_00463860	lib	other
463b60	FUN_00463b60	lib	other
463b80	FUN_00463b80	lib	other
463be0	FUN_00463be0	lib	other
463c60	FUN_00463c60	lib	other
463c80	FUN_00463c80	lib	other
463ce0	FUN_00463ce0	lib	other
463d00	FUN_00463d00	lib	other
463d50	FUN_00463d50	lib	other
463e00	FUN_00463e00	lib	other
463e20	FUN_00463e20	lib	other
463e90	FUN_00463e90	lib	other
463f70	FUN_00463f70	lib	other
463f80	FUN_00463f80	lib	other
464130	FUN_00464130	lib	audit
4641e0	FUN_004641e0	lib	other
464270	FUN_00464270	lib	other
464310	FUN_00464310	lib	other
464420	FUN_00464420	lib	sqlite
464c00	FUN_00464c00	lib	other
464cd0	FUN_00464cd0	lib	other
464d30	FUN_00464d30	lib	other
464d50	FUN_00464d50	lib	other
464d70	FUN_00464d70	lib	other
464d90	FUN_00464d90	lib	other
464e40	FUN_00464e40	lib	other
464e60	FUN_00464e60	lib	other
464e80	FUN_00464e80	lib	audit
464f20	FUN_00464f20	lib	other
464fa0	FUN_00464fa0	lib	other
465020	FUN_00465020	lib	other
465040	FUN_00465040	lib	other
465060	FUN_00465060	lib	other
465070	FUN_00465070	lib	other
4650e0	FUN_004650e0	lib	audit
465100	FUN_00465100	lib	other
465120	FUN_00465120	lib	audit
465140	FUN_00465140	lib	other
465200	FUN_00465200	lib	other
465210	FUN_00465210	lib	other
465320	FUN_00465320	lib	sqlite
4653d0	FUN_004653d0	lib	other
4655a0	FUN_004655a0	lib	other
4655d0	FUN_004655d0	lib	other
465630	FUN_00465630	lib	other
465680	FUN_00465680	lib	other
465720	FUN_00465720	lib	other
465a30	FUN_00465a30	lib	other
465a50	FUN_00465a50	lib	other
465ba0	FUN_00465ba0	lib	other
465c00	FUN_00465c00	lib	other
465c40	FUN_00465c40	lib	other
465c50	FUN_00465c50	lib	other
465c60	FUN_00465c60	lib	other
465c70	FUN_00465c70	lib	other
465c90	FUN_00465c90	lib	other
4660e0	FUN_004660e0	lib	other
4661b0	FUN_004661b0	lib	other
466210	FUN_00466210	lib	sqlite
4662c0	FUN_004662c0	lib	other
466390	FUN_00466390	lib	other
466440	FUN_00466440	lib	other
4665f0	FUN_004665f0	lib	other
4666d0	FUN_004666d0	lib	audit
466700	FUN_00466700	lib	audit
466790	FUN_00466790	lib	other
466a80	FUN_00466a80	lib	audit
466ae0	FUN_00466ae0	lib	other
466b20	FUN_00466b20	lib	other
466b40	FUN_00466b40	lib	other
466b60	FUN_00466b60	lib	other
466dd0	FUN_00466dd0	lib	audit
466e80	FUN_00466e80	lib	other
466ea0	FUN_00466ea0	lib	other
466f30	FUN_00466f30	lib	other
466fa0	FUN_00466fa0	lib	audit
467000	FUN_00467000	lib	other
467060	FUN_00467060	lib	other
467170	FUN_00467170	lib	other
4671c0	FUN_004671c0	lib	other
4672d0	FUN_004672d0	lib	other
4673c0	FUN_004673c0	lib	sqlite
467d70	FUN_00467d70	lib	other
467dc0	FUN_00467dc0	lib	sqlite
467ec0	FUN_00467ec0	lib	other
467ed0	FUN_00467ed0	lib	other
467f40	FUN_00467f40	lib	other
467f50	FUN_00467f50	lib	audit
467f70	FUN_00467f70	lib	other
468070	FUN_00468070	lib	other
4681c0	FUN_004681c0	lib	other
468380	FUN_00468380	lib	other
4683e0	FUN_004683e0	lib	other
4683f0	FUN_004683f0	lib	audit
468410	FUN_00468410	lib	other
468460	FUN_00468460	lib	other
468600	FUN_00468600	lib	sqlite
468670	FUN_00468670	lib	audit
4686e0	FUN_004686e0	lib	other
468750	FUN_00468750	lib	other
4687f0	FUN_004687f0	lib	sqlite
4688d0	FUN_004688d0	lib	other
4689a0	FUN_004689a0	lib	other
4689e0	FUN_004689e0	lib	other
468a70	FUN_00468a70	lib	other
468a90	FUN_00468a90	lib	other
468dc0	FUN_00468dc0	lib	other
468e30	FUN_00468e30	lib	audit
468e50	FUN_00468e50	lib	other
468e70	FUN_00468e70	lib	other
468f40	FUN_00468f40	lib	other
468f60	FUN_00468f60	lib	other
468f80	FUN_00468f80	lib	other
468fa0	FUN_00468fa0	lib	other
469150	FUN_00469150	lib	crtstl
469170	FUN_00469170	lib	other
4691c0	FUN_004691c0	lib	other
469220	FUN_00469220	lib	other
469280	FUN_00469280	lib	other
469290	FUN_00469290	lib	other
4692f0	FUN_004692f0	lib	other
4694b0	FUN_004694b0	lib	other
4694f0	FUN_004694f0	lib	other
469510	FUN_00469510	lib	audit
469530	FUN_00469530	lib	other
469590	FUN_00469590	lib	other
4695b0	FUN_004695b0	lib	other
469710	FUN_00469710	lib	other
469760	FUN_00469760	lib	other
469770	FUN_00469770	lib	other
4697a0	FUN_004697a0	lib	other
4697d0	FUN_004697d0	lib	other
4697f0	FUN_004697f0	lib	other
469830	FUN_00469830	lib	other
469940	FUN_00469940	lib	other
469960	FUN_00469960	lib	other
469a30	FUN_00469a30	lib	audit
469aa0	FUN_00469aa0	lib	other
469b10	FUN_00469b10	lib	other
469bd0	FUN_00469bd0	lib	other
469c40	FUN_00469c40	lib	other
469cb0	FUN_00469cb0	lib	audit
469f20	FUN_00469f20	lib	other
469f40	FUN_00469f40	lib	audit
469fc0	FUN_00469fc0	lib	audit
46a030	FUN_0046a030	lib	other
46a100	FUN_0046a100	lib	other
46a4c0	FUN_0046a4c0	lib	other
46a520	FUN_0046a520	lib	other
46a710	FUN_0046a710	lib	other
46a790	FUN_0046a790	lib	other
46a7c0	FUN_0046a7c0	lib	other
46a860	FUN_0046a860	lib	other
46a8f0	FUN_0046a8f0	lib	other
46a920	FUN_0046a920	lib	other
46a950	FUN_0046a950	lib	other
46a980	FUN_0046a980	lib	other
46a9f0	FUN_0046a9f0	lib	other
46aa30	FUN_0046aa30	lib	audit
46aab0	FUN_0046aab0	lib	audit
46ab70	FUN_0046ab70	lib	other
46ac30	FUN_0046ac30	lib	other
46ace0	FUN_0046ace0	lib	other
46ad10	FUN_0046ad10	lib	other
46ad70	FUN_0046ad70	lib	other
46ae30	FUN_0046ae30	lib	other
46ae50	FUN_0046ae50	lib	other
46aef0	FUN_0046aef0	lib	other
46af10	FUN_0046af10	lib	other
46b0d0	FUN_0046b0d0	lib	other
46b0e0	FUN_0046b0e0	lib	other
46b1c0	FUN_0046b1c0	lib	other
46b1d0	FUN_0046b1d0	lib	other
46b1f0	FUN_0046b1f0	lib	other
46b250	FUN_0046b250	game	World
46b260	FUN_0046b260	lib	other
46b2b0	FUN_0046b2b0	lib	other
46b2f0	FUN_0046b2f0	lib	audit
46b630	FUN_0046b630	lib	sqlite
46b680	FUN_0046b680	lib	sqlite
46b6f0	FUN_0046b6f0	lib	sqlite
46b780	FUN_0046b780	lib	audit
46b9f0	FUN_0046b9f0	lib	sqlite
46bab0	FUN_0046bab0	lib	other
46bae0	FUN_0046bae0	lib	audit
46c260	FUN_0046c260	lib	sqlite
46c340	FUN_0046c340	lib	sqlite
46c4b0	FUN_0046c4b0	lib	sqlite
46c6a0	FUN_0046c6a0	lib	sqlite
46c6c0	FUN_0046c6c0	lib	other
46c7b0	FUN_0046c7b0	lib	other
46ca90	FUN_0046ca90	lib	sqlite
46cc20	FUN_0046cc20	lib	sqlite
46dec0	FUN_0046dec0	lib	sqlite
46dfa0	FUN_0046dfa0	lib	other
46e020	FUN_0046e020	lib	sqlite
46e0c0	FUN_0046e0c0	lib	other
46e140	FUN_0046e140	lib	other
46e160	FUN_0046e160	lib	audit
46e390	FUN_0046e390	lib	audit
46e520	FUN_0046e520	lib	sqlite
46e6b0	FUN_0046e6b0	lib	sqlite
46e7e0	FUN_0046e7e0	lib	sqlite
46f6f0	FUN_0046f6f0	lib	sqlite
46f880	FUN_0046f880	lib	other
46f990	FUN_0046f990	lib	other
470300	FUN_00470300	lib	other
470360	FUN_00470360	lib	other
4706c0	FUN_004706c0	lib	other
4708e0	FUN_004708e0	lib	other
4709a0	FUN_004709a0	lib	sqlite
4709e0	FUN_004709e0	lib	audit
470aa0	FUN_00470aa0	lib	other
470ba0	FUN_00470ba0	lib	sqlite
470d20	FUN_00470d20	lib	sqlite
470f80	FUN_00470f80	lib	sqlite
471000	FUN_00471000	lib	sqlite
471200	FUN_00471200	lib	audit
4712c0	FUN_004712c0	lib	audit
471320	FUN_00471320	lib	audit
471550	FUN_00471550	lib	other
4715a0	FUN_004715a0	lib	other
4716b0	FUN_004716b0	lib	other
471710	FUN_00471710	lib	audit
471850	FUN_00471850	lib	sqlite
4718a0	FUN_004718a0	lib	other
471910	FUN_00471910	lib	other
4719f0	FUN_004719f0	lib	sqlite
471aa0	FUN_00471aa0	lib	sqlite
471b70	FUN_00471b70	lib	sqlite
471c20	FUN_00471c20	lib	sqlite
471c90	FUN_00471c90	lib	other
471d80	FUN_00471d80	lib	sqlite
471f80	FUN_00471f80	lib	sqlite
472010	FUN_00472010	lib	sqlite
472090	FUN_00472090	lib	sqlite
472880	FUN_00472880	lib	audit
472980	FUN_00472980	lib	other
472b70	FUN_00472b70	lib	other
472d10	FUN_00472d10	lib	audit
472d90	FUN_00472d90	lib	sqlite
472ef0	FUN_00472ef0	lib	other
4731c0	FUN_004731c0	lib	other
473230	FUN_00473230	lib	sqlite
4733e0	FUN_004733e0	lib	other
473550	FUN_00473550	lib	sqlite
473660	FUN_00473660	lib	other
473790	FUN_00473790	lib	sqlite
473870	FUN_00473870	lib	sqlite
4738d0	FUN_004738d0	lib	other
474a90	FUN_00474a90	lib	sqlite
474bc0	FUN_00474bc0	lib	sqlite
474d00	FUN_00474d00	lib	other
474ee0	FUN_00474ee0	lib	sqlite
474f60	FUN_00474f60	lib	sqlite
474fe0	FUN_00474fe0	lib	audit
475040	FUN_00475040	lib	audit
4750b0	FUN_004750b0	lib	sqlite
475250	FUN_00475250	lib	other
4752f0	FUN_004752f0	lib	other
4753b0	FUN_004753b0	lib	other
4754f0	FUN_004754f0	lib	sqlite
475680	FUN_00475680	lib	other
4757a0	FUN_004757a0	lib	audit
4757f0	FUN_004757f0	lib	other
476020	FUN_00476020	lib	other
476080	FUN_00476080	lib	other
476130	FUN_00476130	lib	sqlite
4761f0	FUN_004761f0	lib	audit
476240	FUN_00476240	lib	sqlite
4762d0	FUN_004762d0	lib	audit
476470	FUN_00476470	lib	other
4765c0	FUN_004765c0	lib	sqlite
476810	FUN_00476810	lib	audit
4768b0	FUN_004768b0	lib	sqlite
476a70	FUN_00476a70	lib	sqlite
476b80	FUN_00476b80	lib	sqlite
476c10	FUN_00476c10	lib	other
476c60	FUN_00476c60	lib	sqlite
476d20	FUN_00476d20	lib	audit
476ff0	FUN_00476ff0	lib	audit
477080	FUN_00477080	lib	other
4770f0	FUN_004770f0	lib	sqlite
4771d0	FUN_004771d0	lib	other
477240	FUN_00477240	lib	other
477290	FUN_00477290	lib	other
4772e0	FUN_004772e0	lib	other
4773d0	FUN_004773d0	lib	sqlite
477530	FUN_00477530	lib	sqlite
4775b0	FUN_004775b0	lib	sqlite
4776e0	FUN_004776e0	lib	sqlite
4778d0	FUN_004778d0	lib	sqlite
477b20	FUN_00477b20	lib	sqlite
477c30	FUN_00477c30	lib	sqlite
477d20	FUN_00477d20	lib	other
477d60	FUN_00477d60	lib	other
478460	FUN_00478460	lib	other
4789f0	FUN_004789f0	lib	other
478b30	FUN_00478b30	lib	other
478bb0	FUN_00478bb0	lib	other
478de0	FUN_00478de0	lib	other
478e60	FUN_00478e60	lib	other
478f40	FUN_00478f40	lib	other
4790b0	FUN_004790b0	lib	other
479150	FUN_00479150	lib	other
4791b0	FUN_004791b0	lib	other
479240	FUN_00479240	lib	sqlite
4792d0	FUN_004792d0	lib	sqlite
479360	FUN_00479360	lib	sqlite
4793f0	FUN_004793f0	lib	sqlite
4794b0	FUN_004794b0	lib	sqlite
479800	FUN_00479800	lib	sqlite
479910	FUN_00479910	lib	sqlite
4799f0	FUN_004799f0	lib	audit
479af0	FUN_00479af0	lib	other
479b90	FUN_00479b90	lib	other
479c50	FUN_00479c50	lib	other
479db0	FUN_00479db0	lib	sqlite
47a7a0	FUN_0047a7a0	lib	sqlite
47afc0	FUN_0047afc0	lib	other
47b540	FUN_0047b540	lib	sqlite
47b5a0	FUN_0047b5a0	lib	sqlite
47b730	FUN_0047b730	lib	sqlite
47bc80	FUN_0047bc80	lib	audit
47bd90	FUN_0047bd90	lib	sqlite
47bdc0	FUN_0047bdc0	lib	other
47c0e0	FUN_0047c0e0	lib	sqlite
47c340	FUN_0047c340	lib	audit
47c360	FUN_0047c360	lib	audit
47c390	FUN_0047c390	lib	other
47c420	FUN_0047c420	lib	sqlite
47c5d0	FUN_0047c5d0	lib	sqlite
47c700	FUN_0047c700	lib	sqlite
47ca50	FUN_0047ca50	lib	sqlite
47d000	FUN_0047d000	lib	other
47d090	FUN_0047d090	lib	sqlite
47d150	FUN_0047d150	lib	audit
47d1b0	FUN_0047d1b0	lib	other
47d250	FUN_0047d250	lib	other
47d3d0	FUN_0047d3d0	lib	sqlite
47d410	FUN_0047d410	lib	other
47d460	FUN_0047d460	lib	audit
47d5d0	FUN_0047d5d0	lib	other
47d6f0	FUN_0047d6f0	lib	other
47da70	FUN_0047da70	lib	other
47db10	FUN_0047db10	lib	other
47de10	FUN_0047de10	lib	other
47de90	FUN_0047de90	lib	sqlite
47df00	FUN_0047df00	lib	audit
47e090	FUN_0047e090	lib	other
47e0d0	FUN_0047e0d0	lib	other
47e150	FUN_0047e150	lib	sqlite
47e200	FUN_0047e200	lib	sqlite
47e280	FUN_0047e280	lib	other
47e2a0	FUN_0047e2a0	lib	sqlite
47e2e0	FUN_0047e2e0	lib	audit
47e6f0	FUN_0047e6f0	lib	sqlite
47e8a0	FUN_0047e8a0	lib	audit
47e910	FUN_0047e910	lib	sqlite
47e970	FUN_0047e970	lib	other
47ea40	FUN_0047ea40	lib	other
47eaa0	FUN_0047eaa0	lib	other
47ebd0	FUN_0047ebd0	lib	other
47ed50	FUN_0047ed50	lib	other
47ee40	FUN_0047ee40	lib	other
47f030	FUN_0047f030	lib	other
47f090	FUN_0047f090	lib	other
47f140	FUN_0047f140	lib	sqlite
47f1a0	FUN_0047f1a0	lib	other
47f4f0	FUN_0047f4f0	lib	sqlite
47f590	FUN_0047f590	lib	audit
47f5f0	FUN_0047f5f0	lib	sqlite
47f6a0	FUN_0047f6a0	lib	other
47f780	FUN_0047f780	lib	other
47f9a0	FUN_0047f9a0	lib	other
47fc00	FUN_0047fc00	lib	audit
47ff80	FUN_0047ff80	lib	sqlite
480650	FUN_00480650	lib	audit
480740	FUN_00480740	lib	other
4807d0	FUN_004807d0	lib	sqlite
480840	FUN_00480840	lib	audit
480a70	FUN_00480a70	lib	other
480b10	FUN_00480b10	lib	other
480b90	FUN_00480b90	lib	other
480be0	FUN_00480be0	lib	other
480c70	FUN_00480c70	lib	other
480e10	FUN_00480e10	lib	sqlite
4815e0	FUN_004815e0	lib	other
481630	FUN_00481630	lib	sqlite
4832f0	FUN_004832f0	lib	sqlite
483380	FUN_00483380	lib	sqlite
483460	FUN_00483460	lib	other
483490	FUN_00483490	lib	audit
4834d0	FUN_004834d0	lib	audit
483950	FUN_00483950	lib	sqlite
483b10	FUN_00483b10	lib	audit
483b70	FUN_00483b70	lib	other
483ba0	FUN_00483ba0	lib	other
483bd0	FUN_00483bd0	lib	audit
483c40	FUN_00483c40	lib	audit
483ca0	FUN_00483ca0	lib	audit
483cf0	FUN_00483cf0	lib	audit
483d40	FUN_00483d40	lib	audit
483dd0	FUN_00483dd0	lib	audit
483e60	FUN_00483e60	lib	audit
484120	FUN_00484120	lib	audit
484180	FUN_00484180	lib	other
484260	FUN_00484260	lib	audit
4842a0	FUN_004842a0	lib	audit
484370	FUN_00484370	lib	audit
4843d0	FUN_004843d0	lib	audit
484410	FUN_00484410	lib	audit
4844b0	FUN_004844b0	lib	audit
484530	FUN_00484530	lib	audit
484760	FUN_00484760	lib	audit
484930	FUN_00484930	lib	audit
484960	FUN_00484960	lib	audit
484ae0	FUN_00484ae0	lib	audit
484b10	FUN_00484b10	lib	audit
484c20	FUN_00484c20	lib	audit
484f60	FUN_00484f60	lib	audit
485250	FUN_00485250	lib	audit
485280	FUN_00485280	lib	audit
485380	FUN_00485380	lib	audit
4854a0	FUN_004854a0	lib	audit
485520	FUN_00485520	lib	audit
4856d0	FUN_004856d0	lib	audit
485750	FUN_00485750	lib	audit
485890	FUN_00485890	lib	other
485950	FUN_00485950	lib	other
485a80	FUN_00485a80	lib	other
486380	FUN_00486380	lib	other
486460	FUN_00486460	lib	other
486540	FUN_00486540	lib	other
4868a0	FUN_004868a0	lib	audit
4869b0	FUN_004869b0	lib	other
486a20	FUN_00486a20	lib	other
486af0	FUN_00486af0	lib	audit
486bf0	FUN_00486bf0	lib	other
486c20	FUN_00486c20	lib	other
486c80	FUN_00486c80	lib	other
486cc0	FUN_00486cc0	lib	other
486dd0	FUN_00486dd0	lib	other
486ea0	FUN_00486ea0	lib	other
486ed0	FUN_00486ed0	lib	audit
486f40	FUN_00486f40	lib	audit
487070	FUN_00487070	lib	audit
4870c0	FUN_004870c0	lib	audit
4871d0	FUN_004871d0	lib	sqlite
487240	FUN_00487240	lib	sqlite
487510	FUN_00487510	lib	sqlite
487580	FUN_00487580	lib	other
487690	FUN_00487690	lib	audit
4876e0	FUN_004876e0	lib	audit
4877e0	FUN_004877e0	lib	audit
487a00	FUN_00487a00	lib	audit
487b40	FUN_00487b40	lib	other
487c30	FUN_00487c30	lib	other
487d80	FUN_00487d80	lib	sqlite
487e80	FUN_00487e80	lib	sqlite
487f30	FUN_00487f30	lib	audit
487fb0	FUN_00487fb0	lib	audit
4880a0	FUN_004880a0	lib	audit
4880e0	FUN_004880e0	lib	sqlite
488380	FUN_00488380	lib	audit
4884b0	FUN_004884b0	lib	sqlite
488510	FUN_00488510	lib	audit
4885a0	FUN_004885a0	lib	audit
488640	FUN_00488640	lib	sqlite
488860	FUN_00488860	lib	sqlite
4889f0	FUN_004889f0	lib	other
488a90	FUN_00488a90	lib	sqlite
488b10	FUN_00488b10	lib	sqlite
488dd0	FUN_00488dd0	lib	sqlite
489140	FUN_00489140	lib	sqlite
4891f0	FUN_004891f0	lib	other
489330	FUN_00489330	lib	other
489430	FUN_00489430	lib	other
489750	FUN_00489750	lib	sqlite
4898d0	FUN_004898d0	lib	sqlite
489940	FUN_00489940	lib	sqlite
489a60	FUN_00489a60	lib	sqlite
489b10	FUN_00489b10	lib	other
489b70	FUN_00489b70	lib	other
489bc0	FUN_00489bc0	lib	sqlite
489c10	FUN_00489c10	lib	audit
489d30	FUN_00489d30	lib	audit
48a010	FUN_0048a010	lib	other
48a080	FUN_0048a080	lib	other
48a1c0	FUN_0048a1c0	lib	other
48a240	FUN_0048a240	lib	sqlite
48a4d0	FUN_0048a4d0	lib	sqlite
48abe0	FUN_0048abe0	lib	sqlite
48b2c0	FUN_0048b2c0	lib	other
48b2e0	FUN_0048b2e0	lib	sqlite
48b310	FUN_0048b310	lib	audit
48b480	FUN_0048b480	lib	other
48b500	FUN_0048b500	lib	other
48b530	FUN_0048b530	lib	audit
48b5a0	FUN_0048b5a0	lib	sqlite
48b660	FUN_0048b660	lib	audit
48b780	FUN_0048b780	lib	sqlite
48b7c0	FUN_0048b7c0	lib	sqlite
48b820	FUN_0048b820	lib	sqlite
48b8b0	FUN_0048b8b0	lib	sqlite
48b940	FUN_0048b940	lib	sqlite
48b960	FUN_0048b960	lib	sqlite
48b9c0	FUN_0048b9c0	lib	sqlite
48ba50	FUN_0048ba50	lib	sqlite
48bb90	FUN_0048bb90	lib	sqlite
48bbe0	FUN_0048bbe0	lib	sqlite
48bce0	FUN_0048bce0	lib	other
48bd80	FUN_0048bd80	lib	sqlite
48bf70	FUN_0048bf70	lib	other
48c030	FUN_0048c030	lib	sqlite
48c240	FUN_0048c240	lib	sqlite
48c460	FUN_0048c460	lib	other
48c4f0	FUN_0048c4f0	lib	sqlite
48c830	FUN_0048c830	lib	sqlite
48c930	FUN_0048c930	lib	sqlite
48ca70	FUN_0048ca70	lib	audit
48cac0	FUN_0048cac0	lib	other
48cc10	FUN_0048cc10	lib	other
48cc90	FUN_0048cc90	lib	other
48d2d0	FUN_0048d2d0	lib	sqlite
48d300	FUN_0048d300	lib	other
48d4b0	FUN_0048d4b0	lib	other
48d540	FUN_0048d540	lib	sqlite
48d620	FUN_0048d620	lib	sqlite
48d6f0	FUN_0048d6f0	lib	audit
48d7c0	FUN_0048d7c0	lib	sqlite
48dbc0	FUN_0048dbc0	lib	other
48e040	FUN_0048e040	lib	audit
48e0b0	FUN_0048e0b0	lib	sqlite
48e1f0	FUN_0048e1f0	lib	sqlite
48e5e0	FUN_0048e5e0	lib	other
48e620	FUN_0048e620	lib	other
48e670	FUN_0048e670	lib	other
48e8c0	FUN_0048e8c0	lib	other
48e9a0	FUN_0048e9a0	lib	other
48ea60	FUN_0048ea60	lib	other
48ec40	FUN_0048ec40	lib	other
48ed00	FUN_0048ed00	lib	sqlite
48ed50	FUN_0048ed50	lib	sqlite
48efd0	FUN_0048efd0	lib	sqlite
48eff0	FUN_0048eff0	lib	sqlite
48f070	FUN_0048f070	lib	audit
48f150	FUN_0048f150	lib	audit
48f290	FUN_0048f290	lib	sqlite
48f2f0	FUN_0048f2f0	lib	audit
48f390	FUN_0048f390	lib	audit
48f420	FUN_0048f420	lib	sqlite
48f530	FUN_0048f530	lib	sqlite
48f740	FUN_0048f740	lib	sqlite
48f790	FUN_0048f790	lib	sqlite
48f7e0	FUN_0048f7e0	lib	sqlite
48f870	FUN_0048f870	lib	sqlite
48f8b0	FUN_0048f8b0	lib	sqlite
48f8d0	FUN_0048f8d0	lib	sqlite
48f930	FUN_0048f930	lib	sqlite
48fb70	FUN_0048fb70	lib	sqlite
48fbc0	FUN_0048fbc0	lib	audit
48fca0	FUN_0048fca0	lib	audit
48fdc0	FUN_0048fdc0	lib	sqlite
48fe00	FUN_0048fe00	lib	sqlite
48fe50	FUN_0048fe50	lib	sqlite
48fe70	FUN_0048fe70	lib	sqlite
48fee0	FUN_0048fee0	lib	sqlite
48ff20	FUN_0048ff20	lib	sqlite
48ffe0	FUN_0048ffe0	lib	sqlite
4901e0	FUN_004901e0	lib	sqlite
490640	FUN_00490640	lib	sqlite
4906b0	FUN_004906b0	lib	sqlite
4906f0	FUN_004906f0	lib	sqlite
490750	FUN_00490750	lib	audit
490780	FUN_00490780	lib	audit
4907e0	FUN_004907e0	lib	other
490810	FUN_00490810	lib	sqlite
490880	FUN_00490880	lib	sqlite
4908e0	FUN_004908e0	lib	other
490c90	FUN_00490c90	lib	other
490e00	FUN_00490e00	lib	audit
491450	FUN_00491450	lib	other
491620	FUN_00491620	lib	other
4916b0	FUN_004916b0	lib	audit
491910	FUN_00491910	lib	sqlite
4919c0	FUN_004919c0	lib	audit
491a40	FUN_00491a40	lib	sqlite
491ab0	FUN_00491ab0	lib	sqlite
491b30	FUN_00491b30	lib	sqlite
491bc0	FUN_00491bc0	lib	sqlite
491c00	FUN_00491c00	lib	other
491ce0	FUN_00491ce0	lib	sqlite
491d30	FUN_00491d30	lib	sqlite
491f10	FUN_00491f10	lib	sqlite
491f60	FUN_00491f60	lib	audit
492040	FUN_00492040	lib	sqlite
4920e0	FUN_004920e0	lib	audit
492110	FUN_00492110	lib	sqlite
492220	FUN_00492220	lib	sqlite
492280	FUN_00492280	lib	other
4923a0	FUN_004923a0	lib	sqlite
492580	FUN_00492580	lib	sqlite
492650	FUN_00492650	lib	audit
492710	FUN_00492710	lib	audit
4927e0	FUN_004927e0	lib	other
492a10	FUN_00492a10	lib	sqlite
492ce0	FUN_00492ce0	lib	other
492d70	FUN_00492d70	lib	other
492dd0	FUN_00492dd0	lib	other
492f00	FUN_00492f00	lib	other
493360	FUN_00493360	lib	sqlite
493400	FUN_00493400	lib	other
4934c0	FUN_004934c0	lib	audit
493630	FUN_00493630	lib	other
4936f0	FUN_004936f0	lib	sqlite
493750	FUN_00493750	lib	other
493790	FUN_00493790	lib	other
493af0	FUN_00493af0	lib	audit
493b20	FUN_00493b20	lib	sqlite
493bd0	FUN_00493bd0	lib	sqlite
493f20	FUN_00493f20	lib	audit
4940f0	FUN_004940f0	lib	sqlite
494960	FUN_00494960	lib	sqlite
494b00	FUN_00494b00	lib	audit
494b90	FUN_00494b90	lib	audit
494c20	FUN_00494c20	lib	other
494c50	FUN_00494c50	lib	sqlite
494cf0	FUN_00494cf0	lib	audit
494db0	FUN_00494db0	lib	audit
494e00	FUN_00494e00	lib	other
494e40	FUN_00494e40	lib	sqlite
494ea0	FUN_00494ea0	lib	sqlite
494ec0	FUN_00494ec0	lib	other
495300	FUN_00495300	lib	audit
495480	FUN_00495480	lib	audit
495540	FUN_00495540	lib	other
495600	FUN_00495600	lib	sqlite
4957f0	FUN_004957f0	lib	sqlite
495a40	FUN_00495a40	lib	sqlite
495bc0	FUN_00495bc0	lib	sqlite
495df0	FUN_00495df0	lib	sqlite
4961c0	FUN_004961c0	lib	other
4961f0	FUN_004961f0	lib	audit
4962b0	FUN_004962b0	lib	other
496370	FUN_00496370	lib	audit
496390	FUN_00496390	lib	other
4963e0	FUN_004963e0	lib	sqlite
496440	FUN_00496440	lib	sqlite
496480	FUN_00496480	lib	other
496510	FUN_00496510	lib	other
496610	FUN_00496610	lib	sqlite
496680	FUN_00496680	lib	sqlite
4966d0	FUN_004966d0	lib	other
4967a0	FUN_004967a0	lib	sqlite
496a30	FUN_00496a30	lib	other
496a90	FUN_00496a90	lib	other
496ca0	FUN_00496ca0	lib	other
496d40	FUN_00496d40	lib	other
496d90	FUN_00496d90	lib	other
496df0	FUN_00496df0	lib	other
496f30	FUN_00496f30	lib	other
496f90	FUN_00496f90	lib	other
497010	FUN_00497010	lib	sqlite
4970c0	FUN_004970c0	lib	other
497170	FUN_00497170	lib	other
497220	FUN_00497220	lib	other
4975c0	FUN_004975c0	lib	other
497600	FUN_00497600	lib	sqlite
497780	FUN_00497780	lib	sqlite
498470	FUN_00498470	lib	other
4984d0	FUN_004984d0	lib	other
498610	FUN_00498610	lib	other
498790	FUN_00498790	lib	audit
498830	FUN_00498830	lib	sqlite
4988a0	FUN_004988a0	lib	other
498b60	FUN_00498b60	lib	other
498e10	FUN_00498e10	lib	sqlite
498e50	FUN_00498e50	lib	other
498e90	FUN_00498e90	lib	other
498f00	FUN_00498f00	lib	other
498fb0	FUN_00498fb0	lib	sqlite
498fe0	FUN_00498fe0	lib	other
499060	FUN_00499060	lib	audit
499140	FUN_00499140	lib	other
4992e0	FUN_004992e0	lib	sqlite
499360	FUN_00499360	lib	sqlite
4993e0	FUN_004993e0	lib	other
4994a0	FUN_004994a0	lib	sqlite
4994d0	FUN_004994d0	lib	other
499500	FUN_00499500	lib	audit
499540	FUN_00499540	lib	other
4995c0	FUN_004995c0	lib	audit
4997b0	FUN_004997b0	lib	other
499af0	FUN_00499af0	lib	other
499c30	FUN_00499c30	lib	other
499d70	FUN_00499d70	lib	sqlite
49a050	FUN_0049a050	lib	sqlite
49a2b0	FUN_0049a2b0	lib	other
49a350	FUN_0049a350	lib	sqlite
49a3a0	FUN_0049a3a0	lib	other
49a430	FUN_0049a430	lib	other
49a530	FUN_0049a530	lib	sqlite
49a5b0	FUN_0049a5b0	lib	other
49a610	FUN_0049a610	lib	other
49ab00	FUN_0049ab00	lib	audit
49ac40	FUN_0049ac40	lib	sqlite
49ad30	FUN_0049ad30	lib	other
49ae70	FUN_0049ae70	lib	other
49aed0	FUN_0049aed0	lib	sqlite
49b0f0	FUN_0049b0f0	lib	audit
49b170	FUN_0049b170	lib	sqlite
49b1e0	FUN_0049b1e0	lib	other
49c270	FUN_0049c270	lib	other
49c510	FUN_0049c510	lib	other
49c860	FUN_0049c860	lib	other
49c920	FUN_0049c920	lib	audit
49c950	FUN_0049c950	lib	sqlite
49c970	FUN_0049c970	lib	other
49ca30	FUN_0049ca30	lib	other
49cb00	FUN_0049cb00	lib	sqlite
49cb40	FUN_0049cb40	lib	other
49cb70	FUN_0049cb70	lib	other
49d250	FUN_0049d250	lib	other
49d270	FUN_0049d270	lib	audit
49d440	FUN_0049d440	lib	audit
49d4d0	FUN_0049d4d0	lib	other
49d510	FUN_0049d510	lib	other
49d5c0	FUN_0049d5c0	lib	audit
49d6a0	FUN_0049d6a0	lib	audit
49d6f0	FUN_0049d6f0	lib	audit
49d800	FUN_0049d800	lib	other
49d890	FUN_0049d890	lib	sqlite
49d910	FUN_0049d910	lib	audit
49d9d0	FUN_0049d9d0	lib	other
49dab0	FUN_0049dab0	lib	sqlite
49db30	FUN_0049db30	lib	other
49db70	FUN_0049db70	lib	other
49dbf0	FUN_0049dbf0	lib	other
49dd10	FUN_0049dd10	lib	other
49ddb0	FUN_0049ddb0	lib	sqlite
49de90	FUN_0049de90	lib	sqlite
49e0a0	FUN_0049e0a0	lib	sqlite
49e570	FUN_0049e570	lib	other
49f6a0	FUN_0049f6a0	lib	other
49f780	FUN_0049f780	lib	other
49f810	FUN_0049f810	lib	other
49f850	FUN_0049f850	lib	other
49f8e0	FUN_0049f8e0	lib	other
49f970	FUN_0049f970	lib	sqlite
49fad0	FUN_0049fad0	lib	audit
49fde0	FUN_0049fde0	lib	other
4a0000	FUN_004a0000	lib	sqlite
4a0080	FUN_004a0080	lib	sqlite
4a0120	FUN_004a0120	lib	other
4a0180	FUN_004a0180	lib	audit
4a0240	FUN_004a0240	lib	sqlite
4a02d0	FUN_004a02d0	lib	other
4a0350	FUN_004a0350	lib	audit
4a03c0	FUN_004a03c0	lib	audit
4a0440	FUN_004a0440	lib	audit
4a0570	FUN_004a0570	lib	other
4a0580	operator_new[]	lib	crtstl
4a05b0	FUN_004a05b0	lib	other
4a0720	FUN_004a0720	lib	other
4a0960	FUN_004a0960	lib	other
4a0990	FUN_004a0990	lib	other
4a0a20	FUN_004a0a20	lib	sqlite
4a0bf0	FUN_004a0bf0	lib	sqlite
4a0cd0	FUN_004a0cd0	lib	audit
4a0d40	FUN_004a0d40	lib	other
4a0da0	FUN_004a0da0	lib	sqlite
4a0e40	FUN_004a0e40	lib	sqlite
4a0f40	FUN_004a0f40	lib	other
4a1030	FUN_004a1030	lib	other
4a11c0	FUN_004a11c0	lib	other
4a1250	FUN_004a1250	lib	audit
4a1280	FUN_004a1280	lib	audit
4a12e0	FUN_004a12e0	lib	sqlite
4a1350	FUN_004a1350	lib	audit
4a1370	FUN_004a1370	lib	audit
4a1390	FUN_004a1390	lib	audit
4a13b0	FUN_004a13b0	lib	audit
4a1440	FUN_004a1440	lib	other
4a14c0	FUN_004a14c0	lib	other
4a1670	FUN_004a1670	lib	sqlite
4a1760	FUN_004a1760	lib	sqlite
4a17a0	FUN_004a17a0	lib	audit
4a18e0	FUN_004a18e0	lib	sqlite
4a19a0	FUN_004a19a0	lib	audit
4a1bb0	FUN_004a1bb0	lib	audit
4a1c00	FUN_004a1c00	lib	sqlite
4a1c60	FUN_004a1c60	lib	sqlite
4a1c90	FUN_004a1c90	lib	other
4a1ce0	FUN_004a1ce0	lib	audit
4a1ea0	FUN_004a1ea0	lib	audit
4a2310	FUN_004a2310	lib	sqlite
4a2440	FUN_004a2440	lib	audit
4a24c0	FUN_004a24c0	lib	audit
4a2510	FUN_004a2510	lib	audit
4a25c0	FUN_004a25c0	lib	audit
4a26b0	FUN_004a26b0	lib	audit
4a26f0	FUN_004a26f0	lib	sqlite
4a27d0	FUN_004a27d0	lib	audit
4a2900	FUN_004a2900	lib	sqlite
4a2980	FUN_004a2980	lib	audit
4a2bd0	FUN_004a2bd0	lib	audit
4a2c20	FUN_004a2c20	lib	audit
4a2c50	FUN_004a2c50	lib	sqlite
4a2c80	FUN_004a2c80	lib	audit
4a2e90	FUN_004a2e90	lib	audit
4a3440	FUN_004a3440	lib	sqlite
4a3580	FUN_004a3580	lib	sqlite
4a35c0	FUN_004a35c0	lib	audit
4a3620	FUN_004a3620	lib	audit
4a37a0	FUN_004a37a0	lib	audit
4a37e0	FUN_004a37e0	lib	audit
4a3950	FUN_004a3950	lib	audit
4a39a0	FUN_004a39a0	lib	audit
4a39f0	FUN_004a39f0	lib	audit
4a3a60	FUN_004a3a60	lib	audit
4a3a80	FUN_004a3a80	lib	audit
4a3b00	FUN_004a3b00	lib	audit
4a3bb0	FUN_004a3bb0	lib	sqlite
4a5af0	FUN_004a5af0	lib	audit
4a5e90	FUN_004a5e90	lib	other
4a5f90	FUN_004a5f90	lib	audit
4a5fc0	FUN_004a5fc0	lib	sqlite
4a60c0	FUN_004a60c0	lib	sqlite
4a6100	FUN_004a6100	lib	sqlite
4a6140	FUN_004a6140	lib	audit
4a6290	FUN_004a6290	lib	sqlite
4a6530	FUN_004a6530	lib	other
4a65c0	FUN_004a65c0	lib	audit
4a6660	FUN_004a6660	lib	sqlite
4a6750	FUN_004a6750	lib	sqlite
4a68c0	FUN_004a68c0	lib	sqlite
4a68f0	FUN_004a68f0	lib	other
4a6940	FUN_004a6940	lib	other
4a69a0	FUN_004a69a0	lib	sqlite
4a69e0	FUN_004a69e0	lib	other
4a6ac0	FUN_004a6ac0	lib	sqlite
4a6b70	FUN_004a6b70	lib	other
4a6bb0	FUN_004a6bb0	lib	other
4a6c80	FUN_004a6c80	lib	sqlite
4a6d60	FUN_004a6d60	lib	sqlite
4a6dc0	FUN_004a6dc0	lib	sqlite
4a6e20	FUN_004a6e20	lib	audit
4a6ed0	FUN_004a6ed0	lib	sqlite
4a6f70	FUN_004a6f70	lib	sqlite
4a6fd0	FUN_004a6fd0	lib	sqlite
4a7140	FUN_004a7140	lib	sqlite
4a74f0	FUN_004a74f0	lib	sqlite
4a7850	FUN_004a7850	lib	audit
4a78d0	FUN_004a78d0	lib	sqlite
4a7960	FUN_004a7960	lib	audit
4a7a80	FUN_004a7a80	lib	audit
4a7ba0	FUN_004a7ba0	lib	other
4a7be0	FUN_004a7be0	lib	audit
4a7d10	FUN_004a7d10	lib	audit
4a7e30	FUN_004a7e30	lib	sqlite
4a9650	FUN_004a9650	lib	audit
4a9680	FUN_004a9680	lib	other
4a97a0	FUN_004a97a0	lib	sqlite
4a97d0	FUN_004a97d0	lib	other
4a99a0	FUN_004a99a0	lib	other
4a9a30	FUN_004a9a30	lib	audit
4a9ac0	FUN_004a9ac0	lib	sqlite
4a9b80	FUN_004a9b80	lib	sqlite
4a9c50	FUN_004a9c50	lib	other
4a9cb0	FUN_004a9cb0	lib	audit
4a9d60	FUN_004a9d60	lib	other
4a9fc0	FUN_004a9fc0	lib	other
4aa0e0	FUN_004aa0e0	lib	sqlite
4aa130	FUN_004aa130	lib	other
4aa180	FUN_004aa180	lib	sqlite
4aa1c0	FUN_004aa1c0	lib	sqlite
4aa580	FUN_004aa580	lib	audit
4aa5b0	FUN_004aa5b0	lib	audit
4aa5e0	FUN_004aa5e0	lib	audit
4aa7b0	FUN_004aa7b0	lib	audit
4aa8f0	FUN_004aa8f0	lib	audit
4aa970	FUN_004aa970	lib	audit
4aa9b0	FUN_004aa9b0	lib	audit
4aa9e0	FUN_004aa9e0	lib	sqlite
4aaa40	FUN_004aaa40	lib	other
4aab20	FUN_004aab20	lib	other
4aac10	FUN_004aac10	lib	audit
4aad60	FUN_004aad60	lib	sqlite
4aae20	FUN_004aae20	lib	sqlite
4aaea0	FUN_004aaea0	lib	sqlite
4aaf60	FUN_004aaf60	lib	other
4aafd0	FUN_004aafd0	lib	sqlite
4ab040	FUN_004ab040	lib	sqlite
4ab0e0	FUN_004ab0e0	lib	other
4ab150	FUN_004ab150	lib	sqlite
4ab1f0	FUN_004ab1f0	lib	sqlite
4ab2d0	FUN_004ab2d0	lib	sqlite
4ab380	FUN_004ab380	lib	sqlite
4ab480	FUN_004ab480	lib	sqlite
4ad150	FUN_004ad150	lib	other
4ad190	FUN_004ad190	lib	other
4ad230	FUN_004ad230	lib	other
4ad280	FUN_004ad280	lib	other
4ad2f0	FUN_004ad2f0	lib	audit
4ad370	FUN_004ad370	lib	audit
4ae1b0	FUN_004ae1b0	lib	sqlite
4ae250	FUN_004ae250	lib	other
4ae2b0	FUN_004ae2b0	lib	audit
4ae300	FUN_004ae300	lib	other
4ae630	FUN_004ae630	lib	audit
4ae680	FUN_004ae680	lib	audit
4ae730	FUN_004ae730	lib	sqlite
4ae760	FUN_004ae760	lib	other
4ae7d0	FUN_004ae7d0	lib	other
4ae830	FUN_004ae830	lib	other
4ae890	FUN_004ae890	lib	other
4ae8f0	FUN_004ae8f0	lib	other
4ae960	FUN_004ae960	lib	other
4aea10	FUN_004aea10	lib	sqlite
4aeac0	FUN_004aeac0	lib	sqlite
4aebc0	FUN_004aebc0	lib	sqlite
4aec30	FUN_004aec30	lib	audit
4aec60	FUN_004aec60	lib	sqlite
4aec80	FUN_004aec80	lib	sqlite
4aeca0	FUN_004aeca0	lib	sqlite
4aecc0	FUN_004aecc0	lib	other
4aee30	FUN_004aee30	lib	other
4aee50	FUN_004aee50	lib	other
4aeea0	FUN_004aeea0	lib	sqlite
4aef00	FUN_004aef00	lib	audit
4af050	FUN_004af050	lib	sqlite
4af150	FUN_004af150	lib	other
4af1b0	FUN_004af1b0	lib	sqlite
4af250	FUN_004af250	lib	other
4af2b0	FUN_004af2b0	lib	audit
4af300	FUN_004af300	lib	sqlite
4af360	FUN_004af360	lib	sqlite
4b5b10	FUN_004b5b10	lib	sqlite
4b5e70	FUN_004b5e70	lib	audit
4b5ee0	FUN_004b5ee0	lib	sqlite
4b5f90	FUN_004b5f90	lib	sqlite
4b5ff0	FUN_004b5ff0	lib	sqlite
4b6050	FUN_004b6050	lib	sqlite
4b6080	FUN_004b6080	lib	other
4b60e0	FUN_004b60e0	lib	sqlite
4b63c0	FUN_004b63c0	lib	sqlite
4b6480	FUN_004b6480	lib	sqlite
4b65e0	FUN_004b65e0	lib	sqlite
4b6650	FUN_004b6650	lib	other
4b6720	FUN_004b6720	lib	other
4b6750	FUN_004b6750	lib	sqlite
4b67d0	FUN_004b67d0	lib	audit
4b6b80	FUN_004b6b80	lib	other
4b6bf0	FUN_004b6bf0	lib	sqlite
4b6f10	FUN_004b6f10	lib	other
4b6fa0	FUN_004b6fa0	lib	audit
4b7010	FUN_004b7010	lib	audit
4b70b0	FUN_004b70b0	lib	sqlite
4b7260	FUN_004b7260	lib	audit
4b7380	FUN_004b7380	lib	audit
4b7410	FUN_004b7410	lib	sqlite
4b7490	FUN_004b7490	lib	audit
4b7500	FUN_004b7500	lib	sqlite
4b7590	FUN_004b7590	lib	audit
4b75f0	FUN_004b75f0	lib	other
4b7670	FUN_004b7670	lib	sqlite
4b76e0	FUN_004b76e0	lib	audit
4b7720	FUN_004b7720	lib	audit
4b7790	FUN_004b7790	lib	other
4b7860	FUN_004b7860	lib	other
4b78c0	FUN_004b78c0	lib	audit
4b7910	FUN_004b7910	lib	sqlite
4b79e0	FUN_004b79e0	lib	audit
4b7be0	FUN_004b7be0	lib	other
4b7c40	FUN_004b7c40	lib	other
4b7cb0	FUN_004b7cb0	lib	other
4b7cf0	FUN_004b7cf0	lib	audit
4b7d90	FUN_004b7d90	lib	sqlite
4b7dc0	FUN_004b7dc0	lib	audit
4b8290	FUN_004b8290	lib	other
4b8350	FUN_004b8350	lib	other
4b83b0	FUN_004b83b0	lib	other
4b8560	FUN_004b8560	lib	other
4b8640	FUN_004b8640	lib	audit
4b87b0	FUN_004b87b0	lib	other
4b87d0	FUN_004b87d0	lib	other
4b8a30	FUN_004b8a30	lib	sqlite
4b8ae0	FUN_004b8ae0	lib	sqlite
4b8bf0	FUN_004b8bf0	lib	sqlite
4b8c10	FUN_004b8c10	lib	other
4b8c50	FUN_004b8c50	lib	audit
4b8cd0	FUN_004b8cd0	lib	other
4b8d00	FUN_004b8d00	lib	sqlite
4b8dd0	FUN_004b8dd0	lib	sqlite
4b8e80	FUN_004b8e80	lib	sqlite
4b8f40	FUN_004b8f40	lib	sqlite
4b9000	FUN_004b9000	lib	sqlite
4b92e0	FUN_004b92e0	lib	sqlite
4b9360	FUN_004b9360	lib	sqlite
4b9420	FUN_004b9420	lib	audit
4b9540	FUN_004b9540	lib	sqlite
4b9570	FUN_004b9570	lib	other
4b96b0	FUN_004b96b0	lib	sqlite
4b96f0	FUN_004b96f0	lib	sqlite
4b9790	FUN_004b9790	lib	sqlite
4b9870	FUN_004b9870	lib	other
4b9980	FUN_004b9980	lib	sqlite
4b9aa0	FUN_004b9aa0	lib	sqlite
4b9b30	FUN_004b9b30	lib	audit
4b9b90	FUN_004b9b90	lib	sqlite
4b9d20	FUN_004b9d20	lib	other
4b9db0	FUN_004b9db0	lib	sqlite
4b9ef0	FUN_004b9ef0	lib	sqlite
4b9f70	FUN_004b9f70	lib	sqlite
4ba040	FUN_004ba040	lib	audit
4ba070	FUN_004ba070	lib	audit
4ba0e0	FUN_004ba0e0	lib	audit
4ba400	FUN_004ba400	lib	sqlite
4ba4a0	FUN_004ba4a0	lib	audit
4ba620	FUN_004ba620	lib	audit
4ba730	FUN_004ba730	lib	other
4ba770	FUN_004ba770	lib	audit
4ba7d0	FUN_004ba7d0	lib	audit
4bac90	FUN_004bac90	lib	audit
4bada0	FUN_004bada0	lib	audit
4baf40	FUN_004baf40	lib	audit
4bb020	FUN_004bb020	lib	other
4bb0b0	FUN_004bb0b0	lib	other
4bb100	FUN_004bb100	lib	other
4bb1b0	FUN_004bb1b0	lib	other
4bb240	FUN_004bb240	lib	other
4bbe40	FUN_004bbe40	lib	other
4bc420	FUN_004bc420	lib	sqlite
4bc440	FUN_004bc440	lib	audit
4bc720	FUN_004bc720	lib	sqlite
4bc7b0	FUN_004bc7b0	lib	other
4bc920	FUN_004bc920	lib	audit
4bcb50	FUN_004bcb50	lib	other
4bcbc0	FUN_004bcbc0	lib	audit
4bcc60	FUN_004bcc60	lib	other
4bccb0	FUN_004bccb0	lib	other
4bcd60	FUN_004bcd60	lib	other
4bcd90	FUN_004bcd90	lib	sqlite
4bcdb0	FUN_004bcdb0	lib	other
4bce20	FUN_004bce20	lib	audit
4bcf20	FUN_004bcf20	lib	sqlite
4bd130	FUN_004bd130	lib	sqlite
4bd210	FUN_004bd210	lib	audit
4bd250	FUN_004bd250	lib	audit
4bd350	FUN_004bd350	lib	other
4bd420	FUN_004bd420	lib	other
4bd4e0	FUN_004bd4e0	lib	other
4bd520	FUN_004bd520	lib	other
4bd5d0	FUN_004bd5d0	lib	audit
4bd7c0	FUN_004bd7c0	lib	other
4bd8f0	FUN_004bd8f0	lib	sqlite
4bd9c0	FUN_004bd9c0	lib	sqlite
4bda20	FUN_004bda20	lib	other
4bdb20	FUN_004bdb20	lib	other
4bdb80	FUN_004bdb80	lib	other
4bdc10	FUN_004bdc10	lib	other
4bdc90	FUN_004bdc90	lib	other
4bdd50	FUN_004bdd50	lib	sqlite
4be390	FUN_004be390	lib	sqlite
4bebc0	FUN_004bebc0	lib	other
4bec40	FUN_004bec40	lib	sqlite
4bf360	FUN_004bf360	lib	sqlite
4bf420	FUN_004bf420	lib	sqlite
4bf4c0	FUN_004bf4c0	lib	sqlite
4bf5d0	FUN_004bf5d0	lib	sqlite
4bf650	FUN_004bf650	lib	other
4bf7b0	FUN_004bf7b0	lib	sqlite
4bf870	FUN_004bf870	lib	sqlite
4bf9a0	FUN_004bf9a0	lib	sqlite
4bfa40	FUN_004bfa40	lib	sqlite
4bfab0	FUN_004bfab0	lib	sqlite
4bfb50	FUN_004bfb50	lib	sqlite
4bfc30	FUN_004bfc30	lib	audit
4bfd90	FUN_004bfd90	lib	audit
4bfde0	FUN_004bfde0	lib	other
4bfed0	FUN_004bfed0	lib	other
4c01d0	FUN_004c01d0	lib	audit
4c0220	FUN_004c0220	lib	audit
4c0270	FUN_004c0270	lib	audit
4c05d0	FUN_004c05d0	lib	audit
4c0690	FUN_004c0690	lib	audit
4c0740	FUN_004c0740	lib	audit
4c0850	FUN_004c0850	lib	audit
4c0910	FUN_004c0910	lib	audit
4c0a00	FUN_004c0a00	lib	audit
4c0ae0	FUN_004c0ae0	lib	audit
4c0c00	FUN_004c0c00	lib	audit
4c0d40	FUN_004c0d40	lib	audit
4c10b0	FUN_004c10b0	lib	audit
4c12b0	FUN_004c12b0	lib	audit
4c1390	FUN_004c1390	lib	audit
4c1520	FUN_004c1520	lib	audit
4c15c0	FUN_004c15c0	lib	audit
4c1640	FUN_004c1640	lib	audit
4c1720	FUN_004c1720	lib	audit
4c1940	FUN_004c1940	lib	audit
4c1ad0	FUN_004c1ad0	lib	audit
4c1da0	FUN_004c1da0	lib	audit
4c1dd0	FUN_004c1dd0	lib	audit
4c1e80	FUN_004c1e80	lib	other
4c1f00	FUN_004c1f00	lib	other
4c2000	FUN_004c2000	lib	sqlite
4c2070	FUN_004c2070	lib	other
4c2110	FUN_004c2110	lib	other
4c2160	FUN_004c2160	lib	sqlite
4c2230	FUN_004c2230	lib	other
4c2320	FUN_004c2320	lib	other
4c23f0	FUN_004c23f0	lib	other
4c24b0	FUN_004c24b0	lib	other
4c24f0	FUN_004c24f0	lib	other
4c2810	FUN_004c2810	lib	other
4c28e0	FUN_004c28e0	lib	other
4c29b0	FUN_004c29b0	lib	other
4c29f0	FUN_004c29f0	lib	audit
4c2c10	FUN_004c2c10	lib	audit
4c2dc0	FUN_004c2dc0	lib	other
4c2df0	FUN_004c2df0	lib	other
4c2e90	FUN_004c2e90	lib	other
4c3410	FUN_004c3410	lib	sqlite
4c3460	FUN_004c3460	lib	sqlite
4c34a0	FUN_004c34a0	lib	sqlite
4c35e0	FUN_004c35e0	lib	sqlite
4c3670	FUN_004c3670	lib	sqlite
4c5a60	FUN_004c5a60	lib	audit
4c5b30	FUN_004c5b30	lib	other
4c5c10	FUN_004c5c10	lib	audit
4c5c60	FUN_004c5c60	lib	audit
4c5cfd	Catch_All@004c5cfd	lib	crtstl
4c5d10	ctor_1	game	WalkPathBehavior
4c5d50	ctor_0	game	WalkPathBehavior
4c5d90	FUN_004c5d90	lib	audit
4c5e00	vfunc_0	game	WalkPathBehavior
4c63e0	vfunc_1	game	WalkPathBehavior
4c6470	FUN_004c6470	lib	crtstl
4c64b0	FUN_004c64b0	lib	crtstl
4c64f0	FUN_004c64f0	lib	other
4c6540	FUN_004c6540	lib	audit
4c6560	FUN_004c6560	lib	audit
4c6580	FUN_004c6580	lib	crtstl
4c66ee	Catch_All@004c66ee	lib	crtstl
4c670e	FUN_004c670e	lib	crtstl
4c6770	FUN_004c6770	lib	crtstl
4c67a0	FUN_004c67a0	lib	audit
4c67e0	FUN_004c67e0	lib	audit
4c6820	FUN_004c6820	lib	audit
4c6860	FUN_004c6860	lib	audit
4c68e0	FUN_004c68e0	lib	audit
4c6af0	FUN_004c6af0	lib	audit
4c6d20	FUN_004c6d20	lib	audit
4c6f50	FUN_004c6f50	lib	audit
4c7180	FUN_004c7180	lib	audit
4c7380	FUN_004c7380	lib	audit
4c7527	Catch_All@004c7527	lib	crtstl
4c7570	FUN_004c7570	lib	audit
4c776f	Catch_All@004c776f	lib	crtstl
4c77c0	FUN_004c77c0	lib	audit
4c7994	Catch_All@004c7994	lib	crtstl
4c79b0	FUN_004c79b0	lib	audit
4c7a8a	Catch_All@004c7a8a	lib	crtstl
4c7ad0	FUN_004c7ad0	lib	audit
4c7c38	Catch_All@004c7c38	lib	crtstl
4c7c50	FUN_004c7c50	lib	audit
4c7dbd	Catch_All@004c7dbd	lib	crtstl
4c7de0	FUN_004c7de0	lib	audit
4c7f4d	Catch_All@004c7f4d	lib	crtstl
4c7f70	FUN_004c7f70	lib	crtstl
4c7fdd	Catch_All@004c7fdd	lib	crtstl
4c8020	FUN_004c8020	lib	crtstl
4c808c	Catch_All@004c808c	lib	crtstl
4c80d0	FUN_004c80d0	lib	crtstl
4c8120	FUN_004c8120	game	World
4c8130	FUN_004c8130	lib	audit
4c8150	FUN_004c8150	lib	crtstl
4c8170	FUN_004c8170	lib	crtstl
4c8190	ctor_2	lib	crtstl
4c8280	FUN_004c8280	lib	crtstl
4c82a0	FUN_004c82a0	lib	crtstl
4c833c	Catch_All@004c833c	lib	crtstl
4c8350	FUN_004c8350	lib	crtstl
4c83b0	FUN_004c83b0	lib	crtstl
4c83d0	FUN_004c83d0	lib	other
4c8420	FUN_004c8420	lib	crtstl
4c84b0	FUN_004c84b0	lib	crtstl
4c8510	FUN_004c8510	lib	crtstl
4c8530	FUN_004c8530	lib	crtstl
4c8570	ctor_1	game	World
4cd860	FUN_004cd860	lib	other
4cd890	FUN_004cd890	lib	other
4cd8c0	FUN_004cd8c0	lib	other
4cd8f0	FUN_004cd8f0	lib	other
4cd940	ctor_0	game	World
4cde20	FUN_004cde20	lib	audit
4cde40	FUN_004cde40	lib	crtstl
4cde60	FUN_004cde60	lib	audit
4cdef0	FUN_004cdef0	lib	audit
4ce000	FUN_004ce000	lib	audit
4ce0e0	FUN_004ce0e0	lib	audit
4ce1d0	FUN_004ce1d0	lib	other
4ce1f0	FUN_004ce1f0	lib	crtstl
4ce200	FUN_004ce200	lib	crtstl
4ce220	FUN_004ce220	lib	crtstl
4ce250	FUN_004ce250	lib	other
4ce270	FUN_004ce270	lib	crtstl
4ce290	FUN_004ce290	lib	crtstl
4ce2d0	FUN_004ce2d0	lib	crtstl
4ce310	FUN_004ce310	lib	crtstl
4ce350	FUN_004ce350	lib	audit
4ce380	FUN_004ce380	lib	audit
4ce3b0	FUN_004ce3b0	lib	audit
4ce3e0	ctor_4	lib	crtstl
4ce43b	vfunc_0	lib	crtstl
4ce450	vfunc_0	lib	crtstl
4ce480	ctor_6	lib	crtstl
4ce500	FUN_004ce500	lib	crtstl
4ce540	vfunc_0	game	World
4ce561	vfunc_1	lib	crtstl
4ce56d	vfunc_2	lib	crtstl
4ce580	FUN_004ce580	lib	crtstl
4ce5f0	FUN_004ce5f0	lib	audit
4ce620	FUN_004ce620	lib	audit
4ce660	FUN_004ce660	lib	audit
4ce6a0	FUN_004ce6a0	lib	audit
4ce6e0	FUN_004ce6e0	lib	crtstl
4ce720	FUN_004ce720	lib	audit
4ce780	FUN_004ce780	lib	audit
4ce7e0	FUN_004ce7e0	lib	crtstl
4ce8c7	Catch_All@004ce8c7	lib	crtstl
4ce8e0	FUN_004ce8e0	lib	crtstl
4ce990	FUN_004ce990	game	Speech
4ce9f0	FUN_004ce9f0	game	CombatBehavior
4cea80	FUN_004cea80	lib	crtstl
4cfcc0	FUN_004cfcc0	game	CombatBehavior
4cfd50	FUN_004cfd50	lib	crtstl
4d1860	FUN_004d1860	lib	other
4d18c0	FUN_004d18c0	lib	crtstl
4d1950	FUN_004d1950	gamemisc	game_misc
4d19f0	FUN_004d19f0	game	World
4d1a70	FUN_004d1a70	lib	crtstl
4d2190	FUN_004d2190	lib	crtstl
4d2340	FUN_004d2340	lib	crtstl
4d23f0	FUN_004d23f0	lib	crtstl
4d24a0	FUN_004d24a0	lib	crtstl
4d2500	FUN_004d2500	lib	crtstl
4d2810	FUN_004d2810	lib	crtstl
4d2ae0	FUN_004d2ae0	lib	crtstl
4d3de0	FUN_004d3de0	lib	crtstl
4d3df0	FUN_004d3df0	lib	crtstl
4d3e00	FUN_004d3e00	lib	crtstl
4d3e10	FUN_004d3e10	lib	audit
4d3ed0	FUN_004d3ed0	lib	audit
4d4180	FUN_004d4180	lib	audit
4d4430	FUN_004d4430	lib	crtstl
4d4470	FUN_004d4470	lib	crtstl
4d44c0	FUN_004d44c0	lib	crtstl
4d4820	FUN_004d4820	lib	crtstl
4d4c20	FUN_004d4c20	game	RandomInteractionBehavior
4d4d80	FUN_004d4d80	gamemisc	game_misc
4d4f60	FUN_004d4f60	lib	crtstl
4d4f90	FUN_004d4f90	lib	audit
4d5740	FUN_004d5740	lib	crtstl
4d5a80	FUN_004d5a80	gamemisc	game_misc
4d5c60	FUN_004d5c60	lib	crtstl
4d5c70	FUN_004d5c70	lib	crtstl
4d5c80	FUN_004d5c80	lib	crtstl
4d5d30	FUN_004d5d30	game	World
4d5f40	FUN_004d5f40	game	CombatBehavior
4d61c0	FUN_004d61c0	lib	crtstl
4d6350	vfunc_3	lib	crtstl
4d6520	vfunc_4	lib	crtstl
4d6580	FUN_004d6580	game	CombatBehavior
4d65d0	FUN_004d65d0	lib	other
4d6620	FUN_004d6620	lib	other
4d6670	FUN_004d6670	lib	crtstl
4d6730	FUN_004d6730	gamemisc	game_misc
4d7870	FUN_004d7870	game	World
4d78e0	FUN_004d78e0	lib	crtstl
4d7960	FUN_004d7960	lib	crtstl
4d79f0	FUN_004d79f0	lib	crtstl
4d7ae0	FUN_004d7ae0	lib	other
4d7c50	ctor_0	lib	crtstl
4d81b0	ctor_3	lib	crtstl
4d83a0	ctor_5	lib	crtstl
4d89a0	vfunc_10	lib	crtstl
4d8b70	vfunc_11	lib	crtstl
4d8c90	FUN_004d8c90	lib	crtstl
4d8dc0	FUN_004d8dc0	lib	crtstl
4d8de0	FUN_004d8de0	lib	crtstl
4d8e00	FUN_004d8e00	lib	crtstl
4d8e10	FUN_004d8e10	lib	other
4d8e30	FUN_004d8e30	lib	crtstl
4d8e60	FUN_004d8e60	gamemisc	game_misc
4d8f70	FUN_004d8f70	game	World
4d8f90	FUN_004d8f90	gamemisc	game_misc
4d9010	FUN_004d9010	lib	crtstl
4d9100	vfunc_6	lib	crtstl
4d9160	FUN_004d9160	lib	crtstl
4d9410	FUN_004d9410	lib	other
4d9720	FUN_004d9720	lib	crtstl
4d9960	FUN_004d9960	lib	other
4d99d0	FUN_004d99d0	lib	crtstl
4d9a10	FUN_004d9a10	lib	other
4d9aa8	Catch_All@004d9aa8	lib	crtstl
4d9ac0	FUN_004d9ac0	lib	audit
4d9b31	Catch_All@004d9b31	lib	crtstl
4d9b50	FUN_004d9b50	lib	other
4d9b70	FUN_004d9b70	lib	audit
4d9bb0	FUN_004d9bb0	lib	audit
4d9be0	FUN_004d9be0	lib	crtstl
4d9c60	FUN_004d9c60	lib	other
4d9cff	Catch_All@004d9cff	lib	crtstl
4d9d20	FUN_004d9d20	lib	other
4d9dbf	Catch_All@004d9dbf	lib	crtstl
4d9de0	FUN_004d9de0	lib	audit
4da010	FUN_004da010	lib	audit
4da210	FUN_004da210	lib	audit
4da44c	Catch_All@004da44c	lib	crtstl
4da4a0	FUN_004da4a0	lib	audit
4da611	Catch_All@004da611	lib	crtstl
4da680	FUN_004da680	lib	audit
4da75f	Catch_All@004da75f	lib	crtstl
4da790	FUN_004da790	lib	audit
4da906	Catch_All@004da906	lib	crtstl
4da930	FUN_004da930	lib	audit
4da990	FUN_004da990	lib	crtstl
4da9c0	FUN_004da9c0	lib	audit
4da9f0	FUN_004da9f0	lib	crtstl
4daa80	FUN_004daa80	lib	audit
4dab0f	Catch_All@004dab0f	lib	crtstl
4dab30	FUN_004dab30	lib	crtstl
4dab60	FUN_004dab60	gamemisc	game_misc
4dab90	FUN_004dab90	lib	crtstl
4daca0	FUN_004daca0	lib	audit
4dad80	FUN_004dad80	lib	audit
4dade0	FUN_004dade0	lib	crtstl
4dae20	FUN_004dae20	lib	audit
4dae90	FUN_004dae90	lib	audit
4daed0	FUN_004daed0	lib	audit
4daf10	FUN_004daf10	lib	crtstl
4daf50	FUN_004daf50	lib	audit
4dafe0	FUN_004dafe0	gamemisc	game_misc
4db1b0	FUN_004db1b0	lib	crtstl
4db200	FUN_004db200	lib	crtstl
4dcff0	FUN_004dcff0	gamemisc	game_misc
4dd090	FUN_004dd090	gamemisc	game_misc
4dd0f0	FUN_004dd0f0	gamemisc	game_misc
4dd1a0	FUN_004dd1a0	gamemisc	game_misc
4dd2e0	FUN_004dd2e0	gamemisc	game_misc
4dde00	FUN_004dde00	lib	crtstl
4dde90	FUN_004dde90	gamemisc	game_misc
4e0700	FUN_004e0700	lib	crtstl
4e0740	FUN_004e0740	lib	crtstl
4e0f40	ctor_1	game	Spawn
4e10c0	ctor_0	game	Spawn
4e11d0	vfunc_0	game	Spawn
4e1200	FUN_004e1200	lib	crtstl
4e1230	FUN_004e1230	lib	crtstl
4e1280	FUN_004e1280	lib	crtstl
4e1350	Catch_All@004e1350	lib	crtstl
4e1370	FUN_004e1370	lib	crtstl
4e1420	FUN_004e1420	lib	crtstl
4e14e0	FUN_004e14e0	lib	crtstl
4e1520	FUN_004e1520	lib	crtstl
4e1560	FUN_004e1560	lib	other
4e15f0	FUN_004e15f0	lib	other
4e16f0	FUN_004e16f0	lib	other
4e17c0	FUN_004e17c0	lib	other
4e1870	FUN_004e1870	lib	other
4e1910	FUN_004e1910	lib	crtstl
4e1950	FUN_004e1950	lib	other
4e19f0	FUN_004e19f0	lib	other
4e1ae0	FUN_004e1ae0	lib	other
4e1b40	FUN_004e1b40	lib	other
4e1d70	FUN_004e1d70	lib	crtstl
4e1db0	FUN_004e1db0	lib	crtstl
4e1e00	FUN_004e1e00	lib	crtstl
4e1e50	FUN_004e1e50	gamemisc	game_misc
4e1e90	FUN_004e1e90	lib	crtstl
4e1eb0	FUN_004e1eb0	lib	crtstl
4e1ed0	FUN_004e1ed0	lib	crtstl
4e1f6c	Catch_All@004e1f6c	lib	crtstl
4e1f80	ctor_0	game	House
4e20d0	FUN_004e20d0	lib	crtstl
4e2110	FUN_004e2110	lib	crtstl
4e2190	FUN_004e2190	lib	crtstl
4e2250	ctor_1	game	House
4e2320	FUN_004e2320	lib	crtstl
4e2330	FUN_004e2330	lib	crtstl
4e2350	FUN_004e2350	lib	crtstl
4e2360	FUN_004e2360	lib	crtstl
4e2380	vfunc_0	game	House
4e23b0	FUN_004e23b0	lib	crtstl
4e2400	FUN_004e2400	lib	crtstl
4e24e4	Catch_All@004e24e4	lib	crtstl
4e2500	FUN_004e2500	lib	crtstl
4e25bc	Catch_All@004e25bc	lib	crtstl
4e25e0	FUN_004e25e0	game	World
4e269d	Catch_All@004e269d	lib	crtstl
4e26c0	FUN_004e26c0	lib	crtstl
4e2730	FUN_004e2730	lib	crtstl
4e27b0	FUN_004e27b0	lib	crtstl
4e2830	FUN_004e2830	lib	crtstl
4e2840	FUN_004e2840	lib	crtstl
4e28d0	FUN_004e28d0	lib	crtstl
4e28e0	FUN_004e28e0	lib	crtstl
4f2be0	FUN_004f2be0	lib	audit
4f2c50	FUN_004f2c50	lib	crtstl
4f2cd0	FUN_004f2cd0	lib	crtstl
4f2ee0	FUN_004f2ee0	lib	crtstl
4f3490	FUN_004f3490	lib	crtstl
4f3630	FUN_004f3630	lib	crtstl
4f36f0	FUN_004f36f0	lib	crtstl
4f3803	Catch_All@004f3803	lib	crtstl
4f3820	FUN_004f3820	lib	crtstl
4f3840	FUN_004f3840	lib	crtstl
4f3850	FUN_004f3850	lib	crtstl
4f3880	FUN_004f3880	lib	crtstl
4f38a0	FUN_004f38a0	gamemisc	game_misc
4f3940	FUN_004f3940	lib	other
4f39e0	FUN_004f39e0	gamemisc	game_misc
4f3a80	FUN_004f3a80	lib	other
4f3b20	FUN_004f3b20	lib	crtstl
4f3b60	FUN_004f3b60	lib	crtstl
4f3ba0	FUN_004f3ba0	lib	crtstl
4f3bf0	FUN_004f3bf0	lib	other
4f3c60	FUN_004f3c60	lib	crtstl
4f3e70	FUN_004f3e70	lib	audit
4f4080	FUN_004f4080	lib	crtstl
4f427f	Catch_All@004f427f	lib	crtstl
4f42d0	FUN_004f42d0	lib	crtstl
4f4505	Catch_All@004f4505	lib	crtstl
4f4560	FUN_004f4560	lib	crtstl
4f469e	Catch_All@004f469e	lib	crtstl
4f46c0	FUN_004f46c0	lib	crtstl
4f483e	Catch_All@004f483e	lib	crtstl
4f4860	FUN_004f4860	gamemisc	game_misc
4f4940	FUN_004f4940	lib	other
4f49d0	FUN_004f49d0	gamemisc	game_misc
4f4ab0	FUN_004f4ab0	lib	other
4f4b50	FUN_004f4b50	gamemisc	game_misc
4f4cb0	FUN_004f4cb0	lib	other
4f4dd0	FUN_004f4dd0	gamemisc	game_misc
4f4f30	FUN_004f4f30	lib	other
4f5050	FUN_004f5050	lib	other
4f50e0	FUN_004f50e0	lib	other
4f5170	FUN_004f5170	gamemisc	game_misc
4f5500	FUN_004f5500	lib	other
4f55b0	FUN_004f55b0	gamemisc	game_misc
4f5940	FUN_004f5940	lib	other
4f59f0	FUN_004f59f0	lib	crtstl
4f5ac0	FUN_004f5ac0	gamemisc	game_misc
4f5b40	FUN_004f5b40	lib	other
4f5bc0	FUN_004f5bc0	gamemisc	game_misc
4f5c40	FUN_004f5c40	lib	other
4f5cc0	FUN_004f5cc0	game	World
4f5e00	FUN_004f5e00	lib	other
4f5f40	FUN_004f5f40	game	World
4f6080	FUN_004f6080	lib	other
4f61c0	FUN_004f61c0	game	World
4f6280	FUN_004f6280	lib	other
4f6330	FUN_004f6330	game	World
4f63f0	FUN_004f63f0	lib	other
4f64a0	FUN_004f64a0	game	World
4f67f0	FUN_004f67f0	lib	other
4f6a60	FUN_004f6a60	game	World
4f6db0	FUN_004f6db0	lib	other
4f70f0	FUN_004f70f0	lib	crtstl
4f7130	FUN_004f7130	lib	crtstl
4f71a6	Catch_All@004f71a6	lib	crtstl
4f71e0	FUN_004f71e0	gamemisc	game_misc
4f7230	FUN_004f7230	lib	crtstl
4f7270	FUN_004f7270	lib	crtstl
4f72d0	FUN_004f72d0	lib	crtstl
4f72f0	FUN_004f72f0	lib	crtstl
4f7310	FUN_004f7310	lib	crtstl
4f7330	FUN_004f7330	lib	crtstl
4f7350	FUN_004f7350	lib	crtstl
4f7370	ctor_0	game	Dungeon
4f7400	FUN_004f7400	lib	crtstl
4f7490	FUN_004f7490	lib	crtstl
4f7540	FUN_004f7540	lib	crtstl
4f7570	ctor_0	game	Region
4f7620	FUN_004f7620	lib	crtstl
4f7660	FUN_004f7660	game	Region
4f7710	FUN_004f7710	lib	other
4f7740	FUN_004f7740	lib	other
4f7790	ctor_1	game	Dungeon
4f77a0	FUN_004f77a0	lib	other
4f77f0	ctor_1	game	Region
4f7890	FUN_004f7890	lib	crtstl
4f7910	FUN_004f7910	lib	crtstl
4f79b0	FUN_004f79b0	lib	crtstl
4f79d0	FUN_004f79d0	lib	crtstl
4f79f0	FUN_004f79f0	lib	crtstl
4f7a30	FUN_004f7a30	lib	crtstl
4f7a70	FUN_004f7a70	lib	crtstl
4f7ab0	FUN_004f7ab0	lib	crtstl
4f7b00	vfunc_0	game	Dungeon
4f7b30	vfunc_0	game	Region
4f7b60	FUN_004f7b60	lib	audit
4f7ba0	FUN_004f7ba0	lib	audit
4f7be0	FUN_004f7be0	lib	audit
4f7c20	FUN_004f7c20	lib	audit
4f7c60	FUN_004f7c60	lib	audit
4f7ca0	FUN_004f7ca0	lib	crtstl
4f7d00	FUN_004f7d00	lib	crtstl
4f7dd4	Catch_All@004f7dd4	lib	crtstl
4f7df0	FUN_004f7df0	lib	crtstl
4f7ed1	Catch_All@004f7ed1	lib	crtstl
4f7ef0	FUN_004f7ef0	game	World
4f7fbf	Catch_All@004f7fbf	lib	crtstl
4f7fe0	FUN_004f7fe0	lib	crtstl
4f80af	Catch_All@004f80af	lib	crtstl
4f80d0	FUN_004f80d0	lib	crtstl
4f8180	FUN_004f8180	lib	crtstl
4f8230	FUN_004f8230	gamemisc	game_misc
4f82d0	FUN_004f82d0	lib	crtstl
4f84a0	FUN_004f84a0	lib	crtstl
4f8520	FUN_004f8520	lib	audit
4f8570	FUN_004f8570	game	World
4f8b40	FUN_004f8b40	game	World
4f9010	FUN_004f9010	lib	crtstl
4f9450	FUN_004f9450	lib	crtstl
4f9b70	FUN_004f9b70	game	World
4fae90	FUN_004fae90	lib	crtstl
4fb480	FUN_004fb480	lib	crtstl
4fc060	FUN_004fc060	lib	audit
4fc100	FUN_004fc100	lib	crtstl
4fc140	FUN_004fc140	lib	crtstl
4fc180	FUN_004fc180	lib	crtstl
4fd920	FUN_004fd920	lib	crtstl
4fdd80	FUN_004fdd80	lib	crtstl
4fde90	FUN_004fde90	lib	crtstl
4febd0	FUN_004febd0	gamemisc	game_misc
4feec0	FUN_004feec0	lib	crtstl
4ff1a0	FUN_004ff1a0	lib	crtstl
4ff340	FUN_004ff340	lib	crtstl
4ff3f0	FUN_004ff3f0	lib	crtstl
4ffbf0	FUN_004ffbf0	lib	crtstl
500300	FUN_00500300	lib	crtstl
509e40	FUN_00509e40	lib	crtstl
50b870	FUN_0050b870	game	World
50bd60	FUN_0050bd60	lib	crtstl
50c550	FUN_0050c550	lib	crtstl
50d260	FUN_0050d260	lib	crtstl
50d8d0	FUN_0050d8d0	lib	crtstl
50e080	ctor_1	game	World
5104e0	FUN_005104e0	lib	crtstl
513400	FUN_00513400	lib	crtstl
513760	FUN_00513760	lib	crtstl
518630	FUN_00518630	lib	crtstl
521ed0	FUN_00521ed0	lib	crtstl
522290	FUN_00522290	game	World
522320	FUN_00522320	lib	crtstl
522580	FUN_00522580	lib	crtstl
522820	FUN_00522820	lib	crtstl
522840	FUN_00522840	gamemisc	game_misc
522cc0	FUN_00522cc0	game	World
522d80	FUN_00522d80	game	World
522e20	FUN_00522e20	gamemisc	game_misc
523380	FUN_00523380	gamemisc	game_misc
5234b0	FUN_005234b0	lib	crtstl
5236d0	FUN_005236d0	lib	crtstl
523b90	FUN_00523b90	lib	crtstl
523d80	FUN_00523d80	lib	crtstl
524500	FUN_00524500	lib	crtstl
524540	FUN_00524540	lib	crtstl
5283b0	FUN_005283b0	lib	crtstl
528400	FUN_00528400	lib	crtstl
528450	FUN_00528450	lib	crtstl
5284a0	FUN_005284a0	lib	crtstl
528530	FUN_00528530	lib	crtstl
5285c0	FUN_005285c0	lib	crtstl
5286a0	FUN_005286a0	game	World
528730	FUN_00528730	lib	crtstl
5287b0	FUN_005287b0	lib	crtstl
528bf0	FUN_00528bf0	lib	crtstl
5290d0	FUN_005290d0	lib	crtstl
52a760	FUN_0052a760	lib	crtstl
52a830	FUN_0052a830	lib	crtstl
52ae10	FUN_0052ae10	lib	crtstl
52b1c0	FUN_0052b1c0	lib	crtstl
52b230	FUN_0052b230	lib	crtstl
52b3f0	FUN_0052b3f0	lib	crtstl
52b470	FUN_0052b470	lib	crtstl
52bf40	FUN_0052bf40	lib	crtstl
52bfa0	FUN_0052bfa0	lib	crtstl
52c160	FUN_0052c160	lib	crtstl
52c370	FUN_0052c370	lib	crtstl
52c4e0	FUN_0052c4e0	lib	crtstl
52c820	FUN_0052c820	game	World
52cd50	FUN_0052cd50	game	World
52d030	FUN_0052d030	lib	crtstl
52d5d0	FUN_0052d5d0	lib	crtstl
52d820	FUN_0052d820	lib	crtstl
52d840	FUN_0052d840	lib	crtstl
52d860	FUN_0052d860	lib	crtstl
52d870	FUN_0052d870	lib	crtstl
52d990	FUN_0052d990	game	World
52db90	FUN_0052db90	lib	crtstl
52dde0	FUN_0052dde0	lib	crtstl
52de60	FUN_0052de60	lib	crtstl
52dee0	FUN_0052dee0	game	World
52df20	FUN_0052df20	lib	crtstl
52df40	FUN_0052df40	lib	crtstl
52df80	FUN_0052df80	lib	audit
52dfb0	FUN_0052dfb0	lib	audit
52dfd0	FUN_0052dfd0	lib	crtstl
52e02c	Catch_All@0052e02c	lib	crtstl
52e040	FUN_0052e040	lib	crtstl
52e0c0	FUN_0052e0c0	lib	crtstl
52e120	FUN_0052e120	lib	other
52e1bf	Catch_All@0052e1bf	lib	crtstl
52e1e0	FUN_0052e1e0	lib	crtstl
52e250	FUN_0052e250	lib	crtstl
52e450	FUN_0052e450	lib	crtstl
52e567	Catch_All@0052e567	lib	crtstl
52e590	FUN_0052e590	lib	crtstl
52e617	Catch_All@0052e617	lib	crtstl
52e660	FUN_0052e660	lib	crtstl
52e6b0	FUN_0052e6b0	lib	other
52e710	FUN_0052e710	lib	crtstl
52e7c0	FUN_0052e7c0	lib	crtstl
52e890	FUN_0052e890	lib	crtstl
52e906	Catch_All@0052e906	lib	crtstl
52e930	FUN_0052e930	lib	crtstl
52e950	FUN_0052e950	lib	crtstl
52e9e0	FUN_0052e9e0	lib	crtstl
52ea70	FUN_0052ea70	lib	crtstl
52eb79	Catch_All@0052eb79	lib	crtstl
52eb90	FUN_0052eb90	lib	crtstl
52eba0	FUN_0052eba0	lib	crtstl
52ebb0	FUN_0052ebb0	lib	crtstl
52ebf0	FUN_0052ebf0	lib	crtstl
52ec10	FUN_0052ec10	lib	crtstl
52ec30	FUN_0052ec30	lib	crtstl
52ec80	FUN_0052ec80	lib	crtstl
52ecc0	FUN_0052ecc0	lib	crtstl
52ed30	FUN_0052ed30	lib	audit
52ed60	FUN_0052ed60	lib	audit
52eda0	FUN_0052eda0	lib	other
52ee5c	Catch_All@0052ee5c	lib	crtstl
52ee80	FUN_0052ee80	lib	other
52ef00	FUN_0052ef00	gamemisc	game_misc
530470	FUN_00530470	lib	crtstl
530540	FUN_00530540	lib	crtstl
530550	FUN_00530550	game	World
530560	FUN_00530560	lib	crtstl
5305b0	FUN_005305b0	lib	crtstl
530600	FUN_00530600	lib	audit
530680	FUN_00530680	lib	crtstl
530690	FUN_00530690	lib	crtstl
5306c0	FUN_005306c0	lib	crtstl
5306d0	FUN_005306d0	lib	crtstl
5307f0	FUN_005307f0	lib	crtstl
530840	FUN_00530840	lib	other
5308b0	FUN_005308b0	lib	crtstl
5322d0	FUN_005322d0	lib	crtstl
548b00	FUN_00548b00	lib	crtstl
548b20	FUN_00548b20	lib	crtstl
548b40	FUN_00548b40	lib	other
548b60	ctor_0	game	Zone
548db0	FUN_00548db0	lib	other
548e00	ctor_1	game	Zone
549170	vfunc_0	game	Field
5491d0	vfunc_0	game	Zone
549200	FUN_00549200	lib	crtstl
54928d	Catch_All@0054928d	lib	crtstl
5492ad	FUN_005492ad	lib	crtstl
549300	FUN_00549300	lib	crtstl
549330	ctor_1	lib	crtstl
549440	ctor_2	lib	crtstl
549550	FUN_00549550	lib	crtstl
549b20	vfunc_5	lib	crtstl
549b50	vfunc_2	lib	crtstl
549b90	vfunc_2	lib	crtstl
549ba0	vfunc_0	lib	crtstl
549be0	vfunc_0	lib	crtstl
549c30	vfunc_3	lib	crtstl
549c40	vfunc_3	lib	crtstl
549c50	ctor_0	lib	crtstl
54a512	inflate	lib	crtstl
54a518	inflateEnd	lib	crtstl
54a51e	compress	lib	crtstl
54a524	inflateInit_	lib	crtstl
54a52a	Ordinal_16	lib	crtstl
54a530	Ordinal_19	lib	crtstl
54a536	Ordinal_1	lib	crtstl
54a53c	Ordinal_2	lib	crtstl
54a542	Ordinal_3	lib	crtstl
54a548	Ordinal_9	lib	crtstl
54a54e	Ordinal_13	lib	crtstl
54a554	Ordinal_23	lib	crtstl
54a55a	Ordinal_115	lib	crtstl
54a560	Ordinal_116	lib	crtstl
54a56c	Sleep	lib	crtstl
54a572	DeleteFileA	lib	crtstl
54a578	AreFileApisANSI	lib	crtstl
54a57e	GetSystemTime	lib	crtstl
54a584	LocalFree	lib	crtstl
54a58a	GetTempPathA	lib	crtstl
54a590	GetCurrentProcessId	lib	crtstl
54a596	DeleteFileW	lib	crtstl
54a59c	CloseHandle	lib	crtstl
54a5a2	GetVersionExA	lib	crtstl
54a5ae	GetFileAttributesExW	lib	crtstl
54a5b4	GetSystemInfo	lib	crtstl
54a5c0	CreateFileMappingW	lib	crtstl
54a5cc	LoadLibraryA	lib	crtstl
54a5d8	LockFileEx	lib	crtstl
54a5e4	GetProcAddress	lib	crtstl
54a5ea	GetLastError	lib	crtstl
54a5f0	GetTempPathW	lib	crtstl
54a5f6	FlushFileBuffers	lib	crtstl
54a5fc	MultiByteToWideChar	lib	crtstl
54a602	CreateFileW	lib	crtstl
54a608	ReadFile	lib	crtstl
54a60e	GetFileAttributesW	lib	crtstl
54a620	GetFileAttributesA	lib	crtstl
54a62c	FormatMessageW	lib	crtstl
54a632	LoadLibraryW	lib	crtstl
54a638	WideCharToMultiByte	lib	crtstl
54a63e	WriteFile	lib	crtstl
54a644	FormatMessageA	lib	crtstl
54a64a	GetSystemTimeAsFileTime	lib	crtstl
54a656	UnlockFileEx	lib	crtstl
54a65c	GetTickCount	lib	crtstl
54a668	LockFile	lib	crtstl
54a66e	UnlockFile	lib	crtstl
54a67a	QueryPerformanceCounter	lib	crtstl
54a68c	FreeLibrary	lib	crtstl
54a692	SetEndOfFile	lib	crtstl
54a698	UnmapViewOfFile	lib	crtstl
54a69e	MapViewOfFile	lib	crtstl
54a6a4	SetFilePointer	lib	crtstl
54a6b0	GetFileSize	lib	crtstl
54a6b6	CreateFileA	lib	crtstl
54a6c2	GetFullPathNameA	lib	crtstl
54a6c8	GetFullPathNameW	lib	crtstl
54a6ce	FUN_0054a6ce	lib	audit
54a6d7	FUN_0054a6d7	lib	other
54a6ec	FUN_0054a6ec	lib	other
54a710	Facet_Register	lib	crtstl
54a738	_Lock	lib	crtstl
54a73e	_Unlock	lib	crtstl
54a744	imbue	lib	crtstl
54a74a	setbuf	lib	crtstl
54a750	showmanyc	lib	crtstl
54a756	sync	lib	crtstl
54a75c	uflow	lib	crtstl
54a762	xsgetn	lib	crtstl
54a768	xsputn	lib	crtstl
54a76e	_Add_vtordisp1	lib	crtstl
54a774	_Add_vtordisp2	lib	crtstl
54a77a	showmanyc	lib	crtstl
54a780	xsgetn	lib	crtstl
54a786	xsputn	lib	crtstl
54a78c	_Lock	lib	crtstl
54a792	_Unlock	lib	crtstl
54a798	imbue	lib	crtstl
54a79e	setbuf	lib	crtstl
54a7a4	sync	lib	crtstl
54a7aa	uflow	lib	crtstl
54a7b0	purecall	lib	crtstl
54a7b6	operator_new	lib	crtstl
54a7bc	operator_delete	lib	crtstl
54a7fe	__onexit	lib	crtstl
54a89a	FUN_0054a89a	lib	crtstl
54a8a3	_atexit	lib	crtstl
54a8b8	__security_check_cookie	lib	crtstl
54a8c8	_CxxThrowException	lib	crtstl
54a8e0	__alloca_probe	lib	crtstl
54a910	FUN_0054a910	game	World
54a946	FUN_0054a946	lib	audit
54a9bc	libm_sse2_asin_precise	lib	crtstl
54a9c2	libm_sse2_cos_precise	lib	crtstl
54a9c8	libm_sse2_sin_precise	lib	crtstl
54a9ce	libm_sse2_sqrt_precise	lib	crtstl
54a9d4	memcpy	lib	crtstl
54a9da	FID_conflict:`vector_deleting_destructor'	lib	crtstl
54aa30	__alldiv	lib	crtstl
54aae0	__allmul	lib	crtstl
54ab14	libm_sse2_pow_precise	lib	crtstl
54ab1a	memset	lib	crtstl
54ab20	setjmp3	lib	crtstl
54ab26	___raise_securityfailure	lib	crtstl
54ab63	___report_gsfailure	lib	crtstl
54ac5c	___report_rangecheckfailure	lib	crtstl
54ac68	___report_securityfailure	lib	crtstl
54ad3c	operator_delete[]	lib	crtstl
54ad4e	`eh_vector_constructor_iterator'	gamemisc	game_misc
54ada6	FUN_0054ada6	lib	audit
54adb6	`eh_vector_destructor_iterator'	gamemisc	game_misc
54ae15	FUN_0054ae15	lib	audit
54ae25	__ArrayUnwind	lib	crtstl
54ae90	__alldvrm	lib	crtstl
54af70	__allrem	lib	crtstl
54b030	__allshl	lib	crtstl
54b050	__aulldiv	lib	crtstl
54b0c0	__aulldvrm	lib	crtstl
54b160	__aullrem	lib	crtstl
54b1d6	libm_sse2_acos_precise	lib	crtstl
54b1dc	libm_sse2_exp_precise	lib	crtstl
54b2e6	___tmainCRTStartup	lib	crtstl
54b44b	entry	lib	other
54b456	_lock	lib	crtstl
54b45c	_unlock	lib	crtstl
54b462	__dllonexit	lib	crtstl
54b470	__SEH_prolog4	lib	crtstl
54b4b5	__SEH_epilog4	lib	crtstl
54b4c9	FUN_0054b4c9	lib	other
54b4ec	___isa_available_init	lib	crtstl
54b626	~type_info	lib	crtstl
54b62c	_crt_debugger_hook	lib	crtstl
54b632	__crtUnhandledException	lib	crtstl
54b638	__crtTerminateProcess	lib	crtstl
54b63e	terminate	lib	crtstl
54b644	FUN_0054b644	lib	other
54b694	_XcptFilter	lib	crtstl
54b69a	_amsg_exit	lib	crtstl
54b6a0	FUN_0054b6a0	lib	other
54b6b0	__FindPESection	lib	crtstl
54b700	__IsNonwritableInCurrentImage	lib	crtstl
54b7c0	__ValidateImageBase	lib	crtstl
54b7f1	___security_init_cookie	lib	crtstl
54b88b	FUN_0054b88b	lib	other
54b8ab	FUN_0054b8ab	lib	other
54b8cb	FUN_0054b8cb	lib	other
54b8f2	initterm_e	lib	crtstl
54b8f8	initterm	lib	crtstl
54b8fe	except_handler4_common	lib	crtstl
54b904	__crtSetUnhandledExceptionFilter	lib	crtstl
54b90a	_invoke_watson	lib	crtstl
54b910	_controlfp_s	lib	crtstl
54b916	IsProcessorFeaturePresent	lib	crtstl
54b980	Unwind@0054b980	lib	other
54b98b	Unwind@0054b98b	lib	other
54b996	Unwind@0054b996	lib	other
54b9a1	Unwind@0054b9a1	lib	other
54b9e0	Unwind@0054b9e0	lib	other
54b9ee	Unwind@0054b9ee	lib	other
54b9fc	Unwind@0054b9fc	lib	other
54ba0a	Unwind@0054ba0a	lib	other
54ba18	Unwind@0054ba18	lib	other
54ba26	Unwind@0054ba26	lib	other
54ba34	Unwind@0054ba34	lib	other
54ba42	Unwind@0054ba42	lib	other
54ba50	Unwind@0054ba50	lib	other
54ba5e	Unwind@0054ba5e	lib	other
54ba6c	Unwind@0054ba6c	lib	other
54ba7a	Unwind@0054ba7a	lib	other
54ba88	Unwind@0054ba88	lib	other
54ba96	Unwind@0054ba96	lib	other
54baa4	Unwind@0054baa4	lib	other
54bab2	Unwind@0054bab2	lib	other
54bae0	Unwind@0054bae0	lib	other
54bb10	Unwind@0054bb10	lib	other
54bb18	Unwind@0054bb18	lib	other
54bb40	Unwind@0054bb40	lib	other
54bb70	Unwind@0054bb70	lib	other
54bb7b	Unwind@0054bb7b	lib	other
54bbc0	Unwind@0054bbc0	lib	other
54bc10	Unwind@0054bc10	lib	other
54bc80	Unwind@0054bc80	lib	other
54bc8b	Unwind@0054bc8b	lib	other
54bc96	Unwind@0054bc96	lib	other
54bca1	Unwind@0054bca1	lib	other
54bcd0	Unwind@0054bcd0	lib	other
54bd00	Unwind@0054bd00	lib	other
54bd0b	Unwind@0054bd0b	lib	other
54bd16	Unwind@0054bd16	lib	other
54bd21	Unwind@0054bd21	lib	other
54bd2c	Unwind@0054bd2c	lib	other
54bd60	Unwind@0054bd60	lib	other
54bd90	Unwind@0054bd90	lib	other
54bd98	Unwind@0054bd98	lib	other
54bda3	Unwind@0054bda3	lib	other
54bdab	Unwind@0054bdab	lib	other
54bdb6	Unwind@0054bdb6	lib	other
54bdc1	Unwind@0054bdc1	lib	other
54bdcc	Unwind@0054bdcc	lib	other
54bdd4	Unwind@0054bdd4	lib	other
54bddf	Unwind@0054bddf	lib	other
54bdea	Unwind@0054bdea	lib	other
54be40	Unwind@0054be40	lib	other
54be80	Unwind@0054be80	lib	other
54beb0	Unwind@0054beb0	lib	other
54bee0	Unwind@0054bee0	lib	other
54c010	Unwind@0054c010	lib	other
54c01b	Unwind@0054c01b	lib	other
54c090	Unwind@0054c090	lib	other
54c0c0	Unwind@0054c0c0	lib	other
54c0f0	Unwind@0054c0f0	lib	other
54c3c0	Unwind@0054c3c0	lib	other
54c3f0	Unwind@0054c3f0	lib	other
54c420	Unwind@0054c420	lib	other
54c450	Unwind@0054c450	lib	other
54c480	Unwind@0054c480	lib	other
54c4b0	Unwind@0054c4b0	lib	other
54c4e0	Unwind@0054c4e0	lib	other
54c510	Unwind@0054c510	lib	other
54c540	Unwind@0054c540	lib	other
54c570	Unwind@0054c570	lib	other
54c5a0	Unwind@0054c5a0	lib	other
54c5d0	Unwind@0054c5d0	lib	other
54c600	Unwind@0054c600	lib	other
54c630	Unwind@0054c630	lib	other
54c660	Unwind@0054c660	lib	other
54c690	Unwind@0054c690	lib	other
54c69b	Unwind@0054c69b	lib	other
54c6a9	Unwind@0054c6a9	lib	other
54c6e0	Unwind@0054c6e0	lib	other
54c6eb	Unwind@0054c6eb	lib	other
54c6f6	Unwind@0054c6f6	lib	other
54c701	Unwind@0054c701	lib	other
54c70c	Unwind@0054c70c	lib	other
54c740	Unwind@0054c740	lib	other
54c748	Unwind@0054c748	lib	other
54c753	Unwind@0054c753	lib	other
54c75e	Unwind@0054c75e	lib	other
54c769	Unwind@0054c769	lib	other
54c774	Unwind@0054c774	lib	other
54c77f	Unwind@0054c77f	lib	other
54c78a	Unwind@0054c78a	lib	other
54c795	Unwind@0054c795	lib	other
54c7a0	Unwind@0054c7a0	lib	other
54c7ab	Unwind@0054c7ab	lib	other
54c7b6	Unwind@0054c7b6	lib	other
54c7e0	Unwind@0054c7e0	lib	other
54c7eb	Unwind@0054c7eb	lib	other
54c7f6	Unwind@0054c7f6	lib	other
54c801	Unwind@0054c801	lib	other
54c80c	Unwind@0054c80c	lib	other
54c840	Unwind@0054c840	lib	other
54c84b	Unwind@0054c84b	lib	other
54c856	Unwind@0054c856	lib	other
54c861	Unwind@0054c861	lib	other
54c86c	Unwind@0054c86c	lib	other
54c877	Unwind@0054c877	lib	other
54c882	Unwind@0054c882	lib	other
54c88a	Unwind@0054c88a	lib	other
54c8c0	Unwind@0054c8c0	lib	other
54c8ce	Unwind@0054c8ce	lib	other
54c8dc	Unwind@0054c8dc	lib	other
54c8ea	Unwind@0054c8ea	lib	other
54c8f2	Unwind@0054c8f2	lib	other
54c8fa	Unwind@0054c8fa	lib	other
54c902	Unwind@0054c902	lib	other
54c940	Unwind@0054c940	lib	other
54c94b	Unwind@0054c94b	lib	other
54c953	Unwind@0054c953	lib	other
54c9b0	Unwind@0054c9b0	lib	other
54c9bb	Unwind@0054c9bb	lib	other
54c9c6	Unwind@0054c9c6	lib	other
54c9d1	Unwind@0054c9d1	lib	other
54ca10	Unwind@0054ca10	lib	other
54ca18	Unwind@0054ca18	lib	other
54ca50	Unwind@0054ca50	lib	other
54ca58	Unwind@0054ca58	lib	other
54ca60	Unwind@0054ca60	lib	other
54ca90	Unwind@0054ca90	lib	other
54caa1	Unwind@0054caa1	lib	other
54cad0	Unwind@0054cad0	lib	other
54cb00	Unwind@0054cb00	lib	other
54cb11	Unwind@0054cb11	lib	other
54cb19	Unwind@0054cb19	lib	other
54cb40	Unwind@0054cb40	lib	other
54cb51	Unwind@0054cb51	lib	other
54cba0	Unwind@0054cba0	lib	other
54cd30	Unwind@0054cd30	lib	other
54cd60	Unwind@0054cd60	lib	other
54cd90	Unwind@0054cd90	lib	other
54cdc0	Unwind@0054cdc0	lib	other
54cdf0	Unwind@0054cdf0	lib	other
54cdfe	Unwind@0054cdfe	lib	other
54ce0c	Unwind@0054ce0c	lib	other
54ce1a	Unwind@0054ce1a	lib	other
54ce28	Unwind@0054ce28	lib	other
54ce36	Unwind@0054ce36	lib	other
54ce44	Unwind@0054ce44	lib	other
54ce52	Unwind@0054ce52	lib	other
54ce60	Unwind@0054ce60	lib	other
54ce6e	Unwind@0054ce6e	lib	other
54ce7c	Unwind@0054ce7c	lib	other
54ce87	Unwind@0054ce87	lib	other
54ce92	Unwind@0054ce92	lib	other
54ce9a	Unwind@0054ce9a	lib	other
54cea5	Unwind@0054cea5	lib	other
54cead	Unwind@0054cead	lib	other
54ceb5	Unwind@0054ceb5	lib	other
54cebd	Unwind@0054cebd	lib	other
54cec8	Unwind@0054cec8	lib	other
54ced3	Unwind@0054ced3	lib	other
54cedb	Unwind@0054cedb	lib	other
54cee3	Unwind@0054cee3	lib	other
54cf06	Unwind@0054cf06	lib	other
54cf12	Unwind@0054cf12	lib	other
54cf1e	Unwind@0054cf1e	lib	other
54cf29	Unwind@0054cf29	lib	other
54cf31	Unwind@0054cf31	lib	other
54cf3f	Unwind@0054cf3f	lib	other
54cf47	Unwind@0054cf47	lib	other
54cf52	Unwind@0054cf52	lib	other
54cf60	Unwind@0054cf60	lib	other
54cfa0	Unwind@0054cfa0	lib	other
54cfd0	Unwind@0054cfd0	lib	other
54cfdb	Unwind@0054cfdb	lib	other
54cfe6	Unwind@0054cfe6	lib	other
54cff1	Unwind@0054cff1	lib	other
54cffc	Unwind@0054cffc	lib	other
54d007	Unwind@0054d007	lib	other
54d012	Unwind@0054d012	lib	other
54d01d	Unwind@0054d01d	lib	other
54d028	Unwind@0054d028	lib	other
54d033	Unwind@0054d033	lib	other
54d060	Unwind@0054d060	lib	other
54d068	Unwind@0054d068	lib	other
54d0a0	Unwind@0054d0a0	lib	other
54d0a8	Unwind@0054d0a8	lib	other
54d0b0	Unwind@0054d0b0	lib	other
54d0b8	Unwind@0054d0b8	lib	other
54d0c0	Unwind@0054d0c0	lib	other
54d0f0	Unwind@0054d0f0	lib	other
54d0f8	Unwind@0054d0f8	lib	other
54d130	Unwind@0054d130	lib	other
54d138	Unwind@0054d138	lib	other
54d140	Unwind@0054d140	lib	other
54d148	Unwind@0054d148	lib	other
54d180	Unwind@0054d180	lib	other
54d1b0	Unwind@0054d1b0	lib	other
54d1e0	Unwind@0054d1e0	lib	other
54d210	Unwind@0054d210	lib	other
54d250	Unwind@0054d250	lib	other
54d290	Unwind@0054d290	lib	other
54d2e0	Unwind@0054d2e0	lib	other
54d310	Unwind@0054d310	lib	other
54d318	Unwind@0054d318	lib	other
54d320	Unwind@0054d320	lib	other
54d32b	Unwind@0054d32b	lib	other
54d380	Unwind@0054d380	lib	other
54d3b0	Unwind@0054d3b0	lib	other
54d3f0	Unwind@0054d3f0	lib	other
54d460	Unwind@0054d460	lib	other
54d490	Unwind@0054d490	lib	other
54d498	Unwind@0054d498	lib	other
54d4c0	Unwind@0054d4c0	lib	other
54d4ce	Unwind@0054d4ce	lib	other
54d4d6	Unwind@0054d4d6	lib	other
54d4e4	Unwind@0054d4e4	lib	other
54d4ef	Unwind@0054d4ef	lib	other
54d4fa	Unwind@0054d4fa	lib	other
54d505	Unwind@0054d505	lib	other
54d510	Unwind@0054d510	lib	other
54d51b	Unwind@0054d51b	lib	other
54d526	Unwind@0054d526	lib	other
54d531	Unwind@0054d531	lib	other
54d53c	Unwind@0054d53c	lib	other
54d547	Unwind@0054d547	lib	other
54d552	Unwind@0054d552	lib	other
54d55d	Unwind@0054d55d	lib	other
54d568	Unwind@0054d568	lib	other
54d573	Unwind@0054d573	lib	other
54d57e	Unwind@0054d57e	lib	other
54d589	Unwind@0054d589	lib	other
54d594	Unwind@0054d594	lib	other
54d59f	Unwind@0054d59f	lib	other
54d5aa	Unwind@0054d5aa	lib	other
54d5b5	Unwind@0054d5b5	lib	other
54d5c0	Unwind@0054d5c0	lib	other
54d5cb	Unwind@0054d5cb	lib	other
54d5d6	Unwind@0054d5d6	lib	other
54d5e1	Unwind@0054d5e1	lib	other
54d5ec	Unwind@0054d5ec	lib	other
54d5f7	Unwind@0054d5f7	lib	other
54d602	Unwind@0054d602	lib	other
54d60d	Unwind@0054d60d	lib	other
54d618	Unwind@0054d618	lib	other
54d623	Unwind@0054d623	lib	other
54d62e	Unwind@0054d62e	lib	other
54d639	Unwind@0054d639	lib	other
54d644	Unwind@0054d644	lib	other
54d64f	Unwind@0054d64f	lib	other
54d65a	Unwind@0054d65a	lib	other
54d665	Unwind@0054d665	lib	other
54d670	Unwind@0054d670	lib	other
54d67b	Unwind@0054d67b	lib	other
54d686	Unwind@0054d686	lib	other
54d691	Unwind@0054d691	lib	other
54d69c	Unwind@0054d69c	lib	other
54d6a7	Unwind@0054d6a7	lib	other
54d6b2	Unwind@0054d6b2	lib	other
54d6bd	Unwind@0054d6bd	lib	other
54d6c8	Unwind@0054d6c8	lib	other
54d6d3	Unwind@0054d6d3	lib	other
54d6de	Unwind@0054d6de	lib	other
54d6e9	Unwind@0054d6e9	lib	other
54d6f4	Unwind@0054d6f4	lib	other
54d6ff	Unwind@0054d6ff	lib	other
54d70a	Unwind@0054d70a	lib	other
54d715	Unwind@0054d715	lib	other
54d720	Unwind@0054d720	lib	other
54d72b	Unwind@0054d72b	lib	other
54d736	Unwind@0054d736	lib	other
54d741	Unwind@0054d741	lib	other
54d74c	Unwind@0054d74c	lib	other
54d757	Unwind@0054d757	lib	other
54d762	Unwind@0054d762	lib	other
54d76d	Unwind@0054d76d	lib	other
54d778	Unwind@0054d778	lib	other
54d783	Unwind@0054d783	lib	other
54d78e	Unwind@0054d78e	lib	other
54d799	Unwind@0054d799	lib	other
54d7a4	Unwind@0054d7a4	lib	other
54d7af	Unwind@0054d7af	lib	other
54d7ba	Unwind@0054d7ba	lib	other
54d7c5	Unwind@0054d7c5	lib	other
54d7d0	Unwind@0054d7d0	lib	other
54d7db	Unwind@0054d7db	lib	other
54d7e6	Unwind@0054d7e6	lib	other
54d7f1	Unwind@0054d7f1	lib	other
54d7fc	Unwind@0054d7fc	lib	other
54d807	Unwind@0054d807	lib	other
54d812	Unwind@0054d812	lib	other
54d81d	Unwind@0054d81d	lib	other
54d828	Unwind@0054d828	lib	other
54d833	Unwind@0054d833	lib	other
54d83e	Unwind@0054d83e	lib	other
54d849	Unwind@0054d849	lib	other
54d854	Unwind@0054d854	lib	other
54d85f	Unwind@0054d85f	lib	other
54d86a	Unwind@0054d86a	lib	other
54d875	Unwind@0054d875	lib	other
54d880	Unwind@0054d880	lib	other
54d88b	Unwind@0054d88b	lib	other
54d896	Unwind@0054d896	lib	other
54d8a1	Unwind@0054d8a1	lib	other
54d8ac	Unwind@0054d8ac	lib	other
54d8b7	Unwind@0054d8b7	lib	other
54d8c2	Unwind@0054d8c2	lib	other
54d8cd	Unwind@0054d8cd	lib	other
54d8d8	Unwind@0054d8d8	lib	other
54d8e3	Unwind@0054d8e3	lib	other
54d8ee	Unwind@0054d8ee	lib	other
54d8f9	Unwind@0054d8f9	lib	other
54d904	Unwind@0054d904	lib	other
54d90f	Unwind@0054d90f	lib	other
54d91a	Unwind@0054d91a	lib	other
54d925	Unwind@0054d925	lib	other
54d930	Unwind@0054d930	lib	other
54d93b	Unwind@0054d93b	lib	other
54d946	Unwind@0054d946	lib	other
54d951	Unwind@0054d951	lib	other
54d95c	Unwind@0054d95c	lib	other
54d967	Unwind@0054d967	lib	other
54d972	Unwind@0054d972	lib	other
54d97d	Unwind@0054d97d	lib	other
54d988	Unwind@0054d988	lib	other
54d993	Unwind@0054d993	lib	other
54d99e	Unwind@0054d99e	lib	other
54d9a9	Unwind@0054d9a9	lib	other
54d9b4	Unwind@0054d9b4	lib	other
54d9bf	Unwind@0054d9bf	lib	other
54d9ca	Unwind@0054d9ca	lib	other
54d9d5	Unwind@0054d9d5	lib	other
54d9e0	Unwind@0054d9e0	lib	other
54d9eb	Unwind@0054d9eb	lib	other
54d9f6	Unwind@0054d9f6	lib	other
54da01	Unwind@0054da01	lib	other
54da0c	Unwind@0054da0c	lib	other
54da17	Unwind@0054da17	lib	other
54da22	Unwind@0054da22	lib	other
54da2d	Unwind@0054da2d	lib	other
54da38	Unwind@0054da38	lib	other
54da43	Unwind@0054da43	lib	other
54da4e	Unwind@0054da4e	lib	other
54da59	Unwind@0054da59	lib	other
54da64	Unwind@0054da64	lib	other
54da6f	Unwind@0054da6f	lib	other
54da7a	Unwind@0054da7a	lib	other
54da85	Unwind@0054da85	lib	other
54da90	Unwind@0054da90	lib	other
54da9b	Unwind@0054da9b	lib	other
54daa6	Unwind@0054daa6	lib	other
54dab1	Unwind@0054dab1	lib	other
54dabc	Unwind@0054dabc	lib	other
54dac7	Unwind@0054dac7	lib	other
54dad2	Unwind@0054dad2	lib	other
54dadd	Unwind@0054dadd	lib	other
54dae8	Unwind@0054dae8	lib	other
54daf3	Unwind@0054daf3	lib	other
54dafe	Unwind@0054dafe	lib	other
54db09	Unwind@0054db09	lib	other
54db14	Unwind@0054db14	lib	other
54db1f	Unwind@0054db1f	lib	other
54db2a	Unwind@0054db2a	lib	other
54db35	Unwind@0054db35	lib	other
54db40	Unwind@0054db40	lib	other
54db4b	Unwind@0054db4b	lib	other
54db56	Unwind@0054db56	lib	other
54db61	Unwind@0054db61	lib	other
54db6c	Unwind@0054db6c	lib	other
54db77	Unwind@0054db77	lib	other
54db82	Unwind@0054db82	lib	other
54db8d	Unwind@0054db8d	lib	other
54db98	Unwind@0054db98	lib	other
54dba3	Unwind@0054dba3	lib	other
54dbae	Unwind@0054dbae	lib	other
54dbb9	Unwind@0054dbb9	lib	other
54dbc4	Unwind@0054dbc4	lib	other
54dbcf	Unwind@0054dbcf	lib	other
54dbda	Unwind@0054dbda	lib	other
54dbe5	Unwind@0054dbe5	lib	other
54dbf0	Unwind@0054dbf0	lib	other
54dbfb	Unwind@0054dbfb	lib	other
54dc06	Unwind@0054dc06	lib	other
54dc11	Unwind@0054dc11	lib	other
54dc1c	Unwind@0054dc1c	lib	other
54dc27	Unwind@0054dc27	lib	other
54dc32	Unwind@0054dc32	lib	other
54dc3d	Unwind@0054dc3d	lib	other
54dc48	Unwind@0054dc48	lib	other
54dc53	Unwind@0054dc53	lib	other
54dc5e	Unwind@0054dc5e	lib	other
54dc69	Unwind@0054dc69	lib	other
54dc74	Unwind@0054dc74	lib	other
54dc7f	Unwind@0054dc7f	lib	other
54dc8a	Unwind@0054dc8a	lib	other
54dc95	Unwind@0054dc95	lib	other
54dca0	Unwind@0054dca0	lib	other
54dcab	Unwind@0054dcab	lib	other
54dcb6	Unwind@0054dcb6	lib	other
54dcc1	Unwind@0054dcc1	lib	other
54dccc	Unwind@0054dccc	lib	other
54dcd7	Unwind@0054dcd7	lib	other
54dce2	Unwind@0054dce2	lib	other
54dced	Unwind@0054dced	lib	other
54dcf8	Unwind@0054dcf8	lib	other
54dd03	Unwind@0054dd03	lib	other
54dd0e	Unwind@0054dd0e	lib	other
54dd19	Unwind@0054dd19	lib	other
54dd24	Unwind@0054dd24	lib	other
54dd2f	Unwind@0054dd2f	lib	other
54dd3a	Unwind@0054dd3a	lib	other
54dd45	Unwind@0054dd45	lib	other
54dd50	Unwind@0054dd50	lib	other
54dd5b	Unwind@0054dd5b	lib	other
54dd66	Unwind@0054dd66	lib	other
54dd71	Unwind@0054dd71	lib	other
54dd7c	Unwind@0054dd7c	lib	other
54dd87	Unwind@0054dd87	lib	other
54dd92	Unwind@0054dd92	lib	other
54dd9d	Unwind@0054dd9d	lib	other
54dda8	Unwind@0054dda8	lib	other
54ddb3	Unwind@0054ddb3	lib	other
54ddbe	Unwind@0054ddbe	lib	other
54ddc9	Unwind@0054ddc9	lib	other
54ddd4	Unwind@0054ddd4	lib	other
54dddf	Unwind@0054dddf	lib	other
54ddea	Unwind@0054ddea	lib	other
54ddf5	Unwind@0054ddf5	lib	other
54de00	Unwind@0054de00	lib	other
54de0b	Unwind@0054de0b	lib	other
54de16	Unwind@0054de16	lib	other
54de21	Unwind@0054de21	lib	other
54de2c	Unwind@0054de2c	lib	other
54de37	Unwind@0054de37	lib	other
54de42	Unwind@0054de42	lib	other
54de4d	Unwind@0054de4d	lib	other
54de58	Unwind@0054de58	lib	other
54de63	Unwind@0054de63	lib	other
54de6e	Unwind@0054de6e	lib	other
54de79	Unwind@0054de79	lib	other
54de84	Unwind@0054de84	lib	other
54de8f	Unwind@0054de8f	lib	other
54de9a	Unwind@0054de9a	lib	other
54dea5	Unwind@0054dea5	lib	other
54deb0	Unwind@0054deb0	lib	other
54debb	Unwind@0054debb	lib	other
54dec6	Unwind@0054dec6	lib	other
54ded1	Unwind@0054ded1	lib	other
54dedc	Unwind@0054dedc	lib	other
54dee7	Unwind@0054dee7	lib	other
54def2	Unwind@0054def2	lib	other
54defd	Unwind@0054defd	lib	other
54df08	Unwind@0054df08	lib	other
54df13	Unwind@0054df13	lib	other
54df1e	Unwind@0054df1e	lib	other
54df29	Unwind@0054df29	lib	other
54df34	Unwind@0054df34	lib	other
54df3f	Unwind@0054df3f	lib	other
54df4a	Unwind@0054df4a	lib	other
54df55	Unwind@0054df55	lib	other
54df60	Unwind@0054df60	lib	other
54df6b	Unwind@0054df6b	lib	other
54df76	Unwind@0054df76	lib	other
54df81	Unwind@0054df81	lib	other
54df8c	Unwind@0054df8c	lib	other
54df97	Unwind@0054df97	lib	other
54dfa2	Unwind@0054dfa2	lib	other
54dfad	Unwind@0054dfad	lib	other
54dfb8	Unwind@0054dfb8	lib	other
54dfc3	Unwind@0054dfc3	lib	other
54dfce	Unwind@0054dfce	lib	other
54dfd9	Unwind@0054dfd9	lib	other
54dfe4	Unwind@0054dfe4	lib	other
54dfef	Unwind@0054dfef	lib	other
54dffa	Unwind@0054dffa	lib	other
54e005	Unwind@0054e005	lib	other
54e010	Unwind@0054e010	lib	other
54e01b	Unwind@0054e01b	lib	other
54e026	Unwind@0054e026	lib	other
54e031	Unwind@0054e031	lib	other
54e03c	Unwind@0054e03c	lib	other
54e047	Unwind@0054e047	lib	other
54e052	Unwind@0054e052	lib	other
54e05d	Unwind@0054e05d	lib	other
54e068	Unwind@0054e068	lib	other
54e073	Unwind@0054e073	lib	other
54e07e	Unwind@0054e07e	lib	other
54e089	Unwind@0054e089	lib	other
54e094	Unwind@0054e094	lib	other
54e09f	Unwind@0054e09f	lib	other
54e0aa	Unwind@0054e0aa	lib	other
54e0b5	Unwind@0054e0b5	lib	other
54e0c0	Unwind@0054e0c0	lib	other
54e0cb	Unwind@0054e0cb	lib	other
54e0d6	Unwind@0054e0d6	lib	other
54e0e1	Unwind@0054e0e1	lib	other
54e0ec	Unwind@0054e0ec	lib	other
54e0f7	Unwind@0054e0f7	lib	other
54e102	Unwind@0054e102	lib	other
54e10d	Unwind@0054e10d	lib	other
54e118	Unwind@0054e118	lib	other
54e123	Unwind@0054e123	lib	other
54e12e	Unwind@0054e12e	lib	other
54e139	Unwind@0054e139	lib	other
54e144	Unwind@0054e144	lib	other
54e14f	Unwind@0054e14f	lib	other
54e15a	Unwind@0054e15a	lib	other
54e165	Unwind@0054e165	lib	other
54e170	Unwind@0054e170	lib	other
54e17b	Unwind@0054e17b	lib	other
54e186	Unwind@0054e186	lib	other
54e191	Unwind@0054e191	lib	other
54e19c	Unwind@0054e19c	lib	other
54e1a7	Unwind@0054e1a7	lib	other
54e1b2	Unwind@0054e1b2	lib	other
54e1bd	Unwind@0054e1bd	lib	other
54e1c8	Unwind@0054e1c8	lib	other
54e1d3	Unwind@0054e1d3	lib	other
54e1de	Unwind@0054e1de	lib	other
54e1e9	Unwind@0054e1e9	lib	other
54e1f4	Unwind@0054e1f4	lib	other
54e1ff	Unwind@0054e1ff	lib	other
54e20a	Unwind@0054e20a	lib	other
54e215	Unwind@0054e215	lib	other
54e220	Unwind@0054e220	lib	other
54e22b	Unwind@0054e22b	lib	other
54e236	Unwind@0054e236	lib	other
54e241	Unwind@0054e241	lib	other
54e24c	Unwind@0054e24c	lib	other
54e257	Unwind@0054e257	lib	other
54e262	Unwind@0054e262	lib	other
54e26d	Unwind@0054e26d	lib	other
54e278	Unwind@0054e278	lib	other
54e283	Unwind@0054e283	lib	other
54e28e	Unwind@0054e28e	lib	other
54e299	Unwind@0054e299	lib	other
54e2a4	Unwind@0054e2a4	lib	other
54e2af	Unwind@0054e2af	lib	other
54e2ba	Unwind@0054e2ba	lib	other
54e2c5	Unwind@0054e2c5	lib	other
54e2d0	Unwind@0054e2d0	lib	other
54e2db	Unwind@0054e2db	lib	other
54e2e6	Unwind@0054e2e6	lib	other
54e2f1	Unwind@0054e2f1	lib	other
54e2fc	Unwind@0054e2fc	lib	other
54e307	Unwind@0054e307	lib	other
54e312	Unwind@0054e312	lib	other
54e31d	Unwind@0054e31d	lib	other
54e328	Unwind@0054e328	lib	other
54e333	Unwind@0054e333	lib	other
54e33e	Unwind@0054e33e	lib	other
54e349	Unwind@0054e349	lib	other
54e354	Unwind@0054e354	lib	other
54e35f	Unwind@0054e35f	lib	other
54e36a	Unwind@0054e36a	lib	other
54e375	Unwind@0054e375	lib	other
54e380	Unwind@0054e380	lib	other
54e38b	Unwind@0054e38b	lib	other
54e396	Unwind@0054e396	lib	other
54e3a1	Unwind@0054e3a1	lib	other
54e3ac	Unwind@0054e3ac	lib	other
54e3b7	Unwind@0054e3b7	lib	other
54e3c2	Unwind@0054e3c2	lib	other
54e3cd	Unwind@0054e3cd	lib	other
54e3d8	Unwind@0054e3d8	lib	other
54e3e3	Unwind@0054e3e3	lib	other
54e3ee	Unwind@0054e3ee	lib	other
54e3f9	Unwind@0054e3f9	lib	other
54e404	Unwind@0054e404	lib	other
54e40f	Unwind@0054e40f	lib	other
54e41a	Unwind@0054e41a	lib	other
54e425	Unwind@0054e425	lib	other
54e430	Unwind@0054e430	lib	other
54e43b	Unwind@0054e43b	lib	other
54e446	Unwind@0054e446	lib	other
54e451	Unwind@0054e451	lib	other
54e45c	Unwind@0054e45c	lib	other
54e467	Unwind@0054e467	lib	other
54e472	Unwind@0054e472	lib	other
54e47d	Unwind@0054e47d	lib	other
54e488	Unwind@0054e488	lib	other
54e493	Unwind@0054e493	lib	other
54e49e	Unwind@0054e49e	lib	other
54e4a9	Unwind@0054e4a9	lib	other
54e4b4	Unwind@0054e4b4	lib	other
54e4bf	Unwind@0054e4bf	lib	other
54e4ca	Unwind@0054e4ca	lib	other
54e4d5	Unwind@0054e4d5	lib	other
54e4e0	Unwind@0054e4e0	lib	other
54e4eb	Unwind@0054e4eb	lib	other
54e4f6	Unwind@0054e4f6	lib	other
54e501	Unwind@0054e501	lib	other
54e50c	Unwind@0054e50c	lib	other
54e517	Unwind@0054e517	lib	other
54e522	Unwind@0054e522	lib	other
54e52d	Unwind@0054e52d	lib	other
54e538	Unwind@0054e538	lib	other
54e543	Unwind@0054e543	lib	other
54e54e	Unwind@0054e54e	lib	other
54e559	Unwind@0054e559	lib	other
54e564	Unwind@0054e564	lib	other
54e56f	Unwind@0054e56f	lib	other
54e57a	Unwind@0054e57a	lib	other
54e585	Unwind@0054e585	lib	other
54e590	Unwind@0054e590	lib	other
54e59b	Unwind@0054e59b	lib	other
54e5a6	Unwind@0054e5a6	lib	other
54e5b1	Unwind@0054e5b1	lib	other
54e5bc	Unwind@0054e5bc	lib	other
54e5c7	Unwind@0054e5c7	lib	other
54e5d2	Unwind@0054e5d2	lib	other
54e5dd	Unwind@0054e5dd	lib	other
54e5e8	Unwind@0054e5e8	lib	other
54e5f3	Unwind@0054e5f3	lib	other
54e5fe	Unwind@0054e5fe	lib	other
54e609	Unwind@0054e609	lib	other
54e614	Unwind@0054e614	lib	other
54e61f	Unwind@0054e61f	lib	other
54e62a	Unwind@0054e62a	lib	other
54e635	Unwind@0054e635	lib	other
54e640	Unwind@0054e640	lib	other
54e64b	Unwind@0054e64b	lib	other
54e656	Unwind@0054e656	lib	other
54e661	Unwind@0054e661	lib	other
54e66c	Unwind@0054e66c	lib	other
54e677	Unwind@0054e677	lib	other
54e682	Unwind@0054e682	lib	other
54e68d	Unwind@0054e68d	lib	other
54e698	Unwind@0054e698	lib	other
54e6a3	Unwind@0054e6a3	lib	other
54e6ae	Unwind@0054e6ae	lib	other
54e6b9	Unwind@0054e6b9	lib	other
54e6c4	Unwind@0054e6c4	lib	other
54e6cf	Unwind@0054e6cf	lib	other
54e6da	Unwind@0054e6da	lib	other
54e6e5	Unwind@0054e6e5	lib	other
54e6f0	Unwind@0054e6f0	lib	other
54e6fb	Unwind@0054e6fb	lib	other
54e706	Unwind@0054e706	lib	other
54e711	Unwind@0054e711	lib	other
54e71c	Unwind@0054e71c	lib	other
54e727	Unwind@0054e727	lib	other
54e732	Unwind@0054e732	lib	other
54e73d	Unwind@0054e73d	lib	other
54e748	Unwind@0054e748	lib	other
54e753	Unwind@0054e753	lib	other
54e75e	Unwind@0054e75e	lib	other
54e769	Unwind@0054e769	lib	other
54e774	Unwind@0054e774	lib	other
54e77f	Unwind@0054e77f	lib	other
54e78a	Unwind@0054e78a	lib	other
54e795	Unwind@0054e795	lib	other
54e7a0	Unwind@0054e7a0	lib	other
54e7ab	Unwind@0054e7ab	lib	other
54e7b6	Unwind@0054e7b6	lib	other
54e7c1	Unwind@0054e7c1	lib	other
54e7cc	Unwind@0054e7cc	lib	other
54e7d7	Unwind@0054e7d7	lib	other
54e7e2	Unwind@0054e7e2	lib	other
54e7ed	Unwind@0054e7ed	lib	other
54e7f8	Unwind@0054e7f8	lib	other
54e803	Unwind@0054e803	lib	other
54e80e	Unwind@0054e80e	lib	other
54e819	Unwind@0054e819	lib	other
54e824	Unwind@0054e824	lib	other
54e82f	Unwind@0054e82f	lib	other
54e83a	Unwind@0054e83a	lib	other
54e845	Unwind@0054e845	lib	other
54e850	Unwind@0054e850	lib	other
54e85b	Unwind@0054e85b	lib	other
54e866	Unwind@0054e866	lib	other
54e871	Unwind@0054e871	lib	other
54e87c	Unwind@0054e87c	lib	other
54e887	Unwind@0054e887	lib	other
54e892	Unwind@0054e892	lib	other
54e89d	Unwind@0054e89d	lib	other
54e8a8	Unwind@0054e8a8	lib	other
54e8b3	Unwind@0054e8b3	lib	other
54e8be	Unwind@0054e8be	lib	other
54e8c9	Unwind@0054e8c9	lib	other
54e8d4	Unwind@0054e8d4	lib	other
54e8df	Unwind@0054e8df	lib	other
54e8ea	Unwind@0054e8ea	lib	other
54e8f5	Unwind@0054e8f5	lib	other
54e900	Unwind@0054e900	lib	other
54e90b	Unwind@0054e90b	lib	other
54e916	Unwind@0054e916	lib	other
54e921	Unwind@0054e921	lib	other
54e92c	Unwind@0054e92c	lib	other
54e937	Unwind@0054e937	lib	other
54e942	Unwind@0054e942	lib	other
54e94d	Unwind@0054e94d	lib	other
54e958	Unwind@0054e958	lib	other
54e963	Unwind@0054e963	lib	other
54e96e	Unwind@0054e96e	lib	other
54e979	Unwind@0054e979	lib	other
54e984	Unwind@0054e984	lib	other
54e98f	Unwind@0054e98f	lib	other
54e99a	Unwind@0054e99a	lib	other
54e9a5	Unwind@0054e9a5	lib	other
54e9b0	Unwind@0054e9b0	lib	other
54e9bb	Unwind@0054e9bb	lib	other
54e9c6	Unwind@0054e9c6	lib	other
54e9d1	Unwind@0054e9d1	lib	other
54e9dc	Unwind@0054e9dc	lib	other
54e9e7	Unwind@0054e9e7	lib	other
54e9f2	Unwind@0054e9f2	lib	other
54e9fd	Unwind@0054e9fd	lib	other
54ea08	Unwind@0054ea08	lib	other
54ea13	Unwind@0054ea13	lib	other
54ea1e	Unwind@0054ea1e	lib	other
54ea29	Unwind@0054ea29	lib	other
54ea34	Unwind@0054ea34	lib	other
54ea3f	Unwind@0054ea3f	lib	other
54ea4a	Unwind@0054ea4a	lib	other
54ea55	Unwind@0054ea55	lib	other
54ea60	Unwind@0054ea60	lib	other
54ea6b	Unwind@0054ea6b	lib	other
54ea76	Unwind@0054ea76	lib	other
54ea81	Unwind@0054ea81	lib	other
54ea8c	Unwind@0054ea8c	lib	other
54ea97	Unwind@0054ea97	lib	other
54eaa2	Unwind@0054eaa2	lib	other
54eaad	Unwind@0054eaad	lib	other
54eab8	Unwind@0054eab8	lib	other
54eac3	Unwind@0054eac3	lib	other
54eace	Unwind@0054eace	lib	other
54ead9	Unwind@0054ead9	lib	other
54eae4	Unwind@0054eae4	lib	other
54eaef	Unwind@0054eaef	lib	other
54eafa	Unwind@0054eafa	lib	other
54eb05	Unwind@0054eb05	lib	other
54eb10	Unwind@0054eb10	lib	other
54eb1b	Unwind@0054eb1b	lib	other
54eb26	Unwind@0054eb26	lib	other
54eb31	Unwind@0054eb31	lib	other
54eb3c	Unwind@0054eb3c	lib	other
54eb47	Unwind@0054eb47	lib	other
54eb52	Unwind@0054eb52	lib	other
54eb5d	Unwind@0054eb5d	lib	other
54eb68	Unwind@0054eb68	lib	other
54eb73	Unwind@0054eb73	lib	other
54eb7e	Unwind@0054eb7e	lib	other
54eb89	Unwind@0054eb89	lib	other
54eb94	Unwind@0054eb94	lib	other
54eb9f	Unwind@0054eb9f	lib	other
54ebaa	Unwind@0054ebaa	lib	other
54ebb5	Unwind@0054ebb5	lib	other
54ebc0	Unwind@0054ebc0	lib	other
54ebcb	Unwind@0054ebcb	lib	other
54ebd6	Unwind@0054ebd6	lib	other
54ebe1	Unwind@0054ebe1	lib	other
54ebec	Unwind@0054ebec	lib	other
54ebf7	Unwind@0054ebf7	lib	other
54ec02	Unwind@0054ec02	lib	other
54ec0d	Unwind@0054ec0d	lib	other
54ec18	Unwind@0054ec18	lib	other
54ec23	Unwind@0054ec23	lib	other
54ec2e	Unwind@0054ec2e	lib	other
54ec39	Unwind@0054ec39	lib	other
54ec44	Unwind@0054ec44	lib	other
54ec4f	Unwind@0054ec4f	lib	other
54ec5a	Unwind@0054ec5a	lib	other
54ec65	Unwind@0054ec65	lib	other
54ec70	Unwind@0054ec70	lib	other
54ec7b	Unwind@0054ec7b	lib	other
54ec86	Unwind@0054ec86	lib	other
54ec91	Unwind@0054ec91	lib	other
54ec9c	Unwind@0054ec9c	lib	other
54eca7	Unwind@0054eca7	lib	other
54ecb2	Unwind@0054ecb2	lib	other
54ecbd	Unwind@0054ecbd	lib	other
54ecc8	Unwind@0054ecc8	lib	other
54ecd3	Unwind@0054ecd3	lib	other
54ecde	Unwind@0054ecde	lib	other
54ece9	Unwind@0054ece9	lib	other
54ecf4	Unwind@0054ecf4	lib	other
54ecff	Unwind@0054ecff	lib	other
54ed0a	Unwind@0054ed0a	lib	other
54ed15	Unwind@0054ed15	lib	other
54ed20	Unwind@0054ed20	lib	other
54ed2b	Unwind@0054ed2b	lib	other
54ed36	Unwind@0054ed36	lib	other
54ed41	Unwind@0054ed41	lib	other
54ed4c	Unwind@0054ed4c	lib	other
54ed57	Unwind@0054ed57	lib	other
54ed62	Unwind@0054ed62	lib	other
54ed6d	Unwind@0054ed6d	lib	other
54ed78	Unwind@0054ed78	lib	other
54ed83	Unwind@0054ed83	lib	other
54ed8e	Unwind@0054ed8e	lib	other
54ed99	Unwind@0054ed99	lib	other
54eda4	Unwind@0054eda4	lib	other
54edaf	Unwind@0054edaf	lib	other
54edba	Unwind@0054edba	lib	other
54edc5	Unwind@0054edc5	lib	other
54edd0	Unwind@0054edd0	lib	other
54eddb	Unwind@0054eddb	lib	other
54ede6	Unwind@0054ede6	lib	other
54edf1	Unwind@0054edf1	lib	other
54edfc	Unwind@0054edfc	lib	other
54ee07	Unwind@0054ee07	lib	other
54ee12	Unwind@0054ee12	lib	other
54ee1d	Unwind@0054ee1d	lib	other
54ee28	Unwind@0054ee28	lib	other
54ee33	Unwind@0054ee33	lib	other
54ee3e	Unwind@0054ee3e	lib	other
54ee49	Unwind@0054ee49	lib	other
54ee54	Unwind@0054ee54	lib	other
54ee5f	Unwind@0054ee5f	lib	other
54ee6a	Unwind@0054ee6a	lib	other
54ee75	Unwind@0054ee75	lib	other
54ee80	Unwind@0054ee80	lib	other
54ee8b	Unwind@0054ee8b	lib	other
54ee96	Unwind@0054ee96	lib	other
54eea1	Unwind@0054eea1	lib	other
54eeac	Unwind@0054eeac	lib	other
54eeb7	Unwind@0054eeb7	lib	other
54eec2	Unwind@0054eec2	lib	other
54eecd	Unwind@0054eecd	lib	other
54eed8	Unwind@0054eed8	lib	other
54eee3	Unwind@0054eee3	lib	other
54eeee	Unwind@0054eeee	lib	other
54eef9	Unwind@0054eef9	lib	other
54ef04	Unwind@0054ef04	lib	other
54ef0f	Unwind@0054ef0f	lib	other
54ef1a	Unwind@0054ef1a	lib	other
54ef25	Unwind@0054ef25	lib	other
54ef30	Unwind@0054ef30	lib	other
54ef3b	Unwind@0054ef3b	lib	other
54ef46	Unwind@0054ef46	lib	other
54ef51	Unwind@0054ef51	lib	other
54ef5c	Unwind@0054ef5c	lib	other
54ef67	Unwind@0054ef67	lib	other
54ef72	Unwind@0054ef72	lib	other
54ef7d	Unwind@0054ef7d	lib	other
54ef88	Unwind@0054ef88	lib	other
54ef93	Unwind@0054ef93	lib	other
54ef9e	Unwind@0054ef9e	lib	other
54efa9	Unwind@0054efa9	lib	other
54efb4	Unwind@0054efb4	lib	other
54efbf	Unwind@0054efbf	lib	other
54efca	Unwind@0054efca	lib	other
54efd5	Unwind@0054efd5	lib	other
54efe0	Unwind@0054efe0	lib	other
54efeb	Unwind@0054efeb	lib	other
54eff6	Unwind@0054eff6	lib	other
54f001	Unwind@0054f001	lib	other
54f00c	Unwind@0054f00c	lib	other
54f017	Unwind@0054f017	lib	other
54f022	Unwind@0054f022	lib	other
54f02d	Unwind@0054f02d	lib	other
54f038	Unwind@0054f038	lib	other
54f043	Unwind@0054f043	lib	other
54f04e	Unwind@0054f04e	lib	other
54f059	Unwind@0054f059	lib	other
54f064	Unwind@0054f064	lib	other
54f06f	Unwind@0054f06f	lib	other
54f07a	Unwind@0054f07a	lib	other
54f085	Unwind@0054f085	lib	other
54f090	Unwind@0054f090	lib	other
54f09b	Unwind@0054f09b	lib	other
54f0a6	Unwind@0054f0a6	lib	other
54f0b1	Unwind@0054f0b1	lib	other
54f0bc	Unwind@0054f0bc	lib	other
54f0c7	Unwind@0054f0c7	lib	other
54f0d2	Unwind@0054f0d2	lib	other
54f0dd	Unwind@0054f0dd	lib	other
54f0e8	Unwind@0054f0e8	lib	other
54f0f3	Unwind@0054f0f3	lib	other
54f0fe	Unwind@0054f0fe	lib	other
54f109	Unwind@0054f109	lib	other
54f114	Unwind@0054f114	lib	other
54f11f	Unwind@0054f11f	lib	other
54f12a	Unwind@0054f12a	lib	other
54f135	Unwind@0054f135	lib	other
54f140	Unwind@0054f140	lib	other
54f14b	Unwind@0054f14b	lib	other
54f156	Unwind@0054f156	lib	other
54f161	Unwind@0054f161	lib	other
54f16c	Unwind@0054f16c	lib	other
54f177	Unwind@0054f177	lib	other
54f182	Unwind@0054f182	lib	other
54f18d	Unwind@0054f18d	lib	other
54f198	Unwind@0054f198	lib	other
54f1a3	Unwind@0054f1a3	lib	other
54f1ae	Unwind@0054f1ae	lib	other
54f1b9	Unwind@0054f1b9	lib	other
54f1c4	Unwind@0054f1c4	lib	other
54f1cf	Unwind@0054f1cf	lib	other
54f1da	Unwind@0054f1da	lib	other
54f1e5	Unwind@0054f1e5	lib	other
54f1f0	Unwind@0054f1f0	lib	other
54f1fb	Unwind@0054f1fb	lib	other
54f206	Unwind@0054f206	lib	other
54f211	Unwind@0054f211	lib	other
54f21c	Unwind@0054f21c	lib	other
54f227	Unwind@0054f227	lib	other
54f232	Unwind@0054f232	lib	other
54f23d	Unwind@0054f23d	lib	other
54f248	Unwind@0054f248	lib	other
54f253	Unwind@0054f253	lib	other
54f25e	Unwind@0054f25e	lib	other
54f269	Unwind@0054f269	lib	other
54f274	Unwind@0054f274	lib	other
54f27f	Unwind@0054f27f	lib	other
54f28a	Unwind@0054f28a	lib	other
54f295	Unwind@0054f295	lib	other
54f2a0	Unwind@0054f2a0	lib	other
54f2ab	Unwind@0054f2ab	lib	other
54f2b6	Unwind@0054f2b6	lib	other
54f2c1	Unwind@0054f2c1	lib	other
54f2cc	Unwind@0054f2cc	lib	other
54f2d7	Unwind@0054f2d7	lib	other
54f2e2	Unwind@0054f2e2	lib	other
54f2ed	Unwind@0054f2ed	lib	other
54f2f8	Unwind@0054f2f8	lib	other
54f303	Unwind@0054f303	lib	other
54f30e	Unwind@0054f30e	lib	other
54f319	Unwind@0054f319	lib	other
54f324	Unwind@0054f324	lib	other
54f32f	Unwind@0054f32f	lib	other
54f33a	Unwind@0054f33a	lib	other
54f345	Unwind@0054f345	lib	other
54f350	Unwind@0054f350	lib	other
54f35b	Unwind@0054f35b	lib	other
54f366	Unwind@0054f366	lib	other
54f371	Unwind@0054f371	lib	other
54f37c	Unwind@0054f37c	lib	other
54f387	Unwind@0054f387	lib	other
54f392	Unwind@0054f392	lib	other
54f39d	Unwind@0054f39d	lib	other
54f3a8	Unwind@0054f3a8	lib	other
54f3b3	Unwind@0054f3b3	lib	other
54f3be	Unwind@0054f3be	lib	other
54f3c9	Unwind@0054f3c9	lib	other
54f3d4	Unwind@0054f3d4	lib	other
54f3df	Unwind@0054f3df	lib	other
54f3ea	Unwind@0054f3ea	lib	other
54f3f5	Unwind@0054f3f5	lib	other
54f400	Unwind@0054f400	lib	other
54f40b	Unwind@0054f40b	lib	other
54f416	Unwind@0054f416	lib	other
54f421	Unwind@0054f421	lib	other
54f42c	Unwind@0054f42c	lib	other
54f437	Unwind@0054f437	lib	other
54f442	Unwind@0054f442	lib	other
54f44d	Unwind@0054f44d	lib	other
54f458	Unwind@0054f458	lib	other
54f463	Unwind@0054f463	lib	other
54f46e	Unwind@0054f46e	lib	other
54f479	Unwind@0054f479	lib	other
54f484	Unwind@0054f484	lib	other
54f48f	Unwind@0054f48f	lib	other
54f49a	Unwind@0054f49a	lib	other
54f4a5	Unwind@0054f4a5	lib	other
54f4b0	Unwind@0054f4b0	lib	other
54f4bb	Unwind@0054f4bb	lib	other
54f4c6	Unwind@0054f4c6	lib	other
54f4d1	Unwind@0054f4d1	lib	other
54f4dc	Unwind@0054f4dc	lib	other
54f4e7	Unwind@0054f4e7	lib	other
54f4f2	Unwind@0054f4f2	lib	other
54f4fd	Unwind@0054f4fd	lib	other
54f508	Unwind@0054f508	lib	other
54f513	Unwind@0054f513	lib	other
54f51e	Unwind@0054f51e	lib	other
54f529	Unwind@0054f529	lib	other
54f534	Unwind@0054f534	lib	other
54f53f	Unwind@0054f53f	lib	other
54f54a	Unwind@0054f54a	lib	other
54f555	Unwind@0054f555	lib	other
54f560	Unwind@0054f560	lib	other
54f56b	Unwind@0054f56b	lib	other
54f576	Unwind@0054f576	lib	other
54f581	Unwind@0054f581	lib	other
54f58c	Unwind@0054f58c	lib	other
54f597	Unwind@0054f597	lib	other
54f5a2	Unwind@0054f5a2	lib	other
54f5ad	Unwind@0054f5ad	lib	other
54f5b8	Unwind@0054f5b8	lib	other
54f5c3	Unwind@0054f5c3	lib	other
54f5ce	Unwind@0054f5ce	lib	other
54f5d9	Unwind@0054f5d9	lib	other
54f5e4	Unwind@0054f5e4	lib	other
54f5ef	Unwind@0054f5ef	lib	other
54f5fa	Unwind@0054f5fa	lib	other
54f605	Unwind@0054f605	lib	other
54f610	Unwind@0054f610	lib	other
54f61b	Unwind@0054f61b	lib	other
54f626	Unwind@0054f626	lib	other
54f631	Unwind@0054f631	lib	other
54f63c	Unwind@0054f63c	lib	other
54f647	Unwind@0054f647	lib	other
54f652	Unwind@0054f652	lib	other
54f65d	Unwind@0054f65d	lib	other
54f668	Unwind@0054f668	lib	other
54f673	Unwind@0054f673	lib	other
54f67e	Unwind@0054f67e	lib	other
54f689	Unwind@0054f689	lib	other
54f694	Unwind@0054f694	lib	other
54f69f	Unwind@0054f69f	lib	other
54f6aa	Unwind@0054f6aa	lib	other
54f6b5	Unwind@0054f6b5	lib	other
54f6c0	Unwind@0054f6c0	lib	other
54f6cb	Unwind@0054f6cb	lib	other
54f6d6	Unwind@0054f6d6	lib	other
54f6e1	Unwind@0054f6e1	lib	other
54f6ec	Unwind@0054f6ec	lib	other
54f6f7	Unwind@0054f6f7	lib	other
54f702	Unwind@0054f702	lib	other
54f70d	Unwind@0054f70d	lib	other
54f718	Unwind@0054f718	lib	other
54f723	Unwind@0054f723	lib	other
54f72e	Unwind@0054f72e	lib	other
54f739	Unwind@0054f739	lib	other
54f744	Unwind@0054f744	lib	other
54f74f	Unwind@0054f74f	lib	other
54f75a	Unwind@0054f75a	lib	other
54f765	Unwind@0054f765	lib	other
54f770	Unwind@0054f770	lib	other
54f77b	Unwind@0054f77b	lib	other
54f786	Unwind@0054f786	lib	other
54f791	Unwind@0054f791	lib	other
54f79c	Unwind@0054f79c	lib	other
54f7a7	Unwind@0054f7a7	lib	other
54f7b2	Unwind@0054f7b2	lib	other
54f7bd	Unwind@0054f7bd	lib	other
54f7c8	Unwind@0054f7c8	lib	other
54f7d3	Unwind@0054f7d3	lib	other
54f7de	Unwind@0054f7de	lib	other
54f7e9	Unwind@0054f7e9	lib	other
54f7f4	Unwind@0054f7f4	lib	other
54f7ff	Unwind@0054f7ff	lib	other
54f80a	Unwind@0054f80a	lib	other
54f815	Unwind@0054f815	lib	other
54f820	Unwind@0054f820	lib	other
54f82b	Unwind@0054f82b	lib	other
54f836	Unwind@0054f836	lib	other
54f841	Unwind@0054f841	lib	other
54f84c	Unwind@0054f84c	lib	other
54f857	Unwind@0054f857	lib	other
54f862	Unwind@0054f862	lib	other
54f86d	Unwind@0054f86d	lib	other
54f878	Unwind@0054f878	lib	other
54f883	Unwind@0054f883	lib	other
54f88e	Unwind@0054f88e	lib	other
54f899	Unwind@0054f899	lib	other
54f8a4	Unwind@0054f8a4	lib	other
54f8af	Unwind@0054f8af	lib	other
54f8ba	Unwind@0054f8ba	lib	other
54f8c5	Unwind@0054f8c5	lib	other
54f8d0	Unwind@0054f8d0	lib	other
54f8db	Unwind@0054f8db	lib	other
54f8e6	Unwind@0054f8e6	lib	other
54f8f1	Unwind@0054f8f1	lib	other
54f8fc	Unwind@0054f8fc	lib	other
54f907	Unwind@0054f907	lib	other
54f912	Unwind@0054f912	lib	other
54f91d	Unwind@0054f91d	lib	other
54f928	Unwind@0054f928	lib	other
54f933	Unwind@0054f933	lib	other
54f93e	Unwind@0054f93e	lib	other
54f949	Unwind@0054f949	lib	other
54f954	Unwind@0054f954	lib	other
54f95f	Unwind@0054f95f	lib	other
54f96a	Unwind@0054f96a	lib	other
54f975	Unwind@0054f975	lib	other
54f980	Unwind@0054f980	lib	other
54f98b	Unwind@0054f98b	lib	other
54f996	Unwind@0054f996	lib	other
54f9a1	Unwind@0054f9a1	lib	other
54f9ac	Unwind@0054f9ac	lib	other
54f9b7	Unwind@0054f9b7	lib	other
54f9c2	Unwind@0054f9c2	lib	other
54f9cd	Unwind@0054f9cd	lib	other
54f9d8	Unwind@0054f9d8	lib	other
54f9e3	Unwind@0054f9e3	lib	other
54f9ee	Unwind@0054f9ee	lib	other
54f9f9	Unwind@0054f9f9	lib	other
54fa04	Unwind@0054fa04	lib	other
54fa0f	Unwind@0054fa0f	lib	other
54fa1a	Unwind@0054fa1a	lib	other
54fa25	Unwind@0054fa25	lib	other
54fa30	Unwind@0054fa30	lib	other
54fa3b	Unwind@0054fa3b	lib	other
54fa46	Unwind@0054fa46	lib	other
54fa51	Unwind@0054fa51	lib	other
54fa5c	Unwind@0054fa5c	lib	other
54fa67	Unwind@0054fa67	lib	other
54fa72	Unwind@0054fa72	lib	other
54fa7d	Unwind@0054fa7d	lib	other
54fa88	Unwind@0054fa88	lib	other
54fa93	Unwind@0054fa93	lib	other
54fa9e	Unwind@0054fa9e	lib	other
54faa9	Unwind@0054faa9	lib	other
54fab4	Unwind@0054fab4	lib	other
54fabf	Unwind@0054fabf	lib	other
54faca	Unwind@0054faca	lib	other
54fad5	Unwind@0054fad5	lib	other
54fae0	Unwind@0054fae0	lib	other
54faeb	Unwind@0054faeb	lib	other
54faf6	Unwind@0054faf6	lib	other
54fb01	Unwind@0054fb01	lib	other
54fb0c	Unwind@0054fb0c	lib	other
54fb17	Unwind@0054fb17	lib	other
54fb22	Unwind@0054fb22	lib	other
54fb2d	Unwind@0054fb2d	lib	other
54fb38	Unwind@0054fb38	lib	other
54fb43	Unwind@0054fb43	lib	other
54fb4e	Unwind@0054fb4e	lib	other
54fb59	Unwind@0054fb59	lib	other
54fb64	Unwind@0054fb64	lib	other
54fb6f	Unwind@0054fb6f	lib	other
54fb7a	Unwind@0054fb7a	lib	other
54fb85	Unwind@0054fb85	lib	other
54fb90	Unwind@0054fb90	lib	other
54fb9b	Unwind@0054fb9b	lib	other
54fba6	Unwind@0054fba6	lib	other
54fbb1	Unwind@0054fbb1	lib	other
54fbbc	Unwind@0054fbbc	lib	other
54fbc7	Unwind@0054fbc7	lib	other
54fbd2	Unwind@0054fbd2	lib	other
54fbdd	Unwind@0054fbdd	lib	other
54fbe8	Unwind@0054fbe8	lib	other
54fbf3	Unwind@0054fbf3	lib	other
54fbfe	Unwind@0054fbfe	lib	other
54fc09	Unwind@0054fc09	lib	other
54fc14	Unwind@0054fc14	lib	other
54fc1f	Unwind@0054fc1f	lib	other
54fc2a	Unwind@0054fc2a	lib	other
54fc35	Unwind@0054fc35	lib	other
54fc40	Unwind@0054fc40	lib	other
54fc4b	Unwind@0054fc4b	lib	other
54fc56	Unwind@0054fc56	lib	other
54fc61	Unwind@0054fc61	lib	other
54fc6c	Unwind@0054fc6c	lib	other
54fc77	Unwind@0054fc77	lib	other
54fc82	Unwind@0054fc82	lib	other
54fc8d	Unwind@0054fc8d	lib	other
54fc98	Unwind@0054fc98	lib	other
54fca3	Unwind@0054fca3	lib	other
54fcae	Unwind@0054fcae	lib	other
54fcb9	Unwind@0054fcb9	lib	other
54fcc4	Unwind@0054fcc4	lib	other
54fccf	Unwind@0054fccf	lib	other
54fcda	Unwind@0054fcda	lib	other
54fce5	Unwind@0054fce5	lib	other
54fcf0	Unwind@0054fcf0	lib	other
54fcfb	Unwind@0054fcfb	lib	other
54fd06	Unwind@0054fd06	lib	other
54fd11	Unwind@0054fd11	lib	other
54fd1c	Unwind@0054fd1c	lib	other
54fd27	Unwind@0054fd27	lib	other
54fd32	Unwind@0054fd32	lib	other
54fd3d	Unwind@0054fd3d	lib	other
54fd48	Unwind@0054fd48	lib	other
54fd53	Unwind@0054fd53	lib	other
54fd5e	Unwind@0054fd5e	lib	other
54fd69	Unwind@0054fd69	lib	other
54fd74	Unwind@0054fd74	lib	other
54fd7f	Unwind@0054fd7f	lib	other
54fd8a	Unwind@0054fd8a	lib	other
54fd95	Unwind@0054fd95	lib	other
54fda0	Unwind@0054fda0	lib	other
54fdab	Unwind@0054fdab	lib	other
54fdb6	Unwind@0054fdb6	lib	other
54fdc1	Unwind@0054fdc1	lib	other
54fdcc	Unwind@0054fdcc	lib	other
54fdd7	Unwind@0054fdd7	lib	other
54fde2	Unwind@0054fde2	lib	other
54fded	Unwind@0054fded	lib	other
54fdf8	Unwind@0054fdf8	lib	other
54fe03	Unwind@0054fe03	lib	other
54fe0e	Unwind@0054fe0e	lib	other
54fe19	Unwind@0054fe19	lib	other
54fe24	Unwind@0054fe24	lib	other
54fe2f	Unwind@0054fe2f	lib	other
54fe3a	Unwind@0054fe3a	lib	other
54fe45	Unwind@0054fe45	lib	other
54fe50	Unwind@0054fe50	lib	other
54fe5b	Unwind@0054fe5b	lib	other
54fe66	Unwind@0054fe66	lib	other
54fe71	Unwind@0054fe71	lib	other
54fe7c	Unwind@0054fe7c	lib	other
54fe87	Unwind@0054fe87	lib	other
54fe92	Unwind@0054fe92	lib	other
54fe9d	Unwind@0054fe9d	lib	other
54fea8	Unwind@0054fea8	lib	other
54feb3	Unwind@0054feb3	lib	other
54febe	Unwind@0054febe	lib	other
54fec9	Unwind@0054fec9	lib	other
54fed4	Unwind@0054fed4	lib	other
54fedf	Unwind@0054fedf	lib	other
54feea	Unwind@0054feea	lib	other
54fef5	Unwind@0054fef5	lib	other
54ff00	Unwind@0054ff00	lib	other
54ff0b	Unwind@0054ff0b	lib	other
54ff16	Unwind@0054ff16	lib	other
54ff21	Unwind@0054ff21	lib	other
54ff2c	Unwind@0054ff2c	lib	other
54ff37	Unwind@0054ff37	lib	other
54ff42	Unwind@0054ff42	lib	other
54ff4d	Unwind@0054ff4d	lib	other
54ff58	Unwind@0054ff58	lib	other
54ff63	Unwind@0054ff63	lib	other
54ff6e	Unwind@0054ff6e	lib	other
54ff79	Unwind@0054ff79	lib	other
54ff84	Unwind@0054ff84	lib	other
54ff8f	Unwind@0054ff8f	lib	other
54ff9a	Unwind@0054ff9a	lib	other
54ffa5	Unwind@0054ffa5	lib	other
54ffb0	Unwind@0054ffb0	lib	other
54ffbb	Unwind@0054ffbb	lib	other
54ffc6	Unwind@0054ffc6	lib	other
54ffd1	Unwind@0054ffd1	lib	other
54ffdc	Unwind@0054ffdc	lib	other
54ffe7	Unwind@0054ffe7	lib	other
54fff2	Unwind@0054fff2	lib	other
54fffd	Unwind@0054fffd	lib	other
550008	Unwind@00550008	lib	other
550013	Unwind@00550013	lib	other
55001e	Unwind@0055001e	lib	other
550029	Unwind@00550029	lib	other
550034	Unwind@00550034	lib	other
55003f	Unwind@0055003f	lib	other
55004a	Unwind@0055004a	lib	other
550055	Unwind@00550055	lib	other
550060	Unwind@00550060	lib	other
55006b	Unwind@0055006b	lib	other
550076	Unwind@00550076	lib	other
550081	Unwind@00550081	lib	other
55008c	Unwind@0055008c	lib	other
550097	Unwind@00550097	lib	other
5500a2	Unwind@005500a2	lib	other
5500ad	Unwind@005500ad	lib	other
5500b8	Unwind@005500b8	lib	other
5500c3	Unwind@005500c3	lib	other
5500ce	Unwind@005500ce	lib	other
5500d9	Unwind@005500d9	lib	other
5500e4	Unwind@005500e4	lib	other
5500ef	Unwind@005500ef	lib	other
5500fa	Unwind@005500fa	lib	other
550105	Unwind@00550105	lib	other
550110	Unwind@00550110	lib	other
55011b	Unwind@0055011b	lib	other
550126	Unwind@00550126	lib	other
550131	Unwind@00550131	lib	other
55013c	Unwind@0055013c	lib	other
550147	Unwind@00550147	lib	other
550152	Unwind@00550152	lib	other
55015d	Unwind@0055015d	lib	other
550168	Unwind@00550168	lib	other
550173	Unwind@00550173	lib	other
55017e	Unwind@0055017e	lib	other
550189	Unwind@00550189	lib	other
550194	Unwind@00550194	lib	other
55019f	Unwind@0055019f	lib	other
5501aa	Unwind@005501aa	lib	other
5501b5	Unwind@005501b5	lib	other
5501c0	Unwind@005501c0	lib	other
5501cb	Unwind@005501cb	lib	other
5501d6	Unwind@005501d6	lib	other
5501e1	Unwind@005501e1	lib	other
5501ec	Unwind@005501ec	lib	other
5501f7	Unwind@005501f7	lib	other
550202	Unwind@00550202	lib	other
55020d	Unwind@0055020d	lib	other
550218	Unwind@00550218	lib	other
550223	Unwind@00550223	lib	other
55022e	Unwind@0055022e	lib	other
550239	Unwind@00550239	lib	other
550244	Unwind@00550244	lib	other
55024f	Unwind@0055024f	lib	other
55025a	Unwind@0055025a	lib	other
550265	Unwind@00550265	lib	other
550270	Unwind@00550270	lib	other
55027b	Unwind@0055027b	lib	other
550286	Unwind@00550286	lib	other
550291	Unwind@00550291	lib	other
55029c	Unwind@0055029c	lib	other
5502a7	Unwind@005502a7	lib	other
5502b2	Unwind@005502b2	lib	other
5502bd	Unwind@005502bd	lib	other
5502c8	Unwind@005502c8	lib	other
5502d3	Unwind@005502d3	lib	other
5502de	Unwind@005502de	lib	other
5502e9	Unwind@005502e9	lib	other
5502f4	Unwind@005502f4	lib	other
5502ff	Unwind@005502ff	lib	other
55030a	Unwind@0055030a	lib	other
550315	Unwind@00550315	lib	other
550320	Unwind@00550320	lib	other
55032b	Unwind@0055032b	lib	other
550336	Unwind@00550336	lib	other
550341	Unwind@00550341	lib	other
55034c	Unwind@0055034c	lib	other
550357	Unwind@00550357	lib	other
550362	Unwind@00550362	lib	other
55036d	Unwind@0055036d	lib	other
550378	Unwind@00550378	lib	other
550383	Unwind@00550383	lib	other
55038e	Unwind@0055038e	lib	other
550399	Unwind@00550399	lib	other
5503a4	Unwind@005503a4	lib	other
5503af	Unwind@005503af	lib	other
5503ba	Unwind@005503ba	lib	other
5503c5	Unwind@005503c5	lib	other
5503d0	Unwind@005503d0	lib	other
5503db	Unwind@005503db	lib	other
5503e6	Unwind@005503e6	lib	other
5503f1	Unwind@005503f1	lib	other
5503fc	Unwind@005503fc	lib	other
550407	Unwind@00550407	lib	other
550412	Unwind@00550412	lib	other
55041d	Unwind@0055041d	lib	other
550428	Unwind@00550428	lib	other
550433	Unwind@00550433	lib	other
55043e	Unwind@0055043e	lib	other
550449	Unwind@00550449	lib	other
550454	Unwind@00550454	lib	other
55045f	Unwind@0055045f	lib	other
55046a	Unwind@0055046a	lib	other
550475	Unwind@00550475	lib	other
550480	Unwind@00550480	lib	other
55048b	Unwind@0055048b	lib	other
550496	Unwind@00550496	lib	other
5504a1	Unwind@005504a1	lib	other
5504ac	Unwind@005504ac	lib	other
5504b7	Unwind@005504b7	lib	other
5504c2	Unwind@005504c2	lib	other
5504cd	Unwind@005504cd	lib	other
5504d8	Unwind@005504d8	lib	other
5504e3	Unwind@005504e3	lib	other
5504ee	Unwind@005504ee	lib	other
5504f9	Unwind@005504f9	lib	other
550504	Unwind@00550504	lib	other
55050f	Unwind@0055050f	lib	other
55051a	Unwind@0055051a	lib	other
550525	Unwind@00550525	lib	other
550530	Unwind@00550530	lib	other
55053b	Unwind@0055053b	lib	other
550546	Unwind@00550546	lib	other
550551	Unwind@00550551	lib	other
55055c	Unwind@0055055c	lib	other
550567	Unwind@00550567	lib	other
550572	Unwind@00550572	lib	other
55057d	Unwind@0055057d	lib	other
550588	Unwind@00550588	lib	other
550593	Unwind@00550593	lib	other
55059e	Unwind@0055059e	lib	other
5505a9	Unwind@005505a9	lib	other
5505b4	Unwind@005505b4	lib	other
5505bf	Unwind@005505bf	lib	other
5505ca	Unwind@005505ca	lib	other
5505d5	Unwind@005505d5	lib	other
5505e0	Unwind@005505e0	lib	other
5505eb	Unwind@005505eb	lib	other
5505f6	Unwind@005505f6	lib	other
550601	Unwind@00550601	lib	other
55060c	Unwind@0055060c	lib	other
550617	Unwind@00550617	lib	other
550622	Unwind@00550622	lib	other
55062d	Unwind@0055062d	lib	other
550638	Unwind@00550638	lib	other
550643	Unwind@00550643	lib	other
55064e	Unwind@0055064e	lib	other
550659	Unwind@00550659	lib	other
550664	Unwind@00550664	lib	other
55066f	Unwind@0055066f	lib	other
55067a	Unwind@0055067a	lib	other
550685	Unwind@00550685	lib	other
550690	Unwind@00550690	lib	other
55069b	Unwind@0055069b	lib	other
5506a6	Unwind@005506a6	lib	other
5506b1	Unwind@005506b1	lib	other
5506bc	Unwind@005506bc	lib	other
5506c7	Unwind@005506c7	lib	other
5506d2	Unwind@005506d2	lib	other
5506dd	Unwind@005506dd	lib	other
5506e8	Unwind@005506e8	lib	other
5506f3	Unwind@005506f3	lib	other
5506fe	Unwind@005506fe	lib	other
550709	Unwind@00550709	lib	other
550714	Unwind@00550714	lib	other
55071f	Unwind@0055071f	lib	other
55072a	Unwind@0055072a	lib	other
550735	Unwind@00550735	lib	other
550740	Unwind@00550740	lib	other
55074b	Unwind@0055074b	lib	other
550756	Unwind@00550756	lib	other
550761	Unwind@00550761	lib	other
55076c	Unwind@0055076c	lib	other
550777	Unwind@00550777	lib	other
550782	Unwind@00550782	lib	other
55078d	Unwind@0055078d	lib	other
550798	Unwind@00550798	lib	other
5507a3	Unwind@005507a3	lib	other
5507ae	Unwind@005507ae	lib	other
5507b9	Unwind@005507b9	lib	other
5507c4	Unwind@005507c4	lib	other
5507cf	Unwind@005507cf	lib	other
5507da	Unwind@005507da	lib	other
5507e5	Unwind@005507e5	lib	other
5507f0	Unwind@005507f0	lib	other
5507fb	Unwind@005507fb	lib	other
550806	Unwind@00550806	lib	other
550811	Unwind@00550811	lib	other
55081c	Unwind@0055081c	lib	other
550827	Unwind@00550827	lib	other
550832	Unwind@00550832	lib	other
55083d	Unwind@0055083d	lib	other
550848	Unwind@00550848	lib	other
550853	Unwind@00550853	lib	other
55085e	Unwind@0055085e	lib	other
550869	Unwind@00550869	lib	other
550874	Unwind@00550874	lib	other
55087f	Unwind@0055087f	lib	other
55088a	Unwind@0055088a	lib	other
550895	Unwind@00550895	lib	other
5508a0	Unwind@005508a0	lib	other
5508ab	Unwind@005508ab	lib	other
5508b6	Unwind@005508b6	lib	other
5508c1	Unwind@005508c1	lib	other
5508cc	Unwind@005508cc	lib	other
5508d7	Unwind@005508d7	lib	other
5508e2	Unwind@005508e2	lib	other
5508ed	Unwind@005508ed	lib	other
5508f8	Unwind@005508f8	lib	other
550903	Unwind@00550903	lib	other
55090e	Unwind@0055090e	lib	other
550919	Unwind@00550919	lib	other
550924	Unwind@00550924	lib	other
55092f	Unwind@0055092f	lib	other
55093a	Unwind@0055093a	lib	other
550945	Unwind@00550945	lib	other
550950	Unwind@00550950	lib	other
55095b	Unwind@0055095b	lib	other
550966	Unwind@00550966	lib	other
550971	Unwind@00550971	lib	other
55097c	Unwind@0055097c	lib	other
550987	Unwind@00550987	lib	other
550992	Unwind@00550992	lib	other
55099d	Unwind@0055099d	lib	other
5509a8	Unwind@005509a8	lib	other
5509b3	Unwind@005509b3	lib	other
5509be	Unwind@005509be	lib	other
5509c9	Unwind@005509c9	lib	other
5509d4	Unwind@005509d4	lib	other
5509df	Unwind@005509df	lib	other
5509ea	Unwind@005509ea	lib	other
5509f5	Unwind@005509f5	lib	other
550a00	Unwind@00550a00	lib	other
550a0b	Unwind@00550a0b	lib	other
550a16	Unwind@00550a16	lib	other
550a21	Unwind@00550a21	lib	other
550a2c	Unwind@00550a2c	lib	other
550a37	Unwind@00550a37	lib	other
550a42	Unwind@00550a42	lib	other
550a4d	Unwind@00550a4d	lib	other
550a58	Unwind@00550a58	lib	other
550a63	Unwind@00550a63	lib	other
550a6e	Unwind@00550a6e	lib	other
550a79	Unwind@00550a79	lib	other
550a84	Unwind@00550a84	lib	other
550a8f	Unwind@00550a8f	lib	other
550a9a	Unwind@00550a9a	lib	other
550aa5	Unwind@00550aa5	lib	other
550ab0	Unwind@00550ab0	lib	other
550abb	Unwind@00550abb	lib	other
550ac6	Unwind@00550ac6	lib	other
550ad1	Unwind@00550ad1	lib	other
550adc	Unwind@00550adc	lib	other
550ae7	Unwind@00550ae7	lib	other
550af2	Unwind@00550af2	lib	other
550afd	Unwind@00550afd	lib	other
550b08	Unwind@00550b08	lib	other
550b13	Unwind@00550b13	lib	other
550b1e	Unwind@00550b1e	lib	other
550b29	Unwind@00550b29	lib	other
550b34	Unwind@00550b34	lib	other
550b3f	Unwind@00550b3f	lib	other
550b4a	Unwind@00550b4a	lib	other
550b55	Unwind@00550b55	lib	other
550b60	Unwind@00550b60	lib	other
550b6b	Unwind@00550b6b	lib	other
550b76	Unwind@00550b76	lib	other
550b81	Unwind@00550b81	lib	other
550b8c	Unwind@00550b8c	lib	other
550b97	Unwind@00550b97	lib	other
550ba2	Unwind@00550ba2	lib	other
550baa	Unwind@00550baa	lib	other
550bb2	Unwind@00550bb2	lib	other
550bbd	Unwind@00550bbd	lib	other
550bc5	Unwind@00550bc5	lib	other
550bd0	Unwind@00550bd0	lib	other
550bdb	Unwind@00550bdb	lib	other
550be6	Unwind@00550be6	lib	other
550bf1	Unwind@00550bf1	lib	other
550bfc	Unwind@00550bfc	lib	other
550c07	Unwind@00550c07	lib	other
550c12	Unwind@00550c12	lib	other
550c1d	Unwind@00550c1d	lib	other
550c28	Unwind@00550c28	lib	other
550c33	Unwind@00550c33	lib	other
550c3e	Unwind@00550c3e	lib	other
550c49	Unwind@00550c49	lib	other
550c54	Unwind@00550c54	lib	other
550c5f	Unwind@00550c5f	lib	other
550c6a	Unwind@00550c6a	lib	other
550c75	Unwind@00550c75	lib	other
550c80	Unwind@00550c80	lib	other
550c8b	Unwind@00550c8b	lib	other
550c96	Unwind@00550c96	lib	other
550ca1	Unwind@00550ca1	lib	other
550cac	Unwind@00550cac	lib	other
550cb7	Unwind@00550cb7	lib	other
550cc2	Unwind@00550cc2	lib	other
550ccd	Unwind@00550ccd	lib	other
550cd8	Unwind@00550cd8	lib	other
550ce3	Unwind@00550ce3	lib	other
550cee	Unwind@00550cee	lib	other
550cf9	Unwind@00550cf9	lib	other
550d04	Unwind@00550d04	lib	other
550d0f	Unwind@00550d0f	lib	other
550d1a	Unwind@00550d1a	lib	other
550d25	Unwind@00550d25	lib	other
550d30	Unwind@00550d30	lib	other
550d3b	Unwind@00550d3b	lib	other
550d46	Unwind@00550d46	lib	other
550d51	Unwind@00550d51	lib	other
550d5c	Unwind@00550d5c	lib	other
550d67	Unwind@00550d67	lib	other
550d72	Unwind@00550d72	lib	other
550d7d	Unwind@00550d7d	lib	other
550d88	Unwind@00550d88	lib	other
550d93	Unwind@00550d93	lib	other
550d9e	Unwind@00550d9e	lib	other
550da9	Unwind@00550da9	lib	other
550db4	Unwind@00550db4	lib	other
550dbf	Unwind@00550dbf	lib	other
550dca	Unwind@00550dca	lib	other
550dd5	Unwind@00550dd5	lib	other
550de0	Unwind@00550de0	lib	other
550deb	Unwind@00550deb	lib	other
550df6	Unwind@00550df6	lib	other
550e01	Unwind@00550e01	lib	other
550e0c	Unwind@00550e0c	lib	other
550e17	Unwind@00550e17	lib	other
550e22	Unwind@00550e22	lib	other
550e2d	Unwind@00550e2d	lib	other
550e38	Unwind@00550e38	lib	other
550e43	Unwind@00550e43	lib	other
550e4e	Unwind@00550e4e	lib	other
550e59	Unwind@00550e59	lib	other
550e64	Unwind@00550e64	lib	other
550e6f	Unwind@00550e6f	lib	other
550e7a	Unwind@00550e7a	lib	other
550e85	Unwind@00550e85	lib	other
550e90	Unwind@00550e90	lib	other
550e9b	Unwind@00550e9b	lib	other
550ea6	Unwind@00550ea6	lib	other
550eb1	Unwind@00550eb1	lib	other
550ebc	Unwind@00550ebc	lib	other
550ec7	Unwind@00550ec7	lib	other
550ed2	Unwind@00550ed2	lib	other
550edd	Unwind@00550edd	lib	other
550ee8	Unwind@00550ee8	lib	other
550ef3	Unwind@00550ef3	lib	other
550efe	Unwind@00550efe	lib	other
550f09	Unwind@00550f09	lib	other
550f14	Unwind@00550f14	lib	other
550f1f	Unwind@00550f1f	lib	other
550f2a	Unwind@00550f2a	lib	other
550f35	Unwind@00550f35	lib	other
550f40	Unwind@00550f40	lib	other
550f4b	Unwind@00550f4b	lib	other
550f56	Unwind@00550f56	lib	other
550f61	Unwind@00550f61	lib	other
550f6c	Unwind@00550f6c	lib	other
550f77	Unwind@00550f77	lib	other
550f82	Unwind@00550f82	lib	other
550f8d	Unwind@00550f8d	lib	other
550f98	Unwind@00550f98	lib	other
550fa3	Unwind@00550fa3	lib	other
550fae	Unwind@00550fae	lib	other
550fb9	Unwind@00550fb9	lib	other
550fc4	Unwind@00550fc4	lib	other
550fcf	Unwind@00550fcf	lib	other
550fda	Unwind@00550fda	lib	other
550fe5	Unwind@00550fe5	lib	other
550ff0	Unwind@00550ff0	lib	other
550ffb	Unwind@00550ffb	lib	other
551006	Unwind@00551006	lib	other
551011	Unwind@00551011	lib	other
55101c	Unwind@0055101c	lib	other
551027	Unwind@00551027	lib	other
551032	Unwind@00551032	lib	other
55103d	Unwind@0055103d	lib	other
551048	Unwind@00551048	lib	other
551053	Unwind@00551053	lib	other
55105e	Unwind@0055105e	lib	other
551069	Unwind@00551069	lib	other
551074	Unwind@00551074	lib	other
55107f	Unwind@0055107f	lib	other
55108a	Unwind@0055108a	lib	other
551095	Unwind@00551095	lib	other
5510a0	Unwind@005510a0	lib	other
5510ab	Unwind@005510ab	lib	other
5510b6	Unwind@005510b6	lib	other
5510c1	Unwind@005510c1	lib	other
5510cc	Unwind@005510cc	lib	other
5510d7	Unwind@005510d7	lib	other
5510e2	Unwind@005510e2	lib	other
5510ed	Unwind@005510ed	lib	other
5510f8	Unwind@005510f8	lib	other
551103	Unwind@00551103	lib	other
55110e	Unwind@0055110e	lib	other
551119	Unwind@00551119	lib	other
551124	Unwind@00551124	lib	other
55112f	Unwind@0055112f	lib	other
55113a	Unwind@0055113a	lib	other
551145	Unwind@00551145	lib	other
551150	Unwind@00551150	lib	other
55115b	Unwind@0055115b	lib	other
551166	Unwind@00551166	lib	other
551171	Unwind@00551171	lib	other
55117c	Unwind@0055117c	lib	other
551187	Unwind@00551187	lib	other
551192	Unwind@00551192	lib	other
55119d	Unwind@0055119d	lib	other
5511a8	Unwind@005511a8	lib	other
5511b3	Unwind@005511b3	lib	other
5511be	Unwind@005511be	lib	other
5511c9	Unwind@005511c9	lib	other
5511d4	Unwind@005511d4	lib	other
5511df	Unwind@005511df	lib	other
5511ea	Unwind@005511ea	lib	other
5511f5	Unwind@005511f5	lib	other
551200	Unwind@00551200	lib	other
55120b	Unwind@0055120b	lib	other
551216	Unwind@00551216	lib	other
551221	Unwind@00551221	lib	other
55122c	Unwind@0055122c	lib	other
551237	Unwind@00551237	lib	other
551242	Unwind@00551242	lib	other
55124d	Unwind@0055124d	lib	other
551258	Unwind@00551258	lib	other
551263	Unwind@00551263	lib	other
55126e	Unwind@0055126e	lib	other
551279	Unwind@00551279	lib	other
551284	Unwind@00551284	lib	other
55128f	Unwind@0055128f	lib	other
55129a	Unwind@0055129a	lib	other
5512a5	Unwind@005512a5	lib	other
5512b0	Unwind@005512b0	lib	other
5512bb	Unwind@005512bb	lib	other
5512c6	Unwind@005512c6	lib	other
5512d1	Unwind@005512d1	lib	other
5512dc	Unwind@005512dc	lib	other
5512e7	Unwind@005512e7	lib	other
5512f2	Unwind@005512f2	lib	other
5512fd	Unwind@005512fd	lib	other
551308	Unwind@00551308	lib	other
551313	Unwind@00551313	lib	other
55131e	Unwind@0055131e	lib	other
551329	Unwind@00551329	lib	other
551334	Unwind@00551334	lib	other
55133f	Unwind@0055133f	lib	other
55134a	Unwind@0055134a	lib	other
551355	Unwind@00551355	lib	other
551360	Unwind@00551360	lib	other
55136b	Unwind@0055136b	lib	other
551376	Unwind@00551376	lib	other
551381	Unwind@00551381	lib	other
55138c	Unwind@0055138c	lib	other
551397	Unwind@00551397	lib	other
5513a2	Unwind@005513a2	lib	other
5513ad	Unwind@005513ad	lib	other
5513b8	Unwind@005513b8	lib	other
5513c3	Unwind@005513c3	lib	other
5513ce	Unwind@005513ce	lib	other
5513d9	Unwind@005513d9	lib	other
5513e4	Unwind@005513e4	lib	other
5513ef	Unwind@005513ef	lib	other
5513fa	Unwind@005513fa	lib	other
551405	Unwind@00551405	lib	other
551410	Unwind@00551410	lib	other
55141b	Unwind@0055141b	lib	other
551426	Unwind@00551426	lib	other
551431	Unwind@00551431	lib	other
55143c	Unwind@0055143c	lib	other
551447	Unwind@00551447	lib	other
551452	Unwind@00551452	lib	other
55145d	Unwind@0055145d	lib	other
551468	Unwind@00551468	lib	other
551473	Unwind@00551473	lib	other
55147e	Unwind@0055147e	lib	other
551489	Unwind@00551489	lib	other
551494	Unwind@00551494	lib	other
55149f	Unwind@0055149f	lib	other
5514aa	Unwind@005514aa	lib	other
5514b5	Unwind@005514b5	lib	other
5514c0	Unwind@005514c0	lib	other
5514cb	Unwind@005514cb	lib	other
5514d6	Unwind@005514d6	lib	other
5514e1	Unwind@005514e1	lib	other
5514ec	Unwind@005514ec	lib	other
5514f7	Unwind@005514f7	lib	other
551502	Unwind@00551502	lib	other
55150d	Unwind@0055150d	lib	other
551518	Unwind@00551518	lib	other
551523	Unwind@00551523	lib	other
55152e	Unwind@0055152e	lib	other
551539	Unwind@00551539	lib	other
551544	Unwind@00551544	lib	other
55154f	Unwind@0055154f	lib	other
55155a	Unwind@0055155a	lib	other
551565	Unwind@00551565	lib	other
551570	Unwind@00551570	lib	other
55157b	Unwind@0055157b	lib	other
551586	Unwind@00551586	lib	other
551591	Unwind@00551591	lib	other
55159c	Unwind@0055159c	lib	other
5515a7	Unwind@005515a7	lib	other
5515b2	Unwind@005515b2	lib	other
5515bd	Unwind@005515bd	lib	other
5515c8	Unwind@005515c8	lib	other
5515d3	Unwind@005515d3	lib	other
5515de	Unwind@005515de	lib	other
5515e9	Unwind@005515e9	lib	other
5515f4	Unwind@005515f4	lib	other
5515ff	Unwind@005515ff	lib	other
55160a	Unwind@0055160a	lib	other
551615	Unwind@00551615	lib	other
551620	Unwind@00551620	lib	other
55162b	Unwind@0055162b	lib	other
551636	Unwind@00551636	lib	other
551641	Unwind@00551641	lib	other
55164c	Unwind@0055164c	lib	other
551657	Unwind@00551657	lib	other
551662	Unwind@00551662	lib	other
55166d	Unwind@0055166d	lib	other
551678	Unwind@00551678	lib	other
551683	Unwind@00551683	lib	other
55168e	Unwind@0055168e	lib	other
551699	Unwind@00551699	lib	other
5516a4	Unwind@005516a4	lib	other
5516af	Unwind@005516af	lib	other
5516ba	Unwind@005516ba	lib	other
5516c5	Unwind@005516c5	lib	other
5516d0	Unwind@005516d0	lib	other
5516db	Unwind@005516db	lib	other
5516e6	Unwind@005516e6	lib	other
5516f1	Unwind@005516f1	lib	other
5516fc	Unwind@005516fc	lib	other
551707	Unwind@00551707	lib	other
551712	Unwind@00551712	lib	other
55171d	Unwind@0055171d	lib	other
551728	Unwind@00551728	lib	other
551733	Unwind@00551733	lib	other
55173e	Unwind@0055173e	lib	other
551749	Unwind@00551749	lib	other
551754	Unwind@00551754	lib	other
55175f	Unwind@0055175f	lib	other
55176a	Unwind@0055176a	lib	other
551775	Unwind@00551775	lib	other
551780	Unwind@00551780	lib	other
55178b	Unwind@0055178b	lib	other
551796	Unwind@00551796	lib	other
5517a1	Unwind@005517a1	lib	other
5517ac	Unwind@005517ac	lib	other
5517b7	Unwind@005517b7	lib	other
5517c2	Unwind@005517c2	lib	other
5517cd	Unwind@005517cd	lib	other
5517d8	Unwind@005517d8	lib	other
5517e3	Unwind@005517e3	lib	other
5517ee	Unwind@005517ee	lib	other
5517f9	Unwind@005517f9	lib	other
551804	Unwind@00551804	lib	other
55180f	Unwind@0055180f	lib	other
55181a	Unwind@0055181a	lib	other
551825	Unwind@00551825	lib	other
551830	Unwind@00551830	lib	other
55183b	Unwind@0055183b	lib	other
551846	Unwind@00551846	lib	other
551851	Unwind@00551851	lib	other
55185c	Unwind@0055185c	lib	other
551867	Unwind@00551867	lib	other
551872	Unwind@00551872	lib	other
55187d	Unwind@0055187d	lib	other
551888	Unwind@00551888	lib	other
551893	Unwind@00551893	lib	other
55189e	Unwind@0055189e	lib	other
5518a9	Unwind@005518a9	lib	other
5518b4	Unwind@005518b4	lib	other
5518bf	Unwind@005518bf	lib	other
5518ca	Unwind@005518ca	lib	other
5518d5	Unwind@005518d5	lib	other
5518e0	Unwind@005518e0	lib	other
5518eb	Unwind@005518eb	lib	other
5518f6	Unwind@005518f6	lib	other
551901	Unwind@00551901	lib	other
55190c	Unwind@0055190c	lib	other
551917	Unwind@00551917	lib	other
551922	Unwind@00551922	lib	other
55192d	Unwind@0055192d	lib	other
551938	Unwind@00551938	lib	other
551943	Unwind@00551943	lib	other
55194e	Unwind@0055194e	lib	other
551959	Unwind@00551959	lib	other
551964	Unwind@00551964	lib	other
55196f	Unwind@0055196f	lib	other
55197a	Unwind@0055197a	lib	other
551985	Unwind@00551985	lib	other
551990	Unwind@00551990	lib	other
55199b	Unwind@0055199b	lib	other
5519a6	Unwind@005519a6	lib	other
5519b1	Unwind@005519b1	lib	other
5519bc	Unwind@005519bc	lib	other
5519c7	Unwind@005519c7	lib	other
5519d2	Unwind@005519d2	lib	other
5519dd	Unwind@005519dd	lib	other
5519e8	Unwind@005519e8	lib	other
5519f3	Unwind@005519f3	lib	other
5519fe	Unwind@005519fe	lib	other
551a09	Unwind@00551a09	lib	other
551a14	Unwind@00551a14	lib	other
551a1f	Unwind@00551a1f	lib	other
551a2a	Unwind@00551a2a	lib	other
551a35	Unwind@00551a35	lib	other
551a40	Unwind@00551a40	lib	other
551a4b	Unwind@00551a4b	lib	other
551a56	Unwind@00551a56	lib	other
551a61	Unwind@00551a61	lib	other
551a6c	Unwind@00551a6c	lib	other
551a77	Unwind@00551a77	lib	other
551a82	Unwind@00551a82	lib	other
551a8d	Unwind@00551a8d	lib	other
551a98	Unwind@00551a98	lib	other
551aa3	Unwind@00551aa3	lib	other
551aae	Unwind@00551aae	lib	other
551ab9	Unwind@00551ab9	lib	other
551ac4	Unwind@00551ac4	lib	other
551acf	Unwind@00551acf	lib	other
551ada	Unwind@00551ada	lib	other
551ae5	Unwind@00551ae5	lib	other
551af0	Unwind@00551af0	lib	other
551afb	Unwind@00551afb	lib	other
551b06	Unwind@00551b06	lib	other
551b11	Unwind@00551b11	lib	other
551b1c	Unwind@00551b1c	lib	other
551b27	Unwind@00551b27	lib	other
551b32	Unwind@00551b32	lib	other
551b3d	Unwind@00551b3d	lib	other
551b48	Unwind@00551b48	lib	other
551b53	Unwind@00551b53	lib	other
551b5e	Unwind@00551b5e	lib	other
551b69	Unwind@00551b69	lib	other
551b74	Unwind@00551b74	lib	other
551b7f	Unwind@00551b7f	lib	other
551b8a	Unwind@00551b8a	lib	other
551b95	Unwind@00551b95	lib	other
551ba0	Unwind@00551ba0	lib	other
551bab	Unwind@00551bab	lib	other
551bb6	Unwind@00551bb6	lib	other
551bc1	Unwind@00551bc1	lib	other
551bcc	Unwind@00551bcc	lib	other
551bd7	Unwind@00551bd7	lib	other
551be2	Unwind@00551be2	lib	other
551bed	Unwind@00551bed	lib	other
551bf8	Unwind@00551bf8	lib	other
551c03	Unwind@00551c03	lib	other
551c0e	Unwind@00551c0e	lib	other
551c19	Unwind@00551c19	lib	other
551c24	Unwind@00551c24	lib	other
551c2f	Unwind@00551c2f	lib	other
551c3a	Unwind@00551c3a	lib	other
551c45	Unwind@00551c45	lib	other
551c50	Unwind@00551c50	lib	other
551c5b	Unwind@00551c5b	lib	other
551c66	Unwind@00551c66	lib	other
551c71	Unwind@00551c71	lib	other
551c7c	Unwind@00551c7c	lib	other
551c87	Unwind@00551c87	lib	other
551c92	Unwind@00551c92	lib	other
551c9d	Unwind@00551c9d	lib	other
551ca8	Unwind@00551ca8	lib	other
551cb3	Unwind@00551cb3	lib	other
551cbe	Unwind@00551cbe	lib	other
551cc9	Unwind@00551cc9	lib	other
551cd4	Unwind@00551cd4	lib	other
551cdf	Unwind@00551cdf	lib	other
551cea	Unwind@00551cea	lib	other
551cf5	Unwind@00551cf5	lib	other
551d00	Unwind@00551d00	lib	other
551d0b	Unwind@00551d0b	lib	other
551d16	Unwind@00551d16	lib	other
551d21	Unwind@00551d21	lib	other
551d2c	Unwind@00551d2c	lib	other
551d37	Unwind@00551d37	lib	other
551d42	Unwind@00551d42	lib	other
551d4d	Unwind@00551d4d	lib	other
551d58	Unwind@00551d58	lib	other
551d63	Unwind@00551d63	lib	other
551d6e	Unwind@00551d6e	lib	other
551d79	Unwind@00551d79	lib	other
551d84	Unwind@00551d84	lib	other
551d8f	Unwind@00551d8f	lib	other
551d9a	Unwind@00551d9a	lib	other
551da5	Unwind@00551da5	lib	other
551db0	Unwind@00551db0	lib	other
551dbb	Unwind@00551dbb	lib	other
551dc6	Unwind@00551dc6	lib	other
551dd1	Unwind@00551dd1	lib	other
551ddc	Unwind@00551ddc	lib	other
551de7	Unwind@00551de7	lib	other
551df2	Unwind@00551df2	lib	other
551dfd	Unwind@00551dfd	lib	other
551e08	Unwind@00551e08	lib	other
551e13	Unwind@00551e13	lib	other
551e1e	Unwind@00551e1e	lib	other
551e29	Unwind@00551e29	lib	other
551e34	Unwind@00551e34	lib	other
551e3f	Unwind@00551e3f	lib	other
551e4a	Unwind@00551e4a	lib	other
551e55	Unwind@00551e55	lib	other
551e60	Unwind@00551e60	lib	other
551e6b	Unwind@00551e6b	lib	other
551e76	Unwind@00551e76	lib	other
551e81	Unwind@00551e81	lib	other
551e8c	Unwind@00551e8c	lib	other
551e97	Unwind@00551e97	lib	other
551ea2	Unwind@00551ea2	lib	other
551ead	Unwind@00551ead	lib	other
551eb8	Unwind@00551eb8	lib	other
551ec3	Unwind@00551ec3	lib	other
551ece	Unwind@00551ece	lib	other
551ed9	Unwind@00551ed9	lib	other
551ee4	Unwind@00551ee4	lib	other
551eef	Unwind@00551eef	lib	other
551efa	Unwind@00551efa	lib	other
551f05	Unwind@00551f05	lib	other
551f10	Unwind@00551f10	lib	other
551f1b	Unwind@00551f1b	lib	other
551f26	Unwind@00551f26	lib	other
551f31	Unwind@00551f31	lib	other
551f3c	Unwind@00551f3c	lib	other
551f47	Unwind@00551f47	lib	other
551f52	Unwind@00551f52	lib	other
551f5d	Unwind@00551f5d	lib	other
551f68	Unwind@00551f68	lib	other
551f73	Unwind@00551f73	lib	other
551f7e	Unwind@00551f7e	lib	other
551f89	Unwind@00551f89	lib	other
551f94	Unwind@00551f94	lib	other
551f9f	Unwind@00551f9f	lib	other
551faa	Unwind@00551faa	lib	other
551fb5	Unwind@00551fb5	lib	other
551fc0	Unwind@00551fc0	lib	other
551fcb	Unwind@00551fcb	lib	other
551fd6	Unwind@00551fd6	lib	other
551fe1	Unwind@00551fe1	lib	other
551fec	Unwind@00551fec	lib	other
551ff7	Unwind@00551ff7	lib	other
552002	Unwind@00552002	lib	other
55200d	Unwind@0055200d	lib	other
552018	Unwind@00552018	lib	other
552023	Unwind@00552023	lib	other
55202e	Unwind@0055202e	lib	other
552039	Unwind@00552039	lib	other
552044	Unwind@00552044	lib	other
55204f	Unwind@0055204f	lib	other
55205a	Unwind@0055205a	lib	other
552065	Unwind@00552065	lib	other
552070	Unwind@00552070	lib	other
55207b	Unwind@0055207b	lib	other
552086	Unwind@00552086	lib	other
552091	Unwind@00552091	lib	other
55209c	Unwind@0055209c	lib	other
5520a7	Unwind@005520a7	lib	other
5520b2	Unwind@005520b2	lib	other
5520bd	Unwind@005520bd	lib	other
5520c8	Unwind@005520c8	lib	other
5520d3	Unwind@005520d3	lib	other
5520de	Unwind@005520de	lib	other
5520e9	Unwind@005520e9	lib	other
5520f4	Unwind@005520f4	lib	other
5520ff	Unwind@005520ff	lib	other
55210a	Unwind@0055210a	lib	other
552115	Unwind@00552115	lib	other
552120	Unwind@00552120	lib	other
55212b	Unwind@0055212b	lib	other
552136	Unwind@00552136	lib	other
552141	Unwind@00552141	lib	other
55214c	Unwind@0055214c	lib	other
552157	Unwind@00552157	lib	other
552162	Unwind@00552162	lib	other
55216d	Unwind@0055216d	lib	other
552178	Unwind@00552178	lib	other
552183	Unwind@00552183	lib	other
55218e	Unwind@0055218e	lib	other
552199	Unwind@00552199	lib	other
5521a4	Unwind@005521a4	lib	other
5521af	Unwind@005521af	lib	other
5521ba	Unwind@005521ba	lib	other
5521c5	Unwind@005521c5	lib	other
5521d0	Unwind@005521d0	lib	other
5521db	Unwind@005521db	lib	other
5521e6	Unwind@005521e6	lib	other
5521f1	Unwind@005521f1	lib	other
5521fc	Unwind@005521fc	lib	other
552207	Unwind@00552207	lib	other
552212	Unwind@00552212	lib	other
55221d	Unwind@0055221d	lib	other
552228	Unwind@00552228	lib	other
552233	Unwind@00552233	lib	other
55223e	Unwind@0055223e	lib	other
552249	Unwind@00552249	lib	other
552254	Unwind@00552254	lib	other
55225f	Unwind@0055225f	lib	other
55226a	Unwind@0055226a	lib	other
552275	Unwind@00552275	lib	other
552280	Unwind@00552280	lib	other
55228b	Unwind@0055228b	lib	other
552296	Unwind@00552296	lib	other
5522a1	Unwind@005522a1	lib	other
5522ac	Unwind@005522ac	lib	other
5522b7	Unwind@005522b7	lib	other
5522c2	Unwind@005522c2	lib	other
5522cd	Unwind@005522cd	lib	other
5522d8	Unwind@005522d8	lib	other
5522e3	Unwind@005522e3	lib	other
5522ee	Unwind@005522ee	lib	other
5522f9	Unwind@005522f9	lib	other
552304	Unwind@00552304	lib	other
55230f	Unwind@0055230f	lib	other
55231a	Unwind@0055231a	lib	other
552325	Unwind@00552325	lib	other
552330	Unwind@00552330	lib	other
55233b	Unwind@0055233b	lib	other
552346	Unwind@00552346	lib	other
552351	Unwind@00552351	lib	other
55235c	Unwind@0055235c	lib	other
552367	Unwind@00552367	lib	other
552372	Unwind@00552372	lib	other
55237d	Unwind@0055237d	lib	other
552388	Unwind@00552388	lib	other
552393	Unwind@00552393	lib	other
55239e	Unwind@0055239e	lib	other
5523a9	Unwind@005523a9	lib	other
5523b4	Unwind@005523b4	lib	other
5523bf	Unwind@005523bf	lib	other
5523ca	Unwind@005523ca	lib	other
5523d5	Unwind@005523d5	lib	other
5523e0	Unwind@005523e0	lib	other
5523eb	Unwind@005523eb	lib	other
5523f6	Unwind@005523f6	lib	other
552401	Unwind@00552401	lib	other
55240c	Unwind@0055240c	lib	other
552417	Unwind@00552417	lib	other
552422	Unwind@00552422	lib	other
55242d	Unwind@0055242d	lib	other
552438	Unwind@00552438	lib	other
552443	Unwind@00552443	lib	other
55244e	Unwind@0055244e	lib	other
552459	Unwind@00552459	lib	other
552464	Unwind@00552464	lib	other
55246f	Unwind@0055246f	lib	other
55247a	Unwind@0055247a	lib	other
552485	Unwind@00552485	lib	other
552490	Unwind@00552490	lib	other
55249b	Unwind@0055249b	lib	other
5524a6	Unwind@005524a6	lib	other
5524b1	Unwind@005524b1	lib	other
5524bc	Unwind@005524bc	lib	other
5524c7	Unwind@005524c7	lib	other
5524d2	Unwind@005524d2	lib	other
5524dd	Unwind@005524dd	lib	other
5524e8	Unwind@005524e8	lib	other
5524f3	Unwind@005524f3	lib	other
5524fe	Unwind@005524fe	lib	other
552509	Unwind@00552509	lib	other
552514	Unwind@00552514	lib	other
55251f	Unwind@0055251f	lib	other
55252a	Unwind@0055252a	lib	other
552535	Unwind@00552535	lib	other
552540	Unwind@00552540	lib	other
55254b	Unwind@0055254b	lib	other
552556	Unwind@00552556	lib	other
552561	Unwind@00552561	lib	other
55256c	Unwind@0055256c	lib	other
552577	Unwind@00552577	lib	other
552582	Unwind@00552582	lib	other
55258d	Unwind@0055258d	lib	other
552598	Unwind@00552598	lib	other
5525a3	Unwind@005525a3	lib	other
5525ae	Unwind@005525ae	lib	other
5525b9	Unwind@005525b9	lib	other
5525c4	Unwind@005525c4	lib	other
5525cf	Unwind@005525cf	lib	other
5525da	Unwind@005525da	lib	other
5525e5	Unwind@005525e5	lib	other
5525f0	Unwind@005525f0	lib	other
5525fb	Unwind@005525fb	lib	other
552606	Unwind@00552606	lib	other
552611	Unwind@00552611	lib	other
55261c	Unwind@0055261c	lib	other
552627	Unwind@00552627	lib	other
552632	Unwind@00552632	lib	other
55263d	Unwind@0055263d	lib	other
552648	Unwind@00552648	lib	other
552653	Unwind@00552653	lib	other
55265e	Unwind@0055265e	lib	other
552669	Unwind@00552669	lib	other
552674	Unwind@00552674	lib	other
55267f	Unwind@0055267f	lib	other
55268a	Unwind@0055268a	lib	other
552695	Unwind@00552695	lib	other
5526a0	Unwind@005526a0	lib	other
5526ab	Unwind@005526ab	lib	other
5526b6	Unwind@005526b6	lib	other
5526c1	Unwind@005526c1	lib	other
5526cc	Unwind@005526cc	lib	other
5526d7	Unwind@005526d7	lib	other
5526e2	Unwind@005526e2	lib	other
5526ed	Unwind@005526ed	lib	other
5526f8	Unwind@005526f8	lib	other
552703	Unwind@00552703	lib	other
55270e	Unwind@0055270e	lib	other
552719	Unwind@00552719	lib	other
552724	Unwind@00552724	lib	other
55272f	Unwind@0055272f	lib	other
55273a	Unwind@0055273a	lib	other
552745	Unwind@00552745	lib	other
552750	Unwind@00552750	lib	other
55275b	Unwind@0055275b	lib	other
552766	Unwind@00552766	lib	other
552771	Unwind@00552771	lib	other
55277c	Unwind@0055277c	lib	other
552787	Unwind@00552787	lib	other
552792	Unwind@00552792	lib	other
55279d	Unwind@0055279d	lib	other
5527a8	Unwind@005527a8	lib	other
5527b3	Unwind@005527b3	lib	other
5527be	Unwind@005527be	lib	other
5527c9	Unwind@005527c9	lib	other
5527d4	Unwind@005527d4	lib	other
5527df	Unwind@005527df	lib	other
5527ea	Unwind@005527ea	lib	other
5527f5	Unwind@005527f5	lib	other
552800	Unwind@00552800	lib	other
55280b	Unwind@0055280b	lib	other
552816	Unwind@00552816	lib	other
552821	Unwind@00552821	lib	other
55282c	Unwind@0055282c	lib	other
552837	Unwind@00552837	lib	other
552842	Unwind@00552842	lib	other
55284d	Unwind@0055284d	lib	other
552858	Unwind@00552858	lib	other
552863	Unwind@00552863	lib	other
55286e	Unwind@0055286e	lib	other
552879	Unwind@00552879	lib	other
552884	Unwind@00552884	lib	other
55288f	Unwind@0055288f	lib	other
55289a	Unwind@0055289a	lib	other
5528a5	Unwind@005528a5	lib	other
5528b0	Unwind@005528b0	lib	other
5528bb	Unwind@005528bb	lib	other
5528c6	Unwind@005528c6	lib	other
5528d1	Unwind@005528d1	lib	other
5528dc	Unwind@005528dc	lib	other
5528e7	Unwind@005528e7	lib	other
5528f2	Unwind@005528f2	lib	other
5528fd	Unwind@005528fd	lib	other
552908	Unwind@00552908	lib	other
552913	Unwind@00552913	lib	other
55291e	Unwind@0055291e	lib	other
552929	Unwind@00552929	lib	other
552934	Unwind@00552934	lib	other
55293f	Unwind@0055293f	lib	other
55294a	Unwind@0055294a	lib	other
552955	Unwind@00552955	lib	other
552960	Unwind@00552960	lib	other
55296b	Unwind@0055296b	lib	other
552976	Unwind@00552976	lib	other
552981	Unwind@00552981	lib	other
55298c	Unwind@0055298c	lib	other
552997	Unwind@00552997	lib	other
5529a2	Unwind@005529a2	lib	other
5529ad	Unwind@005529ad	lib	other
5529b8	Unwind@005529b8	lib	other
5529c3	Unwind@005529c3	lib	other
5529ce	Unwind@005529ce	lib	other
5529d9	Unwind@005529d9	lib	other
5529e4	Unwind@005529e4	lib	other
5529ef	Unwind@005529ef	lib	other
5529fa	Unwind@005529fa	lib	other
552a05	Unwind@00552a05	lib	other
552a10	Unwind@00552a10	lib	other
552a1b	Unwind@00552a1b	lib	other
552a26	Unwind@00552a26	lib	other
552a31	Unwind@00552a31	lib	other
552a3c	Unwind@00552a3c	lib	other
552a47	Unwind@00552a47	lib	other
552a52	Unwind@00552a52	lib	other
552a5d	Unwind@00552a5d	lib	other
552a68	Unwind@00552a68	lib	other
552a73	Unwind@00552a73	lib	other
552a7e	Unwind@00552a7e	lib	other
552a89	Unwind@00552a89	lib	other
552a94	Unwind@00552a94	lib	other
552a9f	Unwind@00552a9f	lib	other
552aaa	Unwind@00552aaa	lib	other
552ab5	Unwind@00552ab5	lib	other
552ac0	Unwind@00552ac0	lib	other
552acb	Unwind@00552acb	lib	other
552ad6	Unwind@00552ad6	lib	other
552ae1	Unwind@00552ae1	lib	other
552aec	Unwind@00552aec	lib	other
552af7	Unwind@00552af7	lib	other
552b02	Unwind@00552b02	lib	other
552b0d	Unwind@00552b0d	lib	other
552b18	Unwind@00552b18	lib	other
552b23	Unwind@00552b23	lib	other
552b2e	Unwind@00552b2e	lib	other
552b39	Unwind@00552b39	lib	other
552b44	Unwind@00552b44	lib	other
552b4f	Unwind@00552b4f	lib	other
552b5a	Unwind@00552b5a	lib	other
552b65	Unwind@00552b65	lib	other
552b70	Unwind@00552b70	lib	other
552b7b	Unwind@00552b7b	lib	other
552b86	Unwind@00552b86	lib	other
552b91	Unwind@00552b91	lib	other
552b9c	Unwind@00552b9c	lib	other
552ba7	Unwind@00552ba7	lib	other
552bb2	Unwind@00552bb2	lib	other
552bbd	Unwind@00552bbd	lib	other
552bc8	Unwind@00552bc8	lib	other
552bd3	Unwind@00552bd3	lib	other
552bde	Unwind@00552bde	lib	other
552be9	Unwind@00552be9	lib	other
552bf4	Unwind@00552bf4	lib	other
552bff	Unwind@00552bff	lib	other
552c0a	Unwind@00552c0a	lib	other
552c15	Unwind@00552c15	lib	other
552c20	Unwind@00552c20	lib	other
552c2b	Unwind@00552c2b	lib	other
552c36	Unwind@00552c36	lib	other
552c41	Unwind@00552c41	lib	other
552c4c	Unwind@00552c4c	lib	other
552c57	Unwind@00552c57	lib	other
552c62	Unwind@00552c62	lib	other
552c6d	Unwind@00552c6d	lib	other
552c78	Unwind@00552c78	lib	other
552c83	Unwind@00552c83	lib	other
552c8e	Unwind@00552c8e	lib	other
552c99	Unwind@00552c99	lib	other
552ca4	Unwind@00552ca4	lib	other
552caf	Unwind@00552caf	lib	other
552cba	Unwind@00552cba	lib	other
552cc5	Unwind@00552cc5	lib	other
552cd0	Unwind@00552cd0	lib	other
552cdb	Unwind@00552cdb	lib	other
552ce6	Unwind@00552ce6	lib	other
552cf1	Unwind@00552cf1	lib	other
552cfc	Unwind@00552cfc	lib	other
552d07	Unwind@00552d07	lib	other
552d12	Unwind@00552d12	lib	other
552d1d	Unwind@00552d1d	lib	other
552d28	Unwind@00552d28	lib	other
552d33	Unwind@00552d33	lib	other
552d3e	Unwind@00552d3e	lib	other
552d49	Unwind@00552d49	lib	other
552d54	Unwind@00552d54	lib	other
552d5f	Unwind@00552d5f	lib	other
552d6a	Unwind@00552d6a	lib	other
552d75	Unwind@00552d75	lib	other
552d80	Unwind@00552d80	lib	other
552d8b	Unwind@00552d8b	lib	other
552d96	Unwind@00552d96	lib	other
552da1	Unwind@00552da1	lib	other
552dac	Unwind@00552dac	lib	other
552db7	Unwind@00552db7	lib	other
552dc2	Unwind@00552dc2	lib	other
552dcd	Unwind@00552dcd	lib	other
552dd8	Unwind@00552dd8	lib	other
552de3	Unwind@00552de3	lib	other
552dee	Unwind@00552dee	lib	other
552df9	Unwind@00552df9	lib	other
552e04	Unwind@00552e04	lib	other
552e0f	Unwind@00552e0f	lib	other
552e1a	Unwind@00552e1a	lib	other
552e25	Unwind@00552e25	lib	other
552e30	Unwind@00552e30	lib	other
552e3b	Unwind@00552e3b	lib	other
552e46	Unwind@00552e46	lib	other
552e51	Unwind@00552e51	lib	other
552e5c	Unwind@00552e5c	lib	other
552e67	Unwind@00552e67	lib	other
552e72	Unwind@00552e72	lib	other
552e7d	Unwind@00552e7d	lib	other
552e88	Unwind@00552e88	lib	other
552e93	Unwind@00552e93	lib	other
552e9e	Unwind@00552e9e	lib	other
552ea9	Unwind@00552ea9	lib	other
552eb4	Unwind@00552eb4	lib	other
552ebf	Unwind@00552ebf	lib	other
552eca	Unwind@00552eca	lib	other
552ed5	Unwind@00552ed5	lib	other
552ee0	Unwind@00552ee0	lib	other
552eeb	Unwind@00552eeb	lib	other
552ef6	Unwind@00552ef6	lib	other
552f01	Unwind@00552f01	lib	other
552f0c	Unwind@00552f0c	lib	other
552f17	Unwind@00552f17	lib	other
552f22	Unwind@00552f22	lib	other
552f2d	Unwind@00552f2d	lib	other
552f38	Unwind@00552f38	lib	other
552f43	Unwind@00552f43	lib	other
552f4e	Unwind@00552f4e	lib	other
552f59	Unwind@00552f59	lib	other
552f64	Unwind@00552f64	lib	other
552f6f	Unwind@00552f6f	lib	other
552f7a	Unwind@00552f7a	lib	other
552f85	Unwind@00552f85	lib	other
552f90	Unwind@00552f90	lib	other
552f9b	Unwind@00552f9b	lib	other
552fa6	Unwind@00552fa6	lib	other
552fb1	Unwind@00552fb1	lib	other
552fbc	Unwind@00552fbc	lib	other
552fc7	Unwind@00552fc7	lib	other
552fd2	Unwind@00552fd2	lib	other
552fdd	Unwind@00552fdd	lib	other
552fe8	Unwind@00552fe8	lib	other
552ff3	Unwind@00552ff3	lib	other
552ffe	Unwind@00552ffe	lib	other
553009	Unwind@00553009	lib	other
553014	Unwind@00553014	lib	other
55301f	Unwind@0055301f	lib	other
55302a	Unwind@0055302a	lib	other
553035	Unwind@00553035	lib	other
553040	Unwind@00553040	lib	other
55304b	Unwind@0055304b	lib	other
553056	Unwind@00553056	lib	other
553061	Unwind@00553061	lib	other
55306c	Unwind@0055306c	lib	other
553077	Unwind@00553077	lib	other
553082	Unwind@00553082	lib	other
55308d	Unwind@0055308d	lib	other
553098	Unwind@00553098	lib	other
5530a3	Unwind@005530a3	lib	other
5530ae	Unwind@005530ae	lib	other
5530b9	Unwind@005530b9	lib	other
5530c4	Unwind@005530c4	lib	other
5530cf	Unwind@005530cf	lib	other
5530da	Unwind@005530da	lib	other
5530e5	Unwind@005530e5	lib	other
5530f0	Unwind@005530f0	lib	other
5530fb	Unwind@005530fb	lib	other
553106	Unwind@00553106	lib	other
553111	Unwind@00553111	lib	other
55311c	Unwind@0055311c	lib	other
553127	Unwind@00553127	lib	other
553132	Unwind@00553132	lib	other
55313d	Unwind@0055313d	lib	other
553148	Unwind@00553148	lib	other
553153	Unwind@00553153	lib	other
55315e	Unwind@0055315e	lib	other
553169	Unwind@00553169	lib	other
553174	Unwind@00553174	lib	other
55317f	Unwind@0055317f	lib	other
55318a	Unwind@0055318a	lib	other
553195	Unwind@00553195	lib	other
5531a0	Unwind@005531a0	lib	other
5531ab	Unwind@005531ab	lib	other
5531b6	Unwind@005531b6	lib	other
5531c1	Unwind@005531c1	lib	other
5531cc	Unwind@005531cc	lib	other
5531d7	Unwind@005531d7	lib	other
5531e2	Unwind@005531e2	lib	other
5531ed	Unwind@005531ed	lib	other
5531f8	Unwind@005531f8	lib	other
553203	Unwind@00553203	lib	other
55320e	Unwind@0055320e	lib	other
553219	Unwind@00553219	lib	other
553224	Unwind@00553224	lib	other
55322f	Unwind@0055322f	lib	other
55323a	Unwind@0055323a	lib	other
553245	Unwind@00553245	lib	other
553250	Unwind@00553250	lib	other
55325b	Unwind@0055325b	lib	other
553266	Unwind@00553266	lib	other
553271	Unwind@00553271	lib	other
55327c	Unwind@0055327c	lib	other
553287	Unwind@00553287	lib	other
553292	Unwind@00553292	lib	other
55329d	Unwind@0055329d	lib	other
5532a8	Unwind@005532a8	lib	other
5532b3	Unwind@005532b3	lib	other
5532be	Unwind@005532be	lib	other
5532c9	Unwind@005532c9	lib	other
5532d4	Unwind@005532d4	lib	other
5532df	Unwind@005532df	lib	other
5532ea	Unwind@005532ea	lib	other
5532f5	Unwind@005532f5	lib	other
553300	Unwind@00553300	lib	other
55330b	Unwind@0055330b	lib	other
553316	Unwind@00553316	lib	other
553321	Unwind@00553321	lib	other
55332c	Unwind@0055332c	lib	other
553337	Unwind@00553337	lib	other
553342	Unwind@00553342	lib	other
55334d	Unwind@0055334d	lib	other
553358	Unwind@00553358	lib	other
553363	Unwind@00553363	lib	other
55336e	Unwind@0055336e	lib	other
553379	Unwind@00553379	lib	other
553384	Unwind@00553384	lib	other
55338f	Unwind@0055338f	lib	other
55339a	Unwind@0055339a	lib	other
5533a5	Unwind@005533a5	lib	other
5533b0	Unwind@005533b0	lib	other
5533bb	Unwind@005533bb	lib	other
5533c6	Unwind@005533c6	lib	other
5533d1	Unwind@005533d1	lib	other
5533dc	Unwind@005533dc	lib	other
5533e7	Unwind@005533e7	lib	other
5533f2	Unwind@005533f2	lib	other
5533fd	Unwind@005533fd	lib	other
553408	Unwind@00553408	lib	other
553413	Unwind@00553413	lib	other
55341e	Unwind@0055341e	lib	other
553429	Unwind@00553429	lib	other
553434	Unwind@00553434	lib	other
55343f	Unwind@0055343f	lib	other
55344a	Unwind@0055344a	lib	other
553455	Unwind@00553455	lib	other
553460	Unwind@00553460	lib	other
55346b	Unwind@0055346b	lib	other
553476	Unwind@00553476	lib	other
553481	Unwind@00553481	lib	other
55348c	Unwind@0055348c	lib	other
553497	Unwind@00553497	lib	other
5534a2	Unwind@005534a2	lib	other
5534ad	Unwind@005534ad	lib	other
5534b8	Unwind@005534b8	lib	other
5534c3	Unwind@005534c3	lib	other
5534ce	Unwind@005534ce	lib	other
5534d9	Unwind@005534d9	lib	other
5534e4	Unwind@005534e4	lib	other
5534ef	Unwind@005534ef	lib	other
5534fa	Unwind@005534fa	lib	other
553505	Unwind@00553505	lib	other
553510	Unwind@00553510	lib	other
55351b	Unwind@0055351b	lib	other
553526	Unwind@00553526	lib	other
553531	Unwind@00553531	lib	other
55353c	Unwind@0055353c	lib	other
553547	Unwind@00553547	lib	other
553552	Unwind@00553552	lib	other
55355d	Unwind@0055355d	lib	other
553568	Unwind@00553568	lib	other
553573	Unwind@00553573	lib	other
55357e	Unwind@0055357e	lib	other
553589	Unwind@00553589	lib	other
553594	Unwind@00553594	lib	other
55359f	Unwind@0055359f	lib	other
5535aa	Unwind@005535aa	lib	other
5535b5	Unwind@005535b5	lib	other
5535c0	Unwind@005535c0	lib	other
5535cb	Unwind@005535cb	lib	other
5535d6	Unwind@005535d6	lib	other
5535e1	Unwind@005535e1	lib	other
5535ec	Unwind@005535ec	lib	other
5535f7	Unwind@005535f7	lib	other
553602	Unwind@00553602	lib	other
55360d	Unwind@0055360d	lib	other
553618	Unwind@00553618	lib	other
553623	Unwind@00553623	lib	other
55362e	Unwind@0055362e	lib	other
553639	Unwind@00553639	lib	other
553644	Unwind@00553644	lib	other
55364f	Unwind@0055364f	lib	other
55365a	Unwind@0055365a	lib	other
553665	Unwind@00553665	lib	other
553670	Unwind@00553670	lib	other
55367b	Unwind@0055367b	lib	other
553686	Unwind@00553686	lib	other
553691	Unwind@00553691	lib	other
55369c	Unwind@0055369c	lib	other
5536a7	Unwind@005536a7	lib	other
5536b2	Unwind@005536b2	lib	other
5536bd	Unwind@005536bd	lib	other
5536c8	Unwind@005536c8	lib	other
5536d3	Unwind@005536d3	lib	other
5536de	Unwind@005536de	lib	other
5536e9	Unwind@005536e9	lib	other
5536f4	Unwind@005536f4	lib	other
5536ff	Unwind@005536ff	lib	other
55370a	Unwind@0055370a	lib	other
553715	Unwind@00553715	lib	other
553720	Unwind@00553720	lib	other
55372b	Unwind@0055372b	lib	other
553736	Unwind@00553736	lib	other
553741	Unwind@00553741	lib	other
55374c	Unwind@0055374c	lib	other
553757	Unwind@00553757	lib	other
553762	Unwind@00553762	lib	other
55376d	Unwind@0055376d	lib	other
553778	Unwind@00553778	lib	other
553783	Unwind@00553783	lib	other
55378e	Unwind@0055378e	lib	other
553799	Unwind@00553799	lib	other
5537a4	Unwind@005537a4	lib	other
5537af	Unwind@005537af	lib	other
5537ba	Unwind@005537ba	lib	other
5537c5	Unwind@005537c5	lib	other
5537d0	Unwind@005537d0	lib	other
5537db	Unwind@005537db	lib	other
5537e6	Unwind@005537e6	lib	other
5537f1	Unwind@005537f1	lib	other
5537fc	Unwind@005537fc	lib	other
553807	Unwind@00553807	lib	other
553812	Unwind@00553812	lib	other
55381d	Unwind@0055381d	lib	other
553828	Unwind@00553828	lib	other
553833	Unwind@00553833	lib	other
55383e	Unwind@0055383e	lib	other
553849	Unwind@00553849	lib	other
553854	Unwind@00553854	lib	other
55385f	Unwind@0055385f	lib	other
55386a	Unwind@0055386a	lib	other
553875	Unwind@00553875	lib	other
553880	Unwind@00553880	lib	other
55388b	Unwind@0055388b	lib	other
553896	Unwind@00553896	lib	other
5538a1	Unwind@005538a1	lib	other
5538ac	Unwind@005538ac	lib	other
5538b7	Unwind@005538b7	lib	other
5538c2	Unwind@005538c2	lib	other
5538cd	Unwind@005538cd	lib	other
5538d8	Unwind@005538d8	lib	other
5538e3	Unwind@005538e3	lib	other
5538ee	Unwind@005538ee	lib	other
5538f9	Unwind@005538f9	lib	other
553904	Unwind@00553904	lib	other
55390f	Unwind@0055390f	lib	other
55391a	Unwind@0055391a	lib	other
553925	Unwind@00553925	lib	other
553930	Unwind@00553930	lib	other
55393b	Unwind@0055393b	lib	other
553946	Unwind@00553946	lib	other
553951	Unwind@00553951	lib	other
55395c	Unwind@0055395c	lib	other
553967	Unwind@00553967	lib	other
553972	Unwind@00553972	lib	other
55397d	Unwind@0055397d	lib	other
553988	Unwind@00553988	lib	other
553993	Unwind@00553993	lib	other
55399e	Unwind@0055399e	lib	other
5539a9	Unwind@005539a9	lib	other
5539b4	Unwind@005539b4	lib	other
5539bf	Unwind@005539bf	lib	other
5539ca	Unwind@005539ca	lib	other
5539d5	Unwind@005539d5	lib	other
5539e0	Unwind@005539e0	lib	other
5539eb	Unwind@005539eb	lib	other
5539f6	Unwind@005539f6	lib	other
553a01	Unwind@00553a01	lib	other
553a0c	Unwind@00553a0c	lib	other
553a17	Unwind@00553a17	lib	other
553a22	Unwind@00553a22	lib	other
553a2d	Unwind@00553a2d	lib	other
553a38	Unwind@00553a38	lib	other
553a43	Unwind@00553a43	lib	other
553a4e	Unwind@00553a4e	lib	other
553a59	Unwind@00553a59	lib	other
553a64	Unwind@00553a64	lib	other
553a6f	Unwind@00553a6f	lib	other
553a7a	Unwind@00553a7a	lib	other
553a85	Unwind@00553a85	lib	other
553a90	Unwind@00553a90	lib	other
553a9b	Unwind@00553a9b	lib	other
553aa6	Unwind@00553aa6	lib	other
553ab1	Unwind@00553ab1	lib	other
553abc	Unwind@00553abc	lib	other
553ac7	Unwind@00553ac7	lib	other
553ad2	Unwind@00553ad2	lib	other
553add	Unwind@00553add	lib	other
553ae8	Unwind@00553ae8	lib	other
553af3	Unwind@00553af3	lib	other
553afe	Unwind@00553afe	lib	other
553b09	Unwind@00553b09	lib	other
553b14	Unwind@00553b14	lib	other
553b1f	Unwind@00553b1f	lib	other
553b2a	Unwind@00553b2a	lib	other
553b35	Unwind@00553b35	lib	other
553b40	Unwind@00553b40	lib	other
553b4b	Unwind@00553b4b	lib	other
553b56	Unwind@00553b56	lib	other
553b61	Unwind@00553b61	lib	other
553b6c	Unwind@00553b6c	lib	other
553b77	Unwind@00553b77	lib	other
553b82	Unwind@00553b82	lib	other
553b8d	Unwind@00553b8d	lib	other
553b98	Unwind@00553b98	lib	other
553ba3	Unwind@00553ba3	lib	other
553bae	Unwind@00553bae	lib	other
553bb9	Unwind@00553bb9	lib	other
553bc4	Unwind@00553bc4	lib	other
553bcf	Unwind@00553bcf	lib	other
553bda	Unwind@00553bda	lib	other
553be5	Unwind@00553be5	lib	other
553bf0	Unwind@00553bf0	lib	other
553bfb	Unwind@00553bfb	lib	other
553c06	Unwind@00553c06	lib	other
553c11	Unwind@00553c11	lib	other
553c1c	Unwind@00553c1c	lib	other
553c27	Unwind@00553c27	lib	other
553c32	Unwind@00553c32	lib	other
553c3d	Unwind@00553c3d	lib	other
553c48	Unwind@00553c48	lib	other
553c53	Unwind@00553c53	lib	other
553c5e	Unwind@00553c5e	lib	other
553c69	Unwind@00553c69	lib	other
553c74	Unwind@00553c74	lib	other
553c7f	Unwind@00553c7f	lib	other
553c8a	Unwind@00553c8a	lib	other
553c95	Unwind@00553c95	lib	other
553ca0	Unwind@00553ca0	lib	other
553cab	Unwind@00553cab	lib	other
553cb6	Unwind@00553cb6	lib	other
553cc1	Unwind@00553cc1	lib	other
553ccc	Unwind@00553ccc	lib	other
553cd7	Unwind@00553cd7	lib	other
553ce2	Unwind@00553ce2	lib	other
553ced	Unwind@00553ced	lib	other
553cf8	Unwind@00553cf8	lib	other
553d03	Unwind@00553d03	lib	other
553d0e	Unwind@00553d0e	lib	other
553d19	Unwind@00553d19	lib	other
553d24	Unwind@00553d24	lib	other
553d2f	Unwind@00553d2f	lib	other
553d3a	Unwind@00553d3a	lib	other
553d45	Unwind@00553d45	lib	other
553d50	Unwind@00553d50	lib	other
553d5b	Unwind@00553d5b	lib	other
553d66	Unwind@00553d66	lib	other
553d71	Unwind@00553d71	lib	other
553d7c	Unwind@00553d7c	lib	other
553d87	Unwind@00553d87	lib	other
553d92	Unwind@00553d92	lib	other
553d9d	Unwind@00553d9d	lib	other
553da8	Unwind@00553da8	lib	other
553db3	Unwind@00553db3	lib	other
553dbe	Unwind@00553dbe	lib	other
553dc9	Unwind@00553dc9	lib	other
553dd4	Unwind@00553dd4	lib	other
553ddf	Unwind@00553ddf	lib	other
553dea	Unwind@00553dea	lib	other
553df5	Unwind@00553df5	lib	other
553e00	Unwind@00553e00	lib	other
553e0b	Unwind@00553e0b	lib	other
553e16	Unwind@00553e16	lib	other
553e21	Unwind@00553e21	lib	other
553e2c	Unwind@00553e2c	lib	other
553e37	Unwind@00553e37	lib	other
553e42	Unwind@00553e42	lib	other
553e4d	Unwind@00553e4d	lib	other
553e58	Unwind@00553e58	lib	other
553e63	Unwind@00553e63	lib	other
553e6e	Unwind@00553e6e	lib	other
553e79	Unwind@00553e79	lib	other
553e84	Unwind@00553e84	lib	other
553e8f	Unwind@00553e8f	lib	other
553e9a	Unwind@00553e9a	lib	other
553ea5	Unwind@00553ea5	lib	other
553eb0	Unwind@00553eb0	lib	other
553ebb	Unwind@00553ebb	lib	other
553ec6	Unwind@00553ec6	lib	other
553ed1	Unwind@00553ed1	lib	other
553edc	Unwind@00553edc	lib	other
553ee7	Unwind@00553ee7	lib	other
553ef2	Unwind@00553ef2	lib	other
553efd	Unwind@00553efd	lib	other
553f08	Unwind@00553f08	lib	other
553f13	Unwind@00553f13	lib	other
553f1e	Unwind@00553f1e	lib	other
553f29	Unwind@00553f29	lib	other
553f34	Unwind@00553f34	lib	other
553f3f	Unwind@00553f3f	lib	other
553f4a	Unwind@00553f4a	lib	other
553f55	Unwind@00553f55	lib	other
553f60	Unwind@00553f60	lib	other
553f6b	Unwind@00553f6b	lib	other
553f76	Unwind@00553f76	lib	other
553f81	Unwind@00553f81	lib	other
553f8c	Unwind@00553f8c	lib	other
553f97	Unwind@00553f97	lib	other
553fa2	Unwind@00553fa2	lib	other
553fad	Unwind@00553fad	lib	other
553fb8	Unwind@00553fb8	lib	other
553fc3	Unwind@00553fc3	lib	other
553fce	Unwind@00553fce	lib	other
553fd9	Unwind@00553fd9	lib	other
553fe4	Unwind@00553fe4	lib	other
553fef	Unwind@00553fef	lib	other
553ffa	Unwind@00553ffa	lib	other
554005	Unwind@00554005	lib	other
554010	Unwind@00554010	lib	other
55401b	Unwind@0055401b	lib	other
554026	Unwind@00554026	lib	other
554031	Unwind@00554031	lib	other
55403c	Unwind@0055403c	lib	other
554047	Unwind@00554047	lib	other
554052	Unwind@00554052	lib	other
55405d	Unwind@0055405d	lib	other
554068	Unwind@00554068	lib	other
554073	Unwind@00554073	lib	other
55407e	Unwind@0055407e	lib	other
554089	Unwind@00554089	lib	other
554094	Unwind@00554094	lib	other
55409f	Unwind@0055409f	lib	other
5540aa	Unwind@005540aa	lib	other
5540b5	Unwind@005540b5	lib	other
5540c0	Unwind@005540c0	lib	other
5540cb	Unwind@005540cb	lib	other
5540d6	Unwind@005540d6	lib	other
5540e1	Unwind@005540e1	lib	other
5540ec	Unwind@005540ec	lib	other
5540f7	Unwind@005540f7	lib	other
554102	Unwind@00554102	lib	other
55410d	Unwind@0055410d	lib	other
554118	Unwind@00554118	lib	other
554123	Unwind@00554123	lib	other
55412e	Unwind@0055412e	lib	other
554139	Unwind@00554139	lib	other
554144	Unwind@00554144	lib	other
55414f	Unwind@0055414f	lib	other
55415a	Unwind@0055415a	lib	other
554165	Unwind@00554165	lib	other
554170	Unwind@00554170	lib	other
55417b	Unwind@0055417b	lib	other
554186	Unwind@00554186	lib	other
554191	Unwind@00554191	lib	other
55419c	Unwind@0055419c	lib	other
5541a7	Unwind@005541a7	lib	other
5541b2	Unwind@005541b2	lib	other
5541bd	Unwind@005541bd	lib	other
5541c8	Unwind@005541c8	lib	other
5541d3	Unwind@005541d3	lib	other
5541de	Unwind@005541de	lib	other
5541e9	Unwind@005541e9	lib	other
5541f4	Unwind@005541f4	lib	other
5541ff	Unwind@005541ff	lib	other
55420a	Unwind@0055420a	lib	other
554215	Unwind@00554215	lib	other
554220	Unwind@00554220	lib	other
55422b	Unwind@0055422b	lib	other
554236	Unwind@00554236	lib	other
554241	Unwind@00554241	lib	other
55424c	Unwind@0055424c	lib	other
554257	Unwind@00554257	lib	other
554262	Unwind@00554262	lib	other
55426d	Unwind@0055426d	lib	other
554278	Unwind@00554278	lib	other
554283	Unwind@00554283	lib	other
55428e	Unwind@0055428e	lib	other
554299	Unwind@00554299	lib	other
5542a4	Unwind@005542a4	lib	other
5542af	Unwind@005542af	lib	other
5542ba	Unwind@005542ba	lib	other
554310	Unwind@00554310	lib	other
554340	Unwind@00554340	lib	other
554348	Unwind@00554348	lib	other
554450	Unwind@00554450	lib	other
554480	Unwind@00554480	lib	other
5544b0	Unwind@005544b0	lib	other
5544cd	Unwind@005544cd	lib	other
5544d9	Unwind@005544d9	lib	other
554520	Unwind@00554520	lib	other
55452e	Unwind@0055452e	lib	other
55453c	Unwind@0055453c	lib	other
55454a	Unwind@0055454a	lib	other
554558	Unwind@00554558	lib	other
554566	Unwind@00554566	lib	other
554577	Unwind@00554577	lib	other
554588	Unwind@00554588	lib	other
554599	Unwind@00554599	lib	other
5545aa	Unwind@005545aa	lib	other
5545bb	Unwind@005545bb	lib	other
5545cc	Unwind@005545cc	lib	other
5545dd	Unwind@005545dd	lib	other
5545ee	Unwind@005545ee	lib	other
5545ff	Unwind@005545ff	lib	other
554610	Unwind@00554610	lib	other
554621	Unwind@00554621	lib	other
554632	Unwind@00554632	lib	other
554643	Unwind@00554643	lib	other
554654	Unwind@00554654	lib	other
55465c	Unwind@0055465c	lib	other
554667	Unwind@00554667	lib	other
55466f	Unwind@0055466f	lib	other
55467a	Unwind@0055467a	lib	other
554682	Unwind@00554682	lib	other
55468d	Unwind@0055468d	lib	other
554695	Unwind@00554695	lib	other
5546a0	Unwind@005546a0	lib	other
5546a8	Unwind@005546a8	lib	other
5546b3	Unwind@005546b3	lib	other
5546bb	Unwind@005546bb	lib	other
5546c6	Unwind@005546c6	lib	other
5546ce	Unwind@005546ce	lib	other
5546d9	Unwind@005546d9	lib	other
5546e1	Unwind@005546e1	lib	other
5546ec	Unwind@005546ec	lib	other
5546f4	Unwind@005546f4	lib	other
5546ff	Unwind@005546ff	lib	other
554707	Unwind@00554707	lib	other
554712	Unwind@00554712	lib	other
55471a	Unwind@0055471a	lib	other
554725	Unwind@00554725	lib	other
55472d	Unwind@0055472d	lib	other
554738	Unwind@00554738	lib	other
554770	Unwind@00554770	lib	other
55477b	Unwind@0055477b	lib	other
554786	Unwind@00554786	lib	other
554791	Unwind@00554791	lib	other
55479c	Unwind@0055479c	lib	other
5547a7	Unwind@005547a7	lib	other
5547b5	Unwind@005547b5	lib	other
5547c3	Unwind@005547c3	lib	other
5547d1	Unwind@005547d1	lib	other
5547df	Unwind@005547df	lib	other
5547ed	Unwind@005547ed	lib	other
5547fb	Unwind@005547fb	lib	other
554809	Unwind@00554809	lib	other
554817	Unwind@00554817	lib	other
554825	Unwind@00554825	lib	other
554833	Unwind@00554833	lib	other
554841	Unwind@00554841	lib	other
55484f	Unwind@0055484f	lib	other
55485d	Unwind@0055485d	lib	other
554890	Unwind@00554890	lib	other
554898	Unwind@00554898	lib	other
5548d0	Unwind@005548d0	lib	other
554900	Unwind@00554900	lib	other
554950	Unwind@00554950	lib	other
554990	Unwind@00554990	lib	other
55499b	Unwind@0055499b	lib	other
5549a6	Unwind@005549a6	lib	other
5549e0	Unwind@005549e0	lib	other
554a20	Unwind@00554a20	lib	other
554a31	Unwind@00554a31	lib	other
554a60	Unwind@00554a60	lib	other
554a90	Unwind@00554a90	lib	other
554aad	Unwind@00554aad	lib	other
554ab9	Unwind@00554ab9	lib	other
554ac5	Unwind@00554ac5	lib	other
554ad0	Unwind@00554ad0	lib	other
554ad8	Unwind@00554ad8	lib	other
554ae0	Unwind@00554ae0	lib	other
554afd	Unwind@00554afd	lib	other
554b09	Unwind@00554b09	lib	other
554b15	Unwind@00554b15	lib	other
554b20	Unwind@00554b20	lib	other
554b28	Unwind@00554b28	lib	other
554b60	Unwind@00554b60	lib	other
554b7d	Unwind@00554b7d	lib	other
554b89	Unwind@00554b89	lib	other
554b95	Unwind@00554b95	lib	other
554ba0	Unwind@00554ba0	lib	other
554ba8	Unwind@00554ba8	lib	other
554be0	Unwind@00554be0	lib	other
554bfd	Unwind@00554bfd	lib	other
554c09	Unwind@00554c09	lib	other
554c15	Unwind@00554c15	lib	other
554c20	Unwind@00554c20	lib	other
554c28	Unwind@00554c28	lib	other
554c30	Unwind@00554c30	lib	other
554c60	Unwind@00554c60	lib	other
554c90	Unwind@00554c90	lib	other
554da0	Unwind@00554da0	lib	other
554dd0	Unwind@00554dd0	lib	other
554ddb	Unwind@00554ddb	lib	other
554de6	Unwind@00554de6	lib	other
554df1	Unwind@00554df1	lib	other
554dfc	Unwind@00554dfc	lib	other
554e07	Unwind@00554e07	lib	other
554e40	Unwind@00554e40	lib	other
554e70	Unwind@00554e70	lib	other
554e7b	Unwind@00554e7b	lib	other
554e86	Unwind@00554e86	lib	other
554e9d	Unwind@00554e9d	lib	other
554f20	Unwind@00554f20	lib	other
554f2b	Unwind@00554f2b	lib	other
554f36	Unwind@00554f36	lib	other
554f41	Unwind@00554f41	lib	other
554f4c	Unwind@00554f4c	lib	other
554fe0	Unwind@00554fe0	lib	other
554feb	Unwind@00554feb	lib	other
554ff6	Unwind@00554ff6	lib	other
555001	Unwind@00555001	lib	other
55500c	Unwind@0055500c	lib	other
555017	Unwind@00555017	lib	other
555022	Unwind@00555022	lib	other
55502d	Unwind@0055502d	lib	other
555038	Unwind@00555038	lib	other
555043	Unwind@00555043	lib	other
55504e	Unwind@0055504e	lib	other
555059	Unwind@00555059	lib	other
555064	Unwind@00555064	lib	other
55506f	Unwind@0055506f	lib	other
55507a	Unwind@0055507a	lib	other
555085	Unwind@00555085	lib	other
555090	Unwind@00555090	lib	other
55509b	Unwind@0055509b	lib	other
5550a6	Unwind@005550a6	lib	other
5550b1	Unwind@005550b1	lib	other
5550bc	Unwind@005550bc	lib	other
5550c7	Unwind@005550c7	lib	other
5550d2	Unwind@005550d2	lib	other
5550dd	Unwind@005550dd	lib	other
5550e8	Unwind@005550e8	lib	other
5550f3	Unwind@005550f3	lib	other
5550fe	Unwind@005550fe	lib	other
555109	Unwind@00555109	lib	other
555114	Unwind@00555114	lib	other
55511f	Unwind@0055511f	lib	other
55512d	Unwind@0055512d	lib	other
555138	Unwind@00555138	lib	other
555143	Unwind@00555143	lib	other
55514e	Unwind@0055514e	lib	other
555159	Unwind@00555159	lib	other
555164	Unwind@00555164	lib	other
55516f	Unwind@0055516f	lib	other
55517a	Unwind@0055517a	lib	other
555185	Unwind@00555185	lib	other
555190	Unwind@00555190	lib	other
55519b	Unwind@0055519b	lib	other
5551a6	Unwind@005551a6	lib	other
5551b1	Unwind@005551b1	lib	other
5551bc	Unwind@005551bc	lib	other
5551c7	Unwind@005551c7	lib	other
5551d2	Unwind@005551d2	lib	other
5551dd	Unwind@005551dd	lib	other
5551e8	Unwind@005551e8	lib	other
5551f3	Unwind@005551f3	lib	other
5551fe	Unwind@005551fe	lib	other
555209	Unwind@00555209	lib	other
555214	Unwind@00555214	lib	other
55521c	Unwind@0055521c	lib	other
55522a	Unwind@0055522a	lib	other
555238	Unwind@00555238	lib	other
555246	Unwind@00555246	lib	other
555251	Unwind@00555251	lib	other
55525c	Unwind@0055525c	lib	other
555267	Unwind@00555267	lib	other
555272	Unwind@00555272	lib	other
55527d	Unwind@0055527d	lib	other
555285	Unwind@00555285	lib	other
55528d	Unwind@0055528d	lib	other
55529b	Unwind@0055529b	lib	other
5552a9	Unwind@005552a9	lib	other
5552b7	Unwind@005552b7	lib	other
5552c5	Unwind@005552c5	lib	other
5552d3	Unwind@005552d3	lib	other
5552e1	Unwind@005552e1	lib	other
5552ef	Unwind@005552ef	lib	other
5552fd	Unwind@005552fd	lib	other
55530b	Unwind@0055530b	lib	other
555319	Unwind@00555319	lib	other
555327	Unwind@00555327	lib	other
555335	Unwind@00555335	lib	other
555343	Unwind@00555343	lib	other
555351	Unwind@00555351	lib	other
55535f	Unwind@0055535f	lib	other
55536d	Unwind@0055536d	lib	other
55537b	Unwind@0055537b	lib	other
555389	Unwind@00555389	lib	other
555397	Unwind@00555397	lib	other
5553a5	Unwind@005553a5	lib	other
5553b3	Unwind@005553b3	lib	other
5553c1	Unwind@005553c1	lib	other
5553cf	Unwind@005553cf	lib	other
5553dd	Unwind@005553dd	lib	other
5553eb	Unwind@005553eb	lib	other
5553f6	Unwind@005553f6	lib	other
555401	Unwind@00555401	lib	other
555409	Unwind@00555409	lib	other
555411	Unwind@00555411	lib	other
555419	Unwind@00555419	lib	other
555421	Unwind@00555421	lib	other
555429	Unwind@00555429	lib	other
555431	Unwind@00555431	lib	other
555439	Unwind@00555439	lib	other
555441	Unwind@00555441	lib	other
555449	Unwind@00555449	lib	other
555451	Unwind@00555451	lib	other
55545f	Unwind@0055545f	lib	other
55546d	Unwind@0055546d	lib	other
55547b	Unwind@0055547b	lib	other
555483	Unwind@00555483	lib	other
555491	Unwind@00555491	lib	other
55549f	Unwind@0055549f	lib	other
5554ad	Unwind@005554ad	lib	other
5554bb	Unwind@005554bb	lib	other
5554c9	Unwind@005554c9	lib	other
555500	Unwind@00555500	lib	other
5555e0	Unwind@005555e0	lib	other
5555f1	Unwind@005555f1	lib	other
555620	Unwind@00555620	lib	other
5556d0	Unwind@005556d0	lib	other
555700	Unwind@00555700	lib	other
555740	Unwind@00555740	lib	other
55574b	Unwind@0055574b	lib	other
555756	Unwind@00555756	lib	other
555761	Unwind@00555761	lib	other
55576c	Unwind@0055576c	lib	other
555777	Unwind@00555777	lib	other
555782	Unwind@00555782	lib	other
55578d	Unwind@0055578d	lib	other
555798	Unwind@00555798	lib	other
5557a3	Unwind@005557a3	lib	other
5557ae	Unwind@005557ae	lib	other
5557b9	Unwind@005557b9	lib	other
5557c4	Unwind@005557c4	lib	other
5557cf	Unwind@005557cf	lib	other
5557da	Unwind@005557da	lib	other
5557e5	Unwind@005557e5	lib	other
5557f0	Unwind@005557f0	lib	other
5557fb	Unwind@005557fb	lib	other
555806	Unwind@00555806	lib	other
555811	Unwind@00555811	lib	other
55581c	Unwind@0055581c	lib	other
555827	Unwind@00555827	lib	other
555832	Unwind@00555832	lib	other
555840	Unwind@00555840	lib	other
55584e	Unwind@0055584e	lib	other
55585c	Unwind@0055585c	lib	other
55586a	Unwind@0055586a	lib	other
555878	Unwind@00555878	lib	other
555886	Unwind@00555886	lib	other
555894	Unwind@00555894	lib	other
5558a2	Unwind@005558a2	lib	other
5558b0	Unwind@005558b0	lib	other
5558be	Unwind@005558be	lib	other
5558cc	Unwind@005558cc	lib	other
5558da	Unwind@005558da	lib	other
5558e8	Unwind@005558e8	lib	other
555920	Unwind@00555920	lib	other
55592b	Unwind@0055592b	lib	other
555936	Unwind@00555936	lib	other
555944	Unwind@00555944	lib	other
555952	Unwind@00555952	lib	other
555960	Unwind@00555960	lib	other
55596e	Unwind@0055596e	lib	other
55597c	Unwind@0055597c	lib	other
55598a	Unwind@0055598a	lib	other
555998	Unwind@00555998	lib	other
5559a6	Unwind@005559a6	lib	other
5559b4	Unwind@005559b4	lib	other
5559c2	Unwind@005559c2	lib	other
555a00	Unwind@00555a00	lib	other
555a0b	Unwind@00555a0b	lib	other
555a13	Unwind@00555a13	lib	other
555a1e	Unwind@00555a1e	lib	other
555a60	Unwind@00555a60	lib	other
555a6e	Unwind@00555a6e	lib	other
555a7c	Unwind@00555a7c	lib	other
555ac0	Unwind@00555ac0	lib	other
555acb	Unwind@00555acb	lib	other
555ad6	Unwind@00555ad6	lib	other
555ae1	Unwind@00555ae1	lib	other
555b20	Unwind@00555b20	lib	other
555b2e	Unwind@00555b2e	lib	other
555b39	Unwind@00555b39	lib	other
555b44	Unwind@00555b44	lib	other
555b4f	Unwind@00555b4f	lib	other
555b72	Unwind@00555b72	lib	other
555b7e	Unwind@00555b7e	lib	other
555b8a	Unwind@00555b8a	lib	other
555b95	Unwind@00555b95	lib	other
555ba0	Unwind@00555ba0	lib	other
555ba8	Unwind@00555ba8	lib	other
555bcb	Unwind@00555bcb	lib	other
555bd7	Unwind@00555bd7	lib	other
555be3	Unwind@00555be3	lib	other
555bee	Unwind@00555bee	lib	other
555bf9	Unwind@00555bf9	lib	other
555c30	Unwind@00555c30	lib	other
555c3b	Unwind@00555c3b	lib	other
555c46	Unwind@00555c46	lib	other
555c51	Unwind@00555c51	lib	other
555c5c	Unwind@00555c5c	lib	other
555c67	Unwind@00555c67	lib	other
555c72	Unwind@00555c72	lib	other
555c7d	Unwind@00555c7d	lib	other
555c88	Unwind@00555c88	lib	other
555c93	Unwind@00555c93	lib	other
555c9e	Unwind@00555c9e	lib	other
555ca9	Unwind@00555ca9	lib	other
555cb4	Unwind@00555cb4	lib	other
555cbf	Unwind@00555cbf	lib	other
555cca	Unwind@00555cca	lib	other
555cd5	Unwind@00555cd5	lib	other
555ce0	Unwind@00555ce0	lib	other
555cf7	Unwind@00555cf7	lib	other
555d0e	Unwind@00555d0e	lib	other
555d19	Unwind@00555d19	lib	other
555d30	Unwind@00555d30	lib	other
555d47	Unwind@00555d47	lib	other
555d55	Unwind@00555d55	lib	other
555d63	Unwind@00555d63	lib	other
555d71	Unwind@00555d71	lib	other
555d7f	Unwind@00555d7f	lib	other
555d8d	Unwind@00555d8d	lib	other
555d9b	Unwind@00555d9b	lib	other
555da9	Unwind@00555da9	lib	other
555db7	Unwind@00555db7	lib	other
555dc5	Unwind@00555dc5	lib	other
555dd3	Unwind@00555dd3	lib	other
555de1	Unwind@00555de1	lib	other
555def	Unwind@00555def	lib	other
555e30	Unwind@00555e30	lib	other
555e3e	Unwind@00555e3e	lib	other
555e49	Unwind@00555e49	lib	other
555e54	Unwind@00555e54	lib	other
555e5f	Unwind@00555e5f	lib	other
555e6a	Unwind@00555e6a	lib	other
555e75	Unwind@00555e75	lib	other
555e80	Unwind@00555e80	lib	other
555e8b	Unwind@00555e8b	lib	other
555e96	Unwind@00555e96	lib	other
555ea1	Unwind@00555ea1	lib	other
555eac	Unwind@00555eac	lib	other
555eb7	Unwind@00555eb7	lib	other
555ec2	Unwind@00555ec2	lib	other
555f00	Unwind@00555f00	lib	other
555f0b	Unwind@00555f0b	lib	other
555f16	Unwind@00555f16	lib	other
555f40	Unwind@00555f40	lib	other
555f4b	Unwind@00555f4b	lib	other
555f62	Unwind@00555f62	lib	other
555f79	Unwind@00555f79	lib	other
555f84	Unwind@00555f84	lib	other
555f8f	Unwind@00555f8f	lib	other
555f9a	Unwind@00555f9a	lib	other
555fa5	Unwind@00555fa5	lib	other
555fb0	Unwind@00555fb0	lib	other
555fbb	Unwind@00555fbb	lib	other
555fc6	Unwind@00555fc6	lib	other
555fd1	Unwind@00555fd1	lib	other
555fdc	Unwind@00555fdc	lib	other
555fe7	Unwind@00555fe7	lib	other
555ff2	Unwind@00555ff2	lib	other
555ffd	Unwind@00555ffd	lib	other
556008	Unwind@00556008	lib	other
556013	Unwind@00556013	lib	other
55601e	Unwind@0055601e	lib	other
55602c	Unwind@0055602c	lib	other
55603a	Unwind@0055603a	lib	other
556048	Unwind@00556048	lib	other
556080	Unwind@00556080	lib	other
556091	Unwind@00556091	lib	other
556099	Unwind@00556099	lib	other
5560aa	Unwind@005560aa	lib	other
5560d0	Unwind@005560d0	lib	other
556110	Unwind@00556110	lib	other
556140	Unwind@00556140	lib	other
556170	Unwind@00556170	lib	other
5561a0	Unwind@005561a0	lib	other
5561e0	Unwind@005561e0	lib	other
5562a0	Unwind@005562a0	lib	other
5562d0	Unwind@005562d0	lib	other
556340	Unwind@00556340	lib	other
55634b	Unwind@0055634b	lib	other
556356	Unwind@00556356	lib	other
556361	Unwind@00556361	lib	other
55636c	Unwind@0055636c	lib	other
556377	Unwind@00556377	lib	other
556382	Unwind@00556382	lib	other
55638d	Unwind@0055638d	lib	other
556398	Unwind@00556398	lib	other
5563a6	Unwind@005563a6	lib	other
5563b1	Unwind@005563b1	lib	other
5563bf	Unwind@005563bf	lib	other
5563cd	Unwind@005563cd	lib	other
5563db	Unwind@005563db	lib	other
5563e9	Unwind@005563e9	lib	other
5563f7	Unwind@005563f7	lib	other
556405	Unwind@00556405	lib	other
556413	Unwind@00556413	lib	other
55641e	Unwind@0055641e	lib	other
55642c	Unwind@0055642c	lib	other
55643a	Unwind@0055643a	lib	other
556448	Unwind@00556448	lib	other
556456	Unwind@00556456	lib	other
556464	Unwind@00556464	lib	other
55646f	Unwind@0055646f	lib	other
55647a	Unwind@0055647a	lib	other
556485	Unwind@00556485	lib	other
556490	Unwind@00556490	lib	other
55649b	Unwind@0055649b	lib	other
5564d0	Unwind@005564d0	lib	other
5564db	Unwind@005564db	lib	other
5564e6	Unwind@005564e6	lib	other
5564f1	Unwind@005564f1	lib	other
5564fc	Unwind@005564fc	lib	other
556507	Unwind@00556507	lib	other
556512	Unwind@00556512	lib	other
55651d	Unwind@0055651d	lib	other
556528	Unwind@00556528	lib	other
556533	Unwind@00556533	lib	other
556541	Unwind@00556541	lib	other
55654f	Unwind@0055654f	lib	other
55655a	Unwind@0055655a	lib	other
556580	Unwind@00556580	lib	other
55658b	Unwind@0055658b	lib	other
556596	Unwind@00556596	lib	other
5565a1	Unwind@005565a1	lib	other
5565ac	Unwind@005565ac	lib	other
5565b7	Unwind@005565b7	lib	other
5565c2	Unwind@005565c2	lib	other
5565cd	Unwind@005565cd	lib	other
5565d8	Unwind@005565d8	lib	other
5565e3	Unwind@005565e3	lib	other
5565f1	Unwind@005565f1	lib	other
556620	Unwind@00556620	lib	other
556628	Unwind@00556628	lib	other
556650	Unwind@00556650	lib	other
55666d	Unwind@0055666d	lib	other
556679	Unwind@00556679	lib	other
556682	Unwind@00556682	lib	other
5566b0	Unwind@005566b0	lib	other
5566cd	Unwind@005566cd	lib	other
5566d9	Unwind@005566d9	lib	other
5566e2	Unwind@005566e2	lib	other
556710	Unwind@00556710	lib	other
556740	Unwind@00556740	lib	other
55674e	Unwind@0055674e	lib	other
556759	Unwind@00556759	lib	other
556764	Unwind@00556764	lib	other
556787	Unwind@00556787	lib	other
556793	Unwind@00556793	lib	other
55679f	Unwind@0055679f	lib	other
5567aa	Unwind@005567aa	lib	other
5567b2	Unwind@005567b2	lib	other
5567ba	Unwind@005567ba	lib	other
5567c8	Unwind@005567c8	lib	other
5567d3	Unwind@005567d3	lib	other
5567db	Unwind@005567db	lib	other
5567e3	Unwind@005567e3	lib	other
5567eb	Unwind@005567eb	lib	other
5567f3	Unwind@005567f3	lib	other
5567fe	Unwind@005567fe	lib	other
556890	FUN_00556890	lib	other
5568c0	FUN_005568c0	lib	other
5568f0	FUN_005568f0	lib	other
556920	FUN_00556920	lib	other
556950	FUN_00556950	lib	other
556980	FUN_00556980	lib	other
5569b0	FUN_005569b0	lib	other
5569e0	FUN_005569e0	lib	other
556a10	FUN_00556a10	lib	other
556a40	FUN_00556a40	lib	other
556a70	FUN_00556a70	lib	other
556aa0	FUN_00556aa0	lib	other
556ad0	FUN_00556ad0	lib	other
556b00	FUN_00556b00	lib	other
556b30	FUN_00556b30	lib	other
556b60	FUN_00556b60	lib	other
556b90	FUN_00556b90	lib	other
556bc0	FUN_00556bc0	lib	other
556bf0	FUN_00556bf0	lib	other
556c20	FUN_00556c20	lib	other
556c50	FUN_00556c50	lib	other
556c80	FUN_00556c80	lib	other
556cb0	FUN_00556cb0	lib	other
556ce0	FUN_00556ce0	lib	other
556d10	FUN_00556d10	lib	other
556d40	FUN_00556d40	lib	other
556d70	FUN_00556d70	lib	other
556da0	FUN_00556da0	lib	other
556dd0	FUN_00556dd0	lib	other
556e00	FUN_00556e00	lib	other
556e30	FUN_00556e30	lib	other
556e60	FUN_00556e60	lib	other
556e90	FUN_00556e90	lib	other
556ec0	FUN_00556ec0	lib	other
556ef0	FUN_00556ef0	lib	other
556f20	FUN_00556f20	lib	other
556f50	FUN_00556f50	lib	other
556f80	FUN_00556f80	lib	other
556fb0	FUN_00556fb0	lib	other
556ff0	FUN_00556ff0	lib	other
557020	FUN_00557020	lib	other
557050	FUN_00557050	lib	other
557080	FUN_00557080	lib	other
5570b0	FUN_005570b0	lib	other
5570e0	FUN_005570e0	lib	other
557110	FUN_00557110	lib	other
557140	FUN_00557140	lib	other
557170	FUN_00557170	lib	other
5571a0	FUN_005571a0	lib	other
5571d0	FUN_005571d0	lib	other
557200	FUN_00557200	lib	other
557230	FUN_00557230	lib	other
557260	FUN_00557260	lib	other
557290	FUN_00557290	lib	other
5572c0	FUN_005572c0	lib	other
5572f0	FUN_005572f0	lib	other
557320	FUN_00557320	lib	other
557350	FUN_00557350	lib	other
557380	FUN_00557380	lib	other
5573b0	FUN_005573b0	lib	other
5573e0	FUN_005573e0	lib	other
557410	FUN_00557410	lib	other
557440	FUN_00557440	lib	other
557470	FUN_00557470	lib	other
5574a0	FUN_005574a0	lib	other
5574d0	FUN_005574d0	lib	other
557500	FUN_00557500	lib	other
557530	FUN_00557530	lib	other
557560	FUN_00557560	lib	other
557590	FUN_00557590	lib	other
5575c0	FUN_005575c0	lib	other
5575f0	FUN_005575f0	lib	other
557630	ctor_0	lib	crtstl
557640	ctor_1	lib	crtstl
557650	ctor_2	lib	crtstl
55765b	FUN_0055765b	lib	other
