old	new	count
Catch_All@00401786	eh_catchall_00401786	1
Catch_All@004017c3	eh_catchall_004017c3	1
Catch_All@004027ef	eh_catchall_004027ef	1
Catch_All@00402954	eh_catchall_00402954	1
Catch_All@004128ba	eh_catchall_004128ba	1
Catch_All@0041391e	eh_catchall_0041391e	1
Catch_All@00416dff	eh_catchall_00416dff	1
Catch_All@00416e3c	eh_catchall_00416e3c	1
Catch_All@0041a657	eh_catchall_0041a657	1
Catch_All@0041a78f	eh_catchall_0041a78f	1
Catch_All@0041aaef	eh_catchall_0041aaef	1
Catch_All@0041bb5f	eh_catchall_0041bb5f	1
Catch_All@0041d4c6	eh_catchall_0041d4c6	1
Catch_All@0041d7bf	eh_catchall_0041d7bf	1
Catch_All@0041dac0	eh_catchall_0041dac0	1
Catch_All@0041dc43	eh_catchall_0041dc43	1
Catch_All@0041de13	eh_catchall_0041de13	1
Catch_All@0041e520	eh_catchall_0041e520	1
Catch_All@0041e61e	eh_catchall_0041e61e	1
Catch_All@0041e71c	eh_catchall_0041e71c	1
Catch_All@0041e820	eh_catchall_0041e820	1
Catch_All@0041f75d	eh_catchall_0041f75d	1
Catch_All@0041f860	eh_catchall_0041f860	1
Catch_All@004201e2	eh_catchall_004201e2	1
Catch_All@00420299	eh_catchall_00420299	1
Catch_All@00420362	eh_catchall_00420362	1
Catch_All@0042052c	eh_catchall_0042052c	1
Catch_All@004205df	eh_catchall_004205df	1
Catch_All@00420a0f	eh_catchall_00420a0f	1
Catch_All@00420b74	eh_catchall_00420b74	1
Catch_All@00420c39	eh_catchall_00420c39	1
Catch_All@00420d09	eh_catchall_00420d09	1
Catch_All@00420dd9	eh_catchall_00420dd9	1
Catch_All@00420ea9	eh_catchall_00420ea9	1
Catch_All@00420f79	eh_catchall_00420f79	1
Catch_All@00421049	eh_catchall_00421049	1
Catch_All@00421119	eh_catchall_00421119	1
Catch_All@004211e9	eh_catchall_004211e9	1
Catch_All@004212b9	eh_catchall_004212b9	1
Catch_All@00421389	eh_catchall_00421389	1
Catch_All@00421459	eh_catchall_00421459	1
Catch_All@00421529	eh_catchall_00421529	1
Catch_All@004215f9	eh_catchall_004215f9	1
Catch_All@004216c9	eh_catchall_004216c9	1
Catch_All@00421799	eh_catchall_00421799	1
Catch_All@00421867	eh_catchall_00421867	1
Catch_All@00421939	eh_catchall_00421939	1
Catch_All@00421eff	eh_catchall_00421eff	1
Catch_All@00421f9f	eh_catchall_00421f9f	1
Catch_All@0042203f	eh_catchall_0042203f	1
Catch_All@004220df	eh_catchall_004220df	1
Catch_All@0042217f	eh_catchall_0042217f	1
Catch_All@0042221f	eh_catchall_0042221f	1
Catch_All@004222bf	eh_catchall_004222bf	1
Catch_All@0042235f	eh_catchall_0042235f	1
Catch_All@004223ff	eh_catchall_004223ff	1
Catch_All@0042249f	eh_catchall_0042249f	1
Catch_All@0042253f	eh_catchall_0042253f	1
Catch_All@004225df	eh_catchall_004225df	1
Catch_All@0042267f	eh_catchall_0042267f	1
Catch_All@0042271f	eh_catchall_0042271f	1
Catch_All@004227bf	eh_catchall_004227bf	1
Catch_All@00426e8e	eh_catchall_00426e8e	1
Catch_All@00429040	eh_catchall_00429040	1
Catch_All@00429180	eh_catchall_00429180	1
Catch_All@00429227	eh_catchall_00429227	1
Catch_All@0042931d	eh_catchall_0042931d	1
Catch_All@00429415	eh_catchall_00429415	1
Catch_All@0042954f	eh_catchall_0042954f	1
Catch_All@0042a018	eh_catchall_0042a018	1
Catch_All@0042a244	eh_catchall_0042a244	1
Catch_All@0042a434	eh_catchall_0042a434	1
Catch_All@0042a624	eh_catchall_0042a624	1
Catch_All@0042a814	eh_catchall_0042a814	1
Catch_All@0042a908	eh_catchall_0042a908	1
Catch_All@0042aac0	eh_catchall_0042aac0	1
Catch_All@0042ac24	eh_catchall_0042ac24	1
Catch_All@0042ad84	eh_catchall_0042ad84	1
Catch_All@0042ae29	eh_catchall_0042ae29	1
Catch_All@0042af1d	eh_catchall_0042af1d	1
Catch_All@0042b0b6	eh_catchall_0042b0b6	1
Catch_All@0042b156	eh_catchall_0042b156	1
Catch_All@0042b1ff	eh_catchall_0042b1ff	1
Catch_All@0042f318	eh_catchall_0042f318	1
Catch_All@00430033	eh_catchall_00430033	1
Catch_All@00430911	eh_catchall_00430911	1
Catch_All@00430d18	eh_catchall_00430d18	1
Catch_All@00430e4d	eh_catchall_00430e4d	1
Catch_All@004c5cfd	eh_catchall_004c5cfd	1
Catch_All@004c66ee	eh_catchall_004c66ee	1
Catch_All@004c7527	eh_catchall_004c7527	1
Catch_All@004c776f	eh_catchall_004c776f	1
Catch_All@004c7994	eh_catchall_004c7994	1
Catch_All@004c7a8a	eh_catchall_004c7a8a	1
Catch_All@004c7c38	eh_catchall_004c7c38	1
Catch_All@004c7dbd	eh_catchall_004c7dbd	1
Catch_All@004c7f4d	eh_catchall_004c7f4d	1
Catch_All@004c7fdd	eh_catchall_004c7fdd	1
Catch_All@004c808c	eh_catchall_004c808c	1
Catch_All@004c833c	eh_catchall_004c833c	1
Catch_All@004ce8c7	eh_catchall_004ce8c7	1
Catch_All@004d9aa8	eh_catchall_004d9aa8	1
Catch_All@004d9b31	eh_catchall_004d9b31	1
Catch_All@004d9cff	eh_catchall_004d9cff	1
Catch_All@004d9dbf	eh_catchall_004d9dbf	1
Catch_All@004da44c	eh_catchall_004da44c	1
Catch_All@004da611	eh_catchall_004da611	1
Catch_All@004da75f	eh_catchall_004da75f	1
Catch_All@004da906	eh_catchall_004da906	1
Catch_All@004dab0f	eh_catchall_004dab0f	1
Catch_All@004e1350	eh_catchall_004e1350	1
Catch_All@004e1f6c	eh_catchall_004e1f6c	1
Catch_All@004e24e4	eh_catchall_004e24e4	1
Catch_All@004e25bc	eh_catchall_004e25bc	1
Catch_All@004e269d	eh_catchall_004e269d	1
Catch_All@004f3803	eh_catchall_004f3803	1
Catch_All@004f427f	eh_catchall_004f427f	1
Catch_All@004f4505	eh_catchall_004f4505	1
Catch_All@004f469e	eh_catchall_004f469e	1
Catch_All@004f483e	eh_catchall_004f483e	1
Catch_All@004f71a6	eh_catchall_004f71a6	1
Catch_All@004f7dd4	eh_catchall_004f7dd4	1
Catch_All@004f7ed1	eh_catchall_004f7ed1	1
Catch_All@004f7fbf	eh_catchall_004f7fbf	1
Catch_All@004f80af	eh_catchall_004f80af	1
Catch_All@0052e02c	eh_catchall_0052e02c	1
Catch_All@0052e1bf	eh_catchall_0052e1bf	1
Catch_All@0052e567	eh_catchall_0052e567	1
Catch_All@0052e617	eh_catchall_0052e617	1
Catch_All@0052e906	eh_catchall_0052e906	1
Catch_All@0052eb79	eh_catchall_0052eb79	1
Catch_All@0052ee5c	eh_catchall_0052ee5c	1
Catch_All@0054928d	eh_catchall_0054928d	1
Unwind@0054b980	eh_unwind_0054b980	1
Unwind@0054b98b	eh_unwind_0054b98b	1
Unwind@0054b996	eh_unwind_0054b996	1
Unwind@0054b9a1	eh_unwind_0054b9a1	1
Unwind@0054b9e0	eh_unwind_0054b9e0	1
Unwind@0054b9ee	eh_unwind_0054b9ee	1
Unwind@0054b9fc	eh_unwind_0054b9fc	1
Unwind@0054ba0a	eh_unwind_0054ba0a	1
Unwind@0054ba18	eh_unwind_0054ba18	1
Unwind@0054ba26	eh_unwind_0054ba26	1
Unwind@0054ba34	eh_unwind_0054ba34	1
Unwind@0054ba42	eh_unwind_0054ba42	1
Unwind@0054ba50	eh_unwind_0054ba50	1
Unwind@0054ba5e	eh_unwind_0054ba5e	1
Unwind@0054ba6c	eh_unwind_0054ba6c	1
Unwind@0054ba7a	eh_unwind_0054ba7a	1
Unwind@0054ba88	eh_unwind_0054ba88	1
Unwind@0054ba96	eh_unwind_0054ba96	1
Unwind@0054baa4	eh_unwind_0054baa4	1
Unwind@0054bab2	eh_unwind_0054bab2	1
Unwind@0054bae0	eh_unwind_0054bae0	1
Unwind@0054bb10	eh_unwind_0054bb10	1
Unwind@0054bb18	eh_unwind_0054bb18	1
Unwind@0054bb40	eh_unwind_0054bb40	1
Unwind@0054bb70	eh_unwind_0054bb70	1
Unwind@0054bb7b	eh_unwind_0054bb7b	1
Unwind@0054bbc0	eh_unwind_0054bbc0	1
Unwind@0054bc10	eh_unwind_0054bc10	1
Unwind@0054bc80	eh_unwind_0054bc80	1
Unwind@0054bc8b	eh_unwind_0054bc8b	1
Unwind@0054bc96	eh_unwind_0054bc96	1
Unwind@0054bca1	eh_unwind_0054bca1	1
Unwind@0054bcd0	eh_unwind_0054bcd0	1
Unwind@0054bd00	eh_unwind_0054bd00	1
Unwind@0054bd0b	eh_unwind_0054bd0b	1
Unwind@0054bd16	eh_unwind_0054bd16	1
Unwind@0054bd21	eh_unwind_0054bd21	1
Unwind@0054bd2c	eh_unwind_0054bd2c	1
Unwind@0054bd60	eh_unwind_0054bd60	1
Unwind@0054bd90	eh_unwind_0054bd90	1
Unwind@0054bd98	eh_unwind_0054bd98	1
Unwind@0054bda3	eh_unwind_0054bda3	1
Unwind@0054bdab	eh_unwind_0054bdab	1
Unwind@0054bdb6	eh_unwind_0054bdb6	1
Unwind@0054bdc1	eh_unwind_0054bdc1	1
Unwind@0054bdcc	eh_unwind_0054bdcc	1
Unwind@0054bdd4	eh_unwind_0054bdd4	1
Unwind@0054bddf	eh_unwind_0054bddf	1
Unwind@0054bdea	eh_unwind_0054bdea	1
Unwind@0054be40	eh_unwind_0054be40	1
Unwind@0054be80	eh_unwind_0054be80	1
Unwind@0054beb0	eh_unwind_0054beb0	1
Unwind@0054bee0	eh_unwind_0054bee0	1
Unwind@0054c010	eh_unwind_0054c010	1
Unwind@0054c01b	eh_unwind_0054c01b	1
Unwind@0054c090	eh_unwind_0054c090	1
Unwind@0054c0c0	eh_unwind_0054c0c0	1
Unwind@0054c0f0	eh_unwind_0054c0f0	1
Unwind@0054c3c0	eh_unwind_0054c3c0	1
Unwind@0054c3f0	eh_unwind_0054c3f0	1
Unwind@0054c420	eh_unwind_0054c420	1
Unwind@0054c450	eh_unwind_0054c450	1
Unwind@0054c480	eh_unwind_0054c480	1
Unwind@0054c4b0	eh_unwind_0054c4b0	1
Unwind@0054c4e0	eh_unwind_0054c4e0	1
Unwind@0054c510	eh_unwind_0054c510	1
Unwind@0054c540	eh_unwind_0054c540	1
Unwind@0054c570	eh_unwind_0054c570	1
Unwind@0054c5a0	eh_unwind_0054c5a0	1
Unwind@0054c5d0	eh_unwind_0054c5d0	1
Unwind@0054c600	eh_unwind_0054c600	1
Unwind@0054c630	eh_unwind_0054c630	1
Unwind@0054c660	eh_unwind_0054c660	1
Unwind@0054c690	eh_unwind_0054c690	1
Unwind@0054c69b	eh_unwind_0054c69b	1
Unwind@0054c6a9	eh_unwind_0054c6a9	1
Unwind@0054c6e0	eh_unwind_0054c6e0	1
Unwind@0054c6eb	eh_unwind_0054c6eb	1
Unwind@0054c6f6	eh_unwind_0054c6f6	1
Unwind@0054c701	eh_unwind_0054c701	1
Unwind@0054c70c	eh_unwind_0054c70c	1
Unwind@0054c740	eh_unwind_0054c740	1
Unwind@0054c748	eh_unwind_0054c748	1
Unwind@0054c753	eh_unwind_0054c753	1
Unwind@0054c75e	eh_unwind_0054c75e	1
Unwind@0054c769	eh_unwind_0054c769	1
Unwind@0054c774	eh_unwind_0054c774	1
Unwind@0054c77f	eh_unwind_0054c77f	1
Unwind@0054c78a	eh_unwind_0054c78a	1
Unwind@0054c795	eh_unwind_0054c795	1
Unwind@0054c7a0	eh_unwind_0054c7a0	1
Unwind@0054c7ab	eh_unwind_0054c7ab	1
Unwind@0054c7b6	eh_unwind_0054c7b6	1
Unwind@0054c7e0	eh_unwind_0054c7e0	1
Unwind@0054c7eb	eh_unwind_0054c7eb	1
Unwind@0054c7f6	eh_unwind_0054c7f6	1
Unwind@0054c801	eh_unwind_0054c801	1
Unwind@0054c80c	eh_unwind_0054c80c	1
Unwind@0054c840	eh_unwind_0054c840	1
Unwind@0054c84b	eh_unwind_0054c84b	1
Unwind@0054c856	eh_unwind_0054c856	1
Unwind@0054c861	eh_unwind_0054c861	1
Unwind@0054c86c	eh_unwind_0054c86c	1
Unwind@0054c877	eh_unwind_0054c877	1
Unwind@0054c882	eh_unwind_0054c882	1
Unwind@0054c88a	eh_unwind_0054c88a	1
Unwind@0054c8c0	eh_unwind_0054c8c0	1
Unwind@0054c8ce	eh_unwind_0054c8ce	1
Unwind@0054c8dc	eh_unwind_0054c8dc	1
Unwind@0054c8ea	eh_unwind_0054c8ea	1
Unwind@0054c8f2	eh_unwind_0054c8f2	1
Unwind@0054c8fa	eh_unwind_0054c8fa	1
Unwind@0054c902	eh_unwind_0054c902	1
Unwind@0054c940	eh_unwind_0054c940	1
Unwind@0054c94b	eh_unwind_0054c94b	1
Unwind@0054c953	eh_unwind_0054c953	1
Unwind@0054c9b0	eh_unwind_0054c9b0	1
Unwind@0054c9bb	eh_unwind_0054c9bb	1
Unwind@0054c9c6	eh_unwind_0054c9c6	1
Unwind@0054c9d1	eh_unwind_0054c9d1	1
Unwind@0054ca10	eh_unwind_0054ca10	1
Unwind@0054ca18	eh_unwind_0054ca18	1
Unwind@0054ca50	eh_unwind_0054ca50	1
Unwind@0054ca58	eh_unwind_0054ca58	1
Unwind@0054ca60	eh_unwind_0054ca60	1
Unwind@0054ca90	eh_unwind_0054ca90	1
Unwind@0054caa1	eh_unwind_0054caa1	1
Unwind@0054cad0	eh_unwind_0054cad0	1
Unwind@0054cb00	eh_unwind_0054cb00	1
Unwind@0054cb11	eh_unwind_0054cb11	1
Unwind@0054cb19	eh_unwind_0054cb19	1
Unwind@0054cb40	eh_unwind_0054cb40	1
Unwind@0054cb51	eh_unwind_0054cb51	1
Unwind@0054cba0	eh_unwind_0054cba0	1
Unwind@0054cd30	eh_unwind_0054cd30	1
Unwind@0054cd60	eh_unwind_0054cd60	1
Unwind@0054cd90	eh_unwind_0054cd90	1
Unwind@0054cdc0	eh_unwind_0054cdc0	1
Unwind@0054cdf0	eh_unwind_0054cdf0	1
Unwind@0054cdfe	eh_unwind_0054cdfe	1
Unwind@0054ce0c	eh_unwind_0054ce0c	1
Unwind@0054ce1a	eh_unwind_0054ce1a	1
Unwind@0054ce28	eh_unwind_0054ce28	1
Unwind@0054ce36	eh_unwind_0054ce36	1
Unwind@0054ce44	eh_unwind_0054ce44	1
Unwind@0054ce52	eh_unwind_0054ce52	1
Unwind@0054ce60	eh_unwind_0054ce60	1
Unwind@0054ce6e	eh_unwind_0054ce6e	1
Unwind@0054ce7c	eh_unwind_0054ce7c	1
Unwind@0054ce87	eh_unwind_0054ce87	1
Unwind@0054ce92	eh_unwind_0054ce92	1
Unwind@0054ce9a	eh_unwind_0054ce9a	1
Unwind@0054cea5	eh_unwind_0054cea5	1
Unwind@0054cead	eh_unwind_0054cead	1
Unwind@0054ceb5	eh_unwind_0054ceb5	1
Unwind@0054cebd	eh_unwind_0054cebd	1
Unwind@0054cec8	eh_unwind_0054cec8	1
Unwind@0054ced3	eh_unwind_0054ced3	1
Unwind@0054cedb	eh_unwind_0054cedb	1
Unwind@0054cee3	eh_unwind_0054cee3	1
Unwind@0054cf06	eh_unwind_0054cf06	1
Unwind@0054cf12	eh_unwind_0054cf12	1
Unwind@0054cf1e	eh_unwind_0054cf1e	1
Unwind@0054cf29	eh_unwind_0054cf29	1
Unwind@0054cf31	eh_unwind_0054cf31	1
Unwind@0054cf3f	eh_unwind_0054cf3f	1
Unwind@0054cf47	eh_unwind_0054cf47	1
Unwind@0054cf52	eh_unwind_0054cf52	1
Unwind@0054cf60	eh_unwind_0054cf60	1
Unwind@0054cfa0	eh_unwind_0054cfa0	1
Unwind@0054cfd0	eh_unwind_0054cfd0	1
Unwind@0054cfdb	eh_unwind_0054cfdb	1
Unwind@0054cfe6	eh_unwind_0054cfe6	1
Unwind@0054cff1	eh_unwind_0054cff1	1
Unwind@0054cffc	eh_unwind_0054cffc	1
Unwind@0054d007	eh_unwind_0054d007	1
Unwind@0054d012	eh_unwind_0054d012	1
Unwind@0054d01d	eh_unwind_0054d01d	1
Unwind@0054d028	eh_unwind_0054d028	1
Unwind@0054d033	eh_unwind_0054d033	1
Unwind@0054d060	eh_unwind_0054d060	1
Unwind@0054d068	eh_unwind_0054d068	1
Unwind@0054d0a0	eh_unwind_0054d0a0	1
Unwind@0054d0a8	eh_unwind_0054d0a8	1
Unwind@0054d0b0	eh_unwind_0054d0b0	1
Unwind@0054d0b8	eh_unwind_0054d0b8	1
Unwind@0054d0c0	eh_unwind_0054d0c0	1
Unwind@0054d0f0	eh_unwind_0054d0f0	1
Unwind@0054d0f8	eh_unwind_0054d0f8	1
Unwind@0054d130	eh_unwind_0054d130	1
Unwind@0054d138	eh_unwind_0054d138	1
Unwind@0054d140	eh_unwind_0054d140	1
Unwind@0054d148	eh_unwind_0054d148	1
Unwind@0054d180	eh_unwind_0054d180	1
Unwind@0054d1b0	eh_unwind_0054d1b0	1
Unwind@0054d1e0	eh_unwind_0054d1e0	1
Unwind@0054d210	eh_unwind_0054d210	1
Unwind@0054d250	eh_unwind_0054d250	1
Unwind@0054d290	eh_unwind_0054d290	1
Unwind@0054d2e0	eh_unwind_0054d2e0	1
Unwind@0054d310	eh_unwind_0054d310	1
Unwind@0054d318	eh_unwind_0054d318	1
Unwind@0054d320	eh_unwind_0054d320	1
Unwind@0054d32b	eh_unwind_0054d32b	1
Unwind@0054d380	eh_unwind_0054d380	1
Unwind@0054d3b0	eh_unwind_0054d3b0	1
Unwind@0054d3f0	eh_unwind_0054d3f0	1
Unwind@0054d460	eh_unwind_0054d460	1
Unwind@0054d490	eh_unwind_0054d490	1
Unwind@0054d498	eh_unwind_0054d498	1
Unwind@0054d4c0	eh_unwind_0054d4c0	1
Unwind@0054d4ce	eh_unwind_0054d4ce	1
Unwind@0054d4d6	eh_unwind_0054d4d6	1
Unwind@0054d4e4	eh_unwind_0054d4e4	1
Unwind@0054d4ef	eh_unwind_0054d4ef	1
Unwind@0054d4fa	eh_unwind_0054d4fa	1
Unwind@0054d505	eh_unwind_0054d505	1
Unwind@0054d510	eh_unwind_0054d510	1
Unwind@0054d51b	eh_unwind_0054d51b	1
Unwind@0054d526	eh_unwind_0054d526	1
Unwind@0054d531	eh_unwind_0054d531	1
Unwind@0054d53c	eh_unwind_0054d53c	1
Unwind@0054d547	eh_unwind_0054d547	1
Unwind@0054d552	eh_unwind_0054d552	1
Unwind@0054d55d	eh_unwind_0054d55d	1
Unwind@0054d568	eh_unwind_0054d568	1
Unwind@0054d573	eh_unwind_0054d573	1
Unwind@0054d57e	eh_unwind_0054d57e	1
Unwind@0054d589	eh_unwind_0054d589	1
Unwind@0054d594	eh_unwind_0054d594	1
Unwind@0054d59f	eh_unwind_0054d59f	1
Unwind@0054d5aa	eh_unwind_0054d5aa	1
Unwind@0054d5b5	eh_unwind_0054d5b5	1
Unwind@0054d5c0	eh_unwind_0054d5c0	1
Unwind@0054d5cb	eh_unwind_0054d5cb	1
Unwind@0054d5d6	eh_unwind_0054d5d6	1
Unwind@0054d5e1	eh_unwind_0054d5e1	1
Unwind@0054d5ec	eh_unwind_0054d5ec	1
Unwind@0054d5f7	eh_unwind_0054d5f7	1
Unwind@0054d602	eh_unwind_0054d602	1
Unwind@0054d60d	eh_unwind_0054d60d	1
Unwind@0054d618	eh_unwind_0054d618	1
Unwind@0054d623	eh_unwind_0054d623	1
Unwind@0054d62e	eh_unwind_0054d62e	1
Unwind@0054d639	eh_unwind_0054d639	1
Unwind@0054d644	eh_unwind_0054d644	1
Unwind@0054d64f	eh_unwind_0054d64f	1
Unwind@0054d65a	eh_unwind_0054d65a	1
Unwind@0054d665	eh_unwind_0054d665	1
Unwind@0054d670	eh_unwind_0054d670	1
Unwind@0054d67b	eh_unwind_0054d67b	1
Unwind@0054d686	eh_unwind_0054d686	1
Unwind@0054d691	eh_unwind_0054d691	1
Unwind@0054d69c	eh_unwind_0054d69c	1
Unwind@0054d6a7	eh_unwind_0054d6a7	1
Unwind@0054d6b2	eh_unwind_0054d6b2	1
Unwind@0054d6bd	eh_unwind_0054d6bd	1
Unwind@0054d6c8	eh_unwind_0054d6c8	1
Unwind@0054d6d3	eh_unwind_0054d6d3	1
Unwind@0054d6de	eh_unwind_0054d6de	1
Unwind@0054d6e9	eh_unwind_0054d6e9	1
Unwind@0054d6f4	eh_unwind_0054d6f4	1
Unwind@0054d6ff	eh_unwind_0054d6ff	1
Unwind@0054d70a	eh_unwind_0054d70a	1
Unwind@0054d715	eh_unwind_0054d715	1
Unwind@0054d720	eh_unwind_0054d720	1
Unwind@0054d72b	eh_unwind_0054d72b	1
Unwind@0054d736	eh_unwind_0054d736	1
Unwind@0054d741	eh_unwind_0054d741	1
Unwind@0054d74c	eh_unwind_0054d74c	1
Unwind@0054d757	eh_unwind_0054d757	1
Unwind@0054d762	eh_unwind_0054d762	1
Unwind@0054d76d	eh_unwind_0054d76d	1
Unwind@0054d778	eh_unwind_0054d778	1
Unwind@0054d783	eh_unwind_0054d783	1
Unwind@0054d78e	eh_unwind_0054d78e	1
Unwind@0054d799	eh_unwind_0054d799	1
Unwind@0054d7a4	eh_unwind_0054d7a4	1
Unwind@0054d7af	eh_unwind_0054d7af	1
Unwind@0054d7ba	eh_unwind_0054d7ba	1
Unwind@0054d7c5	eh_unwind_0054d7c5	1
Unwind@0054d7d0	eh_unwind_0054d7d0	1
Unwind@0054d7db	eh_unwind_0054d7db	1
Unwind@0054d7e6	eh_unwind_0054d7e6	1
Unwind@0054d7f1	eh_unwind_0054d7f1	1
Unwind@0054d7fc	eh_unwind_0054d7fc	1
Unwind@0054d807	eh_unwind_0054d807	1
Unwind@0054d812	eh_unwind_0054d812	1
Unwind@0054d81d	eh_unwind_0054d81d	1
Unwind@0054d828	eh_unwind_0054d828	1
Unwind@0054d833	eh_unwind_0054d833	1
Unwind@0054d83e	eh_unwind_0054d83e	1
Unwind@0054d849	eh_unwind_0054d849	1
Unwind@0054d854	eh_unwind_0054d854	1
Unwind@0054d85f	eh_unwind_0054d85f	1
Unwind@0054d86a	eh_unwind_0054d86a	1
Unwind@0054d875	eh_unwind_0054d875	1
Unwind@0054d880	eh_unwind_0054d880	1
Unwind@0054d88b	eh_unwind_0054d88b	1
Unwind@0054d896	eh_unwind_0054d896	1
Unwind@0054d8a1	eh_unwind_0054d8a1	1
Unwind@0054d8ac	eh_unwind_0054d8ac	1
Unwind@0054d8b7	eh_unwind_0054d8b7	1
Unwind@0054d8c2	eh_unwind_0054d8c2	1
Unwind@0054d8cd	eh_unwind_0054d8cd	1
Unwind@0054d8d8	eh_unwind_0054d8d8	1
Unwind@0054d8e3	eh_unwind_0054d8e3	1
Unwind@0054d8ee	eh_unwind_0054d8ee	1
Unwind@0054d8f9	eh_unwind_0054d8f9	1
Unwind@0054d904	eh_unwind_0054d904	1
Unwind@0054d90f	eh_unwind_0054d90f	1
Unwind@0054d91a	eh_unwind_0054d91a	1
Unwind@0054d925	eh_unwind_0054d925	1
Unwind@0054d930	eh_unwind_0054d930	1
Unwind@0054d93b	eh_unwind_0054d93b	1
Unwind@0054d946	eh_unwind_0054d946	1
Unwind@0054d951	eh_unwind_0054d951	1
Unwind@0054d95c	eh_unwind_0054d95c	1
Unwind@0054d967	eh_unwind_0054d967	1
Unwind@0054d972	eh_unwind_0054d972	1
Unwind@0054d97d	eh_unwind_0054d97d	1
Unwind@0054d988	eh_unwind_0054d988	1
Unwind@0054d993	eh_unwind_0054d993	1
Unwind@0054d99e	eh_unwind_0054d99e	1
Unwind@0054d9a9	eh_unwind_0054d9a9	1
Unwind@0054d9b4	eh_unwind_0054d9b4	1
Unwind@0054d9bf	eh_unwind_0054d9bf	1
Unwind@0054d9ca	eh_unwind_0054d9ca	1
Unwind@0054d9d5	eh_unwind_0054d9d5	1
Unwind@0054d9e0	eh_unwind_0054d9e0	1
Unwind@0054d9eb	eh_unwind_0054d9eb	1
Unwind@0054d9f6	eh_unwind_0054d9f6	1
Unwind@0054da01	eh_unwind_0054da01	1
Unwind@0054da0c	eh_unwind_0054da0c	1
Unwind@0054da17	eh_unwind_0054da17	1
Unwind@0054da22	eh_unwind_0054da22	1
Unwind@0054da2d	eh_unwind_0054da2d	1
Unwind@0054da38	eh_unwind_0054da38	1
Unwind@0054da43	eh_unwind_0054da43	1
Unwind@0054da4e	eh_unwind_0054da4e	1
Unwind@0054da59	eh_unwind_0054da59	1
Unwind@0054da64	eh_unwind_0054da64	1
Unwind@0054da6f	eh_unwind_0054da6f	1
Unwind@0054da7a	eh_unwind_0054da7a	1
Unwind@0054da85	eh_unwind_0054da85	1
Unwind@0054da90	eh_unwind_0054da90	1
Unwind@0054da9b	eh_unwind_0054da9b	1
Unwind@0054daa6	eh_unwind_0054daa6	1
Unwind@0054dab1	eh_unwind_0054dab1	1
Unwind@0054dabc	eh_unwind_0054dabc	1
Unwind@0054dac7	eh_unwind_0054dac7	1
Unwind@0054dad2	eh_unwind_0054dad2	1
Unwind@0054dadd	eh_unwind_0054dadd	1
Unwind@0054dae8	eh_unwind_0054dae8	1
Unwind@0054daf3	eh_unwind_0054daf3	1
Unwind@0054dafe	eh_unwind_0054dafe	1
Unwind@0054db09	eh_unwind_0054db09	1
Unwind@0054db14	eh_unwind_0054db14	1
Unwind@0054db1f	eh_unwind_0054db1f	1
Unwind@0054db2a	eh_unwind_0054db2a	1
Unwind@0054db35	eh_unwind_0054db35	1
Unwind@0054db40	eh_unwind_0054db40	1
Unwind@0054db4b	eh_unwind_0054db4b	1
Unwind@0054db56	eh_unwind_0054db56	1
Unwind@0054db61	eh_unwind_0054db61	1
Unwind@0054db6c	eh_unwind_0054db6c	1
Unwind@0054db77	eh_unwind_0054db77	1
Unwind@0054db82	eh_unwind_0054db82	1
Unwind@0054db8d	eh_unwind_0054db8d	1
Unwind@0054db98	eh_unwind_0054db98	1
Unwind@0054dba3	eh_unwind_0054dba3	1
Unwind@0054dbae	eh_unwind_0054dbae	1
Unwind@0054dbb9	eh_unwind_0054dbb9	1
Unwind@0054dbc4	eh_unwind_0054dbc4	1
Unwind@0054dbcf	eh_unwind_0054dbcf	1
Unwind@0054dbda	eh_unwind_0054dbda	1
Unwind@0054dbe5	eh_unwind_0054dbe5	1
Unwind@0054dbf0	eh_unwind_0054dbf0	1
Unwind@0054dbfb	eh_unwind_0054dbfb	1
Unwind@0054dc06	eh_unwind_0054dc06	1
Unwind@0054dc11	eh_unwind_0054dc11	1
Unwind@0054dc1c	eh_unwind_0054dc1c	1
Unwind@0054dc27	eh_unwind_0054dc27	1
Unwind@0054dc32	eh_unwind_0054dc32	1
Unwind@0054dc3d	eh_unwind_0054dc3d	1
Unwind@0054dc48	eh_unwind_0054dc48	1
Unwind@0054dc53	eh_unwind_0054dc53	1
Unwind@0054dc5e	eh_unwind_0054dc5e	1
Unwind@0054dc69	eh_unwind_0054dc69	1
Unwind@0054dc74	eh_unwind_0054dc74	1
Unwind@0054dc7f	eh_unwind_0054dc7f	1
Unwind@0054dc8a	eh_unwind_0054dc8a	1
Unwind@0054dc95	eh_unwind_0054dc95	1
Unwind@0054dca0	eh_unwind_0054dca0	1
Unwind@0054dcab	eh_unwind_0054dcab	1
Unwind@0054dcb6	eh_unwind_0054dcb6	1
Unwind@0054dcc1	eh_unwind_0054dcc1	1
Unwind@0054dccc	eh_unwind_0054dccc	1
Unwind@0054dcd7	eh_unwind_0054dcd7	1
Unwind@0054dce2	eh_unwind_0054dce2	1
Unwind@0054dced	eh_unwind_0054dced	1
Unwind@0054dcf8	eh_unwind_0054dcf8	1
Unwind@0054dd03	eh_unwind_0054dd03	1
Unwind@0054dd0e	eh_unwind_0054dd0e	1
Unwind@0054dd19	eh_unwind_0054dd19	1
Unwind@0054dd24	eh_unwind_0054dd24	1
Unwind@0054dd2f	eh_unwind_0054dd2f	1
Unwind@0054dd3a	eh_unwind_0054dd3a	1
Unwind@0054dd45	eh_unwind_0054dd45	1
Unwind@0054dd50	eh_unwind_0054dd50	1
Unwind@0054dd5b	eh_unwind_0054dd5b	1
Unwind@0054dd66	eh_unwind_0054dd66	1
Unwind@0054dd71	eh_unwind_0054dd71	1
Unwind@0054dd7c	eh_unwind_0054dd7c	1
Unwind@0054dd87	eh_unwind_0054dd87	1
Unwind@0054dd92	eh_unwind_0054dd92	1
Unwind@0054dd9d	eh_unwind_0054dd9d	1
Unwind@0054dda8	eh_unwind_0054dda8	1
Unwind@0054ddb3	eh_unwind_0054ddb3	1
Unwind@0054ddbe	eh_unwind_0054ddbe	1
Unwind@0054ddc9	eh_unwind_0054ddc9	1
Unwind@0054ddd4	eh_unwind_0054ddd4	1
Unwind@0054dddf	eh_unwind_0054dddf	1
Unwind@0054ddea	eh_unwind_0054ddea	1
Unwind@0054ddf5	eh_unwind_0054ddf5	1
Unwind@0054de00	eh_unwind_0054de00	1
Unwind@0054de0b	eh_unwind_0054de0b	1
Unwind@0054de16	eh_unwind_0054de16	1
Unwind@0054de21	eh_unwind_0054de21	1
Unwind@0054de2c	eh_unwind_0054de2c	1
Unwind@0054de37	eh_unwind_0054de37	1
Unwind@0054de42	eh_unwind_0054de42	1
Unwind@0054de4d	eh_unwind_0054de4d	1
Unwind@0054de58	eh_unwind_0054de58	1
Unwind@0054de63	eh_unwind_0054de63	1
Unwind@0054de6e	eh_unwind_0054de6e	1
Unwind@0054de79	eh_unwind_0054de79	1
Unwind@0054de84	eh_unwind_0054de84	1
Unwind@0054de8f	eh_unwind_0054de8f	1
Unwind@0054de9a	eh_unwind_0054de9a	1
Unwind@0054dea5	eh_unwind_0054dea5	1
Unwind@0054deb0	eh_unwind_0054deb0	1
Unwind@0054debb	eh_unwind_0054debb	1
Unwind@0054dec6	eh_unwind_0054dec6	1
Unwind@0054ded1	eh_unwind_0054ded1	1
Unwind@0054dedc	eh_unwind_0054dedc	1
Unwind@0054dee7	eh_unwind_0054dee7	1
Unwind@0054def2	eh_unwind_0054def2	1
Unwind@0054defd	eh_unwind_0054defd	1
Unwind@0054df08	eh_unwind_0054df08	1
Unwind@0054df13	eh_unwind_0054df13	1
Unwind@0054df1e	eh_unwind_0054df1e	1
Unwind@0054df29	eh_unwind_0054df29	1
Unwind@0054df34	eh_unwind_0054df34	1
Unwind@0054df3f	eh_unwind_0054df3f	1
Unwind@0054df4a	eh_unwind_0054df4a	1
Unwind@0054df55	eh_unwind_0054df55	1
Unwind@0054df60	eh_unwind_0054df60	1
Unwind@0054df6b	eh_unwind_0054df6b	1
Unwind@0054df76	eh_unwind_0054df76	1
Unwind@0054df81	eh_unwind_0054df81	1
Unwind@0054df8c	eh_unwind_0054df8c	1
Unwind@0054df97	eh_unwind_0054df97	1
Unwind@0054dfa2	eh_unwind_0054dfa2	1
Unwind@0054dfad	eh_unwind_0054dfad	1
Unwind@0054dfb8	eh_unwind_0054dfb8	1
Unwind@0054dfc3	eh_unwind_0054dfc3	1
Unwind@0054dfce	eh_unwind_0054dfce	1
Unwind@0054dfd9	eh_unwind_0054dfd9	1
Unwind@0054dfe4	eh_unwind_0054dfe4	1
Unwind@0054dfef	eh_unwind_0054dfef	1
Unwind@0054dffa	eh_unwind_0054dffa	1
Unwind@0054e005	eh_unwind_0054e005	1
Unwind@0054e010	eh_unwind_0054e010	1
Unwind@0054e01b	eh_unwind_0054e01b	1
Unwind@0054e026	eh_unwind_0054e026	1
Unwind@0054e031	eh_unwind_0054e031	1
Unwind@0054e03c	eh_unwind_0054e03c	1
Unwind@0054e047	eh_unwind_0054e047	1
Unwind@0054e052	eh_unwind_0054e052	1
Unwind@0054e05d	eh_unwind_0054e05d	1
Unwind@0054e068	eh_unwind_0054e068	1
Unwind@0054e073	eh_unwind_0054e073	1
Unwind@0054e07e	eh_unwind_0054e07e	1
Unwind@0054e089	eh_unwind_0054e089	1
Unwind@0054e094	eh_unwind_0054e094	1
Unwind@0054e09f	eh_unwind_0054e09f	1
Unwind@0054e0aa	eh_unwind_0054e0aa	1
Unwind@0054e0b5	eh_unwind_0054e0b5	1
Unwind@0054e0c0	eh_unwind_0054e0c0	1
Unwind@0054e0cb	eh_unwind_0054e0cb	1
Unwind@0054e0d6	eh_unwind_0054e0d6	1
Unwind@0054e0e1	eh_unwind_0054e0e1	1
Unwind@0054e0ec	eh_unwind_0054e0ec	1
Unwind@0054e0f7	eh_unwind_0054e0f7	1
Unwind@0054e102	eh_unwind_0054e102	1
Unwind@0054e10d	eh_unwind_0054e10d	1
Unwind@0054e118	eh_unwind_0054e118	1
Unwind@0054e123	eh_unwind_0054e123	1
Unwind@0054e12e	eh_unwind_0054e12e	1
Unwind@0054e139	eh_unwind_0054e139	1
Unwind@0054e144	eh_unwind_0054e144	1
Unwind@0054e14f	eh_unwind_0054e14f	1
Unwind@0054e15a	eh_unwind_0054e15a	1
Unwind@0054e165	eh_unwind_0054e165	1
Unwind@0054e170	eh_unwind_0054e170	1
Unwind@0054e17b	eh_unwind_0054e17b	1
Unwind@0054e186	eh_unwind_0054e186	1
Unwind@0054e191	eh_unwind_0054e191	1
Unwind@0054e19c	eh_unwind_0054e19c	1
Unwind@0054e1a7	eh_unwind_0054e1a7	1
Unwind@0054e1b2	eh_unwind_0054e1b2	1
Unwind@0054e1bd	eh_unwind_0054e1bd	1
Unwind@0054e1c8	eh_unwind_0054e1c8	1
Unwind@0054e1d3	eh_unwind_0054e1d3	1
Unwind@0054e1de	eh_unwind_0054e1de	1
Unwind@0054e1e9	eh_unwind_0054e1e9	1
Unwind@0054e1f4	eh_unwind_0054e1f4	1
Unwind@0054e1ff	eh_unwind_0054e1ff	1
Unwind@0054e20a	eh_unwind_0054e20a	1
Unwind@0054e215	eh_unwind_0054e215	1
Unwind@0054e220	eh_unwind_0054e220	1
Unwind@0054e22b	eh_unwind_0054e22b	1
Unwind@0054e236	eh_unwind_0054e236	1
Unwind@0054e241	eh_unwind_0054e241	1
Unwind@0054e24c	eh_unwind_0054e24c	1
Unwind@0054e257	eh_unwind_0054e257	1
Unwind@0054e262	eh_unwind_0054e262	1
Unwind@0054e26d	eh_unwind_0054e26d	1
Unwind@0054e278	eh_unwind_0054e278	1
Unwind@0054e283	eh_unwind_0054e283	1
Unwind@0054e28e	eh_unwind_0054e28e	1
Unwind@0054e299	eh_unwind_0054e299	1
Unwind@0054e2a4	eh_unwind_0054e2a4	1
Unwind@0054e2af	eh_unwind_0054e2af	1
Unwind@0054e2ba	eh_unwind_0054e2ba	1
Unwind@0054e2c5	eh_unwind_0054e2c5	1
Unwind@0054e2d0	eh_unwind_0054e2d0	1
Unwind@0054e2db	eh_unwind_0054e2db	1
Unwind@0054e2e6	eh_unwind_0054e2e6	1
Unwind@0054e2f1	eh_unwind_0054e2f1	1
Unwind@0054e2fc	eh_unwind_0054e2fc	1
Unwind@0054e307	eh_unwind_0054e307	1
Unwind@0054e312	eh_unwind_0054e312	1
Unwind@0054e31d	eh_unwind_0054e31d	1
Unwind@0054e328	eh_unwind_0054e328	1
Unwind@0054e333	eh_unwind_0054e333	1
Unwind@0054e33e	eh_unwind_0054e33e	1
Unwind@0054e349	eh_unwind_0054e349	1
Unwind@0054e354	eh_unwind_0054e354	1
Unwind@0054e35f	eh_unwind_0054e35f	1
Unwind@0054e36a	eh_unwind_0054e36a	1
Unwind@0054e375	eh_unwind_0054e375	1
Unwind@0054e380	eh_unwind_0054e380	1
Unwind@0054e38b	eh_unwind_0054e38b	1
Unwind@0054e396	eh_unwind_0054e396	1
Unwind@0054e3a1	eh_unwind_0054e3a1	1
Unwind@0054e3ac	eh_unwind_0054e3ac	1
Unwind@0054e3b7	eh_unwind_0054e3b7	1
Unwind@0054e3c2	eh_unwind_0054e3c2	1
Unwind@0054e3cd	eh_unwind_0054e3cd	1
Unwind@0054e3d8	eh_unwind_0054e3d8	1
Unwind@0054e3e3	eh_unwind_0054e3e3	1
Unwind@0054e3ee	eh_unwind_0054e3ee	1
Unwind@0054e3f9	eh_unwind_0054e3f9	1
Unwind@0054e404	eh_unwind_0054e404	1
Unwind@0054e40f	eh_unwind_0054e40f	1
Unwind@0054e41a	eh_unwind_0054e41a	1
Unwind@0054e425	eh_unwind_0054e425	1
Unwind@0054e430	eh_unwind_0054e430	1
Unwind@0054e43b	eh_unwind_0054e43b	1
Unwind@0054e446	eh_unwind_0054e446	1
Unwind@0054e451	eh_unwind_0054e451	1
Unwind@0054e45c	eh_unwind_0054e45c	1
Unwind@0054e467	eh_unwind_0054e467	1
Unwind@0054e472	eh_unwind_0054e472	1
Unwind@0054e47d	eh_unwind_0054e47d	1
Unwind@0054e488	eh_unwind_0054e488	1
Unwind@0054e493	eh_unwind_0054e493	1
Unwind@0054e49e	eh_unwind_0054e49e	1
Unwind@0054e4a9	eh_unwind_0054e4a9	1
Unwind@0054e4b4	eh_unwind_0054e4b4	1
Unwind@0054e4bf	eh_unwind_0054e4bf	1
Unwind@0054e4ca	eh_unwind_0054e4ca	1
Unwind@0054e4d5	eh_unwind_0054e4d5	1
Unwind@0054e4e0	eh_unwind_0054e4e0	1
Unwind@0054e4eb	eh_unwind_0054e4eb	1
Unwind@0054e4f6	eh_unwind_0054e4f6	1
Unwind@0054e501	eh_unwind_0054e501	1
Unwind@0054e50c	eh_unwind_0054e50c	1
Unwind@0054e517	eh_unwind_0054e517	1
Unwind@0054e522	eh_unwind_0054e522	1
Unwind@0054e52d	eh_unwind_0054e52d	1
Unwind@0054e538	eh_unwind_0054e538	1
Unwind@0054e543	eh_unwind_0054e543	1
Unwind@0054e54e	eh_unwind_0054e54e	1
Unwind@0054e559	eh_unwind_0054e559	1
Unwind@0054e564	eh_unwind_0054e564	1
Unwind@0054e56f	eh_unwind_0054e56f	1
Unwind@0054e57a	eh_unwind_0054e57a	1
Unwind@0054e585	eh_unwind_0054e585	1
Unwind@0054e590	eh_unwind_0054e590	1
Unwind@0054e59b	eh_unwind_0054e59b	1
Unwind@0054e5a6	eh_unwind_0054e5a6	1
Unwind@0054e5b1	eh_unwind_0054e5b1	1
Unwind@0054e5bc	eh_unwind_0054e5bc	1
Unwind@0054e5c7	eh_unwind_0054e5c7	1
Unwind@0054e5d2	eh_unwind_0054e5d2	1
Unwind@0054e5dd	eh_unwind_0054e5dd	1
Unwind@0054e5e8	eh_unwind_0054e5e8	1
Unwind@0054e5f3	eh_unwind_0054e5f3	1
Unwind@0054e5fe	eh_unwind_0054e5fe	1
Unwind@0054e609	eh_unwind_0054e609	1
Unwind@0054e614	eh_unwind_0054e614	1
Unwind@0054e61f	eh_unwind_0054e61f	1
Unwind@0054e62a	eh_unwind_0054e62a	1
Unwind@0054e635	eh_unwind_0054e635	1
Unwind@0054e640	eh_unwind_0054e640	1
Unwind@0054e64b	eh_unwind_0054e64b	1
Unwind@0054e656	eh_unwind_0054e656	1
Unwind@0054e661	eh_unwind_0054e661	1
Unwind@0054e66c	eh_unwind_0054e66c	1
Unwind@0054e677	eh_unwind_0054e677	1
Unwind@0054e682	eh_unwind_0054e682	1
Unwind@0054e68d	eh_unwind_0054e68d	1
Unwind@0054e698	eh_unwind_0054e698	1
Unwind@0054e6a3	eh_unwind_0054e6a3	1
Unwind@0054e6ae	eh_unwind_0054e6ae	1
Unwind@0054e6b9	eh_unwind_0054e6b9	1
Unwind@0054e6c4	eh_unwind_0054e6c4	1
Unwind@0054e6cf	eh_unwind_0054e6cf	1
Unwind@0054e6da	eh_unwind_0054e6da	1
Unwind@0054e6e5	eh_unwind_0054e6e5	1
Unwind@0054e6f0	eh_unwind_0054e6f0	1
Unwind@0054e6fb	eh_unwind_0054e6fb	1
Unwind@0054e706	eh_unwind_0054e706	1
Unwind@0054e711	eh_unwind_0054e711	1
Unwind@0054e71c	eh_unwind_0054e71c	1
Unwind@0054e727	eh_unwind_0054e727	1
Unwind@0054e732	eh_unwind_0054e732	1
Unwind@0054e73d	eh_unwind_0054e73d	1
Unwind@0054e748	eh_unwind_0054e748	1
Unwind@0054e753	eh_unwind_0054e753	1
Unwind@0054e75e	eh_unwind_0054e75e	1
Unwind@0054e769	eh_unwind_0054e769	1
Unwind@0054e774	eh_unwind_0054e774	1
Unwind@0054e77f	eh_unwind_0054e77f	1
Unwind@0054e78a	eh_unwind_0054e78a	1
Unwind@0054e795	eh_unwind_0054e795	1
Unwind@0054e7a0	eh_unwind_0054e7a0	1
Unwind@0054e7ab	eh_unwind_0054e7ab	1
Unwind@0054e7b6	eh_unwind_0054e7b6	1
Unwind@0054e7c1	eh_unwind_0054e7c1	1
Unwind@0054e7cc	eh_unwind_0054e7cc	1
Unwind@0054e7d7	eh_unwind_0054e7d7	1
Unwind@0054e7e2	eh_unwind_0054e7e2	1
Unwind@0054e7ed	eh_unwind_0054e7ed	1
Unwind@0054e7f8	eh_unwind_0054e7f8	1
Unwind@0054e803	eh_unwind_0054e803	1
Unwind@0054e80e	eh_unwind_0054e80e	1
Unwind@0054e819	eh_unwind_0054e819	1
Unwind@0054e824	eh_unwind_0054e824	1
Unwind@0054e82f	eh_unwind_0054e82f	1
Unwind@0054e83a	eh_unwind_0054e83a	1
Unwind@0054e845	eh_unwind_0054e845	1
Unwind@0054e850	eh_unwind_0054e850	1
Unwind@0054e85b	eh_unwind_0054e85b	1
Unwind@0054e866	eh_unwind_0054e866	1
Unwind@0054e871	eh_unwind_0054e871	1
Unwind@0054e87c	eh_unwind_0054e87c	1
Unwind@0054e887	eh_unwind_0054e887	1
Unwind@0054e892	eh_unwind_0054e892	1
Unwind@0054e89d	eh_unwind_0054e89d	1
Unwind@0054e8a8	eh_unwind_0054e8a8	1
Unwind@0054e8b3	eh_unwind_0054e8b3	1
Unwind@0054e8be	eh_unwind_0054e8be	1
Unwind@0054e8c9	eh_unwind_0054e8c9	1
Unwind@0054e8d4	eh_unwind_0054e8d4	1
Unwind@0054e8df	eh_unwind_0054e8df	1
Unwind@0054e8ea	eh_unwind_0054e8ea	1
Unwind@0054e8f5	eh_unwind_0054e8f5	1
Unwind@0054e900	eh_unwind_0054e900	1
Unwind@0054e90b	eh_unwind_0054e90b	1
Unwind@0054e916	eh_unwind_0054e916	1
Unwind@0054e921	eh_unwind_0054e921	1
Unwind@0054e92c	eh_unwind_0054e92c	1
Unwind@0054e937	eh_unwind_0054e937	1
Unwind@0054e942	eh_unwind_0054e942	1
Unwind@0054e94d	eh_unwind_0054e94d	1
Unwind@0054e958	eh_unwind_0054e958	1
Unwind@0054e963	eh_unwind_0054e963	1
Unwind@0054e96e	eh_unwind_0054e96e	1
Unwind@0054e979	eh_unwind_0054e979	1
Unwind@0054e984	eh_unwind_0054e984	1
Unwind@0054e98f	eh_unwind_0054e98f	1
Unwind@0054e99a	eh_unwind_0054e99a	1
Unwind@0054e9a5	eh_unwind_0054e9a5	1
Unwind@0054e9b0	eh_unwind_0054e9b0	1
Unwind@0054e9bb	eh_unwind_0054e9bb	1
Unwind@0054e9c6	eh_unwind_0054e9c6	1
Unwind@0054e9d1	eh_unwind_0054e9d1	1
Unwind@0054e9dc	eh_unwind_0054e9dc	1
Unwind@0054e9e7	eh_unwind_0054e9e7	1
Unwind@0054e9f2	eh_unwind_0054e9f2	1
Unwind@0054e9fd	eh_unwind_0054e9fd	1
Unwind@0054ea08	eh_unwind_0054ea08	1
Unwind@0054ea13	eh_unwind_0054ea13	1
Unwind@0054ea1e	eh_unwind_0054ea1e	1
Unwind@0054ea29	eh_unwind_0054ea29	1
Unwind@0054ea34	eh_unwind_0054ea34	1
Unwind@0054ea3f	eh_unwind_0054ea3f	1
Unwind@0054ea4a	eh_unwind_0054ea4a	1
Unwind@0054ea55	eh_unwind_0054ea55	1
Unwind@0054ea60	eh_unwind_0054ea60	1
Unwind@0054ea6b	eh_unwind_0054ea6b	1
Unwind@0054ea76	eh_unwind_0054ea76	1
Unwind@0054ea81	eh_unwind_0054ea81	1
Unwind@0054ea8c	eh_unwind_0054ea8c	1
Unwind@0054ea97	eh_unwind_0054ea97	1
Unwind@0054eaa2	eh_unwind_0054eaa2	1
Unwind@0054eaad	eh_unwind_0054eaad	1
Unwind@0054eab8	eh_unwind_0054eab8	1
Unwind@0054eac3	eh_unwind_0054eac3	1
Unwind@0054eace	eh_unwind_0054eace	1
Unwind@0054ead9	eh_unwind_0054ead9	1
Unwind@0054eae4	eh_unwind_0054eae4	1
Unwind@0054eaef	eh_unwind_0054eaef	1
Unwind@0054eafa	eh_unwind_0054eafa	1
Unwind@0054eb05	eh_unwind_0054eb05	1
Unwind@0054eb10	eh_unwind_0054eb10	1
Unwind@0054eb1b	eh_unwind_0054eb1b	1
Unwind@0054eb26	eh_unwind_0054eb26	1
Unwind@0054eb31	eh_unwind_0054eb31	1
Unwind@0054eb3c	eh_unwind_0054eb3c	1
Unwind@0054eb47	eh_unwind_0054eb47	1
Unwind@0054eb52	eh_unwind_0054eb52	1
Unwind@0054eb5d	eh_unwind_0054eb5d	1
Unwind@0054eb68	eh_unwind_0054eb68	1
Unwind@0054eb73	eh_unwind_0054eb73	1
Unwind@0054eb7e	eh_unwind_0054eb7e	1
Unwind@0054eb89	eh_unwind_0054eb89	1
Unwind@0054eb94	eh_unwind_0054eb94	1
Unwind@0054eb9f	eh_unwind_0054eb9f	1
Unwind@0054ebaa	eh_unwind_0054ebaa	1
Unwind@0054ebb5	eh_unwind_0054ebb5	1
Unwind@0054ebc0	eh_unwind_0054ebc0	1
Unwind@0054ebcb	eh_unwind_0054ebcb	1
Unwind@0054ebd6	eh_unwind_0054ebd6	1
Unwind@0054ebe1	eh_unwind_0054ebe1	1
Unwind@0054ebec	eh_unwind_0054ebec	1
Unwind@0054ebf7	eh_unwind_0054ebf7	1
Unwind@0054ec02	eh_unwind_0054ec02	1
Unwind@0054ec0d	eh_unwind_0054ec0d	1
Unwind@0054ec18	eh_unwind_0054ec18	1
Unwind@0054ec23	eh_unwind_0054ec23	1
Unwind@0054ec2e	eh_unwind_0054ec2e	1
Unwind@0054ec39	eh_unwind_0054ec39	1
Unwind@0054ec44	eh_unwind_0054ec44	1
Unwind@0054ec4f	eh_unwind_0054ec4f	1
Unwind@0054ec5a	eh_unwind_0054ec5a	1
Unwind@0054ec65	eh_unwind_0054ec65	1
Unwind@0054ec70	eh_unwind_0054ec70	1
Unwind@0054ec7b	eh_unwind_0054ec7b	1
Unwind@0054ec86	eh_unwind_0054ec86	1
Unwind@0054ec91	eh_unwind_0054ec91	1
Unwind@0054ec9c	eh_unwind_0054ec9c	1
Unwind@0054eca7	eh_unwind_0054eca7	1
Unwind@0054ecb2	eh_unwind_0054ecb2	1
Unwind@0054ecbd	eh_unwind_0054ecbd	1
Unwind@0054ecc8	eh_unwind_0054ecc8	1
Unwind@0054ecd3	eh_unwind_0054ecd3	1
Unwind@0054ecde	eh_unwind_0054ecde	1
Unwind@0054ece9	eh_unwind_0054ece9	1
Unwind@0054ecf4	eh_unwind_0054ecf4	1
Unwind@0054ecff	eh_unwind_0054ecff	1
Unwind@0054ed0a	eh_unwind_0054ed0a	1
Unwind@0054ed15	eh_unwind_0054ed15	1
Unwind@0054ed20	eh_unwind_0054ed20	1
Unwind@0054ed2b	eh_unwind_0054ed2b	1
Unwind@0054ed36	eh_unwind_0054ed36	1
Unwind@0054ed41	eh_unwind_0054ed41	1
Unwind@0054ed4c	eh_unwind_0054ed4c	1
Unwind@0054ed57	eh_unwind_0054ed57	1
Unwind@0054ed62	eh_unwind_0054ed62	1
Unwind@0054ed6d	eh_unwind_0054ed6d	1
Unwind@0054ed78	eh_unwind_0054ed78	1
Unwind@0054ed83	eh_unwind_0054ed83	1
Unwind@0054ed8e	eh_unwind_0054ed8e	1
Unwind@0054ed99	eh_unwind_0054ed99	1
Unwind@0054eda4	eh_unwind_0054eda4	1
Unwind@0054edaf	eh_unwind_0054edaf	1
Unwind@0054edba	eh_unwind_0054edba	1
Unwind@0054edc5	eh_unwind_0054edc5	1
Unwind@0054edd0	eh_unwind_0054edd0	1
Unwind@0054eddb	eh_unwind_0054eddb	1
Unwind@0054ede6	eh_unwind_0054ede6	1
Unwind@0054edf1	eh_unwind_0054edf1	1
Unwind@0054edfc	eh_unwind_0054edfc	1
Unwind@0054ee07	eh_unwind_0054ee07	1
Unwind@0054ee12	eh_unwind_0054ee12	1
Unwind@0054ee1d	eh_unwind_0054ee1d	1
Unwind@0054ee28	eh_unwind_0054ee28	1
Unwind@0054ee33	eh_unwind_0054ee33	1
Unwind@0054ee3e	eh_unwind_0054ee3e	1
Unwind@0054ee49	eh_unwind_0054ee49	1
Unwind@0054ee54	eh_unwind_0054ee54	1
Unwind@0054ee5f	eh_unwind_0054ee5f	1
Unwind@0054ee6a	eh_unwind_0054ee6a	1
Unwind@0054ee75	eh_unwind_0054ee75	1
Unwind@0054ee80	eh_unwind_0054ee80	1
Unwind@0054ee8b	eh_unwind_0054ee8b	1
Unwind@0054ee96	eh_unwind_0054ee96	1
Unwind@0054eea1	eh_unwind_0054eea1	1
Unwind@0054eeac	eh_unwind_0054eeac	1
Unwind@0054eeb7	eh_unwind_0054eeb7	1
Unwind@0054eec2	eh_unwind_0054eec2	1
Unwind@0054eecd	eh_unwind_0054eecd	1
Unwind@0054eed8	eh_unwind_0054eed8	1
Unwind@0054eee3	eh_unwind_0054eee3	1
Unwind@0054eeee	eh_unwind_0054eeee	1
Unwind@0054eef9	eh_unwind_0054eef9	1
Unwind@0054ef04	eh_unwind_0054ef04	1
Unwind@0054ef0f	eh_unwind_0054ef0f	1
Unwind@0054ef1a	eh_unwind_0054ef1a	1
Unwind@0054ef25	eh_unwind_0054ef25	1
Unwind@0054ef30	eh_unwind_0054ef30	1
Unwind@0054ef3b	eh_unwind_0054ef3b	1
Unwind@0054ef46	eh_unwind_0054ef46	1
Unwind@0054ef51	eh_unwind_0054ef51	1
Unwind@0054ef5c	eh_unwind_0054ef5c	1
Unwind@0054ef67	eh_unwind_0054ef67	1
Unwind@0054ef72	eh_unwind_0054ef72	1
Unwind@0054ef7d	eh_unwind_0054ef7d	1
Unwind@0054ef88	eh_unwind_0054ef88	1
Unwind@0054ef93	eh_unwind_0054ef93	1
Unwind@0054ef9e	eh_unwind_0054ef9e	1
Unwind@0054efa9	eh_unwind_0054efa9	1
Unwind@0054efb4	eh_unwind_0054efb4	1
Unwind@0054efbf	eh_unwind_0054efbf	1
Unwind@0054efca	eh_unwind_0054efca	1
Unwind@0054efd5	eh_unwind_0054efd5	1
Unwind@0054efe0	eh_unwind_0054efe0	1
Unwind@0054efeb	eh_unwind_0054efeb	1
Unwind@0054eff6	eh_unwind_0054eff6	1
Unwind@0054f001	eh_unwind_0054f001	1
Unwind@0054f00c	eh_unwind_0054f00c	1
Unwind@0054f017	eh_unwind_0054f017	1
Unwind@0054f022	eh_unwind_0054f022	1
Unwind@0054f02d	eh_unwind_0054f02d	1
Unwind@0054f038	eh_unwind_0054f038	1
Unwind@0054f043	eh_unwind_0054f043	1
Unwind@0054f04e	eh_unwind_0054f04e	1
Unwind@0054f059	eh_unwind_0054f059	1
Unwind@0054f064	eh_unwind_0054f064	1
Unwind@0054f06f	eh_unwind_0054f06f	1
Unwind@0054f07a	eh_unwind_0054f07a	1
Unwind@0054f085	eh_unwind_0054f085	1
Unwind@0054f090	eh_unwind_0054f090	1
Unwind@0054f09b	eh_unwind_0054f09b	1
Unwind@0054f0a6	eh_unwind_0054f0a6	1
Unwind@0054f0b1	eh_unwind_0054f0b1	1
Unwind@0054f0bc	eh_unwind_0054f0bc	1
Unwind@0054f0c7	eh_unwind_0054f0c7	1
Unwind@0054f0d2	eh_unwind_0054f0d2	1
Unwind@0054f0dd	eh_unwind_0054f0dd	1
Unwind@0054f0e8	eh_unwind_0054f0e8	1
Unwind@0054f0f3	eh_unwind_0054f0f3	1
Unwind@0054f0fe	eh_unwind_0054f0fe	1
Unwind@0054f109	eh_unwind_0054f109	1
Unwind@0054f114	eh_unwind_0054f114	1
Unwind@0054f11f	eh_unwind_0054f11f	1
Unwind@0054f12a	eh_unwind_0054f12a	1
Unwind@0054f135	eh_unwind_0054f135	1
Unwind@0054f140	eh_unwind_0054f140	1
Unwind@0054f14b	eh_unwind_0054f14b	1
Unwind@0054f156	eh_unwind_0054f156	1
Unwind@0054f161	eh_unwind_0054f161	1
Unwind@0054f16c	eh_unwind_0054f16c	1
Unwind@0054f177	eh_unwind_0054f177	1
Unwind@0054f182	eh_unwind_0054f182	1
Unwind@0054f18d	eh_unwind_0054f18d	1
Unwind@0054f198	eh_unwind_0054f198	1
Unwind@0054f1a3	eh_unwind_0054f1a3	1
Unwind@0054f1ae	eh_unwind_0054f1ae	1
Unwind@0054f1b9	eh_unwind_0054f1b9	1
Unwind@0054f1c4	eh_unwind_0054f1c4	1
Unwind@0054f1cf	eh_unwind_0054f1cf	1
Unwind@0054f1da	eh_unwind_0054f1da	1
Unwind@0054f1e5	eh_unwind_0054f1e5	1
Unwind@0054f1f0	eh_unwind_0054f1f0	1
Unwind@0054f1fb	eh_unwind_0054f1fb	1
Unwind@0054f206	eh_unwind_0054f206	1
Unwind@0054f211	eh_unwind_0054f211	1
Unwind@0054f21c	eh_unwind_0054f21c	1
Unwind@0054f227	eh_unwind_0054f227	1
Unwind@0054f232	eh_unwind_0054f232	1
Unwind@0054f23d	eh_unwind_0054f23d	1
Unwind@0054f248	eh_unwind_0054f248	1
Unwind@0054f253	eh_unwind_0054f253	1
Unwind@0054f25e	eh_unwind_0054f25e	1
Unwind@0054f269	eh_unwind_0054f269	1
Unwind@0054f274	eh_unwind_0054f274	1
Unwind@0054f27f	eh_unwind_0054f27f	1
Unwind@0054f28a	eh_unwind_0054f28a	1
Unwind@0054f295	eh_unwind_0054f295	1
Unwind@0054f2a0	eh_unwind_0054f2a0	1
Unwind@0054f2ab	eh_unwind_0054f2ab	1
Unwind@0054f2b6	eh_unwind_0054f2b6	1
Unwind@0054f2c1	eh_unwind_0054f2c1	1
Unwind@0054f2cc	eh_unwind_0054f2cc	1
Unwind@0054f2d7	eh_unwind_0054f2d7	1
Unwind@0054f2e2	eh_unwind_0054f2e2	1
Unwind@0054f2ed	eh_unwind_0054f2ed	1
Unwind@0054f2f8	eh_unwind_0054f2f8	1
Unwind@0054f303	eh_unwind_0054f303	1
Unwind@0054f30e	eh_unwind_0054f30e	1
Unwind@0054f319	eh_unwind_0054f319	1
Unwind@0054f324	eh_unwind_0054f324	1
Unwind@0054f32f	eh_unwind_0054f32f	1
Unwind@0054f33a	eh_unwind_0054f33a	1
Unwind@0054f345	eh_unwind_0054f345	1
Unwind@0054f350	eh_unwind_0054f350	1
Unwind@0054f35b	eh_unwind_0054f35b	1
Unwind@0054f366	eh_unwind_0054f366	1
Unwind@0054f371	eh_unwind_0054f371	1
Unwind@0054f37c	eh_unwind_0054f37c	1
Unwind@0054f387	eh_unwind_0054f387	1
Unwind@0054f392	eh_unwind_0054f392	1
Unwind@0054f39d	eh_unwind_0054f39d	1
Unwind@0054f3a8	eh_unwind_0054f3a8	1
Unwind@0054f3b3	eh_unwind_0054f3b3	1
Unwind@0054f3be	eh_unwind_0054f3be	1
Unwind@0054f3c9	eh_unwind_0054f3c9	1
Unwind@0054f3d4	eh_unwind_0054f3d4	1
Unwind@0054f3df	eh_unwind_0054f3df	1
Unwind@0054f3ea	eh_unwind_0054f3ea	1
Unwind@0054f3f5	eh_unwind_0054f3f5	1
Unwind@0054f400	eh_unwind_0054f400	1
Unwind@0054f40b	eh_unwind_0054f40b	1
Unwind@0054f416	eh_unwind_0054f416	1
Unwind@0054f421	eh_unwind_0054f421	1
Unwind@0054f42c	eh_unwind_0054f42c	1
Unwind@0054f437	eh_unwind_0054f437	1
Unwind@0054f442	eh_unwind_0054f442	1
Unwind@0054f44d	eh_unwind_0054f44d	1
Unwind@0054f458	eh_unwind_0054f458	1
Unwind@0054f463	eh_unwind_0054f463	1
Unwind@0054f46e	eh_unwind_0054f46e	1
Unwind@0054f479	eh_unwind_0054f479	1
Unwind@0054f484	eh_unwind_0054f484	1
Unwind@0054f48f	eh_unwind_0054f48f	1
Unwind@0054f49a	eh_unwind_0054f49a	1
Unwind@0054f4a5	eh_unwind_0054f4a5	1
Unwind@0054f4b0	eh_unwind_0054f4b0	1
Unwind@0054f4bb	eh_unwind_0054f4bb	1
Unwind@0054f4c6	eh_unwind_0054f4c6	1
Unwind@0054f4d1	eh_unwind_0054f4d1	1
Unwind@0054f4dc	eh_unwind_0054f4dc	1
Unwind@0054f4e7	eh_unwind_0054f4e7	1
Unwind@0054f4f2	eh_unwind_0054f4f2	1
Unwind@0054f4fd	eh_unwind_0054f4fd	1
Unwind@0054f508	eh_unwind_0054f508	1
Unwind@0054f513	eh_unwind_0054f513	1
Unwind@0054f51e	eh_unwind_0054f51e	1
Unwind@0054f529	eh_unwind_0054f529	1
Unwind@0054f534	eh_unwind_0054f534	1
Unwind@0054f53f	eh_unwind_0054f53f	1
Unwind@0054f54a	eh_unwind_0054f54a	1
Unwind@0054f555	eh_unwind_0054f555	1
Unwind@0054f560	eh_unwind_0054f560	1
Unwind@0054f56b	eh_unwind_0054f56b	1
Unwind@0054f576	eh_unwind_0054f576	1
Unwind@0054f581	eh_unwind_0054f581	1
Unwind@0054f58c	eh_unwind_0054f58c	1
Unwind@0054f597	eh_unwind_0054f597	1
Unwind@0054f5a2	eh_unwind_0054f5a2	1
Unwind@0054f5ad	eh_unwind_0054f5ad	1
Unwind@0054f5b8	eh_unwind_0054f5b8	1
Unwind@0054f5c3	eh_unwind_0054f5c3	1
Unwind@0054f5ce	eh_unwind_0054f5ce	1
Unwind@0054f5d9	eh_unwind_0054f5d9	1
Unwind@0054f5e4	eh_unwind_0054f5e4	1
Unwind@0054f5ef	eh_unwind_0054f5ef	1
Unwind@0054f5fa	eh_unwind_0054f5fa	1
Unwind@0054f605	eh_unwind_0054f605	1
Unwind@0054f610	eh_unwind_0054f610	1
Unwind@0054f61b	eh_unwind_0054f61b	1
Unwind@0054f626	eh_unwind_0054f626	1
Unwind@0054f631	eh_unwind_0054f631	1
Unwind@0054f63c	eh_unwind_0054f63c	1
Unwind@0054f647	eh_unwind_0054f647	1
Unwind@0054f652	eh_unwind_0054f652	1
Unwind@0054f65d	eh_unwind_0054f65d	1
Unwind@0054f668	eh_unwind_0054f668	1
Unwind@0054f673	eh_unwind_0054f673	1
Unwind@0054f67e	eh_unwind_0054f67e	1
Unwind@0054f689	eh_unwind_0054f689	1
Unwind@0054f694	eh_unwind_0054f694	1
Unwind@0054f69f	eh_unwind_0054f69f	1
Unwind@0054f6aa	eh_unwind_0054f6aa	1
Unwind@0054f6b5	eh_unwind_0054f6b5	1
Unwind@0054f6c0	eh_unwind_0054f6c0	1
Unwind@0054f6cb	eh_unwind_0054f6cb	1
Unwind@0054f6d6	eh_unwind_0054f6d6	1
Unwind@0054f6e1	eh_unwind_0054f6e1	1
Unwind@0054f6ec	eh_unwind_0054f6ec	1
Unwind@0054f6f7	eh_unwind_0054f6f7	1
Unwind@0054f702	eh_unwind_0054f702	1
Unwind@0054f70d	eh_unwind_0054f70d	1
Unwind@0054f718	eh_unwind_0054f718	1
Unwind@0054f723	eh_unwind_0054f723	1
Unwind@0054f72e	eh_unwind_0054f72e	1
Unwind@0054f739	eh_unwind_0054f739	1
Unwind@0054f744	eh_unwind_0054f744	1
Unwind@0054f74f	eh_unwind_0054f74f	1
Unwind@0054f75a	eh_unwind_0054f75a	1
Unwind@0054f765	eh_unwind_0054f765	1
Unwind@0054f770	eh_unwind_0054f770	1
Unwind@0054f77b	eh_unwind_0054f77b	1
Unwind@0054f786	eh_unwind_0054f786	1
Unwind@0054f791	eh_unwind_0054f791	1
Unwind@0054f79c	eh_unwind_0054f79c	1
Unwind@0054f7a7	eh_unwind_0054f7a7	1
Unwind@0054f7b2	eh_unwind_0054f7b2	1
Unwind@0054f7bd	eh_unwind_0054f7bd	1
Unwind@0054f7c8	eh_unwind_0054f7c8	1
Unwind@0054f7d3	eh_unwind_0054f7d3	1
Unwind@0054f7de	eh_unwind_0054f7de	1
Unwind@0054f7e9	eh_unwind_0054f7e9	1
Unwind@0054f7f4	eh_unwind_0054f7f4	1
Unwind@0054f7ff	eh_unwind_0054f7ff	1
Unwind@0054f80a	eh_unwind_0054f80a	1
Unwind@0054f815	eh_unwind_0054f815	1
Unwind@0054f820	eh_unwind_0054f820	1
Unwind@0054f82b	eh_unwind_0054f82b	1
Unwind@0054f836	eh_unwind_0054f836	1
Unwind@0054f841	eh_unwind_0054f841	1
Unwind@0054f84c	eh_unwind_0054f84c	1
Unwind@0054f857	eh_unwind_0054f857	1
Unwind@0054f862	eh_unwind_0054f862	1
Unwind@0054f86d	eh_unwind_0054f86d	1
Unwind@0054f878	eh_unwind_0054f878	1
Unwind@0054f883	eh_unwind_0054f883	1
Unwind@0054f88e	eh_unwind_0054f88e	1
Unwind@0054f899	eh_unwind_0054f899	1
Unwind@0054f8a4	eh_unwind_0054f8a4	1
Unwind@0054f8af	eh_unwind_0054f8af	1
Unwind@0054f8ba	eh_unwind_0054f8ba	1
Unwind@0054f8c5	eh_unwind_0054f8c5	1
Unwind@0054f8d0	eh_unwind_0054f8d0	1
Unwind@0054f8db	eh_unwind_0054f8db	1
Unwind@0054f8e6	eh_unwind_0054f8e6	1
Unwind@0054f8f1	eh_unwind_0054f8f1	1
Unwind@0054f8fc	eh_unwind_0054f8fc	1
Unwind@0054f907	eh_unwind_0054f907	1
Unwind@0054f912	eh_unwind_0054f912	1
Unwind@0054f91d	eh_unwind_0054f91d	1
Unwind@0054f928	eh_unwind_0054f928	1
Unwind@0054f933	eh_unwind_0054f933	1
Unwind@0054f93e	eh_unwind_0054f93e	1
Unwind@0054f949	eh_unwind_0054f949	1
Unwind@0054f954	eh_unwind_0054f954	1
Unwind@0054f95f	eh_unwind_0054f95f	1
Unwind@0054f96a	eh_unwind_0054f96a	1
Unwind@0054f975	eh_unwind_0054f975	1
Unwind@0054f980	eh_unwind_0054f980	1
Unwind@0054f98b	eh_unwind_0054f98b	1
Unwind@0054f996	eh_unwind_0054f996	1
Unwind@0054f9a1	eh_unwind_0054f9a1	1
Unwind@0054f9ac	eh_unwind_0054f9ac	1
Unwind@0054f9b7	eh_unwind_0054f9b7	1
Unwind@0054f9c2	eh_unwind_0054f9c2	1
Unwind@0054f9cd	eh_unwind_0054f9cd	1
Unwind@0054f9d8	eh_unwind_0054f9d8	1
Unwind@0054f9e3	eh_unwind_0054f9e3	1
Unwind@0054f9ee	eh_unwind_0054f9ee	1
Unwind@0054f9f9	eh_unwind_0054f9f9	1
Unwind@0054fa04	eh_unwind_0054fa04	1
Unwind@0054fa0f	eh_unwind_0054fa0f	1
Unwind@0054fa1a	eh_unwind_0054fa1a	1
Unwind@0054fa25	eh_unwind_0054fa25	1
Unwind@0054fa30	eh_unwind_0054fa30	1
Unwind@0054fa3b	eh_unwind_0054fa3b	1
Unwind@0054fa46	eh_unwind_0054fa46	1
Unwind@0054fa51	eh_unwind_0054fa51	1
Unwind@0054fa5c	eh_unwind_0054fa5c	1
Unwind@0054fa67	eh_unwind_0054fa67	1
Unwind@0054fa72	eh_unwind_0054fa72	1
Unwind@0054fa7d	eh_unwind_0054fa7d	1
Unwind@0054fa88	eh_unwind_0054fa88	1
Unwind@0054fa93	eh_unwind_0054fa93	1
Unwind@0054fa9e	eh_unwind_0054fa9e	1
Unwind@0054faa9	eh_unwind_0054faa9	1
Unwind@0054fab4	eh_unwind_0054fab4	1
Unwind@0054fabf	eh_unwind_0054fabf	1
Unwind@0054faca	eh_unwind_0054faca	1
Unwind@0054fad5	eh_unwind_0054fad5	1
Unwind@0054fae0	eh_unwind_0054fae0	1
Unwind@0054faeb	eh_unwind_0054faeb	1
Unwind@0054faf6	eh_unwind_0054faf6	1
Unwind@0054fb01	eh_unwind_0054fb01	1
Unwind@0054fb0c	eh_unwind_0054fb0c	1
Unwind@0054fb17	eh_unwind_0054fb17	1
Unwind@0054fb22	eh_unwind_0054fb22	1
Unwind@0054fb2d	eh_unwind_0054fb2d	1
Unwind@0054fb38	eh_unwind_0054fb38	1
Unwind@0054fb43	eh_unwind_0054fb43	1
Unwind@0054fb4e	eh_unwind_0054fb4e	1
Unwind@0054fb59	eh_unwind_0054fb59	1
Unwind@0054fb64	eh_unwind_0054fb64	1
Unwind@0054fb6f	eh_unwind_0054fb6f	1
Unwind@0054fb7a	eh_unwind_0054fb7a	1
Unwind@0054fb85	eh_unwind_0054fb85	1
Unwind@0054fb90	eh_unwind_0054fb90	1
Unwind@0054fb9b	eh_unwind_0054fb9b	1
Unwind@0054fba6	eh_unwind_0054fba6	1
Unwind@0054fbb1	eh_unwind_0054fbb1	1
Unwind@0054fbbc	eh_unwind_0054fbbc	1
Unwind@0054fbc7	eh_unwind_0054fbc7	1
Unwind@0054fbd2	eh_unwind_0054fbd2	1
Unwind@0054fbdd	eh_unwind_0054fbdd	1
Unwind@0054fbe8	eh_unwind_0054fbe8	1
Unwind@0054fbf3	eh_unwind_0054fbf3	1
Unwind@0054fbfe	eh_unwind_0054fbfe	1
Unwind@0054fc09	eh_unwind_0054fc09	1
Unwind@0054fc14	eh_unwind_0054fc14	1
Unwind@0054fc1f	eh_unwind_0054fc1f	1
Unwind@0054fc2a	eh_unwind_0054fc2a	1
Unwind@0054fc35	eh_unwind_0054fc35	1
Unwind@0054fc40	eh_unwind_0054fc40	1
Unwind@0054fc4b	eh_unwind_0054fc4b	1
Unwind@0054fc56	eh_unwind_0054fc56	1
Unwind@0054fc61	eh_unwind_0054fc61	1
Unwind@0054fc6c	eh_unwind_0054fc6c	1
Unwind@0054fc77	eh_unwind_0054fc77	1
Unwind@0054fc82	eh_unwind_0054fc82	1
Unwind@0054fc8d	eh_unwind_0054fc8d	1
Unwind@0054fc98	eh_unwind_0054fc98	1
Unwind@0054fca3	eh_unwind_0054fca3	1
Unwind@0054fcae	eh_unwind_0054fcae	1
Unwind@0054fcb9	eh_unwind_0054fcb9	1
Unwind@0054fcc4	eh_unwind_0054fcc4	1
Unwind@0054fccf	eh_unwind_0054fccf	1
Unwind@0054fcda	eh_unwind_0054fcda	1
Unwind@0054fce5	eh_unwind_0054fce5	1
Unwind@0054fcf0	eh_unwind_0054fcf0	1
Unwind@0054fcfb	eh_unwind_0054fcfb	1
Unwind@0054fd06	eh_unwind_0054fd06	1
Unwind@0054fd11	eh_unwind_0054fd11	1
Unwind@0054fd1c	eh_unwind_0054fd1c	1
Unwind@0054fd27	eh_unwind_0054fd27	1
Unwind@0054fd32	eh_unwind_0054fd32	1
Unwind@0054fd3d	eh_unwind_0054fd3d	1
Unwind@0054fd48	eh_unwind_0054fd48	1
Unwind@0054fd53	eh_unwind_0054fd53	1
Unwind@0054fd5e	eh_unwind_0054fd5e	1
Unwind@0054fd69	eh_unwind_0054fd69	1
Unwind@0054fd74	eh_unwind_0054fd74	1
Unwind@0054fd7f	eh_unwind_0054fd7f	1
Unwind@0054fd8a	eh_unwind_0054fd8a	1
Unwind@0054fd95	eh_unwind_0054fd95	1
Unwind@0054fda0	eh_unwind_0054fda0	1
Unwind@0054fdab	eh_unwind_0054fdab	1
Unwind@0054fdb6	eh_unwind_0054fdb6	1
Unwind@0054fdc1	eh_unwind_0054fdc1	1
Unwind@0054fdcc	eh_unwind_0054fdcc	1
Unwind@0054fdd7	eh_unwind_0054fdd7	1
Unwind@0054fde2	eh_unwind_0054fde2	1
Unwind@0054fded	eh_unwind_0054fded	1
Unwind@0054fdf8	eh_unwind_0054fdf8	1
Unwind@0054fe03	eh_unwind_0054fe03	1
Unwind@0054fe0e	eh_unwind_0054fe0e	1
Unwind@0054fe19	eh_unwind_0054fe19	1
Unwind@0054fe24	eh_unwind_0054fe24	1
Unwind@0054fe2f	eh_unwind_0054fe2f	1
Unwind@0054fe3a	eh_unwind_0054fe3a	1
Unwind@0054fe45	eh_unwind_0054fe45	1
Unwind@0054fe50	eh_unwind_0054fe50	1
Unwind@0054fe5b	eh_unwind_0054fe5b	1
Unwind@0054fe66	eh_unwind_0054fe66	1
Unwind@0054fe71	eh_unwind_0054fe71	1
Unwind@0054fe7c	eh_unwind_0054fe7c	1
Unwind@0054fe87	eh_unwind_0054fe87	1
Unwind@0054fe92	eh_unwind_0054fe92	1
Unwind@0054fe9d	eh_unwind_0054fe9d	1
Unwind@0054fea8	eh_unwind_0054fea8	1
Unwind@0054feb3	eh_unwind_0054feb3	1
Unwind@0054febe	eh_unwind_0054febe	1
Unwind@0054fec9	eh_unwind_0054fec9	1
Unwind@0054fed4	eh_unwind_0054fed4	1
Unwind@0054fedf	eh_unwind_0054fedf	1
Unwind@0054feea	eh_unwind_0054feea	1
Unwind@0054fef5	eh_unwind_0054fef5	1
Unwind@0054ff00	eh_unwind_0054ff00	1
Unwind@0054ff0b	eh_unwind_0054ff0b	1
Unwind@0054ff16	eh_unwind_0054ff16	1
Unwind@0054ff21	eh_unwind_0054ff21	1
Unwind@0054ff2c	eh_unwind_0054ff2c	1
Unwind@0054ff37	eh_unwind_0054ff37	1
Unwind@0054ff42	eh_unwind_0054ff42	1
Unwind@0054ff4d	eh_unwind_0054ff4d	1
Unwind@0054ff58	eh_unwind_0054ff58	1
Unwind@0054ff63	eh_unwind_0054ff63	1
Unwind@0054ff6e	eh_unwind_0054ff6e	1
Unwind@0054ff79	eh_unwind_0054ff79	1
Unwind@0054ff84	eh_unwind_0054ff84	1
Unwind@0054ff8f	eh_unwind_0054ff8f	1
Unwind@0054ff9a	eh_unwind_0054ff9a	1
Unwind@0054ffa5	eh_unwind_0054ffa5	1
Unwind@0054ffb0	eh_unwind_0054ffb0	1
Unwind@0054ffbb	eh_unwind_0054ffbb	1
Unwind@0054ffc6	eh_unwind_0054ffc6	1
Unwind@0054ffd1	eh_unwind_0054ffd1	1
Unwind@0054ffdc	eh_unwind_0054ffdc	1
Unwind@0054ffe7	eh_unwind_0054ffe7	1
Unwind@0054fff2	eh_unwind_0054fff2	1
Unwind@0054fffd	eh_unwind_0054fffd	1
Unwind@00550008	eh_unwind_00550008	1
Unwind@00550013	eh_unwind_00550013	1
Unwind@0055001e	eh_unwind_0055001e	1
Unwind@00550029	eh_unwind_00550029	1
Unwind@00550034	eh_unwind_00550034	1
Unwind@0055003f	eh_unwind_0055003f	1
Unwind@0055004a	eh_unwind_0055004a	1
Unwind@00550055	eh_unwind_00550055	1
Unwind@00550060	eh_unwind_00550060	1
Unwind@0055006b	eh_unwind_0055006b	1
Unwind@00550076	eh_unwind_00550076	1
Unwind@00550081	eh_unwind_00550081	1
Unwind@0055008c	eh_unwind_0055008c	1
Unwind@00550097	eh_unwind_00550097	1
Unwind@005500a2	eh_unwind_005500a2	1
Unwind@005500ad	eh_unwind_005500ad	1
Unwind@005500b8	eh_unwind_005500b8	1
Unwind@005500c3	eh_unwind_005500c3	1
Unwind@005500ce	eh_unwind_005500ce	1
Unwind@005500d9	eh_unwind_005500d9	1
Unwind@005500e4	eh_unwind_005500e4	1
Unwind@005500ef	eh_unwind_005500ef	1
Unwind@005500fa	eh_unwind_005500fa	1
Unwind@00550105	eh_unwind_00550105	1
Unwind@00550110	eh_unwind_00550110	1
Unwind@0055011b	eh_unwind_0055011b	1
Unwind@00550126	eh_unwind_00550126	1
Unwind@00550131	eh_unwind_00550131	1
Unwind@0055013c	eh_unwind_0055013c	1
Unwind@00550147	eh_unwind_00550147	1
Unwind@00550152	eh_unwind_00550152	1
Unwind@0055015d	eh_unwind_0055015d	1
Unwind@00550168	eh_unwind_00550168	1
Unwind@00550173	eh_unwind_00550173	1
Unwind@0055017e	eh_unwind_0055017e	1
Unwind@00550189	eh_unwind_00550189	1
Unwind@00550194	eh_unwind_00550194	1
Unwind@0055019f	eh_unwind_0055019f	1
Unwind@005501aa	eh_unwind_005501aa	1
Unwind@005501b5	eh_unwind_005501b5	1
Unwind@005501c0	eh_unwind_005501c0	1
Unwind@005501cb	eh_unwind_005501cb	1
Unwind@005501d6	eh_unwind_005501d6	1
Unwind@005501e1	eh_unwind_005501e1	1
Unwind@005501ec	eh_unwind_005501ec	1
Unwind@005501f7	eh_unwind_005501f7	1
Unwind@00550202	eh_unwind_00550202	1
Unwind@0055020d	eh_unwind_0055020d	1
Unwind@00550218	eh_unwind_00550218	1
Unwind@00550223	eh_unwind_00550223	1
Unwind@0055022e	eh_unwind_0055022e	1
Unwind@00550239	eh_unwind_00550239	1
Unwind@00550244	eh_unwind_00550244	1
Unwind@0055024f	eh_unwind_0055024f	1
Unwind@0055025a	eh_unwind_0055025a	1
Unwind@00550265	eh_unwind_00550265	1
Unwind@00550270	eh_unwind_00550270	1
Unwind@0055027b	eh_unwind_0055027b	1
Unwind@00550286	eh_unwind_00550286	1
Unwind@00550291	eh_unwind_00550291	1
Unwind@0055029c	eh_unwind_0055029c	1
Unwind@005502a7	eh_unwind_005502a7	1
Unwind@005502b2	eh_unwind_005502b2	1
Unwind@005502bd	eh_unwind_005502bd	1
Unwind@005502c8	eh_unwind_005502c8	1
Unwind@005502d3	eh_unwind_005502d3	1
Unwind@005502de	eh_unwind_005502de	1
Unwind@005502e9	eh_unwind_005502e9	1
Unwind@005502f4	eh_unwind_005502f4	1
Unwind@005502ff	eh_unwind_005502ff	1
Unwind@0055030a	eh_unwind_0055030a	1
Unwind@00550315	eh_unwind_00550315	1
Unwind@00550320	eh_unwind_00550320	1
Unwind@0055032b	eh_unwind_0055032b	1
Unwind@00550336	eh_unwind_00550336	1
Unwind@00550341	eh_unwind_00550341	1
Unwind@0055034c	eh_unwind_0055034c	1
Unwind@00550357	eh_unwind_00550357	1
Unwind@00550362	eh_unwind_00550362	1
Unwind@0055036d	eh_unwind_0055036d	1
Unwind@00550378	eh_unwind_00550378	1
Unwind@00550383	eh_unwind_00550383	1
Unwind@0055038e	eh_unwind_0055038e	1
Unwind@00550399	eh_unwind_00550399	1
Unwind@005503a4	eh_unwind_005503a4	1
Unwind@005503af	eh_unwind_005503af	1
Unwind@005503ba	eh_unwind_005503ba	1
Unwind@005503c5	eh_unwind_005503c5	1
Unwind@005503d0	eh_unwind_005503d0	1
Unwind@005503db	eh_unwind_005503db	1
Unwind@005503e6	eh_unwind_005503e6	1
Unwind@005503f1	eh_unwind_005503f1	1
Unwind@005503fc	eh_unwind_005503fc	1
Unwind@00550407	eh_unwind_00550407	1
Unwind@00550412	eh_unwind_00550412	1
Unwind@0055041d	eh_unwind_0055041d	1
Unwind@00550428	eh_unwind_00550428	1
Unwind@00550433	eh_unwind_00550433	1
Unwind@0055043e	eh_unwind_0055043e	1
Unwind@00550449	eh_unwind_00550449	1
Unwind@00550454	eh_unwind_00550454	1
Unwind@0055045f	eh_unwind_0055045f	1
Unwind@0055046a	eh_unwind_0055046a	1
Unwind@00550475	eh_unwind_00550475	1
Unwind@00550480	eh_unwind_00550480	1
Unwind@0055048b	eh_unwind_0055048b	1
Unwind@00550496	eh_unwind_00550496	1
Unwind@005504a1	eh_unwind_005504a1	1
Unwind@005504ac	eh_unwind_005504ac	1
Unwind@005504b7	eh_unwind_005504b7	1
Unwind@005504c2	eh_unwind_005504c2	1
Unwind@005504cd	eh_unwind_005504cd	1
Unwind@005504d8	eh_unwind_005504d8	1
Unwind@005504e3	eh_unwind_005504e3	1
Unwind@005504ee	eh_unwind_005504ee	1
Unwind@005504f9	eh_unwind_005504f9	1
Unwind@00550504	eh_unwind_00550504	1
Unwind@0055050f	eh_unwind_0055050f	1
Unwind@0055051a	eh_unwind_0055051a	1
Unwind@00550525	eh_unwind_00550525	1
Unwind@00550530	eh_unwind_00550530	1
Unwind@0055053b	eh_unwind_0055053b	1
Unwind@00550546	eh_unwind_00550546	1
Unwind@00550551	eh_unwind_00550551	1
Unwind@0055055c	eh_unwind_0055055c	1
Unwind@00550567	eh_unwind_00550567	1
Unwind@00550572	eh_unwind_00550572	1
Unwind@0055057d	eh_unwind_0055057d	1
Unwind@00550588	eh_unwind_00550588	1
Unwind@00550593	eh_unwind_00550593	1
Unwind@0055059e	eh_unwind_0055059e	1
Unwind@005505a9	eh_unwind_005505a9	1
Unwind@005505b4	eh_unwind_005505b4	1
Unwind@005505bf	eh_unwind_005505bf	1
Unwind@005505ca	eh_unwind_005505ca	1
Unwind@005505d5	eh_unwind_005505d5	1
Unwind@005505e0	eh_unwind_005505e0	1
Unwind@005505eb	eh_unwind_005505eb	1
Unwind@005505f6	eh_unwind_005505f6	1
Unwind@00550601	eh_unwind_00550601	1
Unwind@0055060c	eh_unwind_0055060c	1
Unwind@00550617	eh_unwind_00550617	1
Unwind@00550622	eh_unwind_00550622	1
Unwind@0055062d	eh_unwind_0055062d	1
Unwind@00550638	eh_unwind_00550638	1
Unwind@00550643	eh_unwind_00550643	1
Unwind@0055064e	eh_unwind_0055064e	1
Unwind@00550659	eh_unwind_00550659	1
Unwind@00550664	eh_unwind_00550664	1
Unwind@0055066f	eh_unwind_0055066f	1
Unwind@0055067a	eh_unwind_0055067a	1
Unwind@00550685	eh_unwind_00550685	1
Unwind@00550690	eh_unwind_00550690	1
Unwind@0055069b	eh_unwind_0055069b	1
Unwind@005506a6	eh_unwind_005506a6	1
Unwind@005506b1	eh_unwind_005506b1	1
Unwind@005506bc	eh_unwind_005506bc	1
Unwind@005506c7	eh_unwind_005506c7	1
Unwind@005506d2	eh_unwind_005506d2	1
Unwind@005506dd	eh_unwind_005506dd	1
Unwind@005506e8	eh_unwind_005506e8	1
Unwind@005506f3	eh_unwind_005506f3	1
Unwind@005506fe	eh_unwind_005506fe	1
Unwind@00550709	eh_unwind_00550709	1
Unwind@00550714	eh_unwind_00550714	1
Unwind@0055071f	eh_unwind_0055071f	1
Unwind@0055072a	eh_unwind_0055072a	1
Unwind@00550735	eh_unwind_00550735	1
Unwind@00550740	eh_unwind_00550740	1
Unwind@0055074b	eh_unwind_0055074b	1
Unwind@00550756	eh_unwind_00550756	1
Unwind@00550761	eh_unwind_00550761	1
Unwind@0055076c	eh_unwind_0055076c	1
Unwind@00550777	eh_unwind_00550777	1
Unwind@00550782	eh_unwind_00550782	1
Unwind@0055078d	eh_unwind_0055078d	1
Unwind@00550798	eh_unwind_00550798	1
Unwind@005507a3	eh_unwind_005507a3	1
Unwind@005507ae	eh_unwind_005507ae	1
Unwind@005507b9	eh_unwind_005507b9	1
Unwind@005507c4	eh_unwind_005507c4	1
Unwind@005507cf	eh_unwind_005507cf	1
Unwind@005507da	eh_unwind_005507da	1
Unwind@005507e5	eh_unwind_005507e5	1
Unwind@005507f0	eh_unwind_005507f0	1
Unwind@005507fb	eh_unwind_005507fb	1
Unwind@00550806	eh_unwind_00550806	1
Unwind@00550811	eh_unwind_00550811	1
Unwind@0055081c	eh_unwind_0055081c	1
Unwind@00550827	eh_unwind_00550827	1
Unwind@00550832	eh_unwind_00550832	1
Unwind@0055083d	eh_unwind_0055083d	1
Unwind@00550848	eh_unwind_00550848	1
Unwind@00550853	eh_unwind_00550853	1
Unwind@0055085e	eh_unwind_0055085e	1
Unwind@00550869	eh_unwind_00550869	1
Unwind@00550874	eh_unwind_00550874	1
Unwind@0055087f	eh_unwind_0055087f	1
Unwind@0055088a	eh_unwind_0055088a	1
Unwind@00550895	eh_unwind_00550895	1
Unwind@005508a0	eh_unwind_005508a0	1
Unwind@005508ab	eh_unwind_005508ab	1
Unwind@005508b6	eh_unwind_005508b6	1
Unwind@005508c1	eh_unwind_005508c1	1
Unwind@005508cc	eh_unwind_005508cc	1
Unwind@005508d7	eh_unwind_005508d7	1
Unwind@005508e2	eh_unwind_005508e2	1
Unwind@005508ed	eh_unwind_005508ed	1
Unwind@005508f8	eh_unwind_005508f8	1
Unwind@00550903	eh_unwind_00550903	1
Unwind@0055090e	eh_unwind_0055090e	1
Unwind@00550919	eh_unwind_00550919	1
Unwind@00550924	eh_unwind_00550924	1
Unwind@0055092f	eh_unwind_0055092f	1
Unwind@0055093a	eh_unwind_0055093a	1
Unwind@00550945	eh_unwind_00550945	1
Unwind@00550950	eh_unwind_00550950	1
Unwind@0055095b	eh_unwind_0055095b	1
Unwind@00550966	eh_unwind_00550966	1
Unwind@00550971	eh_unwind_00550971	1
Unwind@0055097c	eh_unwind_0055097c	1
Unwind@00550987	eh_unwind_00550987	1
Unwind@00550992	eh_unwind_00550992	1
Unwind@0055099d	eh_unwind_0055099d	1
Unwind@005509a8	eh_unwind_005509a8	1
Unwind@005509b3	eh_unwind_005509b3	1
Unwind@005509be	eh_unwind_005509be	1
Unwind@005509c9	eh_unwind_005509c9	1
Unwind@005509d4	eh_unwind_005509d4	1
Unwind@005509df	eh_unwind_005509df	1
Unwind@005509ea	eh_unwind_005509ea	1
Unwind@005509f5	eh_unwind_005509f5	1
Unwind@00550a00	eh_unwind_00550a00	1
Unwind@00550a0b	eh_unwind_00550a0b	1
Unwind@00550a16	eh_unwind_00550a16	1
Unwind@00550a21	eh_unwind_00550a21	1
Unwind@00550a2c	eh_unwind_00550a2c	1
Unwind@00550a37	eh_unwind_00550a37	1
Unwind@00550a42	eh_unwind_00550a42	1
Unwind@00550a4d	eh_unwind_00550a4d	1
Unwind@00550a58	eh_unwind_00550a58	1
Unwind@00550a63	eh_unwind_00550a63	1
Unwind@00550a6e	eh_unwind_00550a6e	1
Unwind@00550a79	eh_unwind_00550a79	1
Unwind@00550a84	eh_unwind_00550a84	1
Unwind@00550a8f	eh_unwind_00550a8f	1
Unwind@00550a9a	eh_unwind_00550a9a	1
Unwind@00550aa5	eh_unwind_00550aa5	1
Unwind@00550ab0	eh_unwind_00550ab0	1
Unwind@00550abb	eh_unwind_00550abb	1
Unwind@00550ac6	eh_unwind_00550ac6	1
Unwind@00550ad1	eh_unwind_00550ad1	1
Unwind@00550adc	eh_unwind_00550adc	1
Unwind@00550ae7	eh_unwind_00550ae7	1
Unwind@00550af2	eh_unwind_00550af2	1
Unwind@00550afd	eh_unwind_00550afd	1
Unwind@00550b08	eh_unwind_00550b08	1
Unwind@00550b13	eh_unwind_00550b13	1
Unwind@00550b1e	eh_unwind_00550b1e	1
Unwind@00550b29	eh_unwind_00550b29	1
Unwind@00550b34	eh_unwind_00550b34	1
Unwind@00550b3f	eh_unwind_00550b3f	1
Unwind@00550b4a	eh_unwind_00550b4a	1
Unwind@00550b55	eh_unwind_00550b55	1
Unwind@00550b60	eh_unwind_00550b60	1
Unwind@00550b6b	eh_unwind_00550b6b	1
Unwind@00550b76	eh_unwind_00550b76	1
Unwind@00550b81	eh_unwind_00550b81	1
Unwind@00550b8c	eh_unwind_00550b8c	1
Unwind@00550b97	eh_unwind_00550b97	1
Unwind@00550ba2	eh_unwind_00550ba2	1
Unwind@00550baa	eh_unwind_00550baa	1
Unwind@00550bb2	eh_unwind_00550bb2	1
Unwind@00550bbd	eh_unwind_00550bbd	1
Unwind@00550bc5	eh_unwind_00550bc5	1
Unwind@00550bd0	eh_unwind_00550bd0	1
Unwind@00550bdb	eh_unwind_00550bdb	1
Unwind@00550be6	eh_unwind_00550be6	1
Unwind@00550bf1	eh_unwind_00550bf1	1
Unwind@00550bfc	eh_unwind_00550bfc	1
Unwind@00550c07	eh_unwind_00550c07	1
Unwind@00550c12	eh_unwind_00550c12	1
Unwind@00550c1d	eh_unwind_00550c1d	1
Unwind@00550c28	eh_unwind_00550c28	1
Unwind@00550c33	eh_unwind_00550c33	1
Unwind@00550c3e	eh_unwind_00550c3e	1
Unwind@00550c49	eh_unwind_00550c49	1
Unwind@00550c54	eh_unwind_00550c54	1
Unwind@00550c5f	eh_unwind_00550c5f	1
Unwind@00550c6a	eh_unwind_00550c6a	1
Unwind@00550c75	eh_unwind_00550c75	1
Unwind@00550c80	eh_unwind_00550c80	1
Unwind@00550c8b	eh_unwind_00550c8b	1
Unwind@00550c96	eh_unwind_00550c96	1
Unwind@00550ca1	eh_unwind_00550ca1	1
Unwind@00550cac	eh_unwind_00550cac	1
Unwind@00550cb7	eh_unwind_00550cb7	1
Unwind@00550cc2	eh_unwind_00550cc2	1
Unwind@00550ccd	eh_unwind_00550ccd	1
Unwind@00550cd8	eh_unwind_00550cd8	1
Unwind@00550ce3	eh_unwind_00550ce3	1
Unwind@00550cee	eh_unwind_00550cee	1
Unwind@00550cf9	eh_unwind_00550cf9	1
Unwind@00550d04	eh_unwind_00550d04	1
Unwind@00550d0f	eh_unwind_00550d0f	1
Unwind@00550d1a	eh_unwind_00550d1a	1
Unwind@00550d25	eh_unwind_00550d25	1
Unwind@00550d30	eh_unwind_00550d30	1
Unwind@00550d3b	eh_unwind_00550d3b	1
Unwind@00550d46	eh_unwind_00550d46	1
Unwind@00550d51	eh_unwind_00550d51	1
Unwind@00550d5c	eh_unwind_00550d5c	1
Unwind@00550d67	eh_unwind_00550d67	1
Unwind@00550d72	eh_unwind_00550d72	1
Unwind@00550d7d	eh_unwind_00550d7d	1
Unwind@00550d88	eh_unwind_00550d88	1
Unwind@00550d93	eh_unwind_00550d93	1
Unwind@00550d9e	eh_unwind_00550d9e	1
Unwind@00550da9	eh_unwind_00550da9	1
Unwind@00550db4	eh_unwind_00550db4	1
Unwind@00550dbf	eh_unwind_00550dbf	1
Unwind@00550dca	eh_unwind_00550dca	1
Unwind@00550dd5	eh_unwind_00550dd5	1
Unwind@00550de0	eh_unwind_00550de0	1
Unwind@00550deb	eh_unwind_00550deb	1
Unwind@00550df6	eh_unwind_00550df6	1
Unwind@00550e01	eh_unwind_00550e01	1
Unwind@00550e0c	eh_unwind_00550e0c	1
Unwind@00550e17	eh_unwind_00550e17	1
Unwind@00550e22	eh_unwind_00550e22	1
Unwind@00550e2d	eh_unwind_00550e2d	1
Unwind@00550e38	eh_unwind_00550e38	1
Unwind@00550e43	eh_unwind_00550e43	1
Unwind@00550e4e	eh_unwind_00550e4e	1
Unwind@00550e59	eh_unwind_00550e59	1
Unwind@00550e64	eh_unwind_00550e64	1
Unwind@00550e6f	eh_unwind_00550e6f	1
Unwind@00550e7a	eh_unwind_00550e7a	1
Unwind@00550e85	eh_unwind_00550e85	1
Unwind@00550e90	eh_unwind_00550e90	1
Unwind@00550e9b	eh_unwind_00550e9b	1
Unwind@00550ea6	eh_unwind_00550ea6	1
Unwind@00550eb1	eh_unwind_00550eb1	1
Unwind@00550ebc	eh_unwind_00550ebc	1
Unwind@00550ec7	eh_unwind_00550ec7	1
Unwind@00550ed2	eh_unwind_00550ed2	1
Unwind@00550edd	eh_unwind_00550edd	1
Unwind@00550ee8	eh_unwind_00550ee8	1
Unwind@00550ef3	eh_unwind_00550ef3	1
Unwind@00550efe	eh_unwind_00550efe	1
Unwind@00550f09	eh_unwind_00550f09	1
Unwind@00550f14	eh_unwind_00550f14	1
Unwind@00550f1f	eh_unwind_00550f1f	1
Unwind@00550f2a	eh_unwind_00550f2a	1
Unwind@00550f35	eh_unwind_00550f35	1
Unwind@00550f40	eh_unwind_00550f40	1
Unwind@00550f4b	eh_unwind_00550f4b	1
Unwind@00550f56	eh_unwind_00550f56	1
Unwind@00550f61	eh_unwind_00550f61	1
Unwind@00550f6c	eh_unwind_00550f6c	1
Unwind@00550f77	eh_unwind_00550f77	1
Unwind@00550f82	eh_unwind_00550f82	1
Unwind@00550f8d	eh_unwind_00550f8d	1
Unwind@00550f98	eh_unwind_00550f98	1
Unwind@00550fa3	eh_unwind_00550fa3	1
Unwind@00550fae	eh_unwind_00550fae	1
Unwind@00550fb9	eh_unwind_00550fb9	1
Unwind@00550fc4	eh_unwind_00550fc4	1
Unwind@00550fcf	eh_unwind_00550fcf	1
Unwind@00550fda	eh_unwind_00550fda	1
Unwind@00550fe5	eh_unwind_00550fe5	1
Unwind@00550ff0	eh_unwind_00550ff0	1
Unwind@00550ffb	eh_unwind_00550ffb	1
Unwind@00551006	eh_unwind_00551006	1
Unwind@00551011	eh_unwind_00551011	1
Unwind@0055101c	eh_unwind_0055101c	1
Unwind@00551027	eh_unwind_00551027	1
Unwind@00551032	eh_unwind_00551032	1
Unwind@0055103d	eh_unwind_0055103d	1
Unwind@00551048	eh_unwind_00551048	1
Unwind@00551053	eh_unwind_00551053	1
Unwind@0055105e	eh_unwind_0055105e	1
Unwind@00551069	eh_unwind_00551069	1
Unwind@00551074	eh_unwind_00551074	1
Unwind@0055107f	eh_unwind_0055107f	1
Unwind@0055108a	eh_unwind_0055108a	1
Unwind@00551095	eh_unwind_00551095	1
Unwind@005510a0	eh_unwind_005510a0	1
Unwind@005510ab	eh_unwind_005510ab	1
Unwind@005510b6	eh_unwind_005510b6	1
Unwind@005510c1	eh_unwind_005510c1	1
Unwind@005510cc	eh_unwind_005510cc	1
Unwind@005510d7	eh_unwind_005510d7	1
Unwind@005510e2	eh_unwind_005510e2	1
Unwind@005510ed	eh_unwind_005510ed	1
Unwind@005510f8	eh_unwind_005510f8	1
Unwind@00551103	eh_unwind_00551103	1
Unwind@0055110e	eh_unwind_0055110e	1
Unwind@00551119	eh_unwind_00551119	1
Unwind@00551124	eh_unwind_00551124	1
Unwind@0055112f	eh_unwind_0055112f	1
Unwind@0055113a	eh_unwind_0055113a	1
Unwind@00551145	eh_unwind_00551145	1
Unwind@00551150	eh_unwind_00551150	1
Unwind@0055115b	eh_unwind_0055115b	1
Unwind@00551166	eh_unwind_00551166	1
Unwind@00551171	eh_unwind_00551171	1
Unwind@0055117c	eh_unwind_0055117c	1
Unwind@00551187	eh_unwind_00551187	1
Unwind@00551192	eh_unwind_00551192	1
Unwind@0055119d	eh_unwind_0055119d	1
Unwind@005511a8	eh_unwind_005511a8	1
Unwind@005511b3	eh_unwind_005511b3	1
Unwind@005511be	eh_unwind_005511be	1
Unwind@005511c9	eh_unwind_005511c9	1
Unwind@005511d4	eh_unwind_005511d4	1
Unwind@005511df	eh_unwind_005511df	1
Unwind@005511ea	eh_unwind_005511ea	1
Unwind@005511f5	eh_unwind_005511f5	1
Unwind@00551200	eh_unwind_00551200	1
Unwind@0055120b	eh_unwind_0055120b	1
Unwind@00551216	eh_unwind_00551216	1
Unwind@00551221	eh_unwind_00551221	1
Unwind@0055122c	eh_unwind_0055122c	1
Unwind@00551237	eh_unwind_00551237	1
Unwind@00551242	eh_unwind_00551242	1
Unwind@0055124d	eh_unwind_0055124d	1
Unwind@00551258	eh_unwind_00551258	1
Unwind@00551263	eh_unwind_00551263	1
Unwind@0055126e	eh_unwind_0055126e	1
Unwind@00551279	eh_unwind_00551279	1
Unwind@00551284	eh_unwind_00551284	1
Unwind@0055128f	eh_unwind_0055128f	1
Unwind@0055129a	eh_unwind_0055129a	1
Unwind@005512a5	eh_unwind_005512a5	1
Unwind@005512b0	eh_unwind_005512b0	1
Unwind@005512bb	eh_unwind_005512bb	1
Unwind@005512c6	eh_unwind_005512c6	1
Unwind@005512d1	eh_unwind_005512d1	1
Unwind@005512dc	eh_unwind_005512dc	1
Unwind@005512e7	eh_unwind_005512e7	1
Unwind@005512f2	eh_unwind_005512f2	1
Unwind@005512fd	eh_unwind_005512fd	1
Unwind@00551308	eh_unwind_00551308	1
Unwind@00551313	eh_unwind_00551313	1
Unwind@0055131e	eh_unwind_0055131e	1
Unwind@00551329	eh_unwind_00551329	1
Unwind@00551334	eh_unwind_00551334	1
Unwind@0055133f	eh_unwind_0055133f	1
Unwind@0055134a	eh_unwind_0055134a	1
Unwind@00551355	eh_unwind_00551355	1
Unwind@00551360	eh_unwind_00551360	1
Unwind@0055136b	eh_unwind_0055136b	1
Unwind@00551376	eh_unwind_00551376	1
Unwind@00551381	eh_unwind_00551381	1
Unwind@0055138c	eh_unwind_0055138c	1
Unwind@00551397	eh_unwind_00551397	1
Unwind@005513a2	eh_unwind_005513a2	1
Unwind@005513ad	eh_unwind_005513ad	1
Unwind@005513b8	eh_unwind_005513b8	1
Unwind@005513c3	eh_unwind_005513c3	1
Unwind@005513ce	eh_unwind_005513ce	1
Unwind@005513d9	eh_unwind_005513d9	1
Unwind@005513e4	eh_unwind_005513e4	1
Unwind@005513ef	eh_unwind_005513ef	1
Unwind@005513fa	eh_unwind_005513fa	1
Unwind@00551405	eh_unwind_00551405	1
Unwind@00551410	eh_unwind_00551410	1
Unwind@0055141b	eh_unwind_0055141b	1
Unwind@00551426	eh_unwind_00551426	1
Unwind@00551431	eh_unwind_00551431	1
Unwind@0055143c	eh_unwind_0055143c	1
Unwind@00551447	eh_unwind_00551447	1
Unwind@00551452	eh_unwind_00551452	1
Unwind@0055145d	eh_unwind_0055145d	1
Unwind@00551468	eh_unwind_00551468	1
Unwind@00551473	eh_unwind_00551473	1
Unwind@0055147e	eh_unwind_0055147e	1
Unwind@00551489	eh_unwind_00551489	1
Unwind@00551494	eh_unwind_00551494	1
Unwind@0055149f	eh_unwind_0055149f	1
Unwind@005514aa	eh_unwind_005514aa	1
Unwind@005514b5	eh_unwind_005514b5	1
Unwind@005514c0	eh_unwind_005514c0	1
Unwind@005514cb	eh_unwind_005514cb	1
Unwind@005514d6	eh_unwind_005514d6	1
Unwind@005514e1	eh_unwind_005514e1	1
Unwind@005514ec	eh_unwind_005514ec	1
Unwind@005514f7	eh_unwind_005514f7	1
Unwind@00551502	eh_unwind_00551502	1
Unwind@0055150d	eh_unwind_0055150d	1
Unwind@00551518	eh_unwind_00551518	1
Unwind@00551523	eh_unwind_00551523	1
Unwind@0055152e	eh_unwind_0055152e	1
Unwind@00551539	eh_unwind_00551539	1
Unwind@00551544	eh_unwind_00551544	1
Unwind@0055154f	eh_unwind_0055154f	1
Unwind@0055155a	eh_unwind_0055155a	1
Unwind@00551565	eh_unwind_00551565	1
Unwind@00551570	eh_unwind_00551570	1
Unwind@0055157b	eh_unwind_0055157b	1
Unwind@00551586	eh_unwind_00551586	1
Unwind@00551591	eh_unwind_00551591	1
Unwind@0055159c	eh_unwind_0055159c	1
Unwind@005515a7	eh_unwind_005515a7	1
Unwind@005515b2	eh_unwind_005515b2	1
Unwind@005515bd	eh_unwind_005515bd	1
Unwind@005515c8	eh_unwind_005515c8	1
Unwind@005515d3	eh_unwind_005515d3	1
Unwind@005515de	eh_unwind_005515de	1
Unwind@005515e9	eh_unwind_005515e9	1
Unwind@005515f4	eh_unwind_005515f4	1
Unwind@005515ff	eh_unwind_005515ff	1
Unwind@0055160a	eh_unwind_0055160a	1
Unwind@00551615	eh_unwind_00551615	1
Unwind@00551620	eh_unwind_00551620	1
Unwind@0055162b	eh_unwind_0055162b	1
Unwind@00551636	eh_unwind_00551636	1
Unwind@00551641	eh_unwind_00551641	1
Unwind@0055164c	eh_unwind_0055164c	1
Unwind@00551657	eh_unwind_00551657	1
Unwind@00551662	eh_unwind_00551662	1
Unwind@0055166d	eh_unwind_0055166d	1
Unwind@00551678	eh_unwind_00551678	1
Unwind@00551683	eh_unwind_00551683	1
Unwind@0055168e	eh_unwind_0055168e	1
Unwind@00551699	eh_unwind_00551699	1
Unwind@005516a4	eh_unwind_005516a4	1
Unwind@005516af	eh_unwind_005516af	1
Unwind@005516ba	eh_unwind_005516ba	1
Unwind@005516c5	eh_unwind_005516c5	1
Unwind@005516d0	eh_unwind_005516d0	1
Unwind@005516db	eh_unwind_005516db	1
Unwind@005516e6	eh_unwind_005516e6	1
Unwind@005516f1	eh_unwind_005516f1	1
Unwind@005516fc	eh_unwind_005516fc	1
Unwind@00551707	eh_unwind_00551707	1
Unwind@00551712	eh_unwind_00551712	1
Unwind@0055171d	eh_unwind_0055171d	1
Unwind@00551728	eh_unwind_00551728	1
Unwind@00551733	eh_unwind_00551733	1
Unwind@0055173e	eh_unwind_0055173e	1
Unwind@00551749	eh_unwind_00551749	1
Unwind@00551754	eh_unwind_00551754	1
Unwind@0055175f	eh_unwind_0055175f	1
Unwind@0055176a	eh_unwind_0055176a	1
Unwind@00551775	eh_unwind_00551775	1
Unwind@00551780	eh_unwind_00551780	1
Unwind@0055178b	eh_unwind_0055178b	1
Unwind@00551796	eh_unwind_00551796	1
Unwind@005517a1	eh_unwind_005517a1	1
Unwind@005517ac	eh_unwind_005517ac	1
Unwind@005517b7	eh_unwind_005517b7	1
Unwind@005517c2	eh_unwind_005517c2	1
Unwind@005517cd	eh_unwind_005517cd	1
Unwind@005517d8	eh_unwind_005517d8	1
Unwind@005517e3	eh_unwind_005517e3	1
Unwind@005517ee	eh_unwind_005517ee	1
Unwind@005517f9	eh_unwind_005517f9	1
Unwind@00551804	eh_unwind_00551804	1
Unwind@0055180f	eh_unwind_0055180f	1
Unwind@0055181a	eh_unwind_0055181a	1
Unwind@00551825	eh_unwind_00551825	1
Unwind@00551830	eh_unwind_00551830	1
Unwind@0055183b	eh_unwind_0055183b	1
Unwind@00551846	eh_unwind_00551846	1
Unwind@00551851	eh_unwind_00551851	1
Unwind@0055185c	eh_unwind_0055185c	1
Unwind@00551867	eh_unwind_00551867	1
Unwind@00551872	eh_unwind_00551872	1
Unwind@0055187d	eh_unwind_0055187d	1
Unwind@00551888	eh_unwind_00551888	1
Unwind@00551893	eh_unwind_00551893	1
Unwind@0055189e	eh_unwind_0055189e	1
Unwind@005518a9	eh_unwind_005518a9	1
Unwind@005518b4	eh_unwind_005518b4	1
Unwind@005518bf	eh_unwind_005518bf	1
Unwind@005518ca	eh_unwind_005518ca	1
Unwind@005518d5	eh_unwind_005518d5	1
Unwind@005518e0	eh_unwind_005518e0	1
Unwind@005518eb	eh_unwind_005518eb	1
Unwind@005518f6	eh_unwind_005518f6	1
Unwind@00551901	eh_unwind_00551901	1
Unwind@0055190c	eh_unwind_0055190c	1
Unwind@00551917	eh_unwind_00551917	1
Unwind@00551922	eh_unwind_00551922	1
Unwind@0055192d	eh_unwind_0055192d	1
Unwind@00551938	eh_unwind_00551938	1
Unwind@00551943	eh_unwind_00551943	1
Unwind@0055194e	eh_unwind_0055194e	1
Unwind@00551959	eh_unwind_00551959	1
Unwind@00551964	eh_unwind_00551964	1
Unwind@0055196f	eh_unwind_0055196f	1
Unwind@0055197a	eh_unwind_0055197a	1
Unwind@00551985	eh_unwind_00551985	1
Unwind@00551990	eh_unwind_00551990	1
Unwind@0055199b	eh_unwind_0055199b	1
Unwind@005519a6	eh_unwind_005519a6	1
Unwind@005519b1	eh_unwind_005519b1	1
Unwind@005519bc	eh_unwind_005519bc	1
Unwind@005519c7	eh_unwind_005519c7	1
Unwind@005519d2	eh_unwind_005519d2	1
Unwind@005519dd	eh_unwind_005519dd	1
Unwind@005519e8	eh_unwind_005519e8	1
Unwind@005519f3	eh_unwind_005519f3	1
Unwind@005519fe	eh_unwind_005519fe	1
Unwind@00551a09	eh_unwind_00551a09	1
Unwind@00551a14	eh_unwind_00551a14	1
Unwind@00551a1f	eh_unwind_00551a1f	1
Unwind@00551a2a	eh_unwind_00551a2a	1
Unwind@00551a35	eh_unwind_00551a35	1
Unwind@00551a40	eh_unwind_00551a40	1
Unwind@00551a4b	eh_unwind_00551a4b	1
Unwind@00551a56	eh_unwind_00551a56	1
Unwind@00551a61	eh_unwind_00551a61	1
Unwind@00551a6c	eh_unwind_00551a6c	1
Unwind@00551a77	eh_unwind_00551a77	1
Unwind@00551a82	eh_unwind_00551a82	1
Unwind@00551a8d	eh_unwind_00551a8d	1
Unwind@00551a98	eh_unwind_00551a98	1
Unwind@00551aa3	eh_unwind_00551aa3	1
Unwind@00551aae	eh_unwind_00551aae	1
Unwind@00551ab9	eh_unwind_00551ab9	1
Unwind@00551ac4	eh_unwind_00551ac4	1
Unwind@00551acf	eh_unwind_00551acf	1
Unwind@00551ada	eh_unwind_00551ada	1
Unwind@00551ae5	eh_unwind_00551ae5	1
Unwind@00551af0	eh_unwind_00551af0	1
Unwind@00551afb	eh_unwind_00551afb	1
Unwind@00551b06	eh_unwind_00551b06	1
Unwind@00551b11	eh_unwind_00551b11	1
Unwind@00551b1c	eh_unwind_00551b1c	1
Unwind@00551b27	eh_unwind_00551b27	1
Unwind@00551b32	eh_unwind_00551b32	1
Unwind@00551b3d	eh_unwind_00551b3d	1
Unwind@00551b48	eh_unwind_00551b48	1
Unwind@00551b53	eh_unwind_00551b53	1
Unwind@00551b5e	eh_unwind_00551b5e	1
Unwind@00551b69	eh_unwind_00551b69	1
Unwind@00551b74	eh_unwind_00551b74	1
Unwind@00551b7f	eh_unwind_00551b7f	1
Unwind@00551b8a	eh_unwind_00551b8a	1
Unwind@00551b95	eh_unwind_00551b95	1
Unwind@00551ba0	eh_unwind_00551ba0	1
Unwind@00551bab	eh_unwind_00551bab	1
Unwind@00551bb6	eh_unwind_00551bb6	1
Unwind@00551bc1	eh_unwind_00551bc1	1
Unwind@00551bcc	eh_unwind_00551bcc	1
Unwind@00551bd7	eh_unwind_00551bd7	1
Unwind@00551be2	eh_unwind_00551be2	1
Unwind@00551bed	eh_unwind_00551bed	1
Unwind@00551bf8	eh_unwind_00551bf8	1
Unwind@00551c03	eh_unwind_00551c03	1
Unwind@00551c0e	eh_unwind_00551c0e	1
Unwind@00551c19	eh_unwind_00551c19	1
Unwind@00551c24	eh_unwind_00551c24	1
Unwind@00551c2f	eh_unwind_00551c2f	1
Unwind@00551c3a	eh_unwind_00551c3a	1
Unwind@00551c45	eh_unwind_00551c45	1
Unwind@00551c50	eh_unwind_00551c50	1
Unwind@00551c5b	eh_unwind_00551c5b	1
Unwind@00551c66	eh_unwind_00551c66	1
Unwind@00551c71	eh_unwind_00551c71	1
Unwind@00551c7c	eh_unwind_00551c7c	1
Unwind@00551c87	eh_unwind_00551c87	1
Unwind@00551c92	eh_unwind_00551c92	1
Unwind@00551c9d	eh_unwind_00551c9d	1
Unwind@00551ca8	eh_unwind_00551ca8	1
Unwind@00551cb3	eh_unwind_00551cb3	1
Unwind@00551cbe	eh_unwind_00551cbe	1
Unwind@00551cc9	eh_unwind_00551cc9	1
Unwind@00551cd4	eh_unwind_00551cd4	1
Unwind@00551cdf	eh_unwind_00551cdf	1
Unwind@00551cea	eh_unwind_00551cea	1
Unwind@00551cf5	eh_unwind_00551cf5	1
Unwind@00551d00	eh_unwind_00551d00	1
Unwind@00551d0b	eh_unwind_00551d0b	1
Unwind@00551d16	eh_unwind_00551d16	1
Unwind@00551d21	eh_unwind_00551d21	1
Unwind@00551d2c	eh_unwind_00551d2c	1
Unwind@00551d37	eh_unwind_00551d37	1
Unwind@00551d42	eh_unwind_00551d42	1
Unwind@00551d4d	eh_unwind_00551d4d	1
Unwind@00551d58	eh_unwind_00551d58	1
Unwind@00551d63	eh_unwind_00551d63	1
Unwind@00551d6e	eh_unwind_00551d6e	1
Unwind@00551d79	eh_unwind_00551d79	1
Unwind@00551d84	eh_unwind_00551d84	1
Unwind@00551d8f	eh_unwind_00551d8f	1
Unwind@00551d9a	eh_unwind_00551d9a	1
Unwind@00551da5	eh_unwind_00551da5	1
Unwind@00551db0	eh_unwind_00551db0	1
Unwind@00551dbb	eh_unwind_00551dbb	1
Unwind@00551dc6	eh_unwind_00551dc6	1
Unwind@00551dd1	eh_unwind_00551dd1	1
Unwind@00551ddc	eh_unwind_00551ddc	1
Unwind@00551de7	eh_unwind_00551de7	1
Unwind@00551df2	eh_unwind_00551df2	1
Unwind@00551dfd	eh_unwind_00551dfd	1
Unwind@00551e08	eh_unwind_00551e08	1
Unwind@00551e13	eh_unwind_00551e13	1
Unwind@00551e1e	eh_unwind_00551e1e	1
Unwind@00551e29	eh_unwind_00551e29	1
Unwind@00551e34	eh_unwind_00551e34	1
Unwind@00551e3f	eh_unwind_00551e3f	1
Unwind@00551e4a	eh_unwind_00551e4a	1
Unwind@00551e55	eh_unwind_00551e55	1
Unwind@00551e60	eh_unwind_00551e60	1
Unwind@00551e6b	eh_unwind_00551e6b	1
Unwind@00551e76	eh_unwind_00551e76	1
Unwind@00551e81	eh_unwind_00551e81	1
Unwind@00551e8c	eh_unwind_00551e8c	1
Unwind@00551e97	eh_unwind_00551e97	1
Unwind@00551ea2	eh_unwind_00551ea2	1
Unwind@00551ead	eh_unwind_00551ead	1
Unwind@00551eb8	eh_unwind_00551eb8	1
Unwind@00551ec3	eh_unwind_00551ec3	1
Unwind@00551ece	eh_unwind_00551ece	1
Unwind@00551ed9	eh_unwind_00551ed9	1
Unwind@00551ee4	eh_unwind_00551ee4	1
Unwind@00551eef	eh_unwind_00551eef	1
Unwind@00551efa	eh_unwind_00551efa	1
Unwind@00551f05	eh_unwind_00551f05	1
Unwind@00551f10	eh_unwind_00551f10	1
Unwind@00551f1b	eh_unwind_00551f1b	1
Unwind@00551f26	eh_unwind_00551f26	1
Unwind@00551f31	eh_unwind_00551f31	1
Unwind@00551f3c	eh_unwind_00551f3c	1
Unwind@00551f47	eh_unwind_00551f47	1
Unwind@00551f52	eh_unwind_00551f52	1
Unwind@00551f5d	eh_unwind_00551f5d	1
Unwind@00551f68	eh_unwind_00551f68	1
Unwind@00551f73	eh_unwind_00551f73	1
Unwind@00551f7e	eh_unwind_00551f7e	1
Unwind@00551f89	eh_unwind_00551f89	1
Unwind@00551f94	eh_unwind_00551f94	1
Unwind@00551f9f	eh_unwind_00551f9f	1
Unwind@00551faa	eh_unwind_00551faa	1
Unwind@00551fb5	eh_unwind_00551fb5	1
Unwind@00551fc0	eh_unwind_00551fc0	1
Unwind@00551fcb	eh_unwind_00551fcb	1
Unwind@00551fd6	eh_unwind_00551fd6	1
Unwind@00551fe1	eh_unwind_00551fe1	1
Unwind@00551fec	eh_unwind_00551fec	1
Unwind@00551ff7	eh_unwind_00551ff7	1
Unwind@00552002	eh_unwind_00552002	1
Unwind@0055200d	eh_unwind_0055200d	1
Unwind@00552018	eh_unwind_00552018	1
Unwind@00552023	eh_unwind_00552023	1
Unwind@0055202e	eh_unwind_0055202e	1
Unwind@00552039	eh_unwind_00552039	1
Unwind@00552044	eh_unwind_00552044	1
Unwind@0055204f	eh_unwind_0055204f	1
Unwind@0055205a	eh_unwind_0055205a	1
Unwind@00552065	eh_unwind_00552065	1
Unwind@00552070	eh_unwind_00552070	1
Unwind@0055207b	eh_unwind_0055207b	1
Unwind@00552086	eh_unwind_00552086	1
Unwind@00552091	eh_unwind_00552091	1
Unwind@0055209c	eh_unwind_0055209c	1
Unwind@005520a7	eh_unwind_005520a7	1
Unwind@005520b2	eh_unwind_005520b2	1
Unwind@005520bd	eh_unwind_005520bd	1
Unwind@005520c8	eh_unwind_005520c8	1
Unwind@005520d3	eh_unwind_005520d3	1
Unwind@005520de	eh_unwind_005520de	1
Unwind@005520e9	eh_unwind_005520e9	1
Unwind@005520f4	eh_unwind_005520f4	1
Unwind@005520ff	eh_unwind_005520ff	1
Unwind@0055210a	eh_unwind_0055210a	1
Unwind@00552115	eh_unwind_00552115	1
Unwind@00552120	eh_unwind_00552120	1
Unwind@0055212b	eh_unwind_0055212b	1
Unwind@00552136	eh_unwind_00552136	1
Unwind@00552141	eh_unwind_00552141	1
Unwind@0055214c	eh_unwind_0055214c	1
Unwind@00552157	eh_unwind_00552157	1
Unwind@00552162	eh_unwind_00552162	1
Unwind@0055216d	eh_unwind_0055216d	1
Unwind@00552178	eh_unwind_00552178	1
Unwind@00552183	eh_unwind_00552183	1
Unwind@0055218e	eh_unwind_0055218e	1
Unwind@00552199	eh_unwind_00552199	1
Unwind@005521a4	eh_unwind_005521a4	1
Unwind@005521af	eh_unwind_005521af	1
Unwind@005521ba	eh_unwind_005521ba	1
Unwind@005521c5	eh_unwind_005521c5	1
Unwind@005521d0	eh_unwind_005521d0	1
Unwind@005521db	eh_unwind_005521db	1
Unwind@005521e6	eh_unwind_005521e6	1
Unwind@005521f1	eh_unwind_005521f1	1
Unwind@005521fc	eh_unwind_005521fc	1
Unwind@00552207	eh_unwind_00552207	1
Unwind@00552212	eh_unwind_00552212	1
Unwind@0055221d	eh_unwind_0055221d	1
Unwind@00552228	eh_unwind_00552228	1
Unwind@00552233	eh_unwind_00552233	1
Unwind@0055223e	eh_unwind_0055223e	1
Unwind@00552249	eh_unwind_00552249	1
Unwind@00552254	eh_unwind_00552254	1
Unwind@0055225f	eh_unwind_0055225f	1
Unwind@0055226a	eh_unwind_0055226a	1
Unwind@00552275	eh_unwind_00552275	1
Unwind@00552280	eh_unwind_00552280	1
Unwind@0055228b	eh_unwind_0055228b	1
Unwind@00552296	eh_unwind_00552296	1
Unwind@005522a1	eh_unwind_005522a1	1
Unwind@005522ac	eh_unwind_005522ac	1
Unwind@005522b7	eh_unwind_005522b7	1
Unwind@005522c2	eh_unwind_005522c2	1
Unwind@005522cd	eh_unwind_005522cd	1
Unwind@005522d8	eh_unwind_005522d8	1
Unwind@005522e3	eh_unwind_005522e3	1
Unwind@005522ee	eh_unwind_005522ee	1
Unwind@005522f9	eh_unwind_005522f9	1
Unwind@00552304	eh_unwind_00552304	1
Unwind@0055230f	eh_unwind_0055230f	1
Unwind@0055231a	eh_unwind_0055231a	1
Unwind@00552325	eh_unwind_00552325	1
Unwind@00552330	eh_unwind_00552330	1
Unwind@0055233b	eh_unwind_0055233b	1
Unwind@00552346	eh_unwind_00552346	1
Unwind@00552351	eh_unwind_00552351	1
Unwind@0055235c	eh_unwind_0055235c	1
Unwind@00552367	eh_unwind_00552367	1
Unwind@00552372	eh_unwind_00552372	1
Unwind@0055237d	eh_unwind_0055237d	1
Unwind@00552388	eh_unwind_00552388	1
Unwind@00552393	eh_unwind_00552393	1
Unwind@0055239e	eh_unwind_0055239e	1
Unwind@005523a9	eh_unwind_005523a9	1
Unwind@005523b4	eh_unwind_005523b4	1
Unwind@005523bf	eh_unwind_005523bf	1
Unwind@005523ca	eh_unwind_005523ca	1
Unwind@005523d5	eh_unwind_005523d5	1
Unwind@005523e0	eh_unwind_005523e0	1
Unwind@005523eb	eh_unwind_005523eb	1
Unwind@005523f6	eh_unwind_005523f6	1
Unwind@00552401	eh_unwind_00552401	1
Unwind@0055240c	eh_unwind_0055240c	1
Unwind@00552417	eh_unwind_00552417	1
Unwind@00552422	eh_unwind_00552422	1
Unwind@0055242d	eh_unwind_0055242d	1
Unwind@00552438	eh_unwind_00552438	1
Unwind@00552443	eh_unwind_00552443	1
Unwind@0055244e	eh_unwind_0055244e	1
Unwind@00552459	eh_unwind_00552459	1
Unwind@00552464	eh_unwind_00552464	1
Unwind@0055246f	eh_unwind_0055246f	1
Unwind@0055247a	eh_unwind_0055247a	1
Unwind@00552485	eh_unwind_00552485	1
Unwind@00552490	eh_unwind_00552490	1
Unwind@0055249b	eh_unwind_0055249b	1
Unwind@005524a6	eh_unwind_005524a6	1
Unwind@005524b1	eh_unwind_005524b1	1
Unwind@005524bc	eh_unwind_005524bc	1
Unwind@005524c7	eh_unwind_005524c7	1
Unwind@005524d2	eh_unwind_005524d2	1
Unwind@005524dd	eh_unwind_005524dd	1
Unwind@005524e8	eh_unwind_005524e8	1
Unwind@005524f3	eh_unwind_005524f3	1
Unwind@005524fe	eh_unwind_005524fe	1
Unwind@00552509	eh_unwind_00552509	1
Unwind@00552514	eh_unwind_00552514	1
Unwind@0055251f	eh_unwind_0055251f	1
Unwind@0055252a	eh_unwind_0055252a	1
Unwind@00552535	eh_unwind_00552535	1
Unwind@00552540	eh_unwind_00552540	1
Unwind@0055254b	eh_unwind_0055254b	1
Unwind@00552556	eh_unwind_00552556	1
Unwind@00552561	eh_unwind_00552561	1
Unwind@0055256c	eh_unwind_0055256c	1
Unwind@00552577	eh_unwind_00552577	1
Unwind@00552582	eh_unwind_00552582	1
Unwind@0055258d	eh_unwind_0055258d	1
Unwind@00552598	eh_unwind_00552598	1
Unwind@005525a3	eh_unwind_005525a3	1
Unwind@005525ae	eh_unwind_005525ae	1
Unwind@005525b9	eh_unwind_005525b9	1
Unwind@005525c4	eh_unwind_005525c4	1
Unwind@005525cf	eh_unwind_005525cf	1
Unwind@005525da	eh_unwind_005525da	1
Unwind@005525e5	eh_unwind_005525e5	1
Unwind@005525f0	eh_unwind_005525f0	1
Unwind@005525fb	eh_unwind_005525fb	1
Unwind@00552606	eh_unwind_00552606	1
Unwind@00552611	eh_unwind_00552611	1
Unwind@0055261c	eh_unwind_0055261c	1
Unwind@00552627	eh_unwind_00552627	1
Unwind@00552632	eh_unwind_00552632	1
Unwind@0055263d	eh_unwind_0055263d	1
Unwind@00552648	eh_unwind_00552648	1
Unwind@00552653	eh_unwind_00552653	1
Unwind@0055265e	eh_unwind_0055265e	1
Unwind@00552669	eh_unwind_00552669	1
Unwind@00552674	eh_unwind_00552674	1
Unwind@0055267f	eh_unwind_0055267f	1
Unwind@0055268a	eh_unwind_0055268a	1
Unwind@00552695	eh_unwind_00552695	1
Unwind@005526a0	eh_unwind_005526a0	1
Unwind@005526ab	eh_unwind_005526ab	1
Unwind@005526b6	eh_unwind_005526b6	1
Unwind@005526c1	eh_unwind_005526c1	1
Unwind@005526cc	eh_unwind_005526cc	1
Unwind@005526d7	eh_unwind_005526d7	1
Unwind@005526e2	eh_unwind_005526e2	1
Unwind@005526ed	eh_unwind_005526ed	1
Unwind@005526f8	eh_unwind_005526f8	1
Unwind@00552703	eh_unwind_00552703	1
Unwind@0055270e	eh_unwind_0055270e	1
Unwind@00552719	eh_unwind_00552719	1
Unwind@00552724	eh_unwind_00552724	1
Unwind@0055272f	eh_unwind_0055272f	1
Unwind@0055273a	eh_unwind_0055273a	1
Unwind@00552745	eh_unwind_00552745	1
Unwind@00552750	eh_unwind_00552750	1
Unwind@0055275b	eh_unwind_0055275b	1
Unwind@00552766	eh_unwind_00552766	1
Unwind@00552771	eh_unwind_00552771	1
Unwind@0055277c	eh_unwind_0055277c	1
Unwind@00552787	eh_unwind_00552787	1
Unwind@00552792	eh_unwind_00552792	1
Unwind@0055279d	eh_unwind_0055279d	1
Unwind@005527a8	eh_unwind_005527a8	1
Unwind@005527b3	eh_unwind_005527b3	1
Unwind@005527be	eh_unwind_005527be	1
Unwind@005527c9	eh_unwind_005527c9	1
Unwind@005527d4	eh_unwind_005527d4	1
Unwind@005527df	eh_unwind_005527df	1
Unwind@005527ea	eh_unwind_005527ea	1
Unwind@005527f5	eh_unwind_005527f5	1
Unwind@00552800	eh_unwind_00552800	1
Unwind@0055280b	eh_unwind_0055280b	1
Unwind@00552816	eh_unwind_00552816	1
Unwind@00552821	eh_unwind_00552821	1
Unwind@0055282c	eh_unwind_0055282c	1
Unwind@00552837	eh_unwind_00552837	1
Unwind@00552842	eh_unwind_00552842	1
Unwind@0055284d	eh_unwind_0055284d	1
Unwind@00552858	eh_unwind_00552858	1
Unwind@00552863	eh_unwind_00552863	1
Unwind@0055286e	eh_unwind_0055286e	1
Unwind@00552879	eh_unwind_00552879	1
Unwind@00552884	eh_unwind_00552884	1
Unwind@0055288f	eh_unwind_0055288f	1
Unwind@0055289a	eh_unwind_0055289a	1
Unwind@005528a5	eh_unwind_005528a5	1
Unwind@005528b0	eh_unwind_005528b0	1
Unwind@005528bb	eh_unwind_005528bb	1
Unwind@005528c6	eh_unwind_005528c6	1
Unwind@005528d1	eh_unwind_005528d1	1
Unwind@005528dc	eh_unwind_005528dc	1
Unwind@005528e7	eh_unwind_005528e7	1
Unwind@005528f2	eh_unwind_005528f2	1
Unwind@005528fd	eh_unwind_005528fd	1
Unwind@00552908	eh_unwind_00552908	1
Unwind@00552913	eh_unwind_00552913	1
Unwind@0055291e	eh_unwind_0055291e	1
Unwind@00552929	eh_unwind_00552929	1
Unwind@00552934	eh_unwind_00552934	1
Unwind@0055293f	eh_unwind_0055293f	1
Unwind@0055294a	eh_unwind_0055294a	1
Unwind@00552955	eh_unwind_00552955	1
Unwind@00552960	eh_unwind_00552960	1
Unwind@0055296b	eh_unwind_0055296b	1
Unwind@00552976	eh_unwind_00552976	1
Unwind@00552981	eh_unwind_00552981	1
Unwind@0055298c	eh_unwind_0055298c	1
Unwind@00552997	eh_unwind_00552997	1
Unwind@005529a2	eh_unwind_005529a2	1
Unwind@005529ad	eh_unwind_005529ad	1
Unwind@005529b8	eh_unwind_005529b8	1
Unwind@005529c3	eh_unwind_005529c3	1
Unwind@005529ce	eh_unwind_005529ce	1
Unwind@005529d9	eh_unwind_005529d9	1
Unwind@005529e4	eh_unwind_005529e4	1
Unwind@005529ef	eh_unwind_005529ef	1
Unwind@005529fa	eh_unwind_005529fa	1
Unwind@00552a05	eh_unwind_00552a05	1
Unwind@00552a10	eh_unwind_00552a10	1
Unwind@00552a1b	eh_unwind_00552a1b	1
Unwind@00552a26	eh_unwind_00552a26	1
Unwind@00552a31	eh_unwind_00552a31	1
Unwind@00552a3c	eh_unwind_00552a3c	1
Unwind@00552a47	eh_unwind_00552a47	1
Unwind@00552a52	eh_unwind_00552a52	1
Unwind@00552a5d	eh_unwind_00552a5d	1
Unwind@00552a68	eh_unwind_00552a68	1
Unwind@00552a73	eh_unwind_00552a73	1
Unwind@00552a7e	eh_unwind_00552a7e	1
Unwind@00552a89	eh_unwind_00552a89	1
Unwind@00552a94	eh_unwind_00552a94	1
Unwind@00552a9f	eh_unwind_00552a9f	1
Unwind@00552aaa	eh_unwind_00552aaa	1
Unwind@00552ab5	eh_unwind_00552ab5	1
Unwind@00552ac0	eh_unwind_00552ac0	1
Unwind@00552acb	eh_unwind_00552acb	1
Unwind@00552ad6	eh_unwind_00552ad6	1
Unwind@00552ae1	eh_unwind_00552ae1	1
Unwind@00552aec	eh_unwind_00552aec	1
Unwind@00552af7	eh_unwind_00552af7	1
Unwind@00552b02	eh_unwind_00552b02	1
Unwind@00552b0d	eh_unwind_00552b0d	1
Unwind@00552b18	eh_unwind_00552b18	1
Unwind@00552b23	eh_unwind_00552b23	1
Unwind@00552b2e	eh_unwind_00552b2e	1
Unwind@00552b39	eh_unwind_00552b39	1
Unwind@00552b44	eh_unwind_00552b44	1
Unwind@00552b4f	eh_unwind_00552b4f	1
Unwind@00552b5a	eh_unwind_00552b5a	1
Unwind@00552b65	eh_unwind_00552b65	1
Unwind@00552b70	eh_unwind_00552b70	1
Unwind@00552b7b	eh_unwind_00552b7b	1
Unwind@00552b86	eh_unwind_00552b86	1
Unwind@00552b91	eh_unwind_00552b91	1
Unwind@00552b9c	eh_unwind_00552b9c	1
Unwind@00552ba7	eh_unwind_00552ba7	1
Unwind@00552bb2	eh_unwind_00552bb2	1
Unwind@00552bbd	eh_unwind_00552bbd	1
Unwind@00552bc8	eh_unwind_00552bc8	1
Unwind@00552bd3	eh_unwind_00552bd3	1
Unwind@00552bde	eh_unwind_00552bde	1
Unwind@00552be9	eh_unwind_00552be9	1
Unwind@00552bf4	eh_unwind_00552bf4	1
Unwind@00552bff	eh_unwind_00552bff	1
Unwind@00552c0a	eh_unwind_00552c0a	1
Unwind@00552c15	eh_unwind_00552c15	1
Unwind@00552c20	eh_unwind_00552c20	1
Unwind@00552c2b	eh_unwind_00552c2b	1
Unwind@00552c36	eh_unwind_00552c36	1
Unwind@00552c41	eh_unwind_00552c41	1
Unwind@00552c4c	eh_unwind_00552c4c	1
Unwind@00552c57	eh_unwind_00552c57	1
Unwind@00552c62	eh_unwind_00552c62	1
Unwind@00552c6d	eh_unwind_00552c6d	1
Unwind@00552c78	eh_unwind_00552c78	1
Unwind@00552c83	eh_unwind_00552c83	1
Unwind@00552c8e	eh_unwind_00552c8e	1
Unwind@00552c99	eh_unwind_00552c99	1
Unwind@00552ca4	eh_unwind_00552ca4	1
Unwind@00552caf	eh_unwind_00552caf	1
Unwind@00552cba	eh_unwind_00552cba	1
Unwind@00552cc5	eh_unwind_00552cc5	1
Unwind@00552cd0	eh_unwind_00552cd0	1
Unwind@00552cdb	eh_unwind_00552cdb	1
Unwind@00552ce6	eh_unwind_00552ce6	1
Unwind@00552cf1	eh_unwind_00552cf1	1
Unwind@00552cfc	eh_unwind_00552cfc	1
Unwind@00552d07	eh_unwind_00552d07	1
Unwind@00552d12	eh_unwind_00552d12	1
Unwind@00552d1d	eh_unwind_00552d1d	1
Unwind@00552d28	eh_unwind_00552d28	1
Unwind@00552d33	eh_unwind_00552d33	1
Unwind@00552d3e	eh_unwind_00552d3e	1
Unwind@00552d49	eh_unwind_00552d49	1
Unwind@00552d54	eh_unwind_00552d54	1
Unwind@00552d5f	eh_unwind_00552d5f	1
Unwind@00552d6a	eh_unwind_00552d6a	1
Unwind@00552d75	eh_unwind_00552d75	1
Unwind@00552d80	eh_unwind_00552d80	1
Unwind@00552d8b	eh_unwind_00552d8b	1
Unwind@00552d96	eh_unwind_00552d96	1
Unwind@00552da1	eh_unwind_00552da1	1
Unwind@00552dac	eh_unwind_00552dac	1
Unwind@00552db7	eh_unwind_00552db7	1
Unwind@00552dc2	eh_unwind_00552dc2	1
Unwind@00552dcd	eh_unwind_00552dcd	1
Unwind@00552dd8	eh_unwind_00552dd8	1
Unwind@00552de3	eh_unwind_00552de3	1
Unwind@00552dee	eh_unwind_00552dee	1
Unwind@00552df9	eh_unwind_00552df9	1
Unwind@00552e04	eh_unwind_00552e04	1
Unwind@00552e0f	eh_unwind_00552e0f	1
Unwind@00552e1a	eh_unwind_00552e1a	1
Unwind@00552e25	eh_unwind_00552e25	1
Unwind@00552e30	eh_unwind_00552e30	1
Unwind@00552e3b	eh_unwind_00552e3b	1
Unwind@00552e46	eh_unwind_00552e46	1
Unwind@00552e51	eh_unwind_00552e51	1
Unwind@00552e5c	eh_unwind_00552e5c	1
Unwind@00552e67	eh_unwind_00552e67	1
Unwind@00552e72	eh_unwind_00552e72	1
Unwind@00552e7d	eh_unwind_00552e7d	1
Unwind@00552e88	eh_unwind_00552e88	1
Unwind@00552e93	eh_unwind_00552e93	1
Unwind@00552e9e	eh_unwind_00552e9e	1
Unwind@00552ea9	eh_unwind_00552ea9	1
Unwind@00552eb4	eh_unwind_00552eb4	1
Unwind@00552ebf	eh_unwind_00552ebf	1
Unwind@00552eca	eh_unwind_00552eca	1
Unwind@00552ed5	eh_unwind_00552ed5	1
Unwind@00552ee0	eh_unwind_00552ee0	1
Unwind@00552eeb	eh_unwind_00552eeb	1
Unwind@00552ef6	eh_unwind_00552ef6	1
Unwind@00552f01	eh_unwind_00552f01	1
Unwind@00552f0c	eh_unwind_00552f0c	1
Unwind@00552f17	eh_unwind_00552f17	1
Unwind@00552f22	eh_unwind_00552f22	1
Unwind@00552f2d	eh_unwind_00552f2d	1
Unwind@00552f38	eh_unwind_00552f38	1
Unwind@00552f43	eh_unwind_00552f43	1
Unwind@00552f4e	eh_unwind_00552f4e	1
Unwind@00552f59	eh_unwind_00552f59	1
Unwind@00552f64	eh_unwind_00552f64	1
Unwind@00552f6f	eh_unwind_00552f6f	1
Unwind@00552f7a	eh_unwind_00552f7a	1
Unwind@00552f85	eh_unwind_00552f85	1
Unwind@00552f90	eh_unwind_00552f90	1
Unwind@00552f9b	eh_unwind_00552f9b	1
Unwind@00552fa6	eh_unwind_00552fa6	1
Unwind@00552fb1	eh_unwind_00552fb1	1
Unwind@00552fbc	eh_unwind_00552fbc	1
Unwind@00552fc7	eh_unwind_00552fc7	1
Unwind@00552fd2	eh_unwind_00552fd2	1
Unwind@00552fdd	eh_unwind_00552fdd	1
Unwind@00552fe8	eh_unwind_00552fe8	1
Unwind@00552ff3	eh_unwind_00552ff3	1
Unwind@00552ffe	eh_unwind_00552ffe	1
Unwind@00553009	eh_unwind_00553009	1
Unwind@00553014	eh_unwind_00553014	1
Unwind@0055301f	eh_unwind_0055301f	1
Unwind@0055302a	eh_unwind_0055302a	1
Unwind@00553035	eh_unwind_00553035	1
Unwind@00553040	eh_unwind_00553040	1
Unwind@0055304b	eh_unwind_0055304b	1
Unwind@00553056	eh_unwind_00553056	1
Unwind@00553061	eh_unwind_00553061	1
Unwind@0055306c	eh_unwind_0055306c	1
Unwind@00553077	eh_unwind_00553077	1
Unwind@00553082	eh_unwind_00553082	1
Unwind@0055308d	eh_unwind_0055308d	1
Unwind@00553098	eh_unwind_00553098	1
Unwind@005530a3	eh_unwind_005530a3	1
Unwind@005530ae	eh_unwind_005530ae	1
Unwind@005530b9	eh_unwind_005530b9	1
Unwind@005530c4	eh_unwind_005530c4	1
Unwind@005530cf	eh_unwind_005530cf	1
Unwind@005530da	eh_unwind_005530da	1
Unwind@005530e5	eh_unwind_005530e5	1
Unwind@005530f0	eh_unwind_005530f0	1
Unwind@005530fb	eh_unwind_005530fb	1
Unwind@00553106	eh_unwind_00553106	1
Unwind@00553111	eh_unwind_00553111	1
Unwind@0055311c	eh_unwind_0055311c	1
Unwind@00553127	eh_unwind_00553127	1
Unwind@00553132	eh_unwind_00553132	1
Unwind@0055313d	eh_unwind_0055313d	1
Unwind@00553148	eh_unwind_00553148	1
Unwind@00553153	eh_unwind_00553153	1
Unwind@0055315e	eh_unwind_0055315e	1
Unwind@00553169	eh_unwind_00553169	1
Unwind@00553174	eh_unwind_00553174	1
Unwind@0055317f	eh_unwind_0055317f	1
Unwind@0055318a	eh_unwind_0055318a	1
Unwind@00553195	eh_unwind_00553195	1
Unwind@005531a0	eh_unwind_005531a0	1
Unwind@005531ab	eh_unwind_005531ab	1
Unwind@005531b6	eh_unwind_005531b6	1
Unwind@005531c1	eh_unwind_005531c1	1
Unwind@005531cc	eh_unwind_005531cc	1
Unwind@005531d7	eh_unwind_005531d7	1
Unwind@005531e2	eh_unwind_005531e2	1
Unwind@005531ed	eh_unwind_005531ed	1
Unwind@005531f8	eh_unwind_005531f8	1
Unwind@00553203	eh_unwind_00553203	1
Unwind@0055320e	eh_unwind_0055320e	1
Unwind@00553219	eh_unwind_00553219	1
Unwind@00553224	eh_unwind_00553224	1
Unwind@0055322f	eh_unwind_0055322f	1
Unwind@0055323a	eh_unwind_0055323a	1
Unwind@00553245	eh_unwind_00553245	1
Unwind@00553250	eh_unwind_00553250	1
Unwind@0055325b	eh_unwind_0055325b	1
Unwind@00553266	eh_unwind_00553266	1
Unwind@00553271	eh_unwind_00553271	1
Unwind@0055327c	eh_unwind_0055327c	1
Unwind@00553287	eh_unwind_00553287	1
Unwind@00553292	eh_unwind_00553292	1
Unwind@0055329d	eh_unwind_0055329d	1
Unwind@005532a8	eh_unwind_005532a8	1
Unwind@005532b3	eh_unwind_005532b3	1
Unwind@005532be	eh_unwind_005532be	1
Unwind@005532c9	eh_unwind_005532c9	1
Unwind@005532d4	eh_unwind_005532d4	1
Unwind@005532df	eh_unwind_005532df	1
Unwind@005532ea	eh_unwind_005532ea	1
Unwind@005532f5	eh_unwind_005532f5	1
Unwind@00553300	eh_unwind_00553300	1
Unwind@0055330b	eh_unwind_0055330b	1
Unwind@00553316	eh_unwind_00553316	1
Unwind@00553321	eh_unwind_00553321	1
Unwind@0055332c	eh_unwind_0055332c	1
Unwind@00553337	eh_unwind_00553337	1
Unwind@00553342	eh_unwind_00553342	1
Unwind@0055334d	eh_unwind_0055334d	1
Unwind@00553358	eh_unwind_00553358	1
Unwind@00553363	eh_unwind_00553363	1
Unwind@0055336e	eh_unwind_0055336e	1
Unwind@00553379	eh_unwind_00553379	1
Unwind@00553384	eh_unwind_00553384	1
Unwind@0055338f	eh_unwind_0055338f	1
Unwind@0055339a	eh_unwind_0055339a	1
Unwind@005533a5	eh_unwind_005533a5	1
Unwind@005533b0	eh_unwind_005533b0	1
Unwind@005533bb	eh_unwind_005533bb	1
Unwind@005533c6	eh_unwind_005533c6	1
Unwind@005533d1	eh_unwind_005533d1	1
Unwind@005533dc	eh_unwind_005533dc	1
Unwind@005533e7	eh_unwind_005533e7	1
Unwind@005533f2	eh_unwind_005533f2	1
Unwind@005533fd	eh_unwind_005533fd	1
Unwind@00553408	eh_unwind_00553408	1
Unwind@00553413	eh_unwind_00553413	1
Unwind@0055341e	eh_unwind_0055341e	1
Unwind@00553429	eh_unwind_00553429	1
Unwind@00553434	eh_unwind_00553434	1
Unwind@0055343f	eh_unwind_0055343f	1
Unwind@0055344a	eh_unwind_0055344a	1
Unwind@00553455	eh_unwind_00553455	1
Unwind@00553460	eh_unwind_00553460	1
Unwind@0055346b	eh_unwind_0055346b	1
Unwind@00553476	eh_unwind_00553476	1
Unwind@00553481	eh_unwind_00553481	1
Unwind@0055348c	eh_unwind_0055348c	1
Unwind@00553497	eh_unwind_00553497	1
Unwind@005534a2	eh_unwind_005534a2	1
Unwind@005534ad	eh_unwind_005534ad	1
Unwind@005534b8	eh_unwind_005534b8	1
Unwind@005534c3	eh_unwind_005534c3	1
Unwind@005534ce	eh_unwind_005534ce	1
Unwind@005534d9	eh_unwind_005534d9	1
Unwind@005534e4	eh_unwind_005534e4	1
Unwind@005534ef	eh_unwind_005534ef	1
Unwind@005534fa	eh_unwind_005534fa	1
Unwind@00553505	eh_unwind_00553505	1
Unwind@00553510	eh_unwind_00553510	1
Unwind@0055351b	eh_unwind_0055351b	1
Unwind@00553526	eh_unwind_00553526	1
Unwind@00553531	eh_unwind_00553531	1
Unwind@0055353c	eh_unwind_0055353c	1
Unwind@00553547	eh_unwind_00553547	1
Unwind@00553552	eh_unwind_00553552	1
Unwind@0055355d	eh_unwind_0055355d	1
Unwind@00553568	eh_unwind_00553568	1
Unwind@00553573	eh_unwind_00553573	1
Unwind@0055357e	eh_unwind_0055357e	1
Unwind@00553589	eh_unwind_00553589	1
Unwind@00553594	eh_unwind_00553594	1
Unwind@0055359f	eh_unwind_0055359f	1
Unwind@005535aa	eh_unwind_005535aa	1
Unwind@005535b5	eh_unwind_005535b5	1
Unwind@005535c0	eh_unwind_005535c0	1
Unwind@005535cb	eh_unwind_005535cb	1
Unwind@005535d6	eh_unwind_005535d6	1
Unwind@005535e1	eh_unwind_005535e1	1
Unwind@005535ec	eh_unwind_005535ec	1
Unwind@005535f7	eh_unwind_005535f7	1
Unwind@00553602	eh_unwind_00553602	1
Unwind@0055360d	eh_unwind_0055360d	1
Unwind@00553618	eh_unwind_00553618	1
Unwind@00553623	eh_unwind_00553623	1
Unwind@0055362e	eh_unwind_0055362e	1
Unwind@00553639	eh_unwind_00553639	1
Unwind@00553644	eh_unwind_00553644	1
Unwind@0055364f	eh_unwind_0055364f	1
Unwind@0055365a	eh_unwind_0055365a	1
Unwind@00553665	eh_unwind_00553665	1
Unwind@00553670	eh_unwind_00553670	1
Unwind@0055367b	eh_unwind_0055367b	1
Unwind@00553686	eh_unwind_00553686	1
Unwind@00553691	eh_unwind_00553691	1
Unwind@0055369c	eh_unwind_0055369c	1
Unwind@005536a7	eh_unwind_005536a7	1
Unwind@005536b2	eh_unwind_005536b2	1
Unwind@005536bd	eh_unwind_005536bd	1
Unwind@005536c8	eh_unwind_005536c8	1
Unwind@005536d3	eh_unwind_005536d3	1
Unwind@005536de	eh_unwind_005536de	1
Unwind@005536e9	eh_unwind_005536e9	1
Unwind@005536f4	eh_unwind_005536f4	1
Unwind@005536ff	eh_unwind_005536ff	1
Unwind@0055370a	eh_unwind_0055370a	1
Unwind@00553715	eh_unwind_00553715	1
Unwind@00553720	eh_unwind_00553720	1
Unwind@0055372b	eh_unwind_0055372b	1
Unwind@00553736	eh_unwind_00553736	1
Unwind@00553741	eh_unwind_00553741	1
Unwind@0055374c	eh_unwind_0055374c	1
Unwind@00553757	eh_unwind_00553757	1
Unwind@00553762	eh_unwind_00553762	1
Unwind@0055376d	eh_unwind_0055376d	1
Unwind@00553778	eh_unwind_00553778	1
Unwind@00553783	eh_unwind_00553783	1
Unwind@0055378e	eh_unwind_0055378e	1
Unwind@00553799	eh_unwind_00553799	1
Unwind@005537a4	eh_unwind_005537a4	1
Unwind@005537af	eh_unwind_005537af	1
Unwind@005537ba	eh_unwind_005537ba	1
Unwind@005537c5	eh_unwind_005537c5	1
Unwind@005537d0	eh_unwind_005537d0	1
Unwind@005537db	eh_unwind_005537db	1
Unwind@005537e6	eh_unwind_005537e6	1
Unwind@005537f1	eh_unwind_005537f1	1
Unwind@005537fc	eh_unwind_005537fc	1
Unwind@00553807	eh_unwind_00553807	1
Unwind@00553812	eh_unwind_00553812	1
Unwind@0055381d	eh_unwind_0055381d	1
Unwind@00553828	eh_unwind_00553828	1
Unwind@00553833	eh_unwind_00553833	1
Unwind@0055383e	eh_unwind_0055383e	1
Unwind@00553849	eh_unwind_00553849	1
Unwind@00553854	eh_unwind_00553854	1
Unwind@0055385f	eh_unwind_0055385f	1
Unwind@0055386a	eh_unwind_0055386a	1
Unwind@00553875	eh_unwind_00553875	1
Unwind@00553880	eh_unwind_00553880	1
Unwind@0055388b	eh_unwind_0055388b	1
Unwind@00553896	eh_unwind_00553896	1
Unwind@005538a1	eh_unwind_005538a1	1
Unwind@005538ac	eh_unwind_005538ac	1
Unwind@005538b7	eh_unwind_005538b7	1
Unwind@005538c2	eh_unwind_005538c2	1
Unwind@005538cd	eh_unwind_005538cd	1
Unwind@005538d8	eh_unwind_005538d8	1
Unwind@005538e3	eh_unwind_005538e3	1
Unwind@005538ee	eh_unwind_005538ee	1
Unwind@005538f9	eh_unwind_005538f9	1
Unwind@00553904	eh_unwind_00553904	1
Unwind@0055390f	eh_unwind_0055390f	1
Unwind@0055391a	eh_unwind_0055391a	1
Unwind@00553925	eh_unwind_00553925	1
Unwind@00553930	eh_unwind_00553930	1
Unwind@0055393b	eh_unwind_0055393b	1
Unwind@00553946	eh_unwind_00553946	1
Unwind@00553951	eh_unwind_00553951	1
Unwind@0055395c	eh_unwind_0055395c	1
Unwind@00553967	eh_unwind_00553967	1
Unwind@00553972	eh_unwind_00553972	1
Unwind@0055397d	eh_unwind_0055397d	1
Unwind@00553988	eh_unwind_00553988	1
Unwind@00553993	eh_unwind_00553993	1
Unwind@0055399e	eh_unwind_0055399e	1
Unwind@005539a9	eh_unwind_005539a9	1
Unwind@005539b4	eh_unwind_005539b4	1
Unwind@005539bf	eh_unwind_005539bf	1
Unwind@005539ca	eh_unwind_005539ca	1
Unwind@005539d5	eh_unwind_005539d5	1
Unwind@005539e0	eh_unwind_005539e0	1
Unwind@005539eb	eh_unwind_005539eb	1
Unwind@005539f6	eh_unwind_005539f6	1
Unwind@00553a01	eh_unwind_00553a01	1
Unwind@00553a0c	eh_unwind_00553a0c	1
Unwind@00553a17	eh_unwind_00553a17	1
Unwind@00553a22	eh_unwind_00553a22	1
Unwind@00553a2d	eh_unwind_00553a2d	1
Unwind@00553a38	eh_unwind_00553a38	1
Unwind@00553a43	eh_unwind_00553a43	1
Unwind@00553a4e	eh_unwind_00553a4e	1
Unwind@00553a59	eh_unwind_00553a59	1
Unwind@00553a64	eh_unwind_00553a64	1
Unwind@00553a6f	eh_unwind_00553a6f	1
Unwind@00553a7a	eh_unwind_00553a7a	1
Unwind@00553a85	eh_unwind_00553a85	1
Unwind@00553a90	eh_unwind_00553a90	1
Unwind@00553a9b	eh_unwind_00553a9b	1
Unwind@00553aa6	eh_unwind_00553aa6	1
Unwind@00553ab1	eh_unwind_00553ab1	1
Unwind@00553abc	eh_unwind_00553abc	1
Unwind@00553ac7	eh_unwind_00553ac7	1
Unwind@00553ad2	eh_unwind_00553ad2	1
Unwind@00553add	eh_unwind_00553add	1
Unwind@00553ae8	eh_unwind_00553ae8	1
Unwind@00553af3	eh_unwind_00553af3	1
Unwind@00553afe	eh_unwind_00553afe	1
Unwind@00553b09	eh_unwind_00553b09	1
Unwind@00553b14	eh_unwind_00553b14	1
Unwind@00553b1f	eh_unwind_00553b1f	1
Unwind@00553b2a	eh_unwind_00553b2a	1
Unwind@00553b35	eh_unwind_00553b35	1
Unwind@00553b40	eh_unwind_00553b40	1
Unwind@00553b4b	eh_unwind_00553b4b	1
Unwind@00553b56	eh_unwind_00553b56	1
Unwind@00553b61	eh_unwind_00553b61	1
Unwind@00553b6c	eh_unwind_00553b6c	1
Unwind@00553b77	eh_unwind_00553b77	1
Unwind@00553b82	eh_unwind_00553b82	1
Unwind@00553b8d	eh_unwind_00553b8d	1
Unwind@00553b98	eh_unwind_00553b98	1
Unwind@00553ba3	eh_unwind_00553ba3	1
Unwind@00553bae	eh_unwind_00553bae	1
Unwind@00553bb9	eh_unwind_00553bb9	1
Unwind@00553bc4	eh_unwind_00553bc4	1
Unwind@00553bcf	eh_unwind_00553bcf	1
Unwind@00553bda	eh_unwind_00553bda	1
Unwind@00553be5	eh_unwind_00553be5	1
Unwind@00553bf0	eh_unwind_00553bf0	1
Unwind@00553bfb	eh_unwind_00553bfb	1
Unwind@00553c06	eh_unwind_00553c06	1
Unwind@00553c11	eh_unwind_00553c11	1
Unwind@00553c1c	eh_unwind_00553c1c	1
Unwind@00553c27	eh_unwind_00553c27	1
Unwind@00553c32	eh_unwind_00553c32	1
Unwind@00553c3d	eh_unwind_00553c3d	1
Unwind@00553c48	eh_unwind_00553c48	1
Unwind@00553c53	eh_unwind_00553c53	1
Unwind@00553c5e	eh_unwind_00553c5e	1
Unwind@00553c69	eh_unwind_00553c69	1
Unwind@00553c74	eh_unwind_00553c74	1
Unwind@00553c7f	eh_unwind_00553c7f	1
Unwind@00553c8a	eh_unwind_00553c8a	1
Unwind@00553c95	eh_unwind_00553c95	1
Unwind@00553ca0	eh_unwind_00553ca0	1
Unwind@00553cab	eh_unwind_00553cab	1
Unwind@00553cb6	eh_unwind_00553cb6	1
Unwind@00553cc1	eh_unwind_00553cc1	1
Unwind@00553ccc	eh_unwind_00553ccc	1
Unwind@00553cd7	eh_unwind_00553cd7	1
Unwind@00553ce2	eh_unwind_00553ce2	1
Unwind@00553ced	eh_unwind_00553ced	1
Unwind@00553cf8	eh_unwind_00553cf8	1
Unwind@00553d03	eh_unwind_00553d03	1
Unwind@00553d0e	eh_unwind_00553d0e	1
Unwind@00553d19	eh_unwind_00553d19	1
Unwind@00553d24	eh_unwind_00553d24	1
Unwind@00553d2f	eh_unwind_00553d2f	1
Unwind@00553d3a	eh_unwind_00553d3a	1
Unwind@00553d45	eh_unwind_00553d45	1
Unwind@00553d50	eh_unwind_00553d50	1
Unwind@00553d5b	eh_unwind_00553d5b	1
Unwind@00553d66	eh_unwind_00553d66	1
Unwind@00553d71	eh_unwind_00553d71	1
Unwind@00553d7c	eh_unwind_00553d7c	1
Unwind@00553d87	eh_unwind_00553d87	1
Unwind@00553d92	eh_unwind_00553d92	1
Unwind@00553d9d	eh_unwind_00553d9d	1
Unwind@00553da8	eh_unwind_00553da8	1
Unwind@00553db3	eh_unwind_00553db3	1
Unwind@00553dbe	eh_unwind_00553dbe	1
Unwind@00553dc9	eh_unwind_00553dc9	1
Unwind@00553dd4	eh_unwind_00553dd4	1
Unwind@00553ddf	eh_unwind_00553ddf	1
Unwind@00553dea	eh_unwind_00553dea	1
Unwind@00553df5	eh_unwind_00553df5	1
Unwind@00553e00	eh_unwind_00553e00	1
Unwind@00553e0b	eh_unwind_00553e0b	1
Unwind@00553e16	eh_unwind_00553e16	1
Unwind@00553e21	eh_unwind_00553e21	1
Unwind@00553e2c	eh_unwind_00553e2c	1
Unwind@00553e37	eh_unwind_00553e37	1
Unwind@00553e42	eh_unwind_00553e42	1
Unwind@00553e4d	eh_unwind_00553e4d	1
Unwind@00553e58	eh_unwind_00553e58	1
Unwind@00553e63	eh_unwind_00553e63	1
Unwind@00553e6e	eh_unwind_00553e6e	1
Unwind@00553e79	eh_unwind_00553e79	1
Unwind@00553e84	eh_unwind_00553e84	1
Unwind@00553e8f	eh_unwind_00553e8f	1
Unwind@00553e9a	eh_unwind_00553e9a	1
Unwind@00553ea5	eh_unwind_00553ea5	1
Unwind@00553eb0	eh_unwind_00553eb0	1
Unwind@00553ebb	eh_unwind_00553ebb	1
Unwind@00553ec6	eh_unwind_00553ec6	1
Unwind@00553ed1	eh_unwind_00553ed1	1
Unwind@00553edc	eh_unwind_00553edc	1
Unwind@00553ee7	eh_unwind_00553ee7	1
Unwind@00553ef2	eh_unwind_00553ef2	1
Unwind@00553efd	eh_unwind_00553efd	1
Unwind@00553f08	eh_unwind_00553f08	1
Unwind@00553f13	eh_unwind_00553f13	1
Unwind@00553f1e	eh_unwind_00553f1e	1
Unwind@00553f29	eh_unwind_00553f29	1
Unwind@00553f34	eh_unwind_00553f34	1
Unwind@00553f3f	eh_unwind_00553f3f	1
Unwind@00553f4a	eh_unwind_00553f4a	1
Unwind@00553f55	eh_unwind_00553f55	1
Unwind@00553f60	eh_unwind_00553f60	1
Unwind@00553f6b	eh_unwind_00553f6b	1
Unwind@00553f76	eh_unwind_00553f76	1
Unwind@00553f81	eh_unwind_00553f81	1
Unwind@00553f8c	eh_unwind_00553f8c	1
Unwind@00553f97	eh_unwind_00553f97	1
Unwind@00553fa2	eh_unwind_00553fa2	1
Unwind@00553fad	eh_unwind_00553fad	1
Unwind@00553fb8	eh_unwind_00553fb8	1
Unwind@00553fc3	eh_unwind_00553fc3	1
Unwind@00553fce	eh_unwind_00553fce	1
Unwind@00553fd9	eh_unwind_00553fd9	1
Unwind@00553fe4	eh_unwind_00553fe4	1
Unwind@00553fef	eh_unwind_00553fef	1
Unwind@00553ffa	eh_unwind_00553ffa	1
Unwind@00554005	eh_unwind_00554005	1
Unwind@00554010	eh_unwind_00554010	1
Unwind@0055401b	eh_unwind_0055401b	1
Unwind@00554026	eh_unwind_00554026	1
Unwind@00554031	eh_unwind_00554031	1
Unwind@0055403c	eh_unwind_0055403c	1
Unwind@00554047	eh_unwind_00554047	1
Unwind@00554052	eh_unwind_00554052	1
Unwind@0055405d	eh_unwind_0055405d	1
Unwind@00554068	eh_unwind_00554068	1
Unwind@00554073	eh_unwind_00554073	1
Unwind@0055407e	eh_unwind_0055407e	1
Unwind@00554089	eh_unwind_00554089	1
Unwind@00554094	eh_unwind_00554094	1
Unwind@0055409f	eh_unwind_0055409f	1
Unwind@005540aa	eh_unwind_005540aa	1
Unwind@005540b5	eh_unwind_005540b5	1
Unwind@005540c0	eh_unwind_005540c0	1
Unwind@005540cb	eh_unwind_005540cb	1
Unwind@005540d6	eh_unwind_005540d6	1
Unwind@005540e1	eh_unwind_005540e1	1
Unwind@005540ec	eh_unwind_005540ec	1
Unwind@005540f7	eh_unwind_005540f7	1
Unwind@00554102	eh_unwind_00554102	1
Unwind@0055410d	eh_unwind_0055410d	1
Unwind@00554118	eh_unwind_00554118	1
Unwind@00554123	eh_unwind_00554123	1
Unwind@0055412e	eh_unwind_0055412e	1
Unwind@00554139	eh_unwind_00554139	1
Unwind@00554144	eh_unwind_00554144	1
Unwind@0055414f	eh_unwind_0055414f	1
Unwind@0055415a	eh_unwind_0055415a	1
Unwind@00554165	eh_unwind_00554165	1
Unwind@00554170	eh_unwind_00554170	1
Unwind@0055417b	eh_unwind_0055417b	1
Unwind@00554186	eh_unwind_00554186	1
Unwind@00554191	eh_unwind_00554191	1
Unwind@0055419c	eh_unwind_0055419c	1
Unwind@005541a7	eh_unwind_005541a7	1
Unwind@005541b2	eh_unwind_005541b2	1
Unwind@005541bd	eh_unwind_005541bd	1
Unwind@005541c8	eh_unwind_005541c8	1
Unwind@005541d3	eh_unwind_005541d3	1
Unwind@005541de	eh_unwind_005541de	1
Unwind@005541e9	eh_unwind_005541e9	1
Unwind@005541f4	eh_unwind_005541f4	1
Unwind@005541ff	eh_unwind_005541ff	1
Unwind@0055420a	eh_unwind_0055420a	1
Unwind@00554215	eh_unwind_00554215	1
Unwind@00554220	eh_unwind_00554220	1
Unwind@0055422b	eh_unwind_0055422b	1
Unwind@00554236	eh_unwind_00554236	1
Unwind@00554241	eh_unwind_00554241	1
Unwind@0055424c	eh_unwind_0055424c	1
Unwind@00554257	eh_unwind_00554257	1
Unwind@00554262	eh_unwind_00554262	1
Unwind@0055426d	eh_unwind_0055426d	1
Unwind@00554278	eh_unwind_00554278	1
Unwind@00554283	eh_unwind_00554283	1
Unwind@0055428e	eh_unwind_0055428e	1
Unwind@00554299	eh_unwind_00554299	1
Unwind@005542a4	eh_unwind_005542a4	1
Unwind@005542af	eh_unwind_005542af	1
Unwind@005542ba	eh_unwind_005542ba	1
Unwind@00554310	eh_unwind_00554310	1
Unwind@00554340	eh_unwind_00554340	1
Unwind@00554348	eh_unwind_00554348	1
Unwind@00554450	eh_unwind_00554450	1
Unwind@00554480	eh_unwind_00554480	1
Unwind@005544b0	eh_unwind_005544b0	1
Unwind@005544cd	eh_unwind_005544cd	1
Unwind@005544d9	eh_unwind_005544d9	1
Unwind@00554520	eh_unwind_00554520	1
Unwind@0055452e	eh_unwind_0055452e	1
Unwind@0055453c	eh_unwind_0055453c	1
Unwind@0055454a	eh_unwind_0055454a	1
Unwind@00554558	eh_unwind_00554558	1
Unwind@00554566	eh_unwind_00554566	1
Unwind@00554577	eh_unwind_00554577	1
Unwind@00554588	eh_unwind_00554588	1
Unwind@00554599	eh_unwind_00554599	1
Unwind@005545aa	eh_unwind_005545aa	1
Unwind@005545bb	eh_unwind_005545bb	1
Unwind@005545cc	eh_unwind_005545cc	1
Unwind@005545dd	eh_unwind_005545dd	1
Unwind@005545ee	eh_unwind_005545ee	1
Unwind@005545ff	eh_unwind_005545ff	1
Unwind@00554610	eh_unwind_00554610	1
Unwind@00554621	eh_unwind_00554621	1
Unwind@00554632	eh_unwind_00554632	1
Unwind@00554643	eh_unwind_00554643	1
Unwind@00554654	eh_unwind_00554654	1
Unwind@0055465c	eh_unwind_0055465c	1
Unwind@00554667	eh_unwind_00554667	1
Unwind@0055466f	eh_unwind_0055466f	1
Unwind@0055467a	eh_unwind_0055467a	1
Unwind@00554682	eh_unwind_00554682	1
Unwind@0055468d	eh_unwind_0055468d	1
Unwind@00554695	eh_unwind_00554695	1
Unwind@005546a0	eh_unwind_005546a0	1
Unwind@005546a8	eh_unwind_005546a8	1
Unwind@005546b3	eh_unwind_005546b3	1
Unwind@005546bb	eh_unwind_005546bb	1
Unwind@005546c6	eh_unwind_005546c6	1
Unwind@005546ce	eh_unwind_005546ce	1
Unwind@005546d9	eh_unwind_005546d9	1
Unwind@005546e1	eh_unwind_005546e1	1
Unwind@005546ec	eh_unwind_005546ec	1
Unwind@005546f4	eh_unwind_005546f4	1
Unwind@005546ff	eh_unwind_005546ff	1
Unwind@00554707	eh_unwind_00554707	1
Unwind@00554712	eh_unwind_00554712	1
Unwind@0055471a	eh_unwind_0055471a	1
Unwind@00554725	eh_unwind_00554725	1
Unwind@0055472d	eh_unwind_0055472d	1
Unwind@00554738	eh_unwind_00554738	1
Unwind@00554770	eh_unwind_00554770	1
Unwind@0055477b	eh_unwind_0055477b	1
Unwind@00554786	eh_unwind_00554786	1
Unwind@00554791	eh_unwind_00554791	1
Unwind@0055479c	eh_unwind_0055479c	1
Unwind@005547a7	eh_unwind_005547a7	1
Unwind@005547b5	eh_unwind_005547b5	1
Unwind@005547c3	eh_unwind_005547c3	1
Unwind@005547d1	eh_unwind_005547d1	1
Unwind@005547df	eh_unwind_005547df	1
Unwind@005547ed	eh_unwind_005547ed	1
Unwind@005547fb	eh_unwind_005547fb	1
Unwind@00554809	eh_unwind_00554809	1
Unwind@00554817	eh_unwind_00554817	1
Unwind@00554825	eh_unwind_00554825	1
Unwind@00554833	eh_unwind_00554833	1
Unwind@00554841	eh_unwind_00554841	1
Unwind@0055484f	eh_unwind_0055484f	1
Unwind@0055485d	eh_unwind_0055485d	1
Unwind@00554890	eh_unwind_00554890	1
Unwind@00554898	eh_unwind_00554898	1
Unwind@005548d0	eh_unwind_005548d0	1
Unwind@00554900	eh_unwind_00554900	1
Unwind@00554950	eh_unwind_00554950	1
Unwind@00554990	eh_unwind_00554990	1
Unwind@0055499b	eh_unwind_0055499b	1
Unwind@005549a6	eh_unwind_005549a6	1
Unwind@005549e0	eh_unwind_005549e0	1
Unwind@00554a20	eh_unwind_00554a20	1
Unwind@00554a31	eh_unwind_00554a31	1
Unwind@00554a60	eh_unwind_00554a60	1
Unwind@00554a90	eh_unwind_00554a90	1
Unwind@00554aad	eh_unwind_00554aad	1
Unwind@00554ab9	eh_unwind_00554ab9	1
Unwind@00554ac5	eh_unwind_00554ac5	1
Unwind@00554ad0	eh_unwind_00554ad0	1
Unwind@00554ad8	eh_unwind_00554ad8	1
Unwind@00554ae0	eh_unwind_00554ae0	1
Unwind@00554afd	eh_unwind_00554afd	1
Unwind@00554b09	eh_unwind_00554b09	1
Unwind@00554b15	eh_unwind_00554b15	1
Unwind@00554b20	eh_unwind_00554b20	1
Unwind@00554b28	eh_unwind_00554b28	1
Unwind@00554b60	eh_unwind_00554b60	1
Unwind@00554b7d	eh_unwind_00554b7d	1
Unwind@00554b89	eh_unwind_00554b89	1
Unwind@00554b95	eh_unwind_00554b95	1
Unwind@00554ba0	eh_unwind_00554ba0	1
Unwind@00554ba8	eh_unwind_00554ba8	1
Unwind@00554be0	eh_unwind_00554be0	1
Unwind@00554bfd	eh_unwind_00554bfd	1
Unwind@00554c09	eh_unwind_00554c09	1
Unwind@00554c15	eh_unwind_00554c15	1
Unwind@00554c20	eh_unwind_00554c20	1
Unwind@00554c28	eh_unwind_00554c28	1
Unwind@00554c30	eh_unwind_00554c30	1
Unwind@00554c60	eh_unwind_00554c60	1
Unwind@00554c90	eh_unwind_00554c90	1
Unwind@00554da0	eh_unwind_00554da0	1
Unwind@00554dd0	eh_unwind_00554dd0	1
Unwind@00554ddb	eh_unwind_00554ddb	1
Unwind@00554de6	eh_unwind_00554de6	1
Unwind@00554df1	eh_unwind_00554df1	1
Unwind@00554dfc	eh_unwind_00554dfc	1
Unwind@00554e07	eh_unwind_00554e07	1
Unwind@00554e40	eh_unwind_00554e40	1
Unwind@00554e70	eh_unwind_00554e70	1
Unwind@00554e7b	eh_unwind_00554e7b	1
Unwind@00554e86	eh_unwind_00554e86	1
Unwind@00554e9d	eh_unwind_00554e9d	1
Unwind@00554f20	eh_unwind_00554f20	1
Unwind@00554f2b	eh_unwind_00554f2b	1
Unwind@00554f36	eh_unwind_00554f36	1
Unwind@00554f41	eh_unwind_00554f41	1
Unwind@00554f4c	eh_unwind_00554f4c	1
Unwind@00554fe0	eh_unwind_00554fe0	1
Unwind@00554feb	eh_unwind_00554feb	1
Unwind@00554ff6	eh_unwind_00554ff6	1
Unwind@00555001	eh_unwind_00555001	1
Unwind@0055500c	eh_unwind_0055500c	1
Unwind@00555017	eh_unwind_00555017	1
Unwind@00555022	eh_unwind_00555022	1
Unwind@0055502d	eh_unwind_0055502d	1
Unwind@00555038	eh_unwind_00555038	1
Unwind@00555043	eh_unwind_00555043	1
Unwind@0055504e	eh_unwind_0055504e	1
Unwind@00555059	eh_unwind_00555059	1
Unwind@00555064	eh_unwind_00555064	1
Unwind@0055506f	eh_unwind_0055506f	1
Unwind@0055507a	eh_unwind_0055507a	1
Unwind@00555085	eh_unwind_00555085	1
Unwind@00555090	eh_unwind_00555090	1
Unwind@0055509b	eh_unwind_0055509b	1
Unwind@005550a6	eh_unwind_005550a6	1
Unwind@005550b1	eh_unwind_005550b1	1
Unwind@005550bc	eh_unwind_005550bc	1
Unwind@005550c7	eh_unwind_005550c7	1
Unwind@005550d2	eh_unwind_005550d2	1
Unwind@005550dd	eh_unwind_005550dd	1
Unwind@005550e8	eh_unwind_005550e8	1
Unwind@005550f3	eh_unwind_005550f3	1
Unwind@005550fe	eh_unwind_005550fe	1
Unwind@00555109	eh_unwind_00555109	1
Unwind@00555114	eh_unwind_00555114	1
Unwind@0055511f	eh_unwind_0055511f	1
Unwind@0055512d	eh_unwind_0055512d	1
Unwind@00555138	eh_unwind_00555138	1
Unwind@00555143	eh_unwind_00555143	1
Unwind@0055514e	eh_unwind_0055514e	1
Unwind@00555159	eh_unwind_00555159	1
Unwind@00555164	eh_unwind_00555164	1
Unwind@0055516f	eh_unwind_0055516f	1
Unwind@0055517a	eh_unwind_0055517a	1
Unwind@00555185	eh_unwind_00555185	1
Unwind@00555190	eh_unwind_00555190	1
Unwind@0055519b	eh_unwind_0055519b	1
Unwind@005551a6	eh_unwind_005551a6	1
Unwind@005551b1	eh_unwind_005551b1	1
Unwind@005551bc	eh_unwind_005551bc	1
Unwind@005551c7	eh_unwind_005551c7	1
Unwind@005551d2	eh_unwind_005551d2	1
Unwind@005551dd	eh_unwind_005551dd	1
Unwind@005551e8	eh_unwind_005551e8	1
Unwind@005551f3	eh_unwind_005551f3	1
Unwind@005551fe	eh_unwind_005551fe	1
Unwind@00555209	eh_unwind_00555209	1
Unwind@00555214	eh_unwind_00555214	1
Unwind@0055521c	eh_unwind_0055521c	1
Unwind@0055522a	eh_unwind_0055522a	1
Unwind@00555238	eh_unwind_00555238	1
Unwind@00555246	eh_unwind_00555246	1
Unwind@00555251	eh_unwind_00555251	1
Unwind@0055525c	eh_unwind_0055525c	1
Unwind@00555267	eh_unwind_00555267	1
Unwind@00555272	eh_unwind_00555272	1
Unwind@0055527d	eh_unwind_0055527d	1
Unwind@00555285	eh_unwind_00555285	1
Unwind@0055528d	eh_unwind_0055528d	1
Unwind@0055529b	eh_unwind_0055529b	1
Unwind@005552a9	eh_unwind_005552a9	1
Unwind@005552b7	eh_unwind_005552b7	1
Unwind@005552c5	eh_unwind_005552c5	1
Unwind@005552d3	eh_unwind_005552d3	1
Unwind@005552e1	eh_unwind_005552e1	1
Unwind@005552ef	eh_unwind_005552ef	1
Unwind@005552fd	eh_unwind_005552fd	1
Unwind@0055530b	eh_unwind_0055530b	1
Unwind@00555319	eh_unwind_00555319	1
Unwind@00555327	eh_unwind_00555327	1
Unwind@00555335	eh_unwind_00555335	1
Unwind@00555343	eh_unwind_00555343	1
Unwind@00555351	eh_unwind_00555351	1
Unwind@0055535f	eh_unwind_0055535f	1
Unwind@0055536d	eh_unwind_0055536d	1
Unwind@0055537b	eh_unwind_0055537b	1
Unwind@00555389	eh_unwind_00555389	1
Unwind@00555397	eh_unwind_00555397	1
Unwind@005553a5	eh_unwind_005553a5	1
Unwind@005553b3	eh_unwind_005553b3	1
Unwind@005553c1	eh_unwind_005553c1	1
Unwind@005553cf	eh_unwind_005553cf	1
Unwind@005553dd	eh_unwind_005553dd	1
Unwind@005553eb	eh_unwind_005553eb	1
Unwind@005553f6	eh_unwind_005553f6	1
Unwind@00555401	eh_unwind_00555401	1
Unwind@00555409	eh_unwind_00555409	1
Unwind@00555411	eh_unwind_00555411	1
Unwind@00555419	eh_unwind_00555419	1
Unwind@00555421	eh_unwind_00555421	1
Unwind@00555429	eh_unwind_00555429	1
Unwind@00555431	eh_unwind_00555431	1
Unwind@00555439	eh_unwind_00555439	1
Unwind@00555441	eh_unwind_00555441	1
Unwind@00555449	eh_unwind_00555449	1
Unwind@00555451	eh_unwind_00555451	1
Unwind@0055545f	eh_unwind_0055545f	1
Unwind@0055546d	eh_unwind_0055546d	1
Unwind@0055547b	eh_unwind_0055547b	1
Unwind@00555483	eh_unwind_00555483	1
Unwind@00555491	eh_unwind_00555491	1
Unwind@0055549f	eh_unwind_0055549f	1
Unwind@005554ad	eh_unwind_005554ad	1
Unwind@005554bb	eh_unwind_005554bb	1
Unwind@005554c9	eh_unwind_005554c9	1
Unwind@00555500	eh_unwind_00555500	1
Unwind@005555e0	eh_unwind_005555e0	1
Unwind@005555f1	eh_unwind_005555f1	1
Unwind@00555620	eh_unwind_00555620	1
Unwind@005556d0	eh_unwind_005556d0	1
Unwind@00555700	eh_unwind_00555700	1
Unwind@00555740	eh_unwind_00555740	1
Unwind@0055574b	eh_unwind_0055574b	1
Unwind@00555756	eh_unwind_00555756	1
Unwind@00555761	eh_unwind_00555761	1
Unwind@0055576c	eh_unwind_0055576c	1
Unwind@00555777	eh_unwind_00555777	1
Unwind@00555782	eh_unwind_00555782	1
Unwind@0055578d	eh_unwind_0055578d	1
Unwind@00555798	eh_unwind_00555798	1
Unwind@005557a3	eh_unwind_005557a3	1
Unwind@005557ae	eh_unwind_005557ae	1
Unwind@005557b9	eh_unwind_005557b9	1
Unwind@005557c4	eh_unwind_005557c4	1
Unwind@005557cf	eh_unwind_005557cf	1
Unwind@005557da	eh_unwind_005557da	1
Unwind@005557e5	eh_unwind_005557e5	1
Unwind@005557f0	eh_unwind_005557f0	1
Unwind@005557fb	eh_unwind_005557fb	1
Unwind@00555806	eh_unwind_00555806	1
Unwind@00555811	eh_unwind_00555811	1
Unwind@0055581c	eh_unwind_0055581c	1
Unwind@00555827	eh_unwind_00555827	1
Unwind@00555832	eh_unwind_00555832	1
Unwind@00555840	eh_unwind_00555840	1
Unwind@0055584e	eh_unwind_0055584e	1
Unwind@0055585c	eh_unwind_0055585c	1
Unwind@0055586a	eh_unwind_0055586a	1
Unwind@00555878	eh_unwind_00555878	1
Unwind@00555886	eh_unwind_00555886	1
Unwind@00555894	eh_unwind_00555894	1
Unwind@005558a2	eh_unwind_005558a2	1
Unwind@005558b0	eh_unwind_005558b0	1
Unwind@005558be	eh_unwind_005558be	1
Unwind@005558cc	eh_unwind_005558cc	1
Unwind@005558da	eh_unwind_005558da	1
Unwind@005558e8	eh_unwind_005558e8	1
Unwind@00555920	eh_unwind_00555920	1
Unwind@0055592b	eh_unwind_0055592b	1
Unwind@00555936	eh_unwind_00555936	1
Unwind@00555944	eh_unwind_00555944	1
Unwind@00555952	eh_unwind_00555952	1
Unwind@00555960	eh_unwind_00555960	1
Unwind@0055596e	eh_unwind_0055596e	1
Unwind@0055597c	eh_unwind_0055597c	1
Unwind@0055598a	eh_unwind_0055598a	1
Unwind@00555998	eh_unwind_00555998	1
Unwind@005559a6	eh_unwind_005559a6	1
Unwind@005559b4	eh_unwind_005559b4	1
Unwind@005559c2	eh_unwind_005559c2	1
Unwind@00555a00	eh_unwind_00555a00	1
Unwind@00555a0b	eh_unwind_00555a0b	1
Unwind@00555a13	eh_unwind_00555a13	1
Unwind@00555a1e	eh_unwind_00555a1e	1
Unwind@00555a60	eh_unwind_00555a60	1
Unwind@00555a6e	eh_unwind_00555a6e	1
Unwind@00555a7c	eh_unwind_00555a7c	1
Unwind@00555ac0	eh_unwind_00555ac0	1
Unwind@00555acb	eh_unwind_00555acb	1
Unwind@00555ad6	eh_unwind_00555ad6	1
Unwind@00555ae1	eh_unwind_00555ae1	1
Unwind@00555b20	eh_unwind_00555b20	1
Unwind@00555b2e	eh_unwind_00555b2e	1
Unwind@00555b39	eh_unwind_00555b39	1
Unwind@00555b44	eh_unwind_00555b44	1
Unwind@00555b4f	eh_unwind_00555b4f	1
Unwind@00555b72	eh_unwind_00555b72	1
Unwind@00555b7e	eh_unwind_00555b7e	1
Unwind@00555b8a	eh_unwind_00555b8a	1
Unwind@00555b95	eh_unwind_00555b95	1
Unwind@00555ba0	eh_unwind_00555ba0	1
Unwind@00555ba8	eh_unwind_00555ba8	1
Unwind@00555bcb	eh_unwind_00555bcb	1
Unwind@00555bd7	eh_unwind_00555bd7	1
Unwind@00555be3	eh_unwind_00555be3	1
Unwind@00555bee	eh_unwind_00555bee	1
Unwind@00555bf9	eh_unwind_00555bf9	1
Unwind@00555c30	eh_unwind_00555c30	1
Unwind@00555c3b	eh_unwind_00555c3b	1
Unwind@00555c46	eh_unwind_00555c46	1
Unwind@00555c51	eh_unwind_00555c51	1
Unwind@00555c5c	eh_unwind_00555c5c	1
Unwind@00555c67	eh_unwind_00555c67	1
Unwind@00555c72	eh_unwind_00555c72	1
Unwind@00555c7d	eh_unwind_00555c7d	1
Unwind@00555c88	eh_unwind_00555c88	1
Unwind@00555c93	eh_unwind_00555c93	1
Unwind@00555c9e	eh_unwind_00555c9e	1
Unwind@00555ca9	eh_unwind_00555ca9	1
Unwind@00555cb4	eh_unwind_00555cb4	1
Unwind@00555cbf	eh_unwind_00555cbf	1
Unwind@00555cca	eh_unwind_00555cca	1
Unwind@00555cd5	eh_unwind_00555cd5	1
Unwind@00555ce0	eh_unwind_00555ce0	1
Unwind@00555cf7	eh_unwind_00555cf7	1
Unwind@00555d0e	eh_unwind_00555d0e	1
Unwind@00555d19	eh_unwind_00555d19	1
Unwind@00555d30	eh_unwind_00555d30	1
Unwind@00555d47	eh_unwind_00555d47	1
Unwind@00555d55	eh_unwind_00555d55	1
Unwind@00555d63	eh_unwind_00555d63	1
Unwind@00555d71	eh_unwind_00555d71	1
Unwind@00555d7f	eh_unwind_00555d7f	1
Unwind@00555d8d	eh_unwind_00555d8d	1
Unwind@00555d9b	eh_unwind_00555d9b	1
Unwind@00555da9	eh_unwind_00555da9	1
Unwind@00555db7	eh_unwind_00555db7	1
Unwind@00555dc5	eh_unwind_00555dc5	1
Unwind@00555dd3	eh_unwind_00555dd3	1
Unwind@00555de1	eh_unwind_00555de1	1
Unwind@00555def	eh_unwind_00555def	1
Unwind@00555e30	eh_unwind_00555e30	1
Unwind@00555e3e	eh_unwind_00555e3e	1
Unwind@00555e49	eh_unwind_00555e49	1
Unwind@00555e54	eh_unwind_00555e54	1
Unwind@00555e5f	eh_unwind_00555e5f	1
Unwind@00555e6a	eh_unwind_00555e6a	1
Unwind@00555e75	eh_unwind_00555e75	1
Unwind@00555e80	eh_unwind_00555e80	1
Unwind@00555e8b	eh_unwind_00555e8b	1
Unwind@00555e96	eh_unwind_00555e96	1
Unwind@00555ea1	eh_unwind_00555ea1	1
Unwind@00555eac	eh_unwind_00555eac	1
Unwind@00555eb7	eh_unwind_00555eb7	1
Unwind@00555ec2	eh_unwind_00555ec2	1
Unwind@00555f00	eh_unwind_00555f00	1
Unwind@00555f0b	eh_unwind_00555f0b	1
Unwind@00555f16	eh_unwind_00555f16	1
Unwind@00555f40	eh_unwind_00555f40	1
Unwind@00555f4b	eh_unwind_00555f4b	1
Unwind@00555f62	eh_unwind_00555f62	1
Unwind@00555f79	eh_unwind_00555f79	1
Unwind@00555f84	eh_unwind_00555f84	1
Unwind@00555f8f	eh_unwind_00555f8f	1
Unwind@00555f9a	eh_unwind_00555f9a	1
Unwind@00555fa5	eh_unwind_00555fa5	1
Unwind@00555fb0	eh_unwind_00555fb0	1
Unwind@00555fbb	eh_unwind_00555fbb	1
Unwind@00555fc6	eh_unwind_00555fc6	1
Unwind@00555fd1	eh_unwind_00555fd1	1
Unwind@00555fdc	eh_unwind_00555fdc	1
Unwind@00555fe7	eh_unwind_00555fe7	1
Unwind@00555ff2	eh_unwind_00555ff2	1
Unwind@00555ffd	eh_unwind_00555ffd	1
Unwind@00556008	eh_unwind_00556008	1
Unwind@00556013	eh_unwind_00556013	1
Unwind@0055601e	eh_unwind_0055601e	1
Unwind@0055602c	eh_unwind_0055602c	1
Unwind@0055603a	eh_unwind_0055603a	1
Unwind@00556048	eh_unwind_00556048	1
Unwind@00556080	eh_unwind_00556080	1
Unwind@00556091	eh_unwind_00556091	1
Unwind@00556099	eh_unwind_00556099	1
Unwind@005560aa	eh_unwind_005560aa	1
Unwind@005560d0	eh_unwind_005560d0	1
Unwind@00556110	eh_unwind_00556110	1
Unwind@00556140	eh_unwind_00556140	1
Unwind@00556170	eh_unwind_00556170	1
Unwind@005561a0	eh_unwind_005561a0	1
Unwind@005561e0	eh_unwind_005561e0	1
Unwind@005562a0	eh_unwind_005562a0	1
Unwind@005562d0	eh_unwind_005562d0	1
Unwind@00556340	eh_unwind_00556340	1
Unwind@0055634b	eh_unwind_0055634b	1
Unwind@00556356	eh_unwind_00556356	1
Unwind@00556361	eh_unwind_00556361	1
Unwind@0055636c	eh_unwind_0055636c	1
Unwind@00556377	eh_unwind_00556377	1
Unwind@00556382	eh_unwind_00556382	1
Unwind@0055638d	eh_unwind_0055638d	1
Unwind@00556398	eh_unwind_00556398	1
Unwind@005563a6	eh_unwind_005563a6	1
Unwind@005563b1	eh_unwind_005563b1	1
Unwind@005563bf	eh_unwind_005563bf	1
Unwind@005563cd	eh_unwind_005563cd	1
Unwind@005563db	eh_unwind_005563db	1
Unwind@005563e9	eh_unwind_005563e9	1
Unwind@005563f7	eh_unwind_005563f7	1
Unwind@00556405	eh_unwind_00556405	1
Unwind@00556413	eh_unwind_00556413	1
Unwind@0055641e	eh_unwind_0055641e	1
Unwind@0055642c	eh_unwind_0055642c	1
Unwind@0055643a	eh_unwind_0055643a	1
Unwind@00556448	eh_unwind_00556448	1
Unwind@00556456	eh_unwind_00556456	1
Unwind@00556464	eh_unwind_00556464	1
Unwind@0055646f	eh_unwind_0055646f	1
Unwind@0055647a	eh_unwind_0055647a	1
Unwind@00556485	eh_unwind_00556485	1
Unwind@00556490	eh_unwind_00556490	1
Unwind@0055649b	eh_unwind_0055649b	1
Unwind@005564d0	eh_unwind_005564d0	1
Unwind@005564db	eh_unwind_005564db	1
Unwind@005564e6	eh_unwind_005564e6	1
Unwind@005564f1	eh_unwind_005564f1	1
Unwind@005564fc	eh_unwind_005564fc	1
Unwind@00556507	eh_unwind_00556507	1
Unwind@00556512	eh_unwind_00556512	1
Unwind@0055651d	eh_unwind_0055651d	1
Unwind@00556528	eh_unwind_00556528	1
Unwind@00556533	eh_unwind_00556533	1
Unwind@00556541	eh_unwind_00556541	1
Unwind@0055654f	eh_unwind_0055654f	1
Unwind@0055655a	eh_unwind_0055655a	1
Unwind@00556580	eh_unwind_00556580	1
Unwind@0055658b	eh_unwind_0055658b	1
Unwind@00556596	eh_unwind_00556596	1
Unwind@005565a1	eh_unwind_005565a1	1
Unwind@005565ac	eh_unwind_005565ac	1
Unwind@005565b7	eh_unwind_005565b7	1
Unwind@005565c2	eh_unwind_005565c2	1
Unwind@005565cd	eh_unwind_005565cd	1
Unwind@005565d8	eh_unwind_005565d8	1
Unwind@005565e3	eh_unwind_005565e3	1
Unwind@005565f1	eh_unwind_005565f1	1
Unwind@00556620	eh_unwind_00556620	1
Unwind@00556628	eh_unwind_00556628	1
Unwind@00556650	eh_unwind_00556650	1
Unwind@0055666d	eh_unwind_0055666d	1
Unwind@00556679	eh_unwind_00556679	1
Unwind@00556682	eh_unwind_00556682	1
Unwind@005566b0	eh_unwind_005566b0	1
Unwind@005566cd	eh_unwind_005566cd	1
Unwind@005566d9	eh_unwind_005566d9	1
Unwind@005566e2	eh_unwind_005566e2	1
Unwind@00556710	eh_unwind_00556710	1
Unwind@00556740	eh_unwind_00556740	1
Unwind@0055674e	eh_unwind_0055674e	1
Unwind@00556759	eh_unwind_00556759	1
Unwind@00556764	eh_unwind_00556764	1
Unwind@00556787	eh_unwind_00556787	1
Unwind@00556793	eh_unwind_00556793	1
Unwind@0055679f	eh_unwind_0055679f	1
Unwind@005567aa	eh_unwind_005567aa	1
Unwind@005567b2	eh_unwind_005567b2	1
Unwind@005567ba	eh_unwind_005567ba	1
Unwind@005567c8	eh_unwind_005567c8	1
Unwind@005567d3	eh_unwind_005567d3	1
Unwind@005567db	eh_unwind_005567db	1
Unwind@005567e3	eh_unwind_005567e3	1
Unwind@005567eb	eh_unwind_005567eb	1
Unwind@005567f3	eh_unwind_005567f3	1
Unwind@005567fe	eh_unwind_005567fe	1
__security_check_cookie@4	eh_security_check_cookie_4	2
