addr	name	kind	target
401000	FUN_00401000	lib	audit
401020	FUN_00401020	lib	audit
401040	FUN_00401040	lib	audit
401060	FUN_00401060	lib	audit
4010f0	FUN_004010f0	lib	audit
401120	FUN_00401120	lib	audit
4011e0	FUN_004011e0	lib	audit
401230	FUN_00401230	lib	audit
4012a0	FUN_004012a0	lib	audit
401330	FUN_00401330	lib	audit
401360	FUN_00401360	lib	audit
4013a0	FUN_004013a0	lib	audit
401450	FUN_00401450	lib	audit
401480	FUN_00401480	lib	audit
4015c0	FUN_004015c0	lib	audit
4018f0	FUN_004018f0	lib	audit
401930	FUN_00401930	lib	audit
4019c0	FUN_004019c0	lib	audit
4019f0	FUN_004019f0	lib	audit
401b10	FUN_00401b10	lib	audit
401b40	FUN_00401b40	lib	audit
401c40	FUN_00401c40	lib	other
401d70	FUN_00401d70	lib	other
401e30	FUN_00401e30	lib	other
401e80	FUN_00401e80	lib	other
401f80	FUN_00401f80	lib	other
401ff0	FUN_00401ff0	lib	crtstl
40215e	Catch_All@0040215e	lib	crtstl
40217e	FUN_0040217e	lib	crtstl
4021e0	FUN_004021e0	lib	audit
402210	FUN_00402210	lib	other
402269	Catch_All@00402269	lib	crtstl
402280	FUN_00402280	lib	other
4022d9	Catch_All@004022d9	lib	crtstl
4022f0	FUN_004022f0	lib	other
402350	FUN_00402350	lib	crtstl
402370	FUN_00402370	lib	other
40249e	Catch_All@0040249e	lib	crtstl
402500	FUN_00402500	lib	other
402633	Catch_All@00402633	lib	crtstl
4026a0	FUN_004026a0	lib	audit
4028d0	FUN_004028d0	lib	audit
402aa4	Catch_All@00402aa4	lib	crtstl
402ac0	FUN_00402ac0	lib	audit
402d3b	Catch_All@00402d3b	lib	crtstl
402d50	FUN_00402d50	lib	other
402e20	FUN_00402e20	gamemisc	game_misc
402e50	FUN_00402e50	lib	other
402e80	FUN_00402e80	gamemisc	game_misc
402ed0	FUN_00402ed0	gamemisc	game_misc
402f80	FUN_00402f80	lib	other
402fd0	FUN_00402fd0	lib	other
403030	FUN_00403030	lib	other
4030c0	FUN_004030c0	gamemisc	game_misc
4030e0	FUN_004030e0	lib	crtstl
4031d0	ctor_3	lib	crtstl
4032e0	FUN_004032e0	gamemisc	game_misc
403350	FUN_00403350	game	GameController
4033b0	FUN_004033b0	game	GameController
4033d0	ctor_4	lib	crtstl
4034c0	FUN_004034c0	gamemisc	game_misc
40354c	Catch_All@0040354c	lib	crtstl
403560	ctor_1	gamemisc	game_misc
403df0	ctor_0	lib	crtstl
403e40	ctor_1	lib	crtstl
403eb0	FUN_00403eb0	game	GameController
403ee0	FUN_00403ee0	lib	other
403f10	ctor_0	lib	other
404040	FUN_00404040	lib	other
404060	FUN_00404060	lib	other
404090	FUN_00404090	gamemisc	game_misc
4040d0	FUN_004040d0	gamemisc	game_misc
4041c0	FUN_004041c0	lib	audit
4042e0	FUN_004042e0	lib	audit
4043c0	FUN_004043c0	lib	other
4043f0	FUN_004043f0	game	GameController
404420	ctor_18	lib	crtstl
40447b	vfunc_0	lib	crtstl
404483	vfunc_0	lib	crtstl
404490	vfunc_0	lib	crtstl
4044f0	FUN_004044f0	lib	crtstl
404540	vfunc_0	lib	crtstl
404570	ctor_19	lib	crtstl
4045f0	vfunc_0	lib	other
404620	vfunc_0	lib	crtstl
404650	FUN_00404650	lib	other
404760	FUN_00404760	lib	other
404890	FUN_00404890	lib	other
4049a0	FUN_004049a0	lib	other
404ab0	FUN_00404ab0	lib	other
404be0	FUN_00404be0	lib	other
404cf0	FUN_00404cf0	lib	other
404e00	FUN_00404e00	lib	other
404f10	FUN_00404f10	lib	other
40503c	vfunc_1	lib	crtstl
405048	vfunc_1	lib	crtstl
405054	vfunc_2	lib	crtstl
405060	FUN_00405060	game	GameController
4050c0	FUN_004050c0	lib	audit
405100	FUN_00405100	lib	other
405120	FUN_00405120	lib	other
4051b0	FUN_004051b0	lib	other
4051e0	FUN_004051e0	lib	other
405210	FUN_00405210	lib	other
405290	FUN_00405290	lib	other
4052b0	FUN_004052b0	lib	other
4052e0	FUN_004052e0	lib	other
4053b0	FUN_004053b0	lib	other
405420	FUN_00405420	gamemisc	game_misc
405470	FUN_00405470	lib	other
4054b0	FUN_004054b0	lib	audit
4054f0	FUN_004054f0	game	GameController
405586	Catch_All@00405586	lib	crtstl
4055c3	Catch_All@004055c3	lib	crtstl
405640	FUN_00405640	lib	other
405700	FUN_00405700	lib	other
405810	FUN_00405810	lib	crtstl
405850	FUN_00405850	lib	other
405960	FUN_00405960	lib	other
405a70	FUN_00405a70	lib	other
405ba0	FUN_00405ba0	lib	other
405cc0	FUN_00405cc0	gamemisc	game_misc
405e10	FUN_00405e10	lib	audit
405e70	FUN_00405e70	lib	other
405f90	FUN_00405f90	lib	other
4060b0	FUN_004060b0	lib	other
4061e0	FUN_004061e0	lib	other
406300	FUN_00406300	lib	other
406420	FUN_00406420	lib	other
406540	FUN_00406540	lib	other
406660	FUN_00406660	lib	other
4066f0	FUN_004066f0	lib	other
4067c0	FUN_004067c0	lib	other
4068b0	FUN_004068b0	lib	other
4069c0	FUN_004069c0	lib	other
4069e0	FUN_004069e0	lib	other
406b00	FUN_00406b00	lib	other
406c30	FUN_00406c30	lib	other
406d50	FUN_00406d50	lib	other
406dc0	FUN_00406dc0	lib	other
406e30	FUN_00406e30	lib	other
406ec0	FUN_00406ec0	lib	other
406f30	FUN_00406f30	lib	other
407040	FUN_00407040	lib	other
407170	FUN_00407170	lib	other
407290	FUN_00407290	lib	other
4073d0	FUN_004073d0	lib	other
407510	FUN_00407510	lib	other
407570	FUN_00407570	lib	other
407620	FUN_00407620	lib	other
407680	FUN_00407680	lib	other
4076d0	FUN_004076d0	lib	other
4077f0	FUN_004077f0	lib	other
407910	FUN_00407910	lib	other
407a50	FUN_00407a50	lib	other
407c40	FUN_00407c40	lib	other
407d50	FUN_00407d50	game	GameController
407e00	FUN_00407e00	lib	other
407e30	FUN_00407e30	lib	other
407ed0	FUN_00407ed0	lib	other
407f80	FUN_00407f80	lib	other
408080	FUN_00408080	lib	other
408150	FUN_00408150	lib	other
408160	FUN_00408160	lib	other
4081b0	FUN_004081b0	lib	other
4081e0	FUN_004081e0	lib	other
408200	ctor_0	lib	other
408230	FUN_00408230	lib	other
408280	FUN_00408280	lib	other
4082f0	FUN_004082f0	lib	other
408350	FUN_00408350	lib	other
4083f0	FUN_004083f0	lib	other
408460	FUN_00408460	lib	other
4085a0	FUN_004085a0	lib	other
408760	ctor_0	lib	other
4088a0	FUN_004088a0	lib	other
408a00	FUN_00408a00	lib	other
408b10	FUN_00408b10	lib	other
408c20	FUN_00408c20	lib	other
408d50	FUN_00408d50	lib	other
408eb0	FUN_00408eb0	lib	other
408fc0	FUN_00408fc0	lib	audit
4090a0	vfunc_1	lib	crtstl
4090b0	FUN_004090b0	lib	other
4091c0	FUN_004091c0	lib	other
4092e0	FUN_004092e0	lib	other
4093e0	FUN_004093e0	lib	other
409500	FUN_00409500	lib	other
409620	FUN_00409620	lib	other
409730	FUN_00409730	lib	other
409860	FUN_00409860	lib	other
409970	FUN_00409970	lib	other
409a80	FUN_00409a80	lib	other
409b50	FUN_00409b50	lib	other
409c20	FUN_00409c20	lib	other
409cf0	FUN_00409cf0	lib	other
409de0	FUN_00409de0	lib	other
409eb0	FUN_00409eb0	lib	other
409fc0	FUN_00409fc0	lib	other
40a0e0	FUN_0040a0e0	lib	other
40a200	FUN_0040a200	lib	other
40a350	FUN_0040a350	lib	other
40a3a0	FUN_0040a3a0	lib	other
40a430	FUN_0040a430	lib	other
40a4c0	FUN_0040a4c0	lib	other
40a560	FUN_0040a560	lib	other
40a600	FUN_0040a600	lib	other
40a690	FUN_0040a690	lib	other
40a740	FUN_0040a740	lib	other
40a860	FUN_0040a860	lib	other
40a990	_Reset_back	lib	crtstl
40a9c0	FUN_0040a9c0	lib	other
40aa50	FUN_0040aa50	lib	other
40aaf0	FUN_0040aaf0	lib	other
40ab10	FUN_0040ab10	lib	other
40abf0	FUN_0040abf0	lib	other
40ac80	FUN_0040ac80	lib	other
40ad70	FUN_0040ad70	lib	other
40af30	FUN_0040af30	lib	other
40b0a0	FUN_0040b0a0	lib	other
40b0c0	FUN_0040b0c0	lib	other
40b270	FUN_0040b270	lib	other
40b380	FUN_0040b380	lib	other
40b390	FUN_0040b390	lib	other
40b4a0	_Set_back	lib	crtstl
40b4e0	FUN_0040b4e0	lib	audit
40b540	vfunc_2	lib	crtstl
40b550	FUN_0040b550	lib	other
40b5e0	FUN_0040b5e0	lib	other
40b680	FUN_0040b680	lib	other
40b730	FUN_0040b730	lib	other
40b810	ctor_0	lib	crtstl
40b9f0	FUN_0040b9f0	lib	other
40bac0	FUN_0040bac0	lib	other
40bb30	FUN_0040bb30	lib	other
40bb90	FUN_0040bb90	lib	other
40bbb0	FUN_0040bbb0	lib	other
40bbc0	FUN_0040bbc0	lib	other
40bd50	FUN_0040bd50	lib	other
40be60	FUN_0040be60	lib	other
40bef0	FUN_0040bef0	lib	other
40bfc0	FUN_0040bfc0	lib	crtstl
40bff0	FUN_0040bff0	gamemisc	game_misc
40c0a0	FUN_0040c0a0	game	GameController
40c1c0	FUN_0040c1c0	game	GameController
40c280	FUN_0040c280	gamemisc	game_misc
40c380	FUN_0040c380	gamemisc	game_misc
40c390	FUN_0040c390	lib	other
40c4c0	FUN_0040c4c0	game	GameController
40c520	FUN_0040c520	game	GameController
40c590	FUN_0040c590	gamemisc	game_misc
40c600	FUN_0040c600	lib	audit
40c6d0	vfunc_3	lib	crtstl
40c710	vfunc_3	lib	crtstl
40c730	vfunc_4	lib	crtstl
40c750	vfunc_5	lib	crtstl
40c790	FUN_0040c790	lib	audit
40c850	FUN_0040c850	lib	audit
40cb00	FUN_0040cb00	game	GameController
40cba0	FUN_0040cba0	game	GameController
40cbd0	vfunc_0	game	GameController
40cbe0	vfunc_0	lib	other
40cc00	vfunc_14	lib	crtstl
40cc40	ctor_0	gamemisc	game_misc
40d010	FUN_0040d010	gamemisc	game_misc
40d0c0	vfunc_2	lib	crtstl
40d140	vfunc_2	lib	crtstl
40d190	vfunc_2	lib	crtstl
40d210	vfunc_1	lib	crtstl
40d220	vfunc_1	lib	crtstl
40d230	vfunc_1	lib	crtstl
40d240	FUN_0040d240	lib	crtstl
40d350	vfunc_3	lib	crtstl
40d540	vfunc_3	lib	crtstl
40d710	vfunc_4	lib	crtstl
40d7a0	vfunc_4	lib	crtstl
40d800	FUN_0040d800	lib	other
40d860	FUN_0040d860	lib	other
40d910	FUN_0040d910	gamemisc	game_misc
40d9d0	FUN_0040d9d0	gamemisc	game_misc
40da70	FUN_0040da70	gamemisc	game_misc
40dad0	vfunc_10	lib	crtstl
40dbd0	vfunc_10	lib	crtstl
40dda0	vfunc_11	lib	crtstl
40de80	vfunc_11	lib	crtstl
40dfa0	vfunc_12	lib	crtstl
40e030	FUN_0040e030	game	GameController
40e140	FUN_0040e140	game	GameController
40e160	vfunc_13	lib	crtstl
40e190	vfunc_7	lib	crtstl
40e380	vfunc_6	lib	crtstl
40e3c0	vfunc_6	lib	crtstl
40e420	FUN_0040e420	game	GameController
40e440	FUN_0040e440	gamemisc	game_misc
40e676	Catch_All@0040e676	lib	crtstl
40e696	FUN_0040e696	lib	audit
40e6f0	FUN_0040e6f0	game	GameController
40e8b6	Catch_All@0040e8b6	lib	crtstl
40e8d6	FUN_0040e8d6	lib	audit
40e940	FUN_0040e940	gamemisc	game_misc
40ea30	FUN_0040ea30	gamemisc	game_misc
40ea50	FUN_0040ea50	game	GameController
40ea70	FUN_0040ea70	game	GameController
40ea90	FUN_0040ea90	game	GameController
40eac0	FUN_0040eac0	game	GameController
40eaf0	FUN_0040eaf0	lib	audit
40eb60	FUN_0040eb60	lib	audit
40ebc0	FUN_0040ebc0	lib	audit
40ebe0	ctor_17	lib	crtstl
40ecd0	ctor_0	game	AdaptionWidget
40ee40	FUN_0040ee40	gamemisc	game_misc
40ee70	FUN_0040ee70	game	GameController
40ef20	FUN_0040ef20	lib	other
40ef50	FUN_0040ef50	game	GameController
40ef70	FUN_0040ef70	game	GameController
40ef80	FUN_0040ef80	gamemisc	game_misc
40efb0	ctor_18	lib	crtstl
40f00b	vfunc_0	lib	crtstl
40f020	vfunc_0	lib	crtstl
40f050	ctor_14	lib	crtstl
40f0d0	FUN_0040f0d0	game	GameController
40f0f3	vfunc_1	lib	crtstl
40f0ff	vfunc_2	lib	crtstl
40f110	FUN_0040f110	lib	audit
40f170	FUN_0040f170	lib	audit
40f20f	Catch_All@0040f20f	lib	crtstl
40f24c	Catch_All@0040f24c	lib	crtstl
40f2d0	FUN_0040f2d0	lib	audit
40f300	FUN_0040f300	lib	audit
40f3c0	FUN_0040f3c0	lib	audit
40f490	FUN_0040f490	lib	audit
40f4a0	FUN_0040f4a0	game	Interface
40f4f0	FUN_0040f4f0	game	GameController
40f570	FUN_0040f570	gamemisc	game_misc
40f650	FUN_0040f650	lib	crtstl
40f680	FUN_0040f680	lib	audit
40f7a0	FUN_0040f7a0	lib	audit
40f8a0	FUN_0040f8a0	game	GameController
40f8c0	FUN_0040f8c0	gamemisc	game_misc
40f8e0	FUN_0040f8e0	game	GameController
40f8f0	vfunc_1	game	AdaptionWidget
411270	FUN_00411270	lib	audit
411320	FUN_00411320	game	GameController
411330	vfunc_4	game	AdaptionWidget
411340	FUN_00411340	gamemisc	game_misc
411400	FUN_00411400	game	GameController
411410	vfunc_10	game	AdaptionWidget
4114b0	vfunc_6	game	AdaptionWidget
4114c0	vfunc_3	lib	crtstl
4116d0	vfunc_4	lib	crtstl
411740	FUN_00411740	game	GameController
411750	FUN_00411750	game	GameController
411760	vfunc_10	lib	crtstl
411950	vfunc_11	lib	crtstl
411a90	FUN_00411a90	game	GameController
411ab0	FUN_00411ab0	game	GameController
411ad0	FUN_00411ad0	game	GameController
411b90	FUN_00411b90	lib	audit
411bc0	FUN_00411bc0	game	GameController
411be0	FUN_00411be0	game	SmoothMeshShape
411c70	FUN_00411c70	game	GameController
411c80	vfunc_6	lib	crtstl
411cf0	FUN_00411cf0	game	GameController
411d00	FUN_00411d00	lib	other
411d10	FUN_00411d10	gamemisc	game_misc
411d40	FUN_00411d40	game	GameController
411df0	FUN_00411df0	game	GameController
411e10	FUN_00411e10	gamemisc	game_misc
411e30	FUN_00411e30	game	GameController
411e50	FUN_00411e50	game	Creature
412080	FUN_00412080	game	GameController
4120a0	FUN_004120a0	game	GameController
4120b0	FUN_004120b0	game	GameController
4120c0	FUN_004120c0	game	GameController
4120f0	FUN_004120f0	game	GameController
412120	FUN_00412120	game	GameController
412170	FUN_00412170	game	GameController
4121c0	FUN_004121c0	game	GameController
412200	FUN_00412200	game	GameController
412220	FUN_00412220	game	GameController
412260	FUN_00412260	game	GameController
412280	FUN_00412280	game	GameController
4122c0	FUN_004122c0	game	GameController
4122e0	FUN_004122e0	game	GameController
412320	FUN_00412320	gamemisc	game_misc
412350	FUN_00412350	game	GameController
412390	FUN_00412390	game	GameController
412400	FUN_00412400	game	GameController
412780	FUN_00412780	game	GameController
4127c0	FUN_004127c0	game	GameController
412810	FUN_00412810	lib	other
412850	FUN_00412850	game	GameController
412890	FUN_00412890	game	GameController
4128d0	FUN_004128d0	game	GameController
4128f0	FUN_004128f0	game	GameController
423e70	FUN_00423e70	gamemisc	game_misc
423ee0	FUN_00423ee0	gamemisc	game_misc
423f20	FUN_00423f20	game	GameController
423f70	FUN_00423f70	game	GameController
424090	FUN_00424090	gamemisc	game_misc
4240f0	FUN_004240f0	game	GameController
424170	FUN_00424170	game	GameController
4241b0	FUN_004241b0	game	GameController
4243d0	FUN_004243d0	game	GameController
4244f0	FUN_004244f0	game	GameController
424610	FUN_00424610	game	GameController
424730	FUN_00424730	game	GameController
424810	FUN_00424810	game	GameController
424820	FUN_00424820	game	GameController
424830	FUN_00424830	game	GameController
424860	FUN_00424860	game	GameController
4248a0	FUN_004248a0	game	GameController
424990	FUN_00424990	game	GameController
424a60	FUN_00424a60	game	GameController
424b30	FUN_00424b30	gamemisc	game_misc
424b50	FUN_00424b50	game	GameController
424b70	FUN_00424b70	game	GameController
424ba0	FUN_00424ba0	lib	audit
424d20	Catch_All@00424d20	lib	crtstl
424d40	FUN_00424d40	lib	audit
424da0	FUN_00424da0	lib	audit
424e30	Catch_All@00424e30	lib	crtstl
424e80	ctor_0	game	CharacterPreviewWidget
424f30	FUN_00424f30	gamemisc	game_misc
4252f0	FUN_004252f0	game	GameController
425330	FUN_00425330	lib	audit
425390	FUN_00425390	lib	audit
425450	ctor_23	game	Interface
427870	FUN_00427870	game	GameController
427910	FUN_00427910	game	GameController
4279e0	FUN_004279e0	game	GameController
4279f0	FUN_004279f0	game	GameController
427a00	FUN_00427a00	lib	audit
427a30	FUN_00427a30	gamemisc	game_misc
427a80	FUN_00427a80	lib	other
427ab0	FUN_00427ab0	gamemisc	game_misc
427af0	FUN_00427af0	gamemisc	game_misc
427b40	FUN_00427b40	game	CharacterStyleWidget
427bc0	ctor_0	game	CharacterStyleWidget
427ce0	ctor_0	game	CharacterStyleWidget
428750	FUN_00428750	game	Spawn
4288b0	FUN_004288b0	game	GameController
4288e0	FUN_004288e0	game	GameController
428920	FUN_00428920	game	GameController
428940	FUN_00428940	game	GameController
428970	FUN_00428970	game	GameController
428980	FUN_00428980	game	GameController
428990	FUN_00428990	game	GameController
4289e0	FUN_004289e0	game	GameController
428a30	vfunc_0	game	AdaptionWidget
428a60	FUN_00428a60	lib	other
428aa0	FUN_00428aa0	lib	audit
428ac0	FUN_00428ac0	game	SmoothMeshShape
428b7d	Catch_All@00428b7d	lib	crtstl
428ba0	FUN_00428ba0	game	SmoothMeshShape
428c5c	Catch_All@00428c5c	lib	crtstl
428c80	FUN_00428c80	gamemisc	game_misc
428d00	FUN_00428d00	gamemisc	game_misc
428d80	FUN_00428d80	game	GameController
428da0	FUN_00428da0	game	GameController
428db0	FUN_00428db0	lib	audit
428e40	ctor_7	game	GameController
42b7a0	FUN_0042b7a0	gamemisc	game_misc
42b800	FUN_0042b800	game	GameController
42b810	FUN_0042b810	lib	other
42b860	FUN_0042b860	lib	other
42b8b0	FUN_0042b8b0	lib	other
42b910	FUN_0042b910	lib	other
42b950	FUN_0042b950	lib	other
42b990	FUN_0042b990	lib	other
42b9e0	FUN_0042b9e0	lib	other
42ba20	FUN_0042ba20	lib	other
42ba60	FUN_0042ba60	lib	other
42bab0	FUN_0042bab0	lib	other
42bb00	vfunc_10	game	CharacterStyleWidget
42bd20	FUN_0042bd20	gamemisc	game_misc
42bd90	FUN_0042bd90	lib	other
42be00	FUN_0042be00	gamemisc	game_misc
42be50	FUN_0042be50	lib	audit
42bea0	FUN_0042bea0	lib	audit
42bf63	Catch_All@0042bf63	lib	crtstl
42bf80	FUN_0042bf80	lib	audit
42c04f	Catch_All@0042c04f	lib	crtstl
42c070	FUN_0042c070	lib	audit
42c080	FUN_0042c080	game	GameController
42c460	FUN_0042c460	gamemisc	game_misc
42c4a0	FUN_0042c4a0	gamemisc	game_misc
42c500	FUN_0042c500	game	GameController
42c520	FUN_0042c520	game	CombatBehavior
42c550	ctor_0	game	CombatBehavior
42c580	FUN_0042c580	game	GameController
42c5b0	FUN_0042c5b0	gamemisc	game_misc
42c5e0	FUN_0042c5e0	game	GameController
42c680	FUN_0042c680	lib	other
42c6c0	FUN_0042c6c0	game	GameController
42c6d0	FUN_0042c6d0	game	GameController
42c6e0	FUN_0042c6e0	gamemisc	game_misc
42c720	FUN_0042c720	gamemisc	game_misc
42c740	FUN_0042c740	lib	audit
42c7a0	FUN_0042c7a0	gamemisc	game_misc
42c800	FUN_0042c800	gamemisc	game_misc
42c860	FUN_0042c860	game	GameController
42c890	FUN_0042c890	gamemisc	game_misc
42c8d0	FUN_0042c8d0	lib	other
42c900	FUN_0042c900	game	ChunkBuffer
42c980	FUN_0042c980	game	GameController
42c9b0	FUN_0042c9b0	game	GameController
42c9d0	FUN_0042c9d0	game	GameController
42ca00	FUN_0042ca00	game	GameController
42ca20	FUN_0042ca20	lib	audit
42ca80	FUN_0042ca80	lib	audit
42cac0	FUN_0042cac0	lib	audit
42cb20	vfunc_0	game	CombatBehavior
42ef10	FUN_0042ef10	gamemisc	game_misc
42efc0	vfunc_1	game	CombatBehavior
42f000	FUN_0042f000	game	GameController
42f030	FUN_0042f030	game	GameController
42f040	FUN_0042f040	gamemisc	game_misc
42f100	FUN_0042f100	game	GameController
42f140	FUN_0042f140	game	GameController
42f160	FUN_0042f160	game	GameController
42f190	ctor_0	game	BlueprintPreviewWidget
42f360	FUN_0042f360	game	GameController
42f3e0	FUN_0042f3e0	game	GameController
42f430	FUN_0042f430	game	GameController
42f470	FUN_0042f470	game	GameController
42f4a0	FUN_0042f4a0	game	GameController
42f570	Millisecs	game	GameController
42f590	FUN_0042f590	game	GameController
42f5a0	FUN_0042f5a0	gamemisc	game_misc
42f5e0	vfunc_0	game	BlueprintPreviewWidget
42f640	FUN_0042f640	game	GameController
42f720	FUN_0042f720	game	GameController
42f730	FUN_0042f730	game	GameController
42f7e0	FUN_0042f7e0	gamemisc	game_misc
42f860	FUN_0042f860	gamemisc	game_misc
42f910	ctor_11	game	GameController
4347a0	FUN_004347a0	game	GameController
434870	FUN_00434870	game	GameController
4348b0	FUN_004348b0	game	GameController
4348c0	FUN_004348c0	gamemisc	game_misc
4348d0	FUN_004348d0	game	GameController
4348e0	FUN_004348e0	game	GameController
4348f0	vfunc_10	game	BlueprintPreviewWidget
434a80	FUN_00434a80	game	GameController
434a90	FUN_00434a90	game	GameController
434ad0	FUN_00434ad0	game	GameController
434b70	FUN_00434b70	game	GameController
434b80	FUN_00434b80	game	GameController
434c10	FUN_00434c10	game	GameController
434c20	FUN_00434c20	game	GameController
434d10	FUN_00434d10	gamemisc	game_misc
434d90	ctor_0	game	CharacterWidget
434e30	ctor_26	game	Interface
439110	FUN_00439110	gamemisc	game_misc
439190	FUN_00439190	lib	audit
4391d0	FUN_004391d0	lib	audit
439210	FUN_00439210	game	GameController
4392af	Catch_All@004392af	lib	crtstl
4392d0	FUN_004392d0	game	GameController
439300	FUN_00439300	game	GameController
439398	Catch_All@00439398	lib	crtstl
4393b0	ctor_0	game	ChatWidget
439510	FUN_00439510	lib	other
439530	FUN_00439530	game	ChatWidget
439590	vfunc_0	game	ChatWidget
4395c0	FUN_004395c0	lib	audit
439600	FUN_00439600	game	GameController
439640	FUN_00439640	lib	audit
439660	vfunc_3	game	ChatWidget
439680	FUN_00439680	game	ChatWidget
4396d0	FUN_004396d0	gamemisc	game_misc
439730	vfunc_1	game	ChatWidget
439fc0	FUN_00439fc0	gamemisc	game_misc
43a000	vfunc_4	game	ChatWidget
43a010	FUN_0043a010	game	GameController
43a0d0	FUN_0043a0d0	game	GameController
43a270	FUN_0043a270	lib	audit
43a3f0	FUN_0043a3f0	game	GameController
43a450	FUN_0043a450	lib	audit
43a490	FUN_0043a490	game	GameController
43a4a0	FUN_0043a4a0	game	GameController
43a500	FUN_0043a500	game	GameController
43ab30	FUN_0043ab30	game	GameController
43ab80	ctor_0	game	CompanionBehavior
43aba0	ctor_1	game	CompanionBehavior
43abc0	FUN_0043abc0	game	GameController
43abf0	FUN_0043abf0	game	GameController
43ac20	FUN_0043ac20	game	GameController
43acb0	FUN_0043acb0	gamemisc	game_misc
43ace0	vfunc_0	game	CompanionBehavior
43b450	vfunc_1	game	CompanionBehavior
43b480	FUN_0043b480	game	GameController
43b4a0	FUN_0043b4a0	game	GameController
43b4c0	ctor_0	game	Controller
43b540	ctor_1	game	Controller
43b550	vfunc_0	game	Controller
43b580	vfunc_7	game	Controller
43b5a0	vfunc_8	game	Controller
43b5c0	vfunc_2	game	Controller
43b5d0	vfunc_3	game	Controller
43b5e0	FUN_0043b5e0	lib	crtstl
43b610	FUN_0043b610	game	GameController
43b640	FUN_0043b640	gamemisc	game_misc
43b660	FUN_0043b660	game	GameController
43b690	ctor_0	game	Creature
43bc00	FUN_0043bc00	gamemisc	game_misc
43c020	FUN_0043c020	gamemisc	game_misc
43c0a0	FUN_0043c0a0	game	GameController
43c100	FUN_0043c100	gamemisc	game_misc
43c380	FUN_0043c380	lib	other
43c3b0	FUN_0043c3b0	lib	other
43c3e0	FUN_0043c3e0	game	GameController
43c410	ctor_1	game	Creature
43c790	FUN_0043c790	game	Creature
43c820	FUN_0043c820	gamemisc	game_misc
43c840	vfunc_0	game	Creature
43c870	FUN_0043c870	lib	audit
43c8a0	FUN_0043c8a0	game	Creature
43c8e0	FUN_0043c8e0	gamemisc	game_misc
43c920	FUN_0043c920	lib	audit
43c980	FUN_0043c980	gamemisc	game_misc
43c9c0	FUN_0043c9c0	gamemisc	game_misc
43ca60	FUN_0043ca60	game	GameController
43caa0	FUN_0043caa0	game	GameController
43cf20	FUN_0043cf20	gamemisc	game_misc
43cff0	FUN_0043cff0	game	Interface
43d1a0	FUN_0043d1a0	game	GameController
43dc60	FUN_0043dc60	gamemisc	game_misc
43df60	FUN_0043df60	game	GameController
43e190	FUN_0043e190	game	GameController
43e2c0	FUN_0043e2c0	gamemisc	game_misc
43e310	FUN_0043e310	gamemisc	game_misc
43e350	FUN_0043e350	game	GameController
43e420	FUN_0043e420	game	GameController
43e4a0	FUN_0043e4a0	game	GameController
43e550	FUN_0043e550	game	GameController
43e5a0	FUN_0043e5a0	gamemisc	game_misc
43e630	FUN_0043e630	lib	other
43e660	FUN_0043e660	gamemisc	game_misc
43e6a0	FUN_0043e6a0	game	GameController
43e9e0	FUN_0043e9e0	game	Interface
43ea40	FUN_0043ea40	game	Interface
43ec90	FUN_0043ec90	lib	other
43ed60	FUN_0043ed60	game	GameController
43ede0	FUN_0043ede0	lib	audit
43f040	FUN_0043f040	lib	audit
43f100	FUN_0043f100	lib	audit
43f3b0	FUN_0043f3b0	lib	audit
43f470	FUN_0043f470	lib	audit
43f720	FUN_0043f720	lib	audit
43f770	FUN_0043f770	gamemisc	game_misc
43f7c0	FUN_0043f7c0	gamemisc	game_misc
443f10	FUN_00443f10	game	GameController
443f40	FUN_00443f40	gamemisc	game_misc
444020	FUN_00444020	gamemisc	game_misc
4441a0	FUN_004441a0	gamemisc	game_misc
444230	FUN_00444230	gamemisc	game_misc
444270	FUN_00444270	gamemisc	game_misc
4444a0	FUN_004444a0	gamemisc	game_misc
444520	FUN_00444520	gamemisc	game_misc
444590	FUN_00444590	game	GameController
4445d0	FUN_004445d0	gamemisc	game_misc
444610	FUN_00444610	gamemisc	game_misc
444650	FUN_00444650	game	GameController
444680	FUN_00444680	gamemisc	game_misc
444760	FUN_00444760	game	GameController
444820	FUN_00444820	game	GameController
444860	FUN_00444860	lib	other
444a90	FUN_00444a90	game	GameController
444ae0	FUN_00444ae0	game	GameController
444bf0	FUN_00444bf0	game	CombatBehavior
444cb0	FUN_00444cb0	game	GameController
444d60	FUN_00444d60	game	GameController
444db0	FUN_00444db0	gamemisc	game_misc
444ff0	FUN_00444ff0	gamemisc	game_misc
445020	FUN_00445020	game	GameController
4452a0	FUN_004452a0	gamemisc	game_misc
4453b0	FUN_004453b0	lib	audit
445410	FUN_00445410	gamemisc	game_misc
4456a0	FUN_004456a0	game	CombatBehavior
445f10	FUN_00445f10	gamemisc	game_misc
445f60	FUN_00445f60	gamemisc	game_misc
445ff0	FUN_00445ff0	gamemisc	game_misc
4460a0	FUN_004460a0	game	GameController
4460f0	FUN_004460f0	game	GameController
446150	FUN_00446150	game	Interface
4462f0	FUN_004462f0	game	GameController
446330	FUN_00446330	game	Creature
4465c0	FUN_004465c0	game	Creature
4467a0	FUN_004467a0	game	Interface
446950	FUN_00446950	lib	other
446aa0	FUN_00446aa0	gamemisc	game_misc
446af0	FUN_00446af0	game	GameController
446bb0	FUN_00446bb0	gamemisc	game_misc
446e80	FUN_00446e80	lib	other
447110	FUN_00447110	game	GameController
447270	FUN_00447270	game	GameController
447310	FUN_00447310	gamemisc	game_misc
4476a0	FUN_004476a0	gamemisc	game_misc
447700	FUN_00447700	game	GameController
4478b0	FUN_004478b0	game	GameController
447b00	FUN_00447b00	game	GameController
447c20	ctor_1	game	CubeShader
447c70	ctor_0	game	CubeShader
447ce0	vfunc_0	game	CubeShader
447d10	FUN_00447d10	gamemisc	game_misc
447d50	FUN_00447d50	game	GameController
447d90	FUN_00447d90	game	GameController
447dd0	FUN_00447dd0	game	GameController
447e10	FUN_00447e10	gamemisc	game_misc
447fb0	FUN_00447fb0	game	GameController
448010	FUN_00448010	game	GameController
448070	FUN_00448070	game	GameController
448090	FUN_00448090	game	GameController
448100	FUN_00448100	game	GameController
448170	FUN_00448170	game	GameController
448280	FUN_00448280	game	GameController
4482a0	FUN_004482a0	game	GameController
448f10	FUN_00448f10	gamemisc	game_misc
448fe0	FUN_00448fe0	game	GameController
449040	FUN_00449040	game	GameController
449090	FUN_00449090	game	GameController
4490f0	FUN_004490f0	lib	other
449150	FUN_00449150	game	GameController
4492fa	Catch_All@004492fa	lib	crtstl
44931a	FUN_0044931a	game	GameController
449380	ctor_1	game	Database
449390	ctor_0	game	Database
4493c0	vfunc_0	game	Database
449400	FUN_00449400	gamemisc	game_misc
449420	FUN_00449420	gamemisc	game_misc
4494b0	FUN_004494b0	lib	crtstl
449540	FUN_00449540	lib	audit
4496a0	FUN_004496a0	gamemisc	game_misc
449720	FUN_00449720	lib	crtstl
4497a0	FUN_004497a0	game	GameController
4497b0	FUN_004497b0	gamemisc	game_misc
449810	FUN_00449810	game	GameController
4498d0	FUN_004498d0	game	GameController
449920	FUN_00449920	lib	crtstl
4499c0	FUN_004499c0	game	GameController
4499f0	FUN_004499f0	game	GameController
449b70	FUN_00449b70	game	Creature
449ba0	FUN_00449ba0	gamemisc	game_misc
449c00	FUN_00449c00	lib	audit
449cb0	FUN_00449cb0	lib	audit
449ce0	FUN_00449ce0	lib	audit
449db0	FUN_00449db0	lib	audit
449fe0	FUN_00449fe0	lib	audit
44a17d	Catch_All@0044a17d	lib	crtstl
44a1a0	FUN_0044a1a0	lib	audit
44a39e	Catch_All@0044a39e	lib	crtstl
44a3c0	FUN_0044a3c0	lib	audit
44a410	FUN_0044a410	lib	audit
44a476	Catch_All@0044a476	lib	crtstl
44a4b0	FUN_0044a4b0	lib	audit
44a500	FUN_0044a500	lib	audit
44a580	FUN_0044a580	lib	audit
44a600	FUN_0044a600	lib	audit
44a650	FUN_0044a650	lib	audit
44a690	FUN_0044a690	game	GameController
44a700	FUN_0044a700	lib	audit
44a79f	Catch_All@0044a79f	lib	crtstl
44a7c0	FUN_0044a7c0	gamemisc	game_misc
44a7e0	FUN_0044a7e0	game	GameController
44a8a0	FUN_0044a8a0	game	GameController
44a8c0	FUN_0044a8c0	lib	other
44a970	FUN_0044a970	gamemisc	game_misc
44a9f0	FUN_0044a9f0	lib	other
44aa20	FUN_0044aa20	lib	audit
44ab90	Catch_All@0044ab90	lib	crtstl
44abb0	FUN_0044abb0	lib	audit
44ad13	Catch_All@0044ad13	lib	crtstl
44ad30	FUN_0044ad30	lib	audit
44aee3	Catch_All@0044aee3	lib	crtstl
44af00	FUN_0044af00	gamemisc	game_misc
44aff0	FUN_0044aff0	game	GameController
44b040	FUN_0044b040	game	GameController
44b3b0	FUN_0044b3b0	lib	other
44b460	FUN_0044b460	gamemisc	game_misc
44b560	FUN_0044b560	lib	audit
44b580	FUN_0044b580	lib	audit
44b5a0	FUN_0044b5a0	lib	other
44b5f0	FUN_0044b5f0	lib	audit
44b660	FUN_0044b660	lib	audit
44b6d0	FUN_0044b6d0	lib	audit
44b740	FUN_0044b740	lib	audit
44b770	FUN_0044b770	game	GameController
44b7b0	FUN_0044b7b0	gamemisc	game_misc
44b7f0	FUN_0044b7f0	lib	crtstl
44b830	FUN_0044b830	lib	audit
44b880	FUN_0044b880	game	WorldInfo
44b920	FUN_0044b920	lib	audit
44b9f0	Catch_All@0044b9f0	lib	crtstl
44ba10	FUN_0044ba10	lib	audit
44baee	Catch_All@0044baee	lib	crtstl
44bb10	FUN_0044bb10	lib	audit
44bbec	Catch_All@0044bbec	lib	crtstl
44bc10	FUN_0044bc10	lib	audit
44bcc0	FUN_0044bcc0	lib	audit
44bd30	FUN_0044bd30	lib	audit
44bde0	FUN_0044bde0	lib	other
44be20	FUN_0044be20	lib	audit
44be30	FUN_0044be30	gamemisc	game_misc
44be40	FUN_0044be40	game	Creature
44cb50	FUN_0044cb50	game	GameController
44cce0	FUN_0044cce0	game	GameController
44cdb0	FUN_0044cdb0	gamemisc	game_misc
44d460	FUN_0044d460	lib	audit
44d4b0	FUN_0044d4b0	lib	audit
44d590	FUN_0044d590	lib	audit
44d620	FUN_0044d620	game	GameController
44d660	FUN_0044d660	lib	audit
44d77d	Catch_All@0044d77d	lib	crtstl
44d790	FUN_0044d790	game	GameController
44e120	FUN_0044e120	lib	crtstl
44e280	FUN_0044e280	lib	crtstl
44e340	FUN_0044e340	lib	crtstl
44e700	FUN_0044e700	gamemisc	game_misc
44e7a0	FUN_0044e7a0	lib	audit
44e890	FUN_0044e890	lib	audit
44e8d0	FUN_0044e8d0	game	GameController
44e910	ctor_0	game	EnchantWidget
44ea30	ctor_16	game	Interface
450920	FUN_00450920	game	GameController
450960	FUN_00450960	gamemisc	game_misc
450a00	FUN_00450a00	game	GameController
450ab0	FUN_00450ab0	gamemisc	game_misc
450b70	FUN_00450b70	game	GameController
450b90	vfunc_10	game	EnchantWidget
450c30	ctor_0	game	Field
450c50	FUN_00450c50	gamemisc	game_misc
450d90	FUN_00450d90	lib	other
450dc0	FUN_00450dc0	game	GameController
450e00	FUN_00450e00	lib	other
450e70	FUN_00450e70	game	GameController
450f00	FUN_00450f00	gamemisc	game_misc
450f40	FUN_00450f40	game	GameController
450f60	FUN_00450f60	game	GameController
450fb0	ctor_0	lib	crtstl
451020	ctor_0	lib	crtstl
451090	ctor_0	lib	crtstl
451100	ctor_0	lib	crtstl
451170	ctor_0	lib	crtstl
4511e0	FUN_004511e0	game	GameController
451210	FUN_00451210	gamemisc	game_misc
451360	Catch_All@00451360	lib	crtstl
451380	FUN_00451380	gamemisc	game_misc
4513f0	FUN_004513f0	game	GameController
451420	FUN_00451420	game	GameController
451440	FUN_00451440	game	GameController
451470	FUN_00451470	gamemisc	game_misc
4514b0	FUN_004514b0	lib	other
4514e0	FUN_004514e0	game	GameController
451510	FUN_00451510	game	GameController
451550	FUN_00451550	lib	other
4515f0	FUN_004515f0	game	GameController
4516e0	FUN_004516e0	lib	other
4517d0	FUN_004517d0	gamemisc	game_misc
451800	FUN_00451800	lib	audit
451850	FUN_00451850	lib	audit
451940	FUN_00451940	lib	other
451a60	FUN_00451a60	gamemisc	game_misc
451b10	FUN_00451b10	lib	other
451bf0	FUN_00451bf0	lib	other
451c57	Catch_All@00451c57	lib	crtstl
451c70	FUN_00451c70	lib	audit
451cc0	FUN_00451cc0	lib	audit
451d00	FUN_00451d00	lib	audit
451d40	FUN_00451d40	lib	audit
451d70	FUN_00451d70	lib	audit
451da0	FUN_00451da0	lib	audit
451dd0	FUN_00451dd0	gamemisc	game_misc
451e69	Catch_All@00451e69	lib	crtstl
451e80	FUN_00451e80	lib	audit
451ee0	FUN_00451ee0	lib	audit
451f10	FUN_00451f10	lib	audit
451f50	FUN_00451f50	lib	audit
451fd2	Catch_All@00451fd2	lib	crtstl
451ff0	FUN_00451ff0	lib	audit
452060	FUN_00452060	lib	audit
4520a0	FUN_004520a0	lib	audit
4520d0	FUN_004520d0	lib	audit
452100	FUN_00452100	lib	audit
452171	Catch_All@00452171	lib	crtstl
452190	FUN_00452190	lib	audit
4521c0	FUN_004521c0	lib	audit
452247	Catch_All@00452247	lib	crtstl
452260	FUN_00452260	gamemisc	game_misc
4522a0	FUN_004522a0	lib	other
4522e0	FUN_004522e0	lib	other
452320	FUN_00452320	lib	audit
4523ae	Catch_All@004523ae	lib	crtstl
4523f0	FUN_004523f0	lib	audit
452470	FUN_00452470	lib	audit
4524c0	FUN_004524c0	lib	audit
452500	FUN_00452500	lib	other
452540	FUN_00452540	lib	audit
4525df	Catch_All@004525df	lib	crtstl
452600	FUN_00452600	game	GameController
452650	FUN_00452650	gamemisc	game_misc
452690	FUN_00452690	lib	audit
4527d4	Catch_All@004527d4	lib	crtstl
452840	FUN_00452840	lib	audit
45299d	Catch_All@0045299d	lib	crtstl
452a10	FUN_00452a10	lib	audit
452c20	FUN_00452c20	lib	audit
452e30	FUN_00452e30	lib	other
453040	FUN_00453040	lib	audit
4531e7	Catch_All@004531e7	lib	crtstl
453230	FUN_00453230	lib	audit
453404	Catch_All@00453404	lib	crtstl
453420	FUN_00453420	lib	audit
45361f	Catch_All@0045361f	lib	crtstl
453670	FUN_00453670	lib	other
45386f	Catch_All@0045386f	lib	crtstl
4538c0	FUN_004538c0	lib	audit
45399a	Catch_All@0045399a	lib	crtstl
4539e0	FUN_004539e0	lib	audit
453b24	Catch_All@00453b24	lib	crtstl
453b40	FUN_00453b40	lib	audit
453c54	Catch_All@00453c54	lib	crtstl
453c90	FUN_00453c90	lib	other
453da4	Catch_All@00453da4	lib	crtstl
453de0	FUN_00453de0	lib	audit
453ef7	Catch_All@00453ef7	lib	crtstl
453f20	FUN_00453f20	lib	audit
453fa9	Catch_All@00453fa9	lib	crtstl
453ff0	FUN_00453ff0	lib	audit
454079	Catch_All@00454079	lib	crtstl
4540c0	FUN_004540c0	lib	audit
454149	Catch_All@00454149	lib	crtstl
454190	FUN_00454190	gamemisc	game_misc
454219	Catch_All@00454219	lib	crtstl
454260	FUN_00454260	lib	audit
4542e9	Catch_All@004542e9	lib	crtstl
454330	FUN_00454330	lib	audit
4543b9	Catch_All@004543b9	lib	crtstl
454400	FUN_00454400	lib	audit
454489	Catch_All@00454489	lib	crtstl
4544d0	FUN_004544d0	lib	audit
454559	Catch_All@00454559	lib	crtstl
4545a0	FUN_004545a0	lib	audit
454629	Catch_All@00454629	lib	crtstl
454670	FUN_00454670	lib	audit
4546f9	Catch_All@004546f9	lib	crtstl
454740	FUN_00454740	lib	audit
4547c9	Catch_All@004547c9	lib	crtstl
454810	FUN_00454810	lib	audit
454899	Catch_All@00454899	lib	crtstl
4548e0	FUN_004548e0	lib	audit
454969	Catch_All@00454969	lib	crtstl
4549b0	FUN_004549b0	lib	audit
454a39	Catch_All@00454a39	lib	crtstl
454a80	FUN_00454a80	lib	audit
454b09	Catch_All@00454b09	lib	crtstl
454b50	FUN_00454b50	lib	audit
454d60	FUN_00454d60	gamemisc	game_misc
454e30	FUN_00454e30	lib	other
454ef0	FUN_00454ef0	lib	other
454fe0	FUN_00454fe0	gamemisc	game_misc
455070	FUN_00455070	lib	other
4551b0	FUN_004551b0	lib	other
455270	FUN_00455270	gamemisc	game_misc
455340	FUN_00455340	lib	other
4553c0	FUN_004553c0	lib	other
455470	FUN_00455470	gamemisc	game_misc
455510	FUN_00455510	lib	other
4555c0	FUN_004555c0	lib	other
4556b0	FUN_004556b0	lib	other
455710	FUN_00455710	gamemisc	game_misc
455760	FUN_00455760	lib	other
455860	FUN_00455860	lib	other
455940	FUN_00455940	gamemisc	game_misc
4559c0	FUN_004559c0	lib	other
455ac0	FUN_00455ac0	lib	other
455c30	FUN_00455c30	lib	audit
455d80	FUN_00455d80	game	World
455e70	FUN_00455e70	lib	audit
455fb0	FUN_00455fb0	lib	audit
456010	FUN_00456010	game	World
4560c0	FUN_004560c0	lib	audit
456160	FUN_00456160	lib	other
4563d0	FUN_004563d0	game	World
456710	FUN_00456710	lib	other
4569f0	FUN_004569f0	lib	audit
456a40	FUN_00456a40	lib	audit
456aa6	Catch_All@00456aa6	lib	crtstl
456ae0	FUN_00456ae0	lib	other
456b5c	Catch_All@00456b5c	lib	crtstl
456ba0	FUN_00456ba0	lib	audit
456bf0	FUN_00456bf0	lib	audit
456c30	FUN_00456c30	lib	audit
456c80	FUN_00456c80	lib	audit
456ced	Catch_All@00456ced	lib	crtstl
456d30	FUN_00456d30	lib	other
456d60	FUN_00456d60	lib	audit
456dc0	FUN_00456dc0	lib	audit
456e4a	Catch_All@00456e4a	lib	crtstl
456e90	FUN_00456e90	gamemisc	game_misc
456ee0	FUN_00456ee0	lib	other
456f20	FUN_00456f20	lib	other
456f70	FUN_00456f70	lib	other
456fb0	FUN_00456fb0	gamemisc	game_misc
457040	FUN_00457040	lib	other
4570a0	FUN_004570a0	lib	audit
4571be	Catch_All@004571be	lib	crtstl
4571d0	FUN_004571d0	lib	audit
4572a2	Catch_All@004572a2	lib	crtstl
4572c0	FUN_004572c0	lib	audit
457392	Catch_All@00457392	lib	crtstl
4573d0	FUN_004573d0	game	GameController
457460	FUN_00457460	game	GameController
4574f0	FUN_004574f0	game	GameController
457600	FUN_00457600	game	GameController
4576f0	ctor_0	game	GameController
457800	FUN_00457800	lib	other
4578a0	FUN_004578a0	lib	crtstl
4578e0	FUN_004578e0	lib	crtstl
457900	FUN_00457900	lib	crtstl
457930	FUN_00457930	game	GameController
4579c0	FUN_004579c0	lib	audit
457a10	FUN_00457a10	lib	audit
457a60	FUN_00457a60	lib	audit
457a90	FUN_00457a90	lib	audit
457ae0	FUN_00457ae0	lib	other
457b30	FUN_00457b30	lib	audit
457b80	FUN_00457b80	lib	other
457bd0	FUN_00457bd0	lib	audit
457c20	FUN_00457c20	lib	audit
457c70	FUN_00457c70	lib	audit
457cc0	FUN_00457cc0	lib	audit
457d10	FUN_00457d10	lib	audit
457d60	FUN_00457d60	lib	audit
457db0	FUN_00457db0	lib	audit
457e00	FUN_00457e00	game	GameController
457e20	FUN_00457e20	gamemisc	game_misc
457ea0	FUN_00457ea0	gamemisc	game_misc
457ec0	FUN_00457ec0	game	GameController
457f70	FUN_00457f70	lib	other
458030	FUN_00458030	lib	other
458100	FUN_00458100	lib	other
4581d0	FUN_004581d0	lib	other
458310	FUN_00458310	lib	other
4583f0	FUN_004583f0	lib	other
458500	FUN_00458500	lib	other
458650	FUN_00458650	lib	other
458780	FUN_00458780	lib	other
458860	FUN_00458860	lib	other
458940	FUN_00458940	lib	other
458a20	FUN_00458a20	lib	other
458b90	FUN_00458b90	game	GameController
458ba0	FUN_00458ba0	lib	audit
458bd0	FUN_00458bd0	game	GameController
458bf0	FUN_00458bf0	game	GameController
458c10	FUN_00458c10	lib	other
458ce0	FUN_00458ce0	game	GameController
458cf0	operator=<std::pair<unsigned___int64,unsigned___int64>,0>	lib	crtstl
458d20	FUN_00458d20	game	GameController
458d40	FUN_00458d40	game	GameController
458db6	Catch_All@00458db6	lib	crtstl
458de0	FUN_00458de0	game	GameController
458df0	FUN_00458df0	game	World
458e6f	Catch_All@00458e6f	lib	crtstl
458e90	FUN_00458e90	lib	audit
458f0f	Catch_All@00458f0f	lib	crtstl
458f30	FUN_00458f30	game	World
458faf	Catch_All@00458faf	lib	crtstl
458fd0	FUN_00458fd0	game	World
45904f	Catch_All@0045904f	lib	crtstl
459070	FUN_00459070	game	GameController
4590ef	Catch_All@004590ef	lib	crtstl
459110	FUN_00459110	lib	audit
45918f	Catch_All@0045918f	lib	crtstl
4591b0	FUN_004591b0	lib	audit
45922f	Catch_All@0045922f	lib	crtstl
459250	FUN_00459250	lib	audit
4592cf	Catch_All@004592cf	lib	crtstl
4592f0	FUN_004592f0	lib	audit
45938f	Catch_All@0045938f	lib	crtstl
4593b0	FUN_004593b0	lib	other
4593e0	FUN_004593e0	lib	audit
45947c	Catch_All@0045947c	lib	crtstl
459490	FUN_00459490	lib	audit
4594c0	FUN_004594c0	lib	other
459530	FUN_00459530	gamemisc	game_misc
4595b0	FUN_004595b0	lib	other
459660	FUN_00459660	lib	other
4596e0	ctor_0	game	Chunk
459800	FUN_00459800	gamemisc	game_misc
4599a0	FUN_004599a0	lib	other
459a30	FUN_00459a30	gamemisc	game_misc
459a90	FUN_00459a90	game	GameController
459ab0	FUN_00459ab0	gamemisc	game_misc
459b10	FUN_00459b10	gamemisc	game_misc
459c00	FUN_00459c00	lib	audit
459c40	ctor_0	game	GameController
465ae0	FUN_00465ae0	game	GameController
465b30	FUN_00465b30	lib	other
465b60	FUN_00465b60	lib	other
465bb0	FUN_00465bb0	game	GameController
465c00	FUN_00465c00	lib	other
465c70	FUN_00465c70	gamemisc	game_misc
465ce0	FUN_00465ce0	lib	other
465de0	FUN_00465de0	game	GameController
465e60	FUN_00465e60	lib	other
465ed0	FUN_00465ed0	gamemisc	game_misc
465ef0	FUN_00465ef0	game	GameController
465fb0	FUN_00465fb0	gamemisc	game_misc
465fd0	FUN_00465fd0	game	GameController
466050	FUN_00466050	gamemisc	game_misc
466410	FUN_00466410	lib	other
4664b0	FUN_004664b0	game	GameController
4664e0	<>	game	GameController
466510	FUN_00466510	gamemisc	game_misc
466590	FUN_00466590	gamemisc	game_misc
466650	FUN_00466650	game	GameController
466880	FUN_00466880	game	GameController
466a70	ctor_1	game	WorldInfo
466aa0	FUN_00466aa0	lib	other
466ab0	FUN_00466ab0	lib	other
466ad0	FUN_00466ad0	lib	other
466af0	FUN_00466af0	lib	other
466b10	FUN_00466b10	lib	other
466b40	FUN_00466b40	lib	other
466b90	FUN_00466b90	lib	other
466be0	thunk_FUN_0046ea70	lib	crtstl
466bf0	ctor_1	game	Chunk
466d90	ctor_1	game	GameController
467a70	FUN_00467a70	lib	audit
467ab0	FUN_00467ab0	lib	other
467af0	FUN_00467af0	game	GameController
467b40	FUN_00467b40	lib	other
467b60	FUN_00467b60	lib	audit
467c40	FUN_00467c40	lib	audit
467c70	FUN_00467c70	lib	audit
467f10	FUN_00467f10	lib	audit
467f30	FUN_00467f30	game	GameController
467f60	FUN_00467f60	lib	audit
467fa0	FUN_00467fa0	lib	audit
467fe0	FUN_00467fe0	game	GameController
468000	FUN_00468000	lib	audit
468050	FUN_00468050	lib	audit
4681c0	Catch_All@004681c0	lib	crtstl
4681e0	FUN_004681e0	lib	audit
4682fe	Catch_All@004682fe	lib	crtstl
468310	FUN_00468310	lib	audit
468419	Catch_All@00468419	lib	crtstl
468430	FUN_00468430	lib	audit
4685c8	Catch_All@004685c8	lib	crtstl
4685e0	FUN_004685e0	game	GameController
468620	FUN_00468620	game	GameController
468670	FUN_00468670	game	GameController
4686e0	FUN_004686e0	game	GameController
468790	FUN_00468790	gamemisc	game_misc
468840	FUN_00468840	game	GameController
468870	FUN_00468870	game	GameController
4688a0	FUN_004688a0	game	GameController
4688d0	FUN_004688d0	game	GameController
4688f0	FUN_004688f0	gamemisc	game_misc
468910	FUN_00468910	lib	audit
4689a0	FUN_004689a0	lib	audit
468ad0	FUN_00468ad0	lib	audit
468b70	FUN_00468b70	lib	other
468c60	FUN_00468c60	lib	audit
468c70	FUN_00468c70	lib	audit
468c80	FUN_00468c80	game	GameController
468c90	FUN_00468c90	game	GameController
468ca0	FUN_00468ca0	game	GameController
468cf0	FUN_00468cf0	gamemisc	game_misc
468d30	FUN_00468d30	lib	audit
468d50	FUN_00468d50	game	GameController
468d70	FUN_00468d70	game	GameController
468d90	FUN_00468d90	game	GameController
468db0	FUN_00468db0	game	GameController
468dd0	FUN_00468dd0	game	GameController
468df0	FUN_00468df0	game	GameController
468e20	FUN_00468e20	gamemisc	game_misc
468e70	FUN_00468e70	game	GameController
468eb0	FUN_00468eb0	game	GameController
468ee0	FUN_00468ee0	lib	audit
468f20	FUN_00468f20	gamemisc	game_misc
468f50	FUN_00468f50	game	GameController
468fa0	FUN_00468fa0	lib	other
468fc0	FUN_00468fc0	lib	audit
469000	FUN_00469000	game	GameController
469020	FUN_00469020	gamemisc	game_misc
469060	FUN_00469060	game	GameController
4690a0	FUN_004690a0	game	World
469590	FUN_00469590	lib	crtstl
469c10	FUN_00469c10	game	World
46a8a0	ctor_0	game	WorldInfo
46b740	FUN_0046b740	game	GameController
46d1c0	FUN_0046d1c0	lib	other
46d1f0	FUN_0046d1f0	gamemisc	game_misc
46d220	FUN_0046d220	game	GameController
46d260	vfunc_0	game	Chunk
46d2c0	vfunc_5	lib	crtstl
46d2f0	vfunc_0	game	ChunkBuffer
46d340	vfunc_0	game	GameController
46d370	FUN_0046d370	gamemisc	game_misc
46d3b0	vfunc_0	game	WorldInfo
46d440	FUN_0046d440	lib	audit
46d4b0	FUN_0046d4b0	lib	audit
46d4e0	FUN_0046d4e0	game	GameController
46d520	FUN_0046d520	lib	audit
46d550	FUN_0046d550	lib	audit
46d590	FUN_0046d590	lib	audit
46d5d0	FUN_0046d5d0	lib	audit
46d610	FUN_0046d610	lib	audit
46d650	FUN_0046d650	lib	audit
46d690	FUN_0046d690	lib	audit
46d6d0	FUN_0046d6d0	lib	audit
46d710	FUN_0046d710	lib	audit
46d750	FUN_0046d750	lib	audit
46d790	FUN_0046d790	lib	audit
46d7d0	FUN_0046d7d0	lib	audit
46d810	FUN_0046d810	lib	audit
46d850	FUN_0046d850	lib	audit
46d890	FUN_0046d890	lib	audit
46d8d0	FUN_0046d8d0	lib	audit
46d910	FUN_0046d910	lib	audit
46d950	FUN_0046d950	lib	other
46d990	FUN_0046d990	lib	audit
46d9d0	FUN_0046d9d0	lib	audit
46da00	FUN_0046da00	lib	audit
46da50	vfunc_0	lib	crtstl
46da90	vfunc_4	lib	crtstl
46dac0	FUN_0046dac0	lib	audit
46daf0	FUN_0046daf0	lib	crtstl
46db10	FUN_0046db10	lib	crtstl
46db70	vfunc_2	lib	crtstl
46db80	vfunc_2	lib	crtstl
46db90	vfunc_2	lib	crtstl
46dba0	vfunc_2	lib	crtstl
46dbb0	vfunc_2	lib	crtstl
46dbc0	FUN_0046dbc0	lib	audit
46dc50	FUN_0046dc50	lib	crtstl
46dca0	vfunc_6	lib	crtstl
46dcb0	FUN_0046dcb0	gamemisc	game_misc
46dcc0	FUN_0046dcc0	lib	audit
46dd00	FUN_0046dd00	lib	audit
46dd40	FUN_0046dd40	lib	audit
46dd90	FUN_0046dd90	lib	other
46dde0	FUN_0046dde0	lib	audit
46de30	FUN_0046de30	lib	audit
46e050	vfunc_0	lib	crtstl
46e090	vfunc_0	lib	crtstl
46e0d0	vfunc_0	lib	crtstl
46e110	vfunc_0	lib	crtstl
46e150	FUN_0046e150	lib	audit
46e239	Catch_All@0046e239	lib	crtstl
46e250	FUN_0046e250	gamemisc	game_misc
46e30c	Catch_All@0046e30c	lib	crtstl
46e330	FUN_0046e330	lib	audit
46e40e	Catch_All@0046e40e	lib	crtstl
46e430	FUN_0046e430	lib	other
46e50e	Catch_All@0046e50e	lib	crtstl
46e530	FUN_0046e530	lib	audit
46e5ed	Catch_All@0046e5ed	lib	crtstl
46e610	FUN_0046e610	lib	other
46e6f1	Catch_All@0046e6f1	lib	crtstl
46e710	FUN_0046e710	lib	audit
46e780	FUN_0046e780	game	World
46e800	FUN_0046e800	lib	audit
46e880	FUN_0046e880	lib	other
46e8f0	FUN_0046e8f0	lib	audit
46e970	FUN_0046e970	lib	other
46ea20	vfunc_3	lib	crtstl
46ea30	vfunc_3	lib	crtstl
46ea40	vfunc_3	lib	crtstl
46ea50	vfunc_3	lib	crtstl
46ea60	vfunc_3	lib	crtstl
46ea70	FUN_0046ea70	lib	audit
46eac0	FUN_0046eac0	lib	crtstl
46eaf0	FUN_0046eaf0	lib	crtstl
46eb20	FUN_0046eb20	lib	crtstl
46eb80	FUN_0046eb80	lib	other
46eb90	FUN_0046eb90	game	GameController
46ebe0	FUN_0046ebe0	game	GameController
46eeb0	FUN_0046eeb0	game	ChunkBuffer
46ef20	FUN_0046ef20	gamemisc	game_misc
46ef60	FUN_0046ef60	lib	audit
46f050	FUN_0046f050	lib	audit
46f170	FUN_0046f170	lib	audit
46f270	FUN_0046f270	lib	audit
46f390	FUN_0046f390	lib	other
46f430	FUN_0046f430	game	GameController
46f440	FUN_0046f440	game	GameController
46f450	FUN_0046f450	gamemisc	game_misc
46f480	vfunc_0	lib	other
46f490	FUN_0046f490	game	World
46f620	FUN_0046f620	game	GameController
46f870	FUN_0046f870	lib	audit
46f8b0	FUN_0046f8b0	lib	other
46f910	FUN_0046f910	lib	audit
46f990	FUN_0046f990	gamemisc	game_misc
46f9f0	FUN_0046f9f0	lib	other
46fa50	FUN_0046fa50	lib	audit
46fa90	FUN_0046fa90	gamemisc	game_misc
46fac0	FUN_0046fac0	gamemisc	game_misc
46fc50	ctor_12	game	GameController
4709c0	FUN_004709c0	game	GameController
470d80	FUN_00470d80	game	GameController
4718b0	FUN_004718b0	lib	audit
471910	FUN_00471910	game	GameController
471920	FUN_00471920	game	GameController
4719f0	FUN_004719f0	game	GameController
471b60	FUN_00471b60	game	GameController
471d50	FUN_00471d50	game	GameController
4758c0	FUN_004758c0	gamemisc	game_misc
476660	FUN_00476660	gamemisc	game_misc
477220	FUN_00477220	game	GameController
477230	FUN_00477230	game	GameController
477240	FUN_00477240	lib	audit
477250	FUN_00477250	lib	audit
477280	FUN_00477280	gamemisc	game_misc
4772b0	FUN_004772b0	game	GameController
4777f0	FUN_004777f0	gamemisc	game_misc
4778b0	FUN_004778b0	gamemisc	game_misc
477b80	FUN_00477b80	lib	audit
477bf0	FUN_00477bf0	lib	audit
477c60	FUN_00477c60	lib	audit
477cb0	FUN_00477cb0	lib	audit
477d20	FUN_00477d20	game	World
477d90	FUN_00477d90	lib	audit
477e10	FUN_00477e10	game	GameController
477fa0	ctor_13	lib	crtstl
4787f0	FUN_004787f0	game	GameController
478800	ctor_5	lib	crtstl
47ae10	FUN_0047ae10	game	GameController
47b010	FUN_0047b010	game	GameController
47b1b0	FUN_0047b1b0	game	GameController
47b340	FUN_0047b340	game	GameController
47b3e0	FUN_0047b3e0	game	GameController
47b450	FUN_0047b450	game	GameController
47b550	FUN_0047b550	game	GameController
47b5f0	FUN_0047b5f0	game	GameController
47b600	vfunc_7	game	GameController
47ddd0	vfunc_8	game	GameController
47e1b0	ctor_19	game	GameController
47e9d0	vfunc_3	game	GameController
47ea00	vfunc_6	game	GameController
47ef40	vfunc_9	game	GameController
47f000	FUN_0047f000	lib	audit
47f030	FUN_0047f030	gamemisc	game_misc
47f1c0	FUN_0047f1c0	game	GameController
47f1d0	vfunc_1	game	GameController
47f3b0	FUN_0047f3b0	game	GameController
47f3c0	FUN_0047f3c0	game	GameController
47f760	FUN_0047f760	game	GameController
47f940	FUN_0047f940	lib	crtstl
47f9f0	FUN_0047f9f0	game	GameController
47fa10	FUN_0047fa10	game	GameController
47fa30	FUN_0047fa30	game	GameController
47faa0	FUN_0047faa0	game	GameController
47fae0	FUN_0047fae0	game	GameController
4806c0	ctor_9	lib	crtstl
4809a0	ctor_8	game	GameController
480d90	FUN_00480d90	game	GameController
480db0	FUN_00480db0	game	GameController
480dd0	FUN_00480dd0	game	GameController
480df0	FUN_00480df0	game	GameController
480e00	FUN_00480e00	game	GameController
480fb0	ctor_8	lib	crtstl
4814f0	FUN_004814f0	lib	other
4815c0	FUN_004815c0	lib	other
4815e0	FUN_004815e0	lib	other
4816f0	ctor_7	lib	crtstl
481d30	FUN_00481d30	lib	other
481fe0	FUN_00481fe0	lib	other
4821a0	FUN_004821a0	game	GameController
482530	ctor_2	game	GameController
482a00	vfunc_5	game	GameController
482a40	vfunc_4	game	GameController
483e70	FUN_00483e70	lib	other
484170	FUN_00484170	lib	other
484230	FUN_00484230	lib	other
484320	FUN_00484320	game	GameController
484350	FUN_00484350	game	GameController
486030	FUN_00486030	lib	audit
486050	FUN_00486050	lib	crtstl
486080	FUN_00486080	lib	audit
4860b0	FUN_004860b0	lib	audit
486100	FUN_00486100	lib	audit
486150	FUN_00486150	lib	audit
4861a0	FUN_004861a0	lib	audit
4861f0	FUN_004861f0	game	GameController
486240	FUN_00486240	lib	audit
486290	FUN_00486290	lib	audit
4862e0	FUN_004862e0	lib	audit
486330	FUN_00486330	lib	audit
486380	FUN_00486380	lib	other
4863d0	FUN_004863d0	lib	audit
486420	FUN_00486420	lib	audit
486470	FUN_00486470	lib	audit
4864c0	FUN_004864c0	lib	audit
486510	FUN_00486510	lib	audit
486560	FUN_00486560	lib	audit
4865b0	FUN_004865b0	game	GameController
486600	FUN_00486600	lib	audit
486700	FUN_00486700	lib	audit
486780	FUN_00486780	lib	audit
486830	FUN_00486830	gamemisc	game_misc
4868d0	FUN_004868d0	lib	audit
486950	FUN_00486950	lib	other
4869d0	FUN_004869d0	lib	audit
486a20	FUN_00486a20	game	GameController
486b60	FUN_00486b60	lib	other
486ba0	FUN_00486ba0	gamemisc	game_misc
486d00	FUN_00486d00	lib	audit
4870c0	FUN_004870c0	lib	other
4870f0	FUN_004870f0	lib	audit
487179	Catch_All@00487179	lib	crtstl
4871e0	FUN_004871e0	lib	audit
487250	FUN_00487250	lib	other
487363	Catch_All@00487363	lib	crtstl
487380	FUN_00487380	lib	audit
487470	Catch_All@00487470	lib	crtstl
487490	FUN_00487490	game	GameController
4874a0	FUN_004874a0	lib	other
487520	ctor_12	game	GameController
4878a0	ctor_10	game	GameController
487da0	FUN_00487da0	game	GameController
487e30	FUN_00487e30	game	GameController
487e60	FUN_00487e60	game	GameController
487e80	FUN_00487e80	game	GameController
487e90	FUN_00487e90	game	GameController
487ea0	FUN_00487ea0	game	GameController
487f50	FUN_00487f50	lib	audit
487f60	FUN_00487f60	lib	audit
487f70	FUN_00487f70	game	GameController
487f80	FUN_00487f80	gamemisc	game_misc
487fe0	FUN_00487fe0	game	GameController
487ff0	FUN_00487ff0	lib	audit
488030	FUN_00488030	game	GameController
4882e0	FUN_004882e0	game	GameController
4889e0	FUN_004889e0	game	GameController
488b80	FUN_00488b80	game	GameController
488b90	FUN_00488b90	game	GameController
488bb0	FUN_00488bb0	game	GameController
488bd0	FUN_00488bd0	lib	other
488c00	FUN_00488c00	lib	other
488c70	FUN_00488c70	lib	other
488d00	FUN_00488d00	lib	other
488d60	FUN_00488d60	game	GameController
488e50	FUN_00488e50	game	GameController
488ee0	vfunc_10	game	GameController
49d650	FUN_0049d650	game	GameController
49d910	ctor_0	game	ChunkBuffer
4a14c0	FUN_004a14c0	game	GameController
4a19d0	FUN_004a19d0	game	GameController
4a1e50	FUN_004a1e50	game	GameController
4a2300	FUN_004a2300	game	GameController
4a23d0	FUN_004a23d0	game	GameController
4a2780	FUN_004a2780	game	GameController
4a2870	FUN_004a2870	game	GameController
4a28c0	ctor_0	game	GameController
4a5710	FUN_004a5710	lib	crtstl
4a62c0	FUN_004a62c0	lib	crtstl
4a6ad0	FUN_004a6ad0	game	GameController
4a6b50	FUN_004a6b50	game	GameController
4a8ef0	FUN_004a8ef0	game	GameController
4a8f20	FUN_004a8f20	game	GameController
4a8f40	FUN_004a8f40	game	GameController
4a8f90	FUN_004a8f90	lib	audit
4a9030	FUN_004a9030	lib	audit
4a9110	FUN_004a9110	lib	audit
4a9200	FUN_004a9200	lib	audit
4a9320	FUN_004a9320	lib	other
4a93c0	FUN_004a93c0	lib	other
4a9470	FUN_004a9470	lib	other
4a9520	FUN_004a9520	lib	other
4a96b0	FUN_004a96b0	lib	audit
4a9790	FUN_004a9790	lib	audit
4a98d0	FUN_004a98d0	lib	audit
4a9a00	FUN_004a9a00	lib	audit
4a9ad0	FUN_004a9ad0	lib	other
4a9b50	FUN_004a9b50	lib	other
4a9bf0	FUN_004a9bf0	lib	other
4a9db0	FUN_004a9db0	lib	other
4a9e60	FUN_004a9e60	lib	other
4a9f00	FUN_004a9f00	lib	other
4aa0d0	FUN_004aa0d0	lib	other
4aa160	FUN_004aa160	lib	audit
4aa260	FUN_004aa260	lib	audit
4aa350	FUN_004aa350	lib	audit
4aa490	FUN_004aa490	lib	audit
4aa580	FUN_004aa580	lib	audit
4aa6c0	FUN_004aa6c0	lib	audit
4aa720	FUN_004aa720	lib	audit
4aa7c0	FUN_004aa7c0	lib	audit
4aa840	FUN_004aa840	lib	audit
4aa980	FUN_004aa980	lib	other
4aabd0	FUN_004aabd0	lib	other
4aaeb0	FUN_004aaeb0	lib	other
4ab190	FUN_004ab190	lib	other
4ab870	FUN_004ab870	lib	audit
4ab8b0	FUN_004ab8b0	lib	audit
4ab940	FUN_004ab940	lib	audit
4aba0c	Catch_All@004aba0c	lib	crtstl
4aba20	FUN_004aba20	game	GameController
4aba70	FUN_004aba70	lib	audit
4aba90	FUN_004aba90	lib	audit
4abac0	FUN_004abac0	lib	audit
4abae0	FUN_004abae0	lib	audit
4abb10	FUN_004abb10	lib	other
4abc00	FUN_004abc00	game	GameController
4abc10	FUN_004abc10	lib	audit
4abc30	FUN_004abc30	game	GameController
4abc40	FUN_004abc40	game	GameController
4abc60	FUN_004abc60	game	GameController
4abc80	FUN_004abc80	game	GameController
4abca0	FUN_004abca0	game	GameController
4abcc0	FUN_004abcc0	lib	audit
4abd8f	Catch_All@004abd8f	lib	crtstl
4abdb0	FUN_004abdb0	lib	audit
4abe6c	Catch_All@004abe6c	lib	crtstl
4abe90	FUN_004abe90	lib	audit
4abf64	Catch_All@004abf64	lib	crtstl
4abf80	FUN_004abf80	lib	audit
4ac020	FUN_004ac020	lib	audit
4ac0a0	FUN_004ac0a0	lib	audit
4ac150	FUN_004ac150	game	GameController
4ac260	vfunc_11	game	GameController
4bbd80	FUN_004bbd80	game	GameController
4bc760	FUN_004bc760	game	GameController
4bd160	FUN_004bd160	game	GameController
4be760	FUN_004be760	game	GameController
4c04c0	FUN_004c04c0	lib	other
4c0ec0	FUN_004c0ec0	game	GameController
4c0ed0	FUN_004c0ed0	game	GameController
4c0ef0	FUN_004c0ef0	game	GameController
4c1100	FUN_004c1100	lib	audit
4c1190	FUN_004c1190	lib	audit
4c11f0	FUN_004c11f0	lib	audit
4c12f0	FUN_004c12f0	game	GameController
4c14d0	FUN_004c14d0	lib	audit
4c14f0	FUN_004c14f0	gamemisc	game_misc
4c1510	FUN_004c1510	game	ChunkBuffer
4c1a10	FUN_004c1a10	game	InventoryWidget
4c1a90	ctor_0	game	InventoryWidget
4c1bb0	ctor_0	game	InventoryWidget
4c1f80	FUN_004c1f80	game	InventoryWidget
4c2010	vfunc_0	game	InventoryWidget
4c2040	vfunc_0	lib	other
4c2050	ctor_1	game	GameController
4c59a0	vfunc_5	game	CharacterPreviewWidget
4c5a00	FUN_004c5a00	lib	other
4c5a60	FUN_004c5a60	lib	other
4c5bb0	FUN_004c5bb0	lib	other
4c5d50	vfunc_10	game	InventoryWidget
4c60f0	FUN_004c60f0	lib	other
4c6140	FUN_004c6140	game	GameController
4c6350	FUN_004c6350	game	GameController
4c64c0	FUN_004c64c0	game	GameController
4c6610	FUN_004c6610	game	GameController
4c67b0	FUN_004c67b0	lib	audit
4c67f0	FUN_004c67f0	lib	audit
4c6840	FUN_004c6840	lib	audit
4c691e	Catch_All@004c691e	lib	crtstl
4c6940	FUN_004c6940	lib	audit
4c69b0	FUN_004c69b0	gamemisc	game_misc
4c6a90	FUN_004c6a90	gamemisc	game_misc
4c6b80	FUN_004c6b80	game	GameController
4c6ba0	FUN_004c6ba0	gamemisc	game_misc
4c6cc0	FUN_004c6cc0	game	GameController
4c6e10	FUN_004c6e10	game	GameController
4c6f20	FUN_004c6f20	game	GameController
4c70b0	FUN_004c70b0	game	GameController
4c71c0	FUN_004c71c0	game	GameController
4c7250	FUN_004c7250	game	GameController
4c7660	FUN_004c7660	game	GameController
4c76a0	FUN_004c76a0	game	GameController
4c76e0	FUN_004c76e0	game	GameController
4c7830	FUN_004c7830	lib	audit
4c78c0	FUN_004c78c0	gamemisc	game_misc
4c79b0	FUN_004c79b0	gamemisc	game_misc
4c7a90	FUN_004c7a90	gamemisc	game_misc
4c7af0	FUN_004c7af0	gamemisc	game_misc
4c7be0	FUN_004c7be0	game	GameController
4c7c00	FUN_004c7c00	game	GameController
4c7d20	FUN_004c7d20	game	GameController
4c7e80	FUN_004c7e80	gamemisc	game_misc
4c7ed0	FUN_004c7ed0	lib	other
4c7f60	FUN_004c7f60	game	GameController
4c8130	ctor_0	game	LookAtPlayerBehavior
4c8140	vfunc_0	game	LookAtPlayerBehavior
4c83d0	vfunc_1	game	LookAtPlayerBehavior
4c83f0	FUN_004c83f0	lib	other
4c85f0	FUN_004c85f0	game	Global
4c8720	FUN_004c8720	game	Global
4c8940	FUN_004c8940	game	Global
4c8ae0	FUN_004c8ae0	game	Global
4c9550	FUN_004c9550	lib	other
4c9580	FUN_004c9580	lib	audit
4c95a0	ctor_0	game	MapOverlayWidget
4c9640	FUN_004c9640	lib	audit
4c9680	ctor_4	game	World
4cb080	FUN_004cb080	gamemisc	game_misc
4cb0c0	FUN_004cb0c0	lib	audit
4cb100	ctor_2	lib	crtstl
4cb220	ctor_4	lib	crtstl
4cb290	FUN_004cb290	lib	other
4cb2b5	vfunc_0	lib	crtstl
4cb2c0	FUN_004cb2c0	lib	crtstl
4cb301	vfunc_2	lib	crtstl
4cb310	FUN_004cb310	lib	audit
4cb3d8	Catch_All@004cb3d8	lib	crtstl
4cb3f0	FUN_004cb3f0	lib	audit
4cb490	FUN_004cb490	gamemisc	game_misc
4cb583	Catch_All@004cb583	lib	crtstl
4cb5a0	FUN_004cb5a0	lib	audit
4cb5d0	FUN_004cb5d0	gamemisc	game_misc
4cb670	FUN_004cb670	gamemisc	game_misc
4cb710	FUN_004cb710	gamemisc	game_misc
4cb7b0	FUN_004cb7b0	gamemisc	game_misc
4cb850	FUN_004cb850	gamemisc	game_misc
4cb930	FUN_004cb930	gamemisc	game_misc
4cb9d0	FUN_004cb9d0	gamemisc	game_misc
4cba70	FUN_004cba70	gamemisc	game_misc
4cbb10	FUN_004cbb10	gamemisc	game_misc
4cbbc0	FUN_004cbbc0	gamemisc	game_misc
4cbc80	FUN_004cbc80	gamemisc	game_misc
4cbd40	FUN_004cbd40	gamemisc	game_misc
4cbde0	FUN_004cbde0	lib	other
4cbe50	FUN_004cbe50	lib	other
4cbed0	FUN_004cbed0	lib	other
4cbf40	FUN_004cbf40	lib	other
4cbfc0	FUN_004cbfc0	lib	other
4cc030	FUN_004cc030	lib	other
4cc0b0	FUN_004cc0b0	lib	other
4cc140	FUN_004cc140	lib	other
4cc1c0	FUN_004cc1c0	lib	other
4cc240	FUN_004cc240	lib	other
4cc2c0	FUN_004cc2c0	lib	other
4cc340	FUN_004cc340	lib	other
4cc3c0	FUN_004cc3c0	lib	other
4cc440	FUN_004cc440	lib	other
4cc4c0	FUN_004cc4c0	lib	other
4cc540	FUN_004cc540	lib	other
4cc5c0	FUN_004cc5c0	lib	other
4cc650	FUN_004cc650	lib	other
4cc6d0	FUN_004cc6d0	lib	other
4cc750	FUN_004cc750	lib	other
4cc7d0	FUN_004cc7d0	gamemisc	game_misc
4cc800	FUN_004cc800	gamemisc	game_misc
4cc840	FUN_004cc840	gamemisc	game_misc
4ccaa0	FUN_004ccaa0	gamemisc	game_misc
4ccbf0	FUN_004ccbf0	lib	audit
4ccc30	FUN_004ccc30	gamemisc	game_misc
4cccf0	FUN_004cccf0	gamemisc	game_misc
4ccda0	FUN_004ccda0	lib	other
4cce20	FUN_004cce20	lib	other
4ccea0	FUN_004ccea0	lib	other
4ccf20	FUN_004ccf20	lib	other
4ccfa0	FUN_004ccfa0	lib	other
4cd3e0	FUN_004cd3e0	lib	other
4cdaa0	FUN_004cdaa0	game	World
4ce180	ctor_0	game	ObjectiveWidget
4ce240	vfunc_0	game	ObjectiveWidget
4ce2a0	FUN_004ce2a0	gamemisc	game_misc
4ce3d9	Catch_All@004ce3d9	lib	crtstl
4ce3f9	FUN_004ce3f9	gamemisc	game_misc
4ce460	FUN_004ce460	gamemisc	game_misc
4ce550	ctor_8	lib	crtstl
4ce660	FUN_004ce660	game	OptionsWidget
4ce6c0	FUN_004ce6c0	lib	other
4ce6e0	FUN_004ce6e0	game	Global
4cef80	FUN_004cef80	lib	other
4cf220	FUN_004cf220	game	OptionsWidget
4cf2a0	ctor_0	game	OptionsWidget
4cf3c0	ctor_0	game	OptionsWidget
4d0230	ctor_9	game	Interface
4d4650	FUN_004d4650	lib	other
4d46d0	vfunc_10	game	OptionsWidget
4d4cb0	FUN_004d4cb0	lib	other
4d4d20	FUN_004d4d20	lib	other
4d4de0	FUN_004d4de0	game	GameController
4d4f10	ctor_0	game	PreviewWidget
4d5010	FUN_004d5010	game	PreviewWidget
4d5070	vfunc_0	game	PreviewWidget
4d50a0	ctor_22	lib	crtstl
4d6c20	FUN_004d6c20	gamemisc	game_misc
4d6c30	free	lib	crtstl
4d6c40	FUN_004d6c40	gamemisc	game_misc
4d6cb0	FUN_004d6cb0	gamemisc	game_misc
4d6d10	FUN_004d6d10	game	Speech
4d6d30	thunk_FUN_004d77d0	lib	crtstl
4d6d40	FUN_004d6d40	game	Speech
4d6d60	FUN_004d6d60	game	Speech
4d6d70	FUN_004d6d70	game	Speech
4d6d90	FUN_004d6d90	gamemisc	game_misc
4d6e20	FUN_004d6e20	gamemisc	game_misc
4d6ea0	FUN_004d6ea0	gamemisc	game_misc
4d6f10	FUN_004d6f10	gamemisc	game_misc
4d6f60	FUN_004d6f60	gamemisc	game_misc
4d6fe0	FUN_004d6fe0	gamemisc	game_misc
4d7020	FUN_004d7020	game	Speech
4d70a0	FUN_004d70a0	game	Speech
4d70d0	FUN_004d70d0	game	Speech
4d7150	FUN_004d7150	game	Speech
4d7190	FUN_004d7190	gamemisc	game_misc
4d7240	FUN_004d7240	gamemisc	game_misc
4d72a0	FUN_004d72a0	gamemisc	game_misc
4d72f0	FUN_004d72f0	game	Speech
4d73a0	FUN_004d73a0	gamemisc	game_misc
4d7400	FUN_004d7400	gamemisc	game_misc
4d7460	FUN_004d7460	gamemisc	game_misc
4d74f0	FUN_004d74f0	gamemisc	game_misc
4d75f0	FUN_004d75f0	gamemisc	game_misc
4d77d0	FUN_004d77d0	game	Speech
4d7840	FUN_004d7840	game	Speech
4d7860	FUN_004d7860	game	Speech
4d78a0	FUN_004d78a0	gamemisc	game_misc
4d79f0	FUN_004d79f0	gamemisc	game_misc
4d7a60	FUN_004d7a60	gamemisc	game_misc
4d7b00	FUN_004d7b00	game	Speech
4d7bc0	FUN_004d7bc0	game	Speech
4d7be0	FUN_004d7be0	lib	other
4d7c30	FUN_004d7c30	lib	other
4d7ce0	FUN_004d7ce0	gamemisc	game_misc
4d7dc0	FUN_004d7dc0	lib	other
4d7e70	FUN_004d7e70	gamemisc	game_misc
4d8410	FUN_004d8410	game	Speech
4d8510	FUN_004d8510	gamemisc	game_misc
4d85c0	FUN_004d85c0	gamemisc	game_misc
4d8630	FUN_004d8630	gamemisc	game_misc
4d8750	FUN_004d8750	lib	other
4d8810	FUN_004d8810	lib	other
4d8900	FUN_004d8900	gamemisc	game_misc
4d8c70	FUN_004d8c70	gamemisc	game_misc
4d8ef0	FUN_004d8ef0	lib	other
4d8f40	FUN_004d8f40	lib	other
4d9000	FUN_004d9000	lib	other
4d90d0	FUN_004d90d0	lib	other
4d91d0	FUN_004d91d0	lib	other
4d9340	FUN_004d9340	lib	other
4d94e0	FUN_004d94e0	gamemisc	game_misc
4d9520	FUN_004d9520	gamemisc	game_misc
4d9600	FUN_004d9600	gamemisc	game_misc
4d96f0	FUN_004d96f0	gamemisc	game_misc
4d9950	FUN_004d9950	lib	audit
4d9a40	FUN_004d9a40	gamemisc	game_misc
4d9ac7	Catch_All@004d9ac7	lib	crtstl
4d9ae0	FUN_004d9ae0	gamemisc	game_misc
4d9b10	FUN_004d9b10	game	QuestText
4d9b90	FUN_004d9b90	game	QuestText
4d9c2f	Catch_All@004d9c2f	lib	crtstl
4d9c50	FUN_004d9c50	gamemisc	game_misc
4d9e50	FUN_004d9e50	gamemisc	game_misc
4da050	FUN_004da050	game	QuestText
4da18f	Catch_All@004da18f	lib	crtstl
4da1a0	FUN_004da1a0	gamemisc	game_misc
4da2df	Catch_All@004da2df	lib	crtstl
4da2f0	FUN_004da2f0	gamemisc	game_misc
4da380	ctor_1	game	QuestText
4da3b0	ctor_0	game	QuestTextNode
4da480	FUN_004da480	lib	audit
4da4c0	ctor_2	game	QuestText
4da540	ctor_1	game	QuestTextNode
4da670	vfunc_0	game	QuestText
4da700	vfunc_0	game	QuestTextNode
4da730	FUN_004da730	lib	audit
4da770	FUN_004da770	game	QuestText
4da800	FUN_004da800	game	QuestText
4da850	FUN_004da850	game	QuestText
4db100	ctor_0	game	RandomInteractionBehavior
4db110	FUN_004db110	lib	audit
4db130	vfunc_0	game	RandomInteractionBehavior
4dbef0	vfunc_1	game	RandomInteractionBehavior
4dbf10	ctor_0	game	RandomWalkBehavior
4dbf20	vfunc_0	game	RandomWalkBehavior
4dc1e0	vfunc_1	game	RandomWalkBehavior
4dc200	ctor_0	game	SequentialBehavior
4dc2d0	ctor_1	game	SequentialBehavior
4dc300	ctor_2	game	SequentialBehavior
4dc360	vfunc_2	game	SequentialBehavior
4dc390	vfunc_0	game	SequentialBehavior
4dc400	vfunc_1	game	SequentialBehavior
4dc470	FUN_004dc470	lib	audit
4dc4cc	Catch_All@004dc4cc	lib	crtstl
4dc4e0	FUN_004dc4e0	lib	audit
4dc569	Catch_All@004dc569	lib	crtstl
4dc5b0	FUN_004dc5b0	lib	audit
4dc639	Catch_All@004dc639	lib	crtstl
4dc680	FUN_004dc680	lib	audit
4dc707	Catch_All@004dc707	lib	crtstl
4dc750	FUN_004dc750	lib	audit
4dc7d9	Catch_All@004dc7d9	lib	crtstl
4dc820	FUN_004dc820	gamemisc	game_misc
4dc8b0	FUN_004dc8b0	gamemisc	game_misc
4dc8e0	FUN_004dc8e0	game	GameController
4dd5e0	FUN_004dd5e0	game	GameController
4dd640	FUN_004dd640	game	GameController
4dd6a0	FUN_004dd6a0	game	GameController
4dd700	FUN_004dd700	lib	audit
4dd750	ctor_0	game	SkillWidget
4dd810	ctor_20	lib	crtstl
4df760	FUN_004df760	game	GameController
4df880	FUN_004df880	game	GameController
4df9c0	FUN_004df9c0	game	GameController
4dfab0	ctor_0	game	SpawnLocationBehavior
4dfac0	FUN_004dfac0	lib	audit
4dfad0	vfunc_0	game	SpawnLocationBehavior
4e0050	vfunc_1	game	SpawnLocationBehavior
4e0070	FUN_004e0070	lib	audit
4e0080	FUN_004e0080	lib	other
4e0130	Catch_All@004e0130	lib	crtstl
4e0150	FUN_004e0150	lib	audit
4e0190	FUN_004e0190	lib	audit
4e022d	Catch_All@004e022d	lib	crtstl
4e0250	ctor_3	game	QuestText
4e02e5	Catch_All@004e02e5	lib	crtstl
4e0300	FUN_004e0300	lib	audit
4e03a2	Catch_All@004e03a2	lib	crtstl
4e03c0	FUN_004e03c0	game	Speech
4e0440	FUN_004e0440	lib	audit
4e04df	Catch_All@004e04df	lib	crtstl
4e0500	FUN_004e0500	lib	audit
4e0730	FUN_004e0730	lib	audit
4e0940	FUN_004e0940	gamemisc	game_misc
4e0bc0	FUN_004e0bc0	lib	audit
4e0d98	Catch_All@004e0d98	lib	crtstl
4e0df0	FUN_004e0df0	lib	audit
4e0fc4	Catch_All@004e0fc4	lib	crtstl
4e0fe0	FUN_004e0fe0	game	QuestText
4e11b4	Catch_All@004e11b4	lib	crtstl
4e11d0	FUN_004e11d0	lib	audit
4e12a8	Catch_All@004e12a8	lib	crtstl
4e1310	FUN_004e1310	lib	audit
4e1460	Catch_All@004e1460	lib	crtstl
4e1480	FUN_004e1480	game	QuestText
4e15c4	Catch_All@004e15c4	lib	crtstl
4e15e0	FUN_004e15e0	lib	audit
4e1669	Catch_All@004e1669	lib	crtstl
4e16b0	FUN_004e16b0	game	Speech
4e175d	Catch_All@004e175d	lib	crtstl
4e1790	FUN_004e1790	game	GameController
4e1806	Catch_All@004e1806	lib	crtstl
4e1830	FUN_004e1830	game	QuestText
4e18a6	Catch_All@004e18a6	lib	crtstl
4e18d0	FUN_004e18d0	lib	audit
4e194f	Catch_All@004e194f	lib	crtstl
4e1970	ctor_1	game	Speech
4e29a0	FUN_004e29a0	lib	other
4e29d0	FUN_004e29d0	lib	other
4e2a00	FUN_004e2a00	lib	audit
4e2a70	FUN_004e2a70	lib	other
4e2aa0	FUN_004e2aa0	lib	other
4e2b10	ctor_0	game	Speech
4e2d90	FUN_004e2d90	game	GameController
4e2df0	FUN_004e2df0	gamemisc	game_misc
4e2f00	FUN_004e2f00	gamemisc	game_misc
4e3060	FUN_004e3060	game	Speech
4e31e0	FUN_004e31e0	gamemisc	game_misc
4e3320	ctor_0	game	QuestText
4e3450	vfunc_0	game	Speech
4e3480	FUN_004e3480	game	Speech
4e34b0	FUN_004e34b0	lib	audit
4e34f0	FUN_004e34f0	lib	crtstl
4e3530	FUN_004e3530	lib	crtstl
4e3550	FUN_004e3550	game	QuestText
4e35d0	FUN_004e35d0	lib	audit
4e3630	FUN_004e3630	lib	other
4e36e0	FUN_004e36e0	lib	audit
4e3790	FUN_004e3790	game	GameController
4e37e0	FUN_004e37e0	lib	audit
4e3840	FUN_004e3840	game	Speech
4e3900	FUN_004e3900	game	Speech
4e3bb0	FUN_004e3bb0	lib	other
4e3c70	FUN_004e3c70	lib	other
4e3f40	FUN_004e3f40	game	Speech
4e4000	FUN_004e4000	game	Speech
4e42c0	FUN_004e42c0	lib	audit
4e4350	FUN_004e4350	gamemisc	game_misc
4e4a20	FUN_004e4a20	game	GameController
4e4bd0	ctor_25	game	GameController
4e5320	FUN_004e5320	game	GameController
4e5590	FUN_004e5590	gamemisc	game_misc
4e5740	ctor_24	lib	crtstl
4e5a20	FUN_004e5a20	game	World
4e5c10	FUN_004e5c10	game	GameController
4e5c90	ctor_0	game	SpeechWidget
4e5e70	FUN_004e5e70	lib	other
4e5ec0	FUN_004e5ec0	game	SpeechWidget
4e5f60	vfunc_0	game	SpeechWidget
4e5f90	vfunc_1	game	SpeechWidget
4e6530	FUN_004e6530	game	GameController
4e6550	FUN_004e6550	game	GameController
4e65a0	FUN_004e65a0	game	SpeechWidget
4e6a20	ctor_0	game	Sprite
4e6af0	FUN_004e6af0	lib	other
4e6b20	ctor_1	game	Sprite
4e6bd0	FUN_004e6bd0	game	GameController
4e6c00	FUN_004e6c00	gamemisc	game_misc
4e6c30	vfunc_0	game	Sprite
4e6c60	FUN_004e6c60	lib	audit
4e6ce0	FUN_004e6ce0	lib	audit
4e6d00	FUN_004e6d00	lib	audit
4e6d80	FUN_004e6d80	lib	audit
4e6df0	FUN_004e6df0	game	GameController
4e6e60	FUN_004e6e60	game	Sprite
4e6f20	FUN_004e6f20	game	Sprite
4e71d0	FUN_004e71d0	game	GameController
4e7290	FUN_004e7290	gamemisc	game_misc
4e7520	FUN_004e7520	lib	audit
4e75c0	FUN_004e75c0	game	GameController
4e7650	FUN_004e7650	game	GameController
4e7870	FUN_004e7870	game	GameController
4eb8d0	FUN_004eb8d0	game	GameController
4eba80	FUN_004eba80	gamemisc	game_misc
4ebb21	Catch_All@004ebb21	lib	crtstl
4ebb40	FUN_004ebb40	gamemisc	game_misc
4ebd50	FUN_004ebd50	gamemisc	game_misc
4ebf28	Catch_All@004ebf28	lib	crtstl
4ebf80	FUN_004ebf80	gamemisc	game_misc
4ec05d	Catch_All@004ec05d	lib	crtstl
4ec0a0	ctor_0	game	SpriteManager
4ec0d0	FUN_004ec0d0	lib	other
4ec110	ctor_1	game	SpriteManager
4ec1b0	FUN_004ec1b0	gamemisc	game_misc
4ec1f0	FUN_004ec1f0	gamemisc	game_misc
4ec340	vfunc_0	game	SpriteManager
4ec370	FUN_004ec370	game	GameController
4ec400	FUN_004ec400	game	GameController
4ee230	FUN_004ee230	game	GameController
51be60	FUN_0051be60	game	GameController
51c310	ctor_0	game	SpriteWidget
51c3d0	vfunc_1	game	SpriteWidget
51c760	FUN_0051c760	lib	other
51c7a0	FUN_0051c7a0	lib	other
51c810	FUN_0051c810	lib	other
51c890	FUN_0051c890	lib	other
51c950	FUN_0051c950	lib	other
51c970	FUN_0051c970	lib	other
51c990	FUN_0051c990	lib	other
51c9b0	FUN_0051c9b0	lib	other
51c9c0	FUN_0051c9c0	lib	other
51ca20	FUN_0051ca20	lib	other
51cbf0	FUN_0051cbf0	lib	other
51ce10	FUN_0051ce10	lib	other
51ce90	FUN_0051ce90	lib	other
51cea0	FUN_0051cea0	lib	other
51ceb0	FUN_0051ceb0	lib	other
51cee0	FUN_0051cee0	lib	other
51cf90	FUN_0051cf90	lib	other
51cfd0	FUN_0051cfd0	lib	other
51d010	FUN_0051d010	lib	other
51d040	FUN_0051d040	lib	other
51d070	FUN_0051d070	lib	sqlite
51d0b0	FUN_0051d0b0	lib	other
51d0e0	FUN_0051d0e0	lib	other
51d110	FUN_0051d110	lib	other
51d170	FUN_0051d170	lib	other
51d1d0	FUN_0051d1d0	lib	other
51d210	FUN_0051d210	lib	other
51d270	FUN_0051d270	lib	other
51d2d0	FUN_0051d2d0	lib	other
51d320	FUN_0051d320	lib	other
51d350	FUN_0051d350	lib	other
51d390	FUN_0051d390	lib	other
51d3d0	FUN_0051d3d0	lib	other
51d400	FUN_0051d400	lib	other
51d4d0	FUN_0051d4d0	lib	other
51d510	FUN_0051d510	lib	other
51d520	FUN_0051d520	lib	other
51d580	FUN_0051d580	lib	other
51d5e0	FUN_0051d5e0	lib	other
51d650	FUN_0051d650	lib	other
51d9c0	FUN_0051d9c0	lib	other
51da30	FUN_0051da30	lib	other
51dac0	FUN_0051dac0	lib	other
51db30	FUN_0051db30	lib	other
51dbd0	FUN_0051dbd0	lib	other
51dc20	FUN_0051dc20	lib	other
51dc70	FUN_0051dc70	lib	other
51dde0	FUN_0051dde0	lib	other
51de20	FUN_0051de20	lib	other
51de30	FUN_0051de30	lib	other
51de50	FUN_0051de50	lib	other
51df10	FUN_0051df10	lib	other
51df50	FUN_0051df50	lib	other
51dfa0	FUN_0051dfa0	lib	other
51dff0	FUN_0051dff0	lib	other
51e270	FUN_0051e270	lib	other
51e340	FUN_0051e340	lib	other
51e390	FUN_0051e390	lib	sqlite
51e950	FUN_0051e950	lib	other
51e960	FUN_0051e960	lib	other
51ea40	FUN_0051ea40	lib	other
51ea60	FUN_0051ea60	lib	other
51eb70	FUN_0051eb70	lib	other
51ec50	FUN_0051ec50	lib	other
51f1f0	FUN_0051f1f0	lib	other
51f310	FUN_0051f310	lib	other
51f3c0	FUN_0051f3c0	lib	other
51f4c0	FUN_0051f4c0	lib	other
51f6b0	FUN_0051f6b0	lib	other
51f790	FUN_0051f790	lib	other
51f890	FUN_0051f890	lib	other
51f900	FUN_0051f900	lib	other
51f920	FUN_0051f920	lib	other
51f970	FUN_0051f970	lib	other
51ff10	FUN_0051ff10	lib	other
51ff50	FUN_0051ff50	lib	other
51ff80	FUN_0051ff80	lib	other
5201b0	FUN_005201b0	lib	other
5203c0	FUN_005203c0	lib	other
5204d0	FUN_005204d0	lib	sqlite
5204f0	FUN_005204f0	lib	other
520620	FUN_00520620	lib	audit
520640	FUN_00520640	lib	other
520760	FUN_00520760	lib	audit
520c70	FUN_00520c70	lib	other
520d30	FUN_00520d30	lib	other
520e20	FUN_00520e20	lib	other
520ea0	FUN_00520ea0	lib	other
5211a0	FUN_005211a0	lib	other
5211c0	FUN_005211c0	lib	other
521220	FUN_00521220	lib	other
5212a0	FUN_005212a0	lib	other
5212c0	FUN_005212c0	lib	other
521320	FUN_00521320	lib	other
521340	FUN_00521340	lib	other
521390	FUN_00521390	lib	other
521440	FUN_00521440	lib	other
521460	FUN_00521460	lib	other
5214d0	FUN_005214d0	lib	other
5215b0	FUN_005215b0	lib	other
5215c0	FUN_005215c0	lib	other
521770	FUN_00521770	lib	audit
521820	FUN_00521820	lib	other
5218b0	FUN_005218b0	lib	other
521950	FUN_00521950	lib	other
521a60	FUN_00521a60	lib	sqlite
522240	FUN_00522240	lib	other
522310	FUN_00522310	lib	other
522370	FUN_00522370	lib	other
522390	FUN_00522390	lib	other
5223b0	FUN_005223b0	lib	other
522460	FUN_00522460	lib	other
522480	FUN_00522480	lib	other
5224a0	FUN_005224a0	lib	audit
522540	FUN_00522540	lib	other
5225c0	FUN_005225c0	lib	other
522640	FUN_00522640	lib	other
522660	FUN_00522660	lib	other
522680	FUN_00522680	lib	other
522690	FUN_00522690	lib	other
522700	FUN_00522700	lib	audit
522720	FUN_00522720	lib	other
522740	FUN_00522740	lib	audit
522760	FUN_00522760	lib	other
522820	FUN_00522820	lib	other
522830	FUN_00522830	lib	other
522940	FUN_00522940	lib	sqlite
5229f0	FUN_005229f0	lib	other
522bc0	FUN_00522bc0	lib	other
522bf0	FUN_00522bf0	lib	other
522c50	FUN_00522c50	lib	other
522ca0	FUN_00522ca0	lib	other
522d40	FUN_00522d40	lib	other
523050	FUN_00523050	lib	other
523070	FUN_00523070	lib	other
5231c0	FUN_005231c0	lib	other
523220	FUN_00523220	lib	other
523260	FUN_00523260	lib	other
523280	FUN_00523280	lib	other
523290	FUN_00523290	lib	other
5232a0	FUN_005232a0	lib	other
5232b0	FUN_005232b0	lib	other
5232d0	FUN_005232d0	lib	other
523720	FUN_00523720	lib	other
5237f0	FUN_005237f0	lib	other
523850	FUN_00523850	lib	sqlite
523900	FUN_00523900	lib	other
5239d0	FUN_005239d0	lib	other
523a80	FUN_00523a80	lib	other
523c30	FUN_00523c30	lib	other
523d10	FUN_00523d10	lib	audit
523d40	FUN_00523d40	lib	audit
523dd0	FUN_00523dd0	lib	other
5240c0	FUN_005240c0	lib	audit
524120	FUN_00524120	lib	other
524160	FUN_00524160	lib	other
524180	FUN_00524180	lib	other
5241a0	FUN_005241a0	lib	other
524410	FUN_00524410	lib	audit
5244c0	FUN_005244c0	lib	other
5244e0	FUN_005244e0	lib	other
524570	FUN_00524570	lib	other
5245e0	FUN_005245e0	lib	audit
524640	FUN_00524640	lib	other
5246a0	FUN_005246a0	lib	other
5247b0	FUN_005247b0	lib	other
524800	FUN_00524800	lib	other
524910	FUN_00524910	lib	other
524a00	FUN_00524a00	lib	sqlite
5253b0	FUN_005253b0	lib	other
525400	FUN_00525400	lib	sqlite
525500	FUN_00525500	lib	other
525510	FUN_00525510	lib	other
525580	FUN_00525580	lib	other
525590	FUN_00525590	lib	audit
5255b0	FUN_005255b0	lib	other
5256b0	FUN_005256b0	lib	other
525800	FUN_00525800	lib	other
5259c0	FUN_005259c0	lib	other
525a20	FUN_00525a20	lib	other
525a30	FUN_00525a30	lib	audit
525a50	FUN_00525a50	lib	other
525aa0	FUN_00525aa0	lib	other
525c40	FUN_00525c40	lib	sqlite
525cb0	FUN_00525cb0	lib	audit
525d20	FUN_00525d20	lib	other
525d90	FUN_00525d90	lib	other
525e30	FUN_00525e30	lib	sqlite
525f10	FUN_00525f10	lib	other
525ff0	FUN_00525ff0	lib	other
526030	FUN_00526030	lib	other
5260c0	FUN_005260c0	lib	other
5260e0	FUN_005260e0	lib	other
526410	FUN_00526410	lib	other
526480	FUN_00526480	lib	audit
5264a0	FUN_005264a0	lib	other
5264c0	FUN_005264c0	lib	other
526590	FUN_00526590	lib	other
5265b0	FUN_005265b0	lib	other
5265d0	FUN_005265d0	lib	other
5265f0	FUN_005265f0	lib	other
5267a0	FUN_005267a0	lib	audit
5267c0	FUN_005267c0	lib	other
526810	FUN_00526810	lib	other
526870	FUN_00526870	lib	other
5268d0	FUN_005268d0	lib	other
5268e0	FUN_005268e0	lib	other
526940	FUN_00526940	lib	other
526b00	FUN_00526b00	lib	other
526b40	FUN_00526b40	lib	other
526b60	FUN_00526b60	lib	audit
526b80	FUN_00526b80	lib	other
526be0	FUN_00526be0	lib	other
526c00	FUN_00526c00	lib	other
526d60	FUN_00526d60	lib	other
526db0	FUN_00526db0	lib	other
526dc0	FUN_00526dc0	lib	other
526df0	FUN_00526df0	lib	other
526e20	FUN_00526e20	lib	other
526e40	FUN_00526e40	lib	other
526e80	FUN_00526e80	lib	other
526f90	FUN_00526f90	lib	other
526fb0	FUN_00526fb0	lib	other
527080	FUN_00527080	lib	audit
5270f0	FUN_005270f0	lib	other
527160	FUN_00527160	lib	other
527220	FUN_00527220	lib	other
527290	FUN_00527290	lib	other
527300	FUN_00527300	lib	audit
527570	FUN_00527570	lib	other
527590	FUN_00527590	lib	audit
527610	FUN_00527610	lib	audit
527670	FUN_00527670	lib	other
527740	FUN_00527740	lib	other
527b00	FUN_00527b00	lib	other
527b60	FUN_00527b60	lib	other
527d50	FUN_00527d50	lib	other
527dd0	FUN_00527dd0	lib	other
527e00	FUN_00527e00	lib	other
527ea0	FUN_00527ea0	lib	other
527f30	FUN_00527f30	lib	other
527f60	FUN_00527f60	lib	other
527f90	FUN_00527f90	lib	other
527fc0	FUN_00527fc0	lib	other
528030	FUN_00528030	lib	other
528070	FUN_00528070	lib	audit
5280f0	FUN_005280f0	lib	audit
5281b0	FUN_005281b0	lib	other
528270	FUN_00528270	lib	other
528320	FUN_00528320	lib	other
528350	FUN_00528350	lib	other
5283b0	FUN_005283b0	lib	other
528470	FUN_00528470	lib	other
528490	FUN_00528490	lib	other
528530	FUN_00528530	lib	other
528550	FUN_00528550	lib	other
528710	FUN_00528710	lib	other
528720	FUN_00528720	lib	other
528800	FUN_00528800	lib	other
528810	FUN_00528810	lib	other
528830	FUN_00528830	lib	other
528890	FUN_00528890	lib	other
5288e0	FUN_005288e0	lib	other
528920	FUN_00528920	lib	audit
528c60	FUN_00528c60	lib	sqlite
528cb0	FUN_00528cb0	lib	sqlite
528d20	FUN_00528d20	lib	sqlite
528db0	FUN_00528db0	lib	audit
529020	FUN_00529020	lib	sqlite
5290e0	FUN_005290e0	lib	other
529110	FUN_00529110	lib	audit
529890	FUN_00529890	lib	sqlite
529970	FUN_00529970	lib	sqlite
529ae0	FUN_00529ae0	lib	sqlite
529cd0	FUN_00529cd0	lib	sqlite
529cf0	FUN_00529cf0	lib	other
529de0	FUN_00529de0	lib	other
52a0c0	FUN_0052a0c0	lib	sqlite
52a250	FUN_0052a250	lib	sqlite
52b4f0	FUN_0052b4f0	lib	sqlite
52b5d0	FUN_0052b5d0	lib	other
52b630	FUN_0052b630	lib	other
52b6b0	FUN_0052b6b0	lib	sqlite
52b750	FUN_0052b750	lib	other
52b7d0	FUN_0052b7d0	lib	other
52b7f0	FUN_0052b7f0	lib	audit
52ba20	FUN_0052ba20	lib	audit
52bbb0	FUN_0052bbb0	lib	sqlite
52bd40	FUN_0052bd40	lib	sqlite
52be70	FUN_0052be70	lib	sqlite
52cd80	FUN_0052cd80	lib	sqlite
52cf10	FUN_0052cf10	lib	other
52d020	FUN_0052d020	lib	other
52d990	FUN_0052d990	lib	other
52d9f0	FUN_0052d9f0	lib	other
52dd50	FUN_0052dd50	lib	other
52df70	FUN_0052df70	lib	other
52e030	FUN_0052e030	lib	sqlite
52e070	FUN_0052e070	lib	audit
52e130	FUN_0052e130	lib	other
52e230	FUN_0052e230	lib	sqlite
52e3b0	FUN_0052e3b0	lib	sqlite
52e610	FUN_0052e610	lib	sqlite
52e690	FUN_0052e690	lib	sqlite
52e890	FUN_0052e890	lib	audit
52e950	FUN_0052e950	lib	audit
52e9b0	FUN_0052e9b0	lib	audit
52ebe0	FUN_0052ebe0	lib	other
52ec30	FUN_0052ec30	lib	other
52ed40	FUN_0052ed40	lib	other
52eda0	FUN_0052eda0	lib	audit
52eee0	FUN_0052eee0	lib	sqlite
52ef30	FUN_0052ef30	lib	other
52efa0	FUN_0052efa0	lib	other
52f080	FUN_0052f080	lib	sqlite
52f130	FUN_0052f130	lib	sqlite
52f200	FUN_0052f200	lib	sqlite
52f2b0	FUN_0052f2b0	lib	sqlite
52f320	FUN_0052f320	lib	other
52f410	FUN_0052f410	lib	sqlite
52f610	FUN_0052f610	lib	sqlite
52f6a0	FUN_0052f6a0	lib	sqlite
52f720	FUN_0052f720	lib	sqlite
52ff10	FUN_0052ff10	lib	audit
530010	FUN_00530010	lib	other
530200	FUN_00530200	lib	other
5303a0	FUN_005303a0	lib	other
530420	FUN_00530420	lib	sqlite
530580	FUN_00530580	lib	other
530850	FUN_00530850	lib	other
5308c0	FUN_005308c0	lib	sqlite
530a70	FUN_00530a70	lib	other
530be0	FUN_00530be0	lib	sqlite
530cf0	FUN_00530cf0	lib	other
530e20	FUN_00530e20	lib	sqlite
530f00	FUN_00530f00	lib	sqlite
530f60	FUN_00530f60	lib	other
532120	FUN_00532120	lib	sqlite
532250	FUN_00532250	lib	sqlite
532390	FUN_00532390	lib	other
532570	FUN_00532570	lib	sqlite
5325f0	FUN_005325f0	lib	sqlite
532670	FUN_00532670	lib	audit
5326d0	FUN_005326d0	lib	audit
532740	FUN_00532740	lib	sqlite
5328e0	FUN_005328e0	lib	other
532980	FUN_00532980	lib	other
532a40	FUN_00532a40	lib	other
532b80	FUN_00532b80	lib	sqlite
532d10	FUN_00532d10	lib	other
532e30	FUN_00532e30	lib	audit
532e80	FUN_00532e80	lib	other
5336b0	FUN_005336b0	lib	other
533710	FUN_00533710	lib	other
5337c0	FUN_005337c0	lib	sqlite
533880	FUN_00533880	lib	other
5338d0	FUN_005338d0	lib	sqlite
533960	FUN_00533960	lib	audit
533b00	FUN_00533b00	lib	other
533c50	FUN_00533c50	lib	sqlite
533ea0	FUN_00533ea0	lib	audit
533f40	FUN_00533f40	lib	sqlite
534100	FUN_00534100	lib	sqlite
534210	FUN_00534210	lib	sqlite
5342a0	FUN_005342a0	lib	other
5342f0	FUN_005342f0	lib	sqlite
5343b0	FUN_005343b0	lib	audit
534680	FUN_00534680	lib	audit
534710	FUN_00534710	lib	other
534780	FUN_00534780	lib	sqlite
534860	FUN_00534860	lib	other
5348d0	FUN_005348d0	lib	other
534920	FUN_00534920	lib	other
534970	FUN_00534970	lib	other
534a60	FUN_00534a60	lib	sqlite
534bc0	FUN_00534bc0	lib	sqlite
534c40	FUN_00534c40	lib	sqlite
534d70	FUN_00534d70	lib	sqlite
534f70	FUN_00534f70	lib	sqlite
5351c0	FUN_005351c0	lib	sqlite
5352d0	FUN_005352d0	lib	sqlite
5353c0	FUN_005353c0	lib	other
535400	FUN_00535400	lib	other
535b00	FUN_00535b00	lib	other
536090	FUN_00536090	lib	other
5361d0	FUN_005361d0	lib	other
536250	FUN_00536250	lib	other
536480	FUN_00536480	lib	other
536500	FUN_00536500	lib	other
5365e0	FUN_005365e0	lib	other
536750	FUN_00536750	lib	other
5367f0	FUN_005367f0	lib	other
536850	FUN_00536850	lib	other
5368e0	FUN_005368e0	lib	sqlite
536970	FUN_00536970	lib	sqlite
536a00	FUN_00536a00	lib	sqlite
536a90	FUN_00536a90	lib	sqlite
536b50	FUN_00536b50	lib	sqlite
536ea0	FUN_00536ea0	lib	sqlite
536fb0	FUN_00536fb0	lib	sqlite
537090	FUN_00537090	lib	audit
537190	FUN_00537190	lib	audit
537230	FUN_00537230	lib	other
5372f0	FUN_005372f0	lib	other
537450	FUN_00537450	lib	sqlite
537e40	FUN_00537e40	lib	sqlite
538660	FUN_00538660	lib	other
538be0	FUN_00538be0	lib	sqlite
538c40	FUN_00538c40	lib	sqlite
538dd0	FUN_00538dd0	lib	sqlite
539320	FUN_00539320	lib	audit
539430	FUN_00539430	lib	sqlite
539460	FUN_00539460	lib	other
539780	FUN_00539780	lib	sqlite
5399e0	FUN_005399e0	lib	audit
539a00	FUN_00539a00	lib	other
539a30	FUN_00539a30	lib	audit
539ac0	FUN_00539ac0	lib	sqlite
539c70	FUN_00539c70	lib	sqlite
539da0	FUN_00539da0	lib	sqlite
53a0f0	FUN_0053a0f0	lib	sqlite
53a6a0	FUN_0053a6a0	lib	other
53a730	FUN_0053a730	lib	sqlite
53a7f0	FUN_0053a7f0	lib	audit
53a850	FUN_0053a850	lib	other
53a8f0	FUN_0053a8f0	lib	other
53aa70	FUN_0053aa70	lib	sqlite
53aab0	FUN_0053aab0	lib	other
53ab00	FUN_0053ab00	lib	audit
53ac70	FUN_0053ac70	lib	other
53ad90	FUN_0053ad90	lib	other
53b110	FUN_0053b110	lib	other
53b1b0	FUN_0053b1b0	lib	other
53b4b0	FUN_0053b4b0	lib	other
53b530	FUN_0053b530	lib	sqlite
53b5a0	FUN_0053b5a0	lib	audit
53b730	FUN_0053b730	lib	other
53b770	FUN_0053b770	lib	other
53b7f0	FUN_0053b7f0	lib	sqlite
53b8a0	FUN_0053b8a0	lib	sqlite
53b920	FUN_0053b920	lib	other
53b940	FUN_0053b940	lib	sqlite
53b980	FUN_0053b980	lib	audit
53bd90	FUN_0053bd90	lib	sqlite
53bf40	FUN_0053bf40	lib	audit
53bfb0	FUN_0053bfb0	lib	sqlite
53c010	FUN_0053c010	lib	other
53c0e0	FUN_0053c0e0	lib	other
53c140	FUN_0053c140	lib	other
53c270	FUN_0053c270	lib	other
53c3f0	FUN_0053c3f0	lib	other
53c4e0	FUN_0053c4e0	lib	other
53c6d0	FUN_0053c6d0	lib	other
53c730	FUN_0053c730	lib	other
53c7e0	FUN_0053c7e0	lib	sqlite
53c840	FUN_0053c840	lib	other
53cb90	FUN_0053cb90	lib	sqlite
53cc30	FUN_0053cc30	lib	other
53cc90	FUN_0053cc90	lib	sqlite
53cd40	FUN_0053cd40	lib	other
53ce20	FUN_0053ce20	lib	other
53d040	FUN_0053d040	lib	other
53d2a0	FUN_0053d2a0	lib	audit
53d620	FUN_0053d620	lib	sqlite
53dcf0	FUN_0053dcf0	lib	audit
53dde0	FUN_0053dde0	lib	other
53de70	FUN_0053de70	lib	sqlite
53dee0	FUN_0053dee0	lib	audit
53e110	FUN_0053e110	lib	other
53e1b0	FUN_0053e1b0	lib	other
53e230	FUN_0053e230	lib	other
53e280	FUN_0053e280	lib	other
53e310	FUN_0053e310	lib	other
53e4b0	FUN_0053e4b0	lib	sqlite
53ec80	FUN_0053ec80	lib	other
53ecd0	FUN_0053ecd0	lib	sqlite
540990	FUN_00540990	lib	sqlite
540a20	FUN_00540a20	lib	sqlite
540b00	FUN_00540b00	lib	other
540b30	FUN_00540b30	lib	audit
540b70	FUN_00540b70	lib	audit
540ff0	FUN_00540ff0	lib	sqlite
5411b0	FUN_005411b0	lib	audit
541210	FUN_00541210	lib	other
541240	FUN_00541240	lib	other
541270	FUN_00541270	lib	audit
5412e0	FUN_005412e0	lib	audit
541340	FUN_00541340	lib	audit
541390	FUN_00541390	lib	audit
5413e0	FUN_005413e0	lib	audit
541470	FUN_00541470	lib	audit
541500	FUN_00541500	lib	audit
5417c0	FUN_005417c0	lib	audit
541820	FUN_00541820	lib	other
541900	FUN_00541900	lib	audit
541940	FUN_00541940	lib	audit
541a10	FUN_00541a10	lib	audit
541a70	FUN_00541a70	lib	audit
541ab0	FUN_00541ab0	lib	audit
541b50	FUN_00541b50	lib	audit
541bd0	FUN_00541bd0	lib	audit
541e00	FUN_00541e00	lib	audit
541fd0	FUN_00541fd0	lib	audit
542000	FUN_00542000	lib	audit
542180	FUN_00542180	lib	audit
5421b0	FUN_005421b0	lib	audit
5422c0	FUN_005422c0	lib	audit
542600	FUN_00542600	lib	audit
5428f0	FUN_005428f0	lib	audit
542920	FUN_00542920	lib	audit
542a20	FUN_00542a20	lib	audit
542b40	FUN_00542b40	lib	audit
542bc0	FUN_00542bc0	lib	audit
542d70	FUN_00542d70	lib	audit
542df0	FUN_00542df0	lib	audit
542f30	FUN_00542f30	lib	other
542ff0	FUN_00542ff0	lib	other
543120	FUN_00543120	lib	other
543a20	FUN_00543a20	lib	other
543b00	FUN_00543b00	lib	other
543be0	FUN_00543be0	lib	other
543f40	FUN_00543f40	lib	audit
544050	FUN_00544050	lib	other
5440c0	FUN_005440c0	lib	other
544190	FUN_00544190	lib	audit
544290	FUN_00544290	lib	other
5442c0	FUN_005442c0	lib	other
544320	FUN_00544320	lib	other
544360	FUN_00544360	lib	other
544470	FUN_00544470	lib	other
544540	FUN_00544540	lib	other
544570	FUN_00544570	lib	audit
5445e0	FUN_005445e0	lib	audit
544710	FUN_00544710	lib	audit
544760	FUN_00544760	lib	audit
544870	FUN_00544870	lib	sqlite
5448e0	FUN_005448e0	lib	sqlite
544bb0	FUN_00544bb0	lib	sqlite
544c20	FUN_00544c20	lib	other
544d30	FUN_00544d30	lib	other
544d80	FUN_00544d80	lib	audit
544e80	FUN_00544e80	lib	other
5450a0	FUN_005450a0	lib	audit
5451e0	FUN_005451e0	lib	other
5452d0	FUN_005452d0	lib	other
545420	FUN_00545420	lib	sqlite
545520	FUN_00545520	lib	sqlite
5455d0	FUN_005455d0	lib	audit
545650	FUN_00545650	lib	audit
545740	FUN_00545740	lib	audit
545780	FUN_00545780	lib	sqlite
545a20	FUN_00545a20	lib	audit
545b50	FUN_00545b50	lib	audit
545bb0	FUN_00545bb0	lib	audit
545c40	FUN_00545c40	lib	audit
545ce0	FUN_00545ce0	lib	sqlite
545f00	FUN_00545f00	lib	sqlite
546090	FUN_00546090	lib	other
546130	FUN_00546130	lib	sqlite
5461b0	FUN_005461b0	lib	sqlite
546470	FUN_00546470	lib	other
5467e0	FUN_005467e0	lib	sqlite
546890	FUN_00546890	lib	other
5469d0	FUN_005469d0	lib	other
546ad0	FUN_00546ad0	lib	other
546df0	FUN_00546df0	lib	sqlite
546f70	FUN_00546f70	lib	sqlite
546fe0	FUN_00546fe0	lib	sqlite
547100	FUN_00547100	lib	sqlite
5471b0	FUN_005471b0	lib	other
547210	FUN_00547210	lib	other
547260	FUN_00547260	lib	sqlite
5472b0	FUN_005472b0	lib	audit
5473d0	FUN_005473d0	lib	audit
5476b0	FUN_005476b0	lib	other
547720	FUN_00547720	lib	other
547860	FUN_00547860	lib	other
5478e0	FUN_005478e0	lib	sqlite
547b70	FUN_00547b70	lib	sqlite
548280	FUN_00548280	lib	sqlite
548960	FUN_00548960	lib	other
548980	FUN_00548980	lib	sqlite
5489b0	FUN_005489b0	lib	audit
548b20	FUN_00548b20	lib	other
548ba0	FUN_00548ba0	lib	other
548bd0	FUN_00548bd0	lib	audit
548c40	FUN_00548c40	lib	sqlite
548d00	FUN_00548d00	lib	audit
548e20	FUN_00548e20	lib	sqlite
548e60	FUN_00548e60	lib	sqlite
548ec0	FUN_00548ec0	lib	sqlite
548f50	FUN_00548f50	lib	sqlite
548fe0	FUN_00548fe0	lib	sqlite
549000	FUN_00549000	lib	sqlite
549060	FUN_00549060	lib	sqlite
5490f0	FUN_005490f0	lib	sqlite
549230	FUN_00549230	lib	sqlite
549280	FUN_00549280	lib	sqlite
549380	FUN_00549380	lib	other
549420	FUN_00549420	lib	sqlite
549610	FUN_00549610	lib	other
5496d0	FUN_005496d0	lib	sqlite
5498e0	FUN_005498e0	lib	sqlite
549b00	FUN_00549b00	lib	audit
549b90	FUN_00549b90	lib	sqlite
549ed0	FUN_00549ed0	lib	sqlite
549fd0	FUN_00549fd0	lib	sqlite
54a110	FUN_0054a110	lib	audit
54a160	FUN_0054a160	lib	other
54a2b0	FUN_0054a2b0	lib	other
54a330	FUN_0054a330	lib	other
54a970	FUN_0054a970	lib	sqlite
54a9a0	FUN_0054a9a0	lib	other
54ab50	FUN_0054ab50	lib	other
54abe0	FUN_0054abe0	lib	sqlite
54acc0	FUN_0054acc0	lib	sqlite
54ad90	FUN_0054ad90	lib	audit
54ae60	FUN_0054ae60	lib	sqlite
54b260	FUN_0054b260	lib	other
54b6e0	FUN_0054b6e0	lib	audit
54b750	FUN_0054b750	lib	sqlite
54b890	FUN_0054b890	lib	sqlite
54bc80	FUN_0054bc80	lib	other
54bcc0	FUN_0054bcc0	lib	other
54bd10	FUN_0054bd10	lib	other
54bf60	FUN_0054bf60	lib	other
54c040	FUN_0054c040	lib	other
54c100	FUN_0054c100	lib	other
54c2e0	FUN_0054c2e0	lib	other
54c3a0	FUN_0054c3a0	lib	sqlite
54c3f0	FUN_0054c3f0	lib	sqlite
54c670	FUN_0054c670	lib	sqlite
54c690	FUN_0054c690	lib	sqlite
54c710	FUN_0054c710	lib	audit
54c7f0	FUN_0054c7f0	lib	audit
54c930	FUN_0054c930	lib	sqlite
54c990	FUN_0054c990	lib	audit
54ca30	FUN_0054ca30	lib	audit
54cac0	FUN_0054cac0	lib	sqlite
54cbd0	FUN_0054cbd0	lib	sqlite
54cde0	FUN_0054cde0	lib	sqlite
54ce30	FUN_0054ce30	lib	sqlite
54ce80	FUN_0054ce80	lib	sqlite
54cf10	FUN_0054cf10	lib	sqlite
54cf50	FUN_0054cf50	lib	sqlite
54cf70	FUN_0054cf70	lib	sqlite
54cfd0	FUN_0054cfd0	lib	sqlite
54d210	FUN_0054d210	lib	sqlite
54d260	FUN_0054d260	lib	audit
54d340	FUN_0054d340	lib	audit
54d460	FUN_0054d460	lib	sqlite
54d4a0	FUN_0054d4a0	lib	sqlite
54d4f0	FUN_0054d4f0	lib	sqlite
54d510	FUN_0054d510	lib	sqlite
54d580	FUN_0054d580	lib	sqlite
54d5c0	FUN_0054d5c0	lib	sqlite
54d680	FUN_0054d680	lib	sqlite
54d880	FUN_0054d880	lib	sqlite
54dce0	FUN_0054dce0	lib	sqlite
54dd50	FUN_0054dd50	lib	sqlite
54dd90	FUN_0054dd90	lib	sqlite
54ddf0	FUN_0054ddf0	lib	audit
54de20	FUN_0054de20	lib	audit
54de80	FUN_0054de80	lib	other
54deb0	FUN_0054deb0	lib	sqlite
54df20	FUN_0054df20	lib	sqlite
54df80	FUN_0054df80	lib	other
54e330	FUN_0054e330	lib	other
54e4a0	FUN_0054e4a0	lib	audit
54eaf0	FUN_0054eaf0	lib	other
54ecc0	FUN_0054ecc0	lib	other
54ed50	FUN_0054ed50	lib	audit
54efb0	FUN_0054efb0	lib	sqlite
54f060	FUN_0054f060	lib	audit
54f0e0	FUN_0054f0e0	lib	sqlite
54f150	FUN_0054f150	lib	sqlite
54f1d0	FUN_0054f1d0	lib	sqlite
54f260	FUN_0054f260	lib	sqlite
54f2a0	FUN_0054f2a0	lib	other
54f380	FUN_0054f380	lib	sqlite
54f3d0	FUN_0054f3d0	lib	sqlite
54f5b0	FUN_0054f5b0	lib	sqlite
54f600	FUN_0054f600	lib	audit
54f6e0	FUN_0054f6e0	lib	sqlite
54f780	FUN_0054f780	lib	audit
54f7b0	FUN_0054f7b0	lib	sqlite
54f8c0	FUN_0054f8c0	lib	sqlite
54f920	FUN_0054f920	lib	other
54fa40	FUN_0054fa40	lib	sqlite
54fc20	FUN_0054fc20	lib	sqlite
54fcf0	FUN_0054fcf0	lib	audit
54fdb0	FUN_0054fdb0	lib	audit
54fe80	FUN_0054fe80	lib	other
5500b0	FUN_005500b0	lib	sqlite
550380	FUN_00550380	lib	other
550410	FUN_00550410	lib	other
550470	FUN_00550470	lib	other
5505a0	FUN_005505a0	lib	other
550a00	FUN_00550a00	lib	sqlite
550aa0	FUN_00550aa0	lib	other
550b60	FUN_00550b60	lib	other
550cd0	FUN_00550cd0	lib	other
550d90	FUN_00550d90	lib	sqlite
550df0	FUN_00550df0	lib	other
550e30	FUN_00550e30	lib	other
551190	FUN_00551190	lib	audit
5511c0	FUN_005511c0	lib	sqlite
551270	FUN_00551270	lib	sqlite
5515c0	FUN_005515c0	lib	audit
551790	FUN_00551790	lib	sqlite
552000	FUN_00552000	lib	sqlite
5521a0	FUN_005521a0	lib	audit
552230	FUN_00552230	lib	audit
5522c0	FUN_005522c0	lib	other
5522f0	FUN_005522f0	lib	sqlite
552390	FUN_00552390	lib	audit
552450	FUN_00552450	lib	audit
5524a0	FUN_005524a0	lib	other
5524e0	FUN_005524e0	lib	sqlite
552540	FUN_00552540	lib	sqlite
552560	FUN_00552560	lib	other
5529a0	FUN_005529a0	lib	audit
552b20	FUN_00552b20	lib	audit
552be0	FUN_00552be0	lib	other
552ca0	FUN_00552ca0	lib	sqlite
552e90	FUN_00552e90	lib	sqlite
5530e0	FUN_005530e0	lib	sqlite
553260	FUN_00553260	lib	sqlite
553490	FUN_00553490	lib	sqlite
553860	FUN_00553860	lib	other
553890	FUN_00553890	lib	audit
553950	FUN_00553950	lib	other
553a10	FUN_00553a10	lib	audit
553a30	FUN_00553a30	lib	other
553a80	FUN_00553a80	lib	sqlite
553ae0	FUN_00553ae0	lib	sqlite
553b20	FUN_00553b20	lib	other
553bb0	FUN_00553bb0	lib	other
553cb0	FUN_00553cb0	lib	sqlite
553d20	FUN_00553d20	lib	sqlite
553d70	FUN_00553d70	lib	other
553e40	FUN_00553e40	lib	sqlite
5540d0	FUN_005540d0	lib	other
554130	FUN_00554130	lib	other
554340	FUN_00554340	lib	other
5543e0	FUN_005543e0	lib	other
554430	FUN_00554430	lib	other
554490	FUN_00554490	lib	other
5545d0	FUN_005545d0	lib	other
554630	FUN_00554630	lib	other
5546b0	FUN_005546b0	lib	sqlite
554760	FUN_00554760	lib	other
554810	FUN_00554810	lib	other
5548c0	FUN_005548c0	lib	other
554c60	FUN_00554c60	lib	other
554ca0	FUN_00554ca0	lib	sqlite
554e20	FUN_00554e20	lib	sqlite
555b10	FUN_00555b10	lib	other
555b70	FUN_00555b70	lib	other
555cb0	FUN_00555cb0	lib	other
555e30	FUN_00555e30	lib	audit
555ed0	FUN_00555ed0	lib	sqlite
555f40	FUN_00555f40	lib	other
556200	FUN_00556200	lib	other
5564b0	FUN_005564b0	lib	sqlite
5564f0	FUN_005564f0	lib	other
556530	FUN_00556530	lib	other
5565a0	FUN_005565a0	lib	other
556650	FUN_00556650	lib	sqlite
556680	FUN_00556680	lib	other
556700	FUN_00556700	lib	audit
5567e0	FUN_005567e0	lib	other
556980	FUN_00556980	lib	sqlite
556a00	FUN_00556a00	lib	sqlite
556a80	FUN_00556a80	lib	other
556b40	FUN_00556b40	lib	sqlite
556b70	FUN_00556b70	lib	other
556ba0	FUN_00556ba0	lib	audit
556be0	FUN_00556be0	lib	other
556c60	FUN_00556c60	lib	audit
556e50	FUN_00556e50	lib	other
557190	FUN_00557190	lib	other
5572d0	FUN_005572d0	lib	other
557410	FUN_00557410	lib	sqlite
5576f0	FUN_005576f0	lib	sqlite
557950	FUN_00557950	lib	other
5579f0	FUN_005579f0	lib	sqlite
557a40	FUN_00557a40	lib	other
557ad0	FUN_00557ad0	lib	other
557bd0	FUN_00557bd0	lib	sqlite
557c50	FUN_00557c50	lib	other
557cc0	FUN_00557cc0	lib	other
5581b0	FUN_005581b0	lib	audit
5582f0	FUN_005582f0	lib	sqlite
5583e0	FUN_005583e0	lib	other
558520	FUN_00558520	lib	other
558580	FUN_00558580	lib	sqlite
5587a0	FUN_005587a0	lib	audit
558820	FUN_00558820	lib	other
558890	FUN_00558890	lib	other
559920	FUN_00559920	lib	other
559bc0	FUN_00559bc0	lib	other
559f10	FUN_00559f10	lib	other
559fd0	FUN_00559fd0	lib	audit
55a000	FUN_0055a000	lib	sqlite
55a020	FUN_0055a020	lib	other
55a0e0	FUN_0055a0e0	lib	other
55a1b0	FUN_0055a1b0	lib	sqlite
55a1f0	FUN_0055a1f0	lib	other
55a220	FUN_0055a220	lib	other
55a900	FUN_0055a900	lib	other
55a920	FUN_0055a920	lib	audit
55aaf0	FUN_0055aaf0	lib	audit
55ab80	FUN_0055ab80	lib	other
55abc0	FUN_0055abc0	lib	other
55ac70	FUN_0055ac70	lib	audit
55ad50	FUN_0055ad50	lib	audit
55ada0	FUN_0055ada0	lib	audit
55aeb0	FUN_0055aeb0	lib	other
55af40	FUN_0055af40	lib	sqlite
55afc0	FUN_0055afc0	lib	audit
55b080	FUN_0055b080	lib	other
55b160	FUN_0055b160	lib	sqlite
55b1e0	FUN_0055b1e0	lib	other
55b220	FUN_0055b220	lib	other
55b2a0	FUN_0055b2a0	lib	other
55b3c0	FUN_0055b3c0	lib	other
55b460	FUN_0055b460	lib	sqlite
55b540	FUN_0055b540	lib	sqlite
55b750	FUN_0055b750	lib	sqlite
55bc20	FUN_0055bc20	lib	other
55cd50	FUN_0055cd50	lib	other
55ce30	FUN_0055ce30	lib	other
55cec0	FUN_0055cec0	lib	other
55cf00	FUN_0055cf00	lib	other
55cf90	FUN_0055cf90	lib	other
55d020	FUN_0055d020	lib	sqlite
55d180	FUN_0055d180	lib	audit
55d490	FUN_0055d490	lib	other
55d6b0	FUN_0055d6b0	lib	sqlite
55d730	FUN_0055d730	lib	sqlite
55d7d0	FUN_0055d7d0	lib	other
55d830	FUN_0055d830	lib	audit
55d8f0	FUN_0055d8f0	lib	sqlite
55d980	FUN_0055d980	lib	other
55da00	FUN_0055da00	lib	audit
55da70	FUN_0055da70	lib	audit
55daf0	FUN_0055daf0	lib	audit
55dc20	FUN_0055dc20	lib	other
55dc30	operator_new[]	lib	crtstl
55dc60	FUN_0055dc60	lib	other
55ddd0	FUN_0055ddd0	lib	other
55e010	FUN_0055e010	lib	audit
55e040	FUN_0055e040	lib	other
55e0d0	FUN_0055e0d0	lib	sqlite
55e2a0	FUN_0055e2a0	lib	sqlite
55e380	FUN_0055e380	lib	audit
55e3f0	FUN_0055e3f0	lib	other
55e450	FUN_0055e450	lib	sqlite
55e4f0	FUN_0055e4f0	lib	sqlite
55e5f0	FUN_0055e5f0	lib	other
55e6e0	FUN_0055e6e0	lib	other
55e870	FUN_0055e870	lib	other
55e900	FUN_0055e900	lib	audit
55e930	FUN_0055e930	lib	audit
55e990	FUN_0055e990	lib	sqlite
55ea00	FUN_0055ea00	lib	audit
55ea20	FUN_0055ea20	lib	audit
55ea40	FUN_0055ea40	lib	audit
55ea60	FUN_0055ea60	lib	audit
55eaf0	FUN_0055eaf0	lib	other
55eb70	FUN_0055eb70	lib	audit
55ed20	FUN_0055ed20	lib	sqlite
55ee10	FUN_0055ee10	lib	sqlite
55ee50	FUN_0055ee50	lib	audit
55ef90	FUN_0055ef90	lib	sqlite
55f050	FUN_0055f050	lib	audit
55f260	FUN_0055f260	lib	audit
55f2b0	FUN_0055f2b0	lib	sqlite
55f310	FUN_0055f310	lib	sqlite
55f340	FUN_0055f340	lib	other
55f390	FUN_0055f390	lib	audit
55f550	FUN_0055f550	lib	audit
55f9c0	FUN_0055f9c0	lib	sqlite
55faf0	FUN_0055faf0	lib	audit
55fb70	FUN_0055fb70	lib	audit
55fbc0	FUN_0055fbc0	lib	audit
55fc70	FUN_0055fc70	lib	audit
55fd60	FUN_0055fd60	lib	audit
55fda0	FUN_0055fda0	lib	sqlite
55fe80	FUN_0055fe80	lib	audit
55ffb0	FUN_0055ffb0	lib	sqlite
560030	FUN_00560030	lib	audit
560280	FUN_00560280	lib	audit
5602d0	FUN_005602d0	lib	audit
560300	FUN_00560300	lib	sqlite
560330	FUN_00560330	lib	audit
560540	FUN_00560540	lib	audit
560af0	FUN_00560af0	lib	sqlite
560c30	FUN_00560c30	lib	sqlite
560c70	FUN_00560c70	lib	audit
560cd0	FUN_00560cd0	lib	audit
560e50	FUN_00560e50	lib	audit
560e90	FUN_00560e90	lib	audit
561000	FUN_00561000	lib	audit
561050	FUN_00561050	lib	audit
5610a0	FUN_005610a0	lib	audit
561110	FUN_00561110	lib	audit
561130	FUN_00561130	lib	audit
5611b0	FUN_005611b0	lib	audit
561270	FUN_00561270	lib	sqlite
5631b0	FUN_005631b0	lib	audit
563550	FUN_00563550	lib	other
563650	FUN_00563650	lib	audit
563680	FUN_00563680	lib	sqlite
563780	FUN_00563780	lib	sqlite
5637c0	FUN_005637c0	lib	sqlite
563800	FUN_00563800	lib	audit
563950	FUN_00563950	lib	sqlite
563bf0	FUN_00563bf0	lib	audit
563c80	FUN_00563c80	lib	audit
563d20	FUN_00563d20	lib	sqlite
563e10	FUN_00563e10	lib	sqlite
563f80	FUN_00563f80	lib	sqlite
563fb0	FUN_00563fb0	lib	other
564000	FUN_00564000	lib	other
564060	FUN_00564060	lib	sqlite
5640a0	FUN_005640a0	lib	other
564180	FUN_00564180	lib	sqlite
564230	FUN_00564230	lib	other
564270	FUN_00564270	lib	other
564340	FUN_00564340	lib	sqlite
564420	FUN_00564420	lib	sqlite
564480	FUN_00564480	lib	sqlite
5644e0	FUN_005644e0	lib	audit
564590	FUN_00564590	lib	sqlite
564630	FUN_00564630	lib	sqlite
564690	FUN_00564690	lib	sqlite
564800	FUN_00564800	lib	sqlite
564bb0	FUN_00564bb0	lib	sqlite
564f10	FUN_00564f10	lib	audit
564f90	FUN_00564f90	lib	sqlite
565020	FUN_00565020	lib	audit
565140	FUN_00565140	lib	audit
565260	FUN_00565260	lib	other
5652a0	FUN_005652a0	lib	audit
5653d0	FUN_005653d0	lib	audit
5654f0	FUN_005654f0	lib	sqlite
566d10	FUN_00566d10	lib	audit
566d40	FUN_00566d40	lib	other
566e60	FUN_00566e60	lib	sqlite
566e90	FUN_00566e90	lib	other
567060	FUN_00567060	lib	other
5670f0	FUN_005670f0	lib	audit
567180	FUN_00567180	lib	sqlite
567240	FUN_00567240	lib	sqlite
567310	FUN_00567310	lib	other
567370	FUN_00567370	lib	audit
567420	FUN_00567420	lib	other
567680	FUN_00567680	lib	other
5677a0	FUN_005677a0	lib	sqlite
5677f0	FUN_005677f0	lib	other
567840	FUN_00567840	lib	sqlite
567880	FUN_00567880	lib	sqlite
567c40	FUN_00567c40	lib	audit
567c70	FUN_00567c70	lib	audit
567ca0	FUN_00567ca0	lib	audit
567e70	FUN_00567e70	lib	audit
567fb0	FUN_00567fb0	lib	audit
568030	FUN_00568030	lib	audit
568070	FUN_00568070	lib	audit
5680a0	FUN_005680a0	lib	sqlite
568100	FUN_00568100	lib	other
5681e0	FUN_005681e0	lib	other
5682d0	FUN_005682d0	lib	audit
568420	FUN_00568420	lib	sqlite
5684e0	FUN_005684e0	lib	sqlite
568560	FUN_00568560	lib	sqlite
568620	FUN_00568620	lib	other
568690	FUN_00568690	lib	sqlite
568700	FUN_00568700	lib	sqlite
5687a0	FUN_005687a0	lib	other
568810	FUN_00568810	lib	sqlite
5688b0	FUN_005688b0	lib	sqlite
568990	FUN_00568990	lib	sqlite
568a40	FUN_00568a40	lib	sqlite
568b40	FUN_00568b40	lib	sqlite
56a810	FUN_0056a810	lib	other
56a850	FUN_0056a850	lib	other
56a8f0	FUN_0056a8f0	lib	other
56a940	FUN_0056a940	lib	other
56a9b0	FUN_0056a9b0	lib	audit
56aa30	FUN_0056aa30	lib	audit
56b870	FUN_0056b870	lib	sqlite
56b910	FUN_0056b910	lib	audit
56b960	FUN_0056b960	lib	other
56bc90	FUN_0056bc90	lib	audit
56bce0	FUN_0056bce0	lib	audit
56bd90	FUN_0056bd90	lib	sqlite
56bdc0	FUN_0056bdc0	lib	other
56be30	FUN_0056be30	lib	other
56be90	FUN_0056be90	lib	other
56bef0	FUN_0056bef0	lib	other
56bf50	FUN_0056bf50	lib	other
56bfc0	FUN_0056bfc0	lib	other
56c070	FUN_0056c070	lib	sqlite
56c120	FUN_0056c120	lib	sqlite
56c220	FUN_0056c220	lib	sqlite
56c290	FUN_0056c290	lib	audit
56c2c0	FUN_0056c2c0	lib	sqlite
56c2e0	FUN_0056c2e0	lib	sqlite
56c300	FUN_0056c300	lib	sqlite
56c320	FUN_0056c320	lib	other
56c490	FUN_0056c490	lib	other
56c4b0	FUN_0056c4b0	lib	other
56c500	FUN_0056c500	lib	sqlite
56c560	FUN_0056c560	lib	audit
56c6b0	FUN_0056c6b0	lib	sqlite
56c7b0	FUN_0056c7b0	lib	other
56c810	FUN_0056c810	lib	sqlite
56c8b0	FUN_0056c8b0	lib	other
56c910	FUN_0056c910	lib	audit
56c960	FUN_0056c960	lib	sqlite
56c9c0	FUN_0056c9c0	lib	sqlite
573170	FUN_00573170	lib	sqlite
5734d0	FUN_005734d0	lib	audit
573540	FUN_00573540	lib	sqlite
5735f0	FUN_005735f0	lib	sqlite
573650	FUN_00573650	lib	sqlite
5736b0	FUN_005736b0	lib	sqlite
5736e0	FUN_005736e0	lib	other
573740	FUN_00573740	lib	sqlite
573a20	FUN_00573a20	lib	sqlite
573ae0	FUN_00573ae0	lib	sqlite
573c40	FUN_00573c40	lib	sqlite
573cb0	FUN_00573cb0	lib	other
573d80	FUN_00573d80	lib	other
573db0	FUN_00573db0	lib	sqlite
573e30	FUN_00573e30	lib	audit
5741e0	FUN_005741e0	lib	other
574250	FUN_00574250	lib	sqlite
574570	FUN_00574570	lib	other
574600	FUN_00574600	lib	audit
574670	FUN_00574670	lib	audit
574710	FUN_00574710	lib	sqlite
5748c0	FUN_005748c0	lib	audit
5749e0	FUN_005749e0	lib	audit
574a70	FUN_00574a70	lib	sqlite
574af0	FUN_00574af0	lib	audit
574b60	FUN_00574b60	lib	sqlite
574bf0	FUN_00574bf0	lib	audit
574c50	FUN_00574c50	lib	other
574cd0	FUN_00574cd0	lib	sqlite
574d40	FUN_00574d40	lib	audit
574d80	FUN_00574d80	lib	audit
574df0	FUN_00574df0	lib	other
574ec0	FUN_00574ec0	lib	other
574f20	FUN_00574f20	lib	audit
574f70	FUN_00574f70	lib	sqlite
575040	FUN_00575040	lib	audit
575240	FUN_00575240	lib	other
5752a0	FUN_005752a0	lib	other
575310	FUN_00575310	lib	other
575350	FUN_00575350	lib	audit
5753f0	FUN_005753f0	lib	sqlite
575420	FUN_00575420	lib	audit
5758f0	FUN_005758f0	lib	other
5759b0	FUN_005759b0	lib	other
575a10	FUN_00575a10	lib	other
575bc0	FUN_00575bc0	lib	other
575ca0	FUN_00575ca0	lib	audit
575e10	FUN_00575e10	lib	other
575e30	FUN_00575e30	lib	other
576090	FUN_00576090	lib	sqlite
576140	FUN_00576140	lib	sqlite
576250	FUN_00576250	lib	sqlite
576270	FUN_00576270	lib	other
5762b0	FUN_005762b0	lib	audit
576330	FUN_00576330	lib	other
576360	FUN_00576360	lib	sqlite
576430	FUN_00576430	lib	sqlite
5764e0	FUN_005764e0	lib	sqlite
5765a0	FUN_005765a0	lib	sqlite
576660	FUN_00576660	lib	sqlite
576940	FUN_00576940	lib	sqlite
5769c0	FUN_005769c0	lib	sqlite
576a80	FUN_00576a80	lib	audit
576ba0	FUN_00576ba0	lib	sqlite
576bd0	FUN_00576bd0	lib	other
576d10	FUN_00576d10	lib	sqlite
576d50	FUN_00576d50	lib	sqlite
576df0	FUN_00576df0	lib	sqlite
576ed0	FUN_00576ed0	lib	other
576fe0	FUN_00576fe0	lib	sqlite
577100	FUN_00577100	lib	sqlite
577190	FUN_00577190	lib	audit
5771f0	FUN_005771f0	lib	sqlite
577380	FUN_00577380	lib	other
577410	FUN_00577410	lib	sqlite
577550	FUN_00577550	lib	sqlite
5775d0	FUN_005775d0	lib	sqlite
5776a0	FUN_005776a0	lib	audit
5776d0	FUN_005776d0	lib	audit
577740	FUN_00577740	lib	audit
577a60	FUN_00577a60	lib	sqlite
577b00	FUN_00577b00	lib	audit
577c80	FUN_00577c80	lib	audit
577d90	FUN_00577d90	lib	other
577dd0	FUN_00577dd0	lib	audit
577e30	FUN_00577e30	lib	audit
5782f0	FUN_005782f0	lib	audit
578400	FUN_00578400	lib	audit
5785a0	FUN_005785a0	lib	audit
578680	FUN_00578680	lib	other
578710	FUN_00578710	lib	other
578760	FUN_00578760	lib	other
578810	FUN_00578810	lib	other
5788a0	FUN_005788a0	lib	other
5794a0	FUN_005794a0	lib	other
579a80	FUN_00579a80	lib	sqlite
579aa0	FUN_00579aa0	lib	audit
579d80	FUN_00579d80	lib	sqlite
579e10	FUN_00579e10	lib	other
579f80	FUN_00579f80	lib	audit
57a1b0	FUN_0057a1b0	lib	other
57a220	FUN_0057a220	lib	audit
57a2c0	FUN_0057a2c0	lib	other
57a310	FUN_0057a310	lib	other
57a3c0	FUN_0057a3c0	lib	other
57a3f0	FUN_0057a3f0	lib	sqlite
57a410	FUN_0057a410	lib	other
57a480	FUN_0057a480	lib	audit
57a580	FUN_0057a580	lib	sqlite
57a790	FUN_0057a790	lib	sqlite
57a870	FUN_0057a870	lib	audit
57a8b0	FUN_0057a8b0	lib	audit
57a9b0	FUN_0057a9b0	lib	audit
57aa80	FUN_0057aa80	lib	other
57ab40	FUN_0057ab40	lib	other
57ab80	FUN_0057ab80	lib	other
57ac30	FUN_0057ac30	lib	audit
57ae20	FUN_0057ae20	lib	other
57af50	FUN_0057af50	lib	sqlite
57b020	FUN_0057b020	lib	sqlite
57b080	FUN_0057b080	lib	other
57b180	FUN_0057b180	lib	other
57b1e0	FUN_0057b1e0	lib	other
57b270	FUN_0057b270	lib	other
57b2f0	FUN_0057b2f0	lib	other
57b3b0	FUN_0057b3b0	lib	sqlite
57b9f0	FUN_0057b9f0	lib	sqlite
57c220	FUN_0057c220	lib	other
57c2a0	FUN_0057c2a0	lib	sqlite
57c9c0	FUN_0057c9c0	lib	sqlite
57ca80	FUN_0057ca80	lib	sqlite
57cb20	FUN_0057cb20	lib	sqlite
57cc30	FUN_0057cc30	lib	sqlite
57ccb0	FUN_0057ccb0	lib	other
57ce10	FUN_0057ce10	lib	sqlite
57ced0	FUN_0057ced0	lib	sqlite
57d000	FUN_0057d000	lib	sqlite
57d0a0	FUN_0057d0a0	lib	sqlite
57d110	FUN_0057d110	lib	sqlite
57d1b0	FUN_0057d1b0	lib	sqlite
57d290	FUN_0057d290	lib	audit
57d3f0	FUN_0057d3f0	lib	audit
57d440	FUN_0057d440	lib	other
57d530	FUN_0057d530	lib	other
57d830	FUN_0057d830	lib	audit
57d880	FUN_0057d880	lib	audit
57d8d0	FUN_0057d8d0	lib	audit
57dc30	FUN_0057dc30	lib	audit
57dcf0	FUN_0057dcf0	lib	audit
57dda0	FUN_0057dda0	lib	audit
57deb0	FUN_0057deb0	lib	audit
57df70	FUN_0057df70	lib	audit
57e060	FUN_0057e060	lib	audit
57e140	FUN_0057e140	lib	audit
57e260	FUN_0057e260	lib	audit
57e3a0	FUN_0057e3a0	lib	audit
57e710	FUN_0057e710	lib	audit
57e910	FUN_0057e910	lib	audit
57e9f0	FUN_0057e9f0	lib	audit
57eb80	FUN_0057eb80	lib	audit
57ec20	FUN_0057ec20	lib	audit
57eca0	FUN_0057eca0	lib	audit
57ed80	FUN_0057ed80	lib	audit
57efa0	FUN_0057efa0	lib	audit
57f130	FUN_0057f130	lib	audit
57f400	FUN_0057f400	lib	audit
57f430	FUN_0057f430	lib	audit
57f4e0	FUN_0057f4e0	lib	other
57f560	FUN_0057f560	lib	other
57f660	FUN_0057f660	lib	sqlite
57f6d0	FUN_0057f6d0	lib	other
57f770	FUN_0057f770	lib	other
57f7c0	FUN_0057f7c0	lib	sqlite
57f890	FUN_0057f890	lib	other
57f980	FUN_0057f980	lib	other
57fa50	FUN_0057fa50	lib	other
57fb10	FUN_0057fb10	lib	other
57fb50	FUN_0057fb50	lib	other
57fe70	FUN_0057fe70	lib	other
57ff40	FUN_0057ff40	lib	other
580010	FUN_00580010	lib	audit
580050	FUN_00580050	lib	audit
580270	FUN_00580270	lib	audit
580420	FUN_00580420	lib	other
580450	FUN_00580450	lib	other
5804f0	FUN_005804f0	lib	other
580a70	FUN_00580a70	lib	sqlite
580ac0	FUN_00580ac0	lib	sqlite
580b00	FUN_00580b00	lib	sqlite
580c40	FUN_00580c40	lib	sqlite
580cd0	FUN_00580cd0	lib	sqlite
5830c0	FUN_005830c0	lib	audit
583190	FUN_00583190	lib	other
583270	ctor_0	game	StartMenuWidget
583320	vfunc_1	game	StartMenuWidget
583b40	ctor_0	game	StatisticsWidget
583be0	vfunc_1	game	StatisticsWidget
583bf0	FUN_00583bf0	lib	other
583cb0	FUN_00583cb0	gamemisc	game_misc
583cd0	FUN_00583cd0	lib	audit
583d5b	Catch_All@00583d5b	lib	crtstl
583da0	FUN_00583da0	lib	other
583e80	FUN_00583e80	lib	other
583f70	ctor_0	gamemisc	game_misc
583fc0	ctor_0	gamemisc	game_misc
584010	ctor_0	gamemisc	game_misc
584060	ctor_0	gamemisc	game_misc
5840b0	ctor_0	gamemisc	game_misc
584100	ctor_0	gamemisc	game_misc
584150	ctor_0	gamemisc	game_misc
5841a0	ctor_0	gamemisc	game_misc
5841f0	ctor_0	gamemisc	game_misc
584240	FUN_00584240	lib	other
5842d0	FUN_005842d0	lib	audit
584300	ctor_0	game	GameController
584eb0	FUN_00584eb0	lib	other
584fb0	FUN_00584fb0	lib	other
5856b0	FUN_005856b0	lib	other
585760	FUN_00585760	lib	audit
5857d0	FUN_005857d0	lib	audit
585840	FUN_00585840	lib	other
585870	FUN_00585870	lib	other
585880	FUN_00585880	lib	other
5858c0	vfunc_0	lib	other
585950	vfunc_0	lib	other
585970	vfunc_0	lib	other
585990	vfunc_0	lib	other
5859b0	vfunc_0	lib	other
5859d0	vfunc_0	lib	other
5859f0	FUN_005859f0	lib	other
585ad0	vfunc_0	lib	other
585af0	FUN_00585af0	lib	other
585be0	vfunc_0	lib	other
585c00	vfunc_0	lib	other
585c90	vfunc_0	lib	other
585d20	vfunc_0	lib	other
585d40	vfunc_0	lib	other
585dd0	vfunc_0	lib	other
585e60	vfunc_0	lib	other
585ef0	FUN_00585ef0	lib	other
585fa0	FUN_00585fa0	lib	other
586090	FUN_00586090	lib	other
5861b0	FUN_005861b0	lib	other
586250	FUN_00586250	lib	other
586340	FUN_00586340	lib	other
5864c0	FUN_005864c0	lib	other
5865b0	FUN_005865b0	lib	other
5866a0	FUN_005866a0	lib	other
586730	FUN_00586730	lib	other
586780	FUN_00586780	lib	other
5868a0	FUN_005868a0	lib	other
586980	FUN_00586980	lib	other
586a80	FUN_00586a80	lib	other
586b90	FUN_00586b90	lib	other
586bb0	FUN_00586bb0	lib	other
586bc0	FUN_00586bc0	lib	other
586be0	FUN_00586be0	lib	other
586c00	FUN_00586c00	lib	other
586c20	FUN_00586c20	lib	other
586c40	FUN_00586c40	lib	other
586c60	FUN_00586c60	lib	other
586c80	FUN_00586c80	lib	other
586ca0	FUN_00586ca0	lib	other
586cd0	FUN_00586cd0	lib	other
586ce0	FUN_00586ce0	lib	other
586d70	FUN_00586d70	lib	other
586e00	FUN_00586e00	lib	other
587020	FUN_00587020	lib	other
587070	FUN_00587070	lib	other
5870c0	FUN_005870c0	lib	audit
587140	FUN_00587140	lib	other
587160	FUN_00587160	lib	other
587180	FUN_00587180	lib	other
5871f0	FUN_005871f0	lib	other
587290	FUN_00587290	lib	other
587350	FUN_00587350	lib	other
587460	ctor_11	lib	crtstl
587660	ctor_0	game	SystemWidget
587710	vfunc_1	game	SystemWidget
587f30	FUN_00587f30	gamemisc	game_misc
587f70	ctor_0	game	VoxelWidget
5881b0	vfunc_0	game	VoxelWidget
588250	FUN_00588250	game	GameController
588500	ctor_10	game	GameController
58c440	FUN_0058c440	game	AdaptionWidget
58ce20	FUN_0058ce20	game	GameController
58ce40	FUN_0058ce40	game	GameController
58ce60	FUN_0058ce60	lib	audit
58ceb0	FUN_0058ceb0	lib	audit
58cf4d	Catch_All@0058cf4d	lib	crtstl
58cf60	ctor_0	game	WalkPathBehavior
58cfa0	ctor_1	game	WalkPathBehavior
58cfe0	FUN_0058cfe0	lib	audit
58d050	vfunc_0	game	WalkPathBehavior
58d630	vfunc_1	game	WalkPathBehavior
58d6c0	FUN_0058d6c0	gamemisc	game_misc
58d6f0	FUN_0058d6f0	game	World
58d710	FUN_0058d710	gamemisc	game_misc
58d730	FUN_0058d730	game	GameController
58d7a0	FUN_0058d7a0	lib	audit
58d860	FUN_0058d860	lib	audit
58d8b0	FUN_0058d8b0	gamemisc	game_misc
58d8f0	FUN_0058d8f0	lib	other
58d930	FUN_0058d930	gamemisc	game_misc
58d970	FUN_0058d970	game	Zone
58d9f0	FUN_0058d9f0	lib	audit
58dc20	FUN_0058dc20	lib	audit
58de50	FUN_0058de50	lib	audit
58e080	FUN_0058e080	lib	audit
58e27f	Catch_All@0058e27f	lib	crtstl
58e2d0	FUN_0058e2d0	lib	audit
58e4a4	Catch_All@0058e4a4	lib	crtstl
58e4c0	FUN_0058e4c0	lib	audit
58e628	Catch_All@0058e628	lib	crtstl
58e640	FUN_0058e640	lib	audit
58e7ad	Catch_All@0058e7ad	lib	crtstl
58e7d0	FUN_0058e7d0	lib	audit
58e8af	Catch_All@0058e8af	lib	crtstl
58e8e0	FUN_0058e8e0	lib	other
58e94c	Catch_All@0058e94c	lib	crtstl
58e990	FUN_0058e990	lib	crtstl
58e9e0	FUN_0058e9e0	game	World
58e9f0	FUN_0058e9f0	gamemisc	game_misc
58ea10	FUN_0058ea10	gamemisc	game_misc
58eaa0	FUN_0058eaa0	gamemisc	game_misc
58eb00	ctor_1	game	World
593df0	FUN_00593df0	lib	other
593e20	FUN_00593e20	game	GameController
593e50	FUN_00593e50	lib	audit
593e80	FUN_00593e80	gamemisc	game_misc
593ed0	ctor_0	game	World
5943b0	FUN_005943b0	game	World
5944c0	FUN_005944c0	game	World
5945b0	FUN_005945b0	lib	other
5945d0	FUN_005945d0	gamemisc	game_misc
594600	FUN_00594600	gamemisc	game_misc
594620	FUN_00594620	gamemisc	game_misc
594660	FUN_00594660	gamemisc	game_misc
594690	FUN_00594690	gamemisc	game_misc
5946c0	vfunc_0	game	World
5946f0	FUN_005946f0	lib	audit
594720	FUN_00594720	lib	audit
594760	FUN_00594760	lib	crtstl
5947a0	FUN_005947a0	lib	crtstl
5947e0	FUN_005947e0	lib	other
594840	FUN_00594840	lib	audit
594890	FUN_00594890	lib	audit
5948d0	FUN_005948d0	lib	audit
5949ae	Catch_All@005949ae	lib	crtstl
5949d0	FUN_005949d0	lib	audit
594ab7	Catch_All@00594ab7	lib	crtstl
594ad0	FUN_00594ad0	lib	audit
594b40	FUN_00594b40	lib	audit
594bf0	FUN_00594bf0	lib	crtstl
594c80	FUN_00594c80	game	GameController
595010	FUN_00595010	game	GameController
5953a0	FUN_005953a0	game	GameController
5957c0	FUN_005957c0	game	CombatBehavior
595850	FUN_00595850	lib	other
595a60	FUN_00595a60	gamemisc	game_misc
596ca0	FUN_00596ca0	game	CombatBehavior
596d30	FUN_00596d30	gamemisc	game_misc
598840	FUN_00598840	game	GameController
5988a0	FUN_005988a0	game	GameController
598930	FUN_00598930	gamemisc	game_misc
5989d0	FUN_005989d0	gamemisc	game_misc
598a50	ctor_6	game	GameController
59a0e0	FUN_0059a0e0	game	ChunkBuffer
59a800	FUN_0059a800	gamemisc	game_misc
59a9b0	FUN_0059a9b0	gamemisc	game_misc
59aa60	FUN_0059aa60	game	GameController
59aaf0	FUN_0059aaf0	game	ChunkBuffer
59aba0	FUN_0059aba0	gamemisc	game_misc
59aeb0	FUN_0059aeb0	gamemisc	game_misc
59b180	FUN_0059b180	gamemisc	game_misc
59c480	FUN_0059c480	gamemisc	game_misc
59c490	FUN_0059c490	lib	other
59c550	FUN_0059c550	lib	other
59c800	FUN_0059c800	lib	audit
59c840	FUN_0059c840	lib	audit
59c890	FUN_0059c890	gamemisc	game_misc
59cbf0	FUN_0059cbf0	gamemisc	game_misc
59cff0	FUN_0059cff0	game	GameController
59d640	FUN_0059d640	game	GameController
59ed30	FUN_0059ed30	game	RandomInteractionBehavior
59ee90	FUN_0059ee90	gamemisc	game_misc
59f070	FUN_0059f070	gamemisc	game_misc
59f0a0	FUN_0059f0a0	lib	audit
59f850	FUN_0059f850	lib	audit
59fb90	FUN_0059fb90	game	GameController
59fbf0	FUN_0059fbf0	game	GameController
59fc90	FUN_0059fc90	gamemisc	game_misc
59fe70	FUN_0059fe70	game	World
59fea0	FUN_0059fea0	gamemisc	game_misc
59ff50	FUN_0059ff50	gamemisc	game_misc
59ff60	FUN_0059ff60	game	GameController
5a02d0	FUN_005a02d0	game	GameController
5a03d0	FUN_005a03d0	game	GameController
5a0910	FUN_005a0910	game	GameController
5a0970	FUN_005a0970	game	CombatBehavior
5a0bf0	FUN_005a0bf0	game	GameController
5a0d80	FUN_005a0d80	lib	audit
5a0e00	FUN_005a0e00	lib	audit
5a0ed0	FUN_005a0ed0	game	GameController
5a35d0	FUN_005a35d0	game	GameController
5a4710	FUN_005a4710	game	GameController
5a4780	FUN_005a4780	game	WorldInfo
5a4800	FUN_005a4800	game	WorldInfo
5a4890	FUN_005a4890	game	WorldInfo
5a4980	FUN_005a4980	lib	other
5a4af0	ctor_17	lib	crtstl
5a5050	ctor_13	lib	crtstl
5a5240	FUN_005a5240	game	GameController
5a52e0	ctor_15	lib	crtstl
5a58e0	FUN_005a58e0	gamemisc	game_misc
5a5a10	FUN_005a5a10	gamemisc	game_misc
5a5a30	FUN_005a5a30	gamemisc	game_misc
5a5a50	FUN_005a5a50	gamemisc	game_misc
5a5a60	FUN_005a5a60	lib	crtstl
5a5af0	FUN_005a5af0	lib	other
5a5b10	FUN_005a5b10	gamemisc	game_misc
5a5b40	FUN_005a5b40	gamemisc	game_misc
5a5bc0	FUN_005a5bc0	gamemisc	game_misc
5a5cb0	FUN_005a5cb0	game	GameController
5a5f60	FUN_005a5f60	lib	other
5a6270	FUN_005a6270	gamemisc	game_misc
5a64b0	FUN_005a64b0	game	World
5a6550	FUN_005a6550	game	World
5a6a00	FUN_005a6a00	gamemisc	game_misc
5a6a70	FUN_005a6a70	game	GameController
5a6ab0	FUN_005a6ab0	lib	audit
5a6b48	Catch_All@005a6b48	lib	crtstl
5a6b60	FUN_005a6b60	game	GameController
5a6ba0	FUN_005a6ba0	lib	audit
5a6c11	Catch_All@005a6c11	lib	crtstl
5a6c30	FUN_005a6c30	gamemisc	game_misc
5a6c60	FUN_005a6c60	lib	audit
5a6ce0	FUN_005a6ce0	lib	audit
5a6d7f	Catch_All@005a6d7f	lib	crtstl
5a6da0	FUN_005a6da0	lib	audit
5a6e3f	Catch_All@005a6e3f	lib	crtstl
5a6e60	FUN_005a6e60	lib	audit
5a7090	FUN_005a7090	lib	audit
5a7290	FUN_005a7290	lib	audit
5a74cc	Catch_All@005a74cc	lib	crtstl
5a7520	FUN_005a7520	lib	audit
5a7691	Catch_All@005a7691	lib	crtstl
5a7700	FUN_005a7700	lib	audit
5a7876	Catch_All@005a7876	lib	crtstl
5a78a0	FUN_005a78a0	gamemisc	game_misc
5a7900	FUN_005a7900	lib	audit
5a7990	FUN_005a7990	lib	audit
5a7a1f	Catch_All@005a7a1f	lib	crtstl
5a7a40	FUN_005a7a40	gamemisc	game_misc
5a7a70	FUN_005a7a70	gamemisc	game_misc
5a7b50	FUN_005a7b50	gamemisc	game_misc
5a7b90	FUN_005a7b90	gamemisc	game_misc
5a7bd0	FUN_005a7bd0	lib	crtstl
5a7c10	FUN_005a7c10	lib	audit
5a7c90	FUN_005a7c90	gamemisc	game_misc
5a7e60	FUN_005a7e60	lib	audit
5a7eb0	FUN_005a7eb0	game	GameController
5a9ca0	FUN_005a9ca0	gamemisc	game_misc
5a9d40	FUN_005a9d40	gamemisc	game_misc
5a9da0	FUN_005a9da0	game	GameController
5a9e50	FUN_005a9e50	gamemisc	game_misc
5a9f90	FUN_005a9f90	gamemisc	game_misc
5aaab0	FUN_005aaab0	gamemisc	game_misc
5ad320	FUN_005ad320	gamemisc	game_misc
5adb20	ctor_0	game	Spawn
5adca0	ctor_1	game	Spawn
5addb0	vfunc_0	game	Spawn
5adde0	FUN_005adde0	gamemisc	game_misc
5ade10	FUN_005ade10	lib	audit
5ade60	FUN_005ade60	lib	audit
5adf30	Catch_All@005adf30	lib	crtstl
5adf50	FUN_005adf50	lib	audit
5ae000	FUN_005ae000	gamemisc	game_misc
5ae040	FUN_005ae040	lib	audit
5ae0d0	FUN_005ae0d0	lib	audit
5ae140	FUN_005ae140	lib	audit
5ae240	FUN_005ae240	lib	audit
5ae310	FUN_005ae310	lib	audit
5ae3c0	FUN_005ae3c0	lib	audit
5ae460	FUN_005ae460	lib	audit
5ae4a0	FUN_005ae4a0	lib	audit
5ae540	FUN_005ae540	lib	audit
5ae630	FUN_005ae630	lib	audit
5ae690	FUN_005ae690	lib	audit
5ae8c0	FUN_005ae8c0	lib	audit
5ae900	FUN_005ae900	lib	other
5ae950	FUN_005ae950	lib	audit
5ae9a0	FUN_005ae9a0	lib	audit
5ae9f0	FUN_005ae9f0	lib	crtstl
5aea50	FUN_005aea50	gamemisc	game_misc
5aea70	FUN_005aea70	lib	audit
5aea90	FUN_005aea90	lib	audit
5aeb2c	Catch_All@005aeb2c	lib	crtstl
5aeb40	ctor_0	game	House
5aec90	FUN_005aec90	gamemisc	game_misc
5aecd0	FUN_005aecd0	lib	audit
5aed20	ctor_1	game	House
5aedf0	FUN_005aedf0	lib	audit
5aee10	vfunc_0	game	House
5aee40	FUN_005aee40	lib	audit
5aee90	FUN_005aee90	lib	audit
5aef74	Catch_All@005aef74	lib	crtstl
5aef90	FUN_005aef90	lib	audit
5af04c	Catch_All@005af04c	lib	crtstl
5af070	FUN_005af070	lib	audit
5af0e0	FUN_005af0e0	lib	audit
5af160	FUN_005af160	lib	audit
5af170	FUN_005af170	gamemisc	game_misc
5bf470	FUN_005bf470	lib	audit
5bf4f0	FUN_005bf4f0	lib	audit
5bf5b0	FUN_005bf5b0	gamemisc	game_misc
5bf7c0	FUN_005bf7c0	gamemisc	game_misc
5bfd70	FUN_005bfd70	gamemisc	game_misc
5bff10	FUN_005bff10	gamemisc	game_misc
5bffd0	FUN_005bffd0	lib	audit
5c00e3	Catch_All@005c00e3	lib	crtstl
5c0100	FUN_005c0100	lib	audit
5c0120	FUN_005c0120	gamemisc	game_misc
5c0150	FUN_005c0150	gamemisc	game_misc
5c0170	FUN_005c0170	gamemisc	game_misc
5c0210	FUN_005c0210	lib	other
5c02b0	FUN_005c02b0	gamemisc	game_misc
5c0350	FUN_005c0350	lib	other
5c03f0	FUN_005c03f0	game	ChunkBuffer
5c0420	FUN_005c0420	lib	audit
5c0630	FUN_005c0630	lib	audit
5c082f	Catch_All@005c082f	lib	crtstl
5c0880	FUN_005c0880	lib	audit
5c0ab5	Catch_All@005c0ab5	lib	crtstl
5c0b10	FUN_005c0b10	lib	audit
5c0c4e	Catch_All@005c0c4e	lib	crtstl
5c0c70	FUN_005c0c70	lib	audit
5c0dee	Catch_All@005c0dee	lib	crtstl
5c0e10	FUN_005c0e10	gamemisc	game_misc
5c0ef0	FUN_005c0ef0	lib	other
5c0f80	FUN_005c0f80	gamemisc	game_misc
5c1060	FUN_005c1060	lib	other
5c1100	FUN_005c1100	gamemisc	game_misc
5c1260	FUN_005c1260	lib	audit
5c1380	FUN_005c1380	gamemisc	game_misc
5c14e0	FUN_005c14e0	lib	audit
5c1600	FUN_005c1600	lib	other
5c1690	FUN_005c1690	lib	other
5c1720	FUN_005c1720	gamemisc	game_misc
5c1ab0	FUN_005c1ab0	lib	other
5c1b60	FUN_005c1b60	gamemisc	game_misc
5c1ef0	FUN_005c1ef0	lib	other
5c1fa0	FUN_005c1fa0	lib	audit
5c2070	FUN_005c2070	gamemisc	game_misc
5c20f0	FUN_005c20f0	lib	audit
5c2170	FUN_005c2170	gamemisc	game_misc
5c21f0	FUN_005c21f0	lib	audit
5c2270	FUN_005c2270	game	GameController
5c23b0	FUN_005c23b0	lib	audit
5c24f0	FUN_005c24f0	game	GameController
5c2630	FUN_005c2630	lib	audit
5c2770	FUN_005c2770	game	GameController
5c2830	FUN_005c2830	lib	audit
5c28e0	FUN_005c28e0	game	GameController
5c29a0	FUN_005c29a0	lib	audit
5c2a50	FUN_005c2a50	game	GameController
5c2da0	FUN_005c2da0	lib	audit
5c3010	FUN_005c3010	game	GameController
5c3360	FUN_005c3360	lib	audit
5c36a0	FUN_005c36a0	lib	audit
5c36e0	FUN_005c36e0	lib	audit
5c3756	Catch_All@005c3756	lib	crtstl
5c3790	FUN_005c3790	lib	audit
5c37d0	FUN_005c37d0	gamemisc	game_misc
5c3820	FUN_005c3820	gamemisc	game_misc
5c3840	FUN_005c3840	gamemisc	game_misc
5c3860	FUN_005c3860	gamemisc	game_misc
5c3880	FUN_005c3880	gamemisc	game_misc
5c38a0	FUN_005c38a0	gamemisc	game_misc
5c38c0	ctor_0	game	Dungeon
5c3950	FUN_005c3950	gamemisc	game_misc
5c39e0	FUN_005c39e0	gamemisc	game_misc
5c3a90	FUN_005c3a90	gamemisc	game_misc
5c3ac0	ctor_0	game	Region
5c3b70	FUN_005c3b70	gamemisc	game_misc
5c3bb0	FUN_005c3bb0	gamemisc	game_misc
5c3c60	ctor_1	game	Dungeon
5c3c70	FUN_005c3c70	gamemisc	game_misc
5c3cc0	ctor_1	game	Region
5c3d60	FUN_005c3d60	game	GameController
5c3de0	FUN_005c3de0	gamemisc	game_misc
5c3e80	FUN_005c3e80	gamemisc	game_misc
5c3ea0	FUN_005c3ea0	lib	audit
5c3ef0	FUN_005c3ef0	gamemisc	game_misc
5c3f30	FUN_005c3f30	lib	other
5c3f80	vfunc_0	game	Dungeon
5c3fb0	vfunc_0	game	Region
5c3fe0	FUN_005c3fe0	lib	audit
5c4040	FUN_005c4040	lib	audit
5c4114	Catch_All@005c4114	lib	crtstl
5c4130	FUN_005c4130	lib	audit
5c4211	Catch_All@005c4211	lib	crtstl
5c4230	FUN_005c4230	game	GameController
5c42ff	Catch_All@005c42ff	lib	crtstl
5c4320	FUN_005c4320	lib	audit
5c43d0	FUN_005c43d0	lib	audit
5c4480	FUN_005c4480	gamemisc	game_misc
5c4520	FUN_005c4520	gamemisc	game_misc
5c46f0	FUN_005c46f0	gamemisc	game_misc
5c4770	FUN_005c4770	gamemisc	game_misc
5c4800	FUN_005c4800	game	GameController
5c4dd0	FUN_005c4dd0	game	GameController
5c52a0	FUN_005c52a0	gamemisc	game_misc
5c56e0	FUN_005c56e0	gamemisc	game_misc
5c5e20	FUN_005c5e20	gamemisc	game_misc
5c7140	FUN_005c7140	gamemisc	game_misc
5c7730	FUN_005c7730	gamemisc	game_misc
5c8310	FUN_005c8310	gamemisc	game_misc
5c8350	FUN_005c8350	gamemisc	game_misc
5c8390	FUN_005c8390	gamemisc	game_misc
5c9b30	FUN_005c9b30	gamemisc	game_misc
5c9f90	FUN_005c9f90	gamemisc	game_misc
5ca0a0	FUN_005ca0a0	gamemisc	game_misc
5cade0	FUN_005cade0	gamemisc	game_misc
5cb0d0	FUN_005cb0d0	gamemisc	game_misc
5cb3b0	FUN_005cb3b0	gamemisc	game_misc
5cb550	FUN_005cb550	gamemisc	game_misc
5cb600	FUN_005cb600	gamemisc	game_misc
5cbe00	FUN_005cbe00	gamemisc	game_misc
5cc510	FUN_005cc510	gamemisc	game_misc
5d6040	FUN_005d6040	gamemisc	game_misc
5d7a70	FUN_005d7a70	game	GameController
5d7f60	FUN_005d7f60	gamemisc	game_misc
5d8750	FUN_005d8750	gamemisc	game_misc
5d9460	FUN_005d9460	gamemisc	game_misc
5d9ad0	FUN_005d9ad0	gamemisc	game_misc
5da280	ctor_5	game	GameController
5dc6e0	FUN_005dc6e0	gamemisc	game_misc
5df600	FUN_005df600	gamemisc	game_misc
5df960	FUN_005df960	gamemisc	game_misc
5e4850	FUN_005e4850	game	WorldInfo
5ee0f0	FUN_005ee0f0	gamemisc	game_misc
5ee4b0	FUN_005ee4b0	game	GameController
5ee540	FUN_005ee540	gamemisc	game_misc
5ee7a0	FUN_005ee7a0	gamemisc	game_misc
5eea40	FUN_005eea40	gamemisc	game_misc
5eea60	FUN_005eea60	gamemisc	game_misc
5eeee0	FUN_005eeee0	game	GameController
5eefa0	FUN_005eefa0	game	GameController
5ef040	FUN_005ef040	gamemisc	game_misc
5ef5a0	FUN_005ef5a0	gamemisc	game_misc
5ef6d0	FUN_005ef6d0	gamemisc	game_misc
5ef8f0	FUN_005ef8f0	lib	audit
5efdb0	FUN_005efdb0	gamemisc	game_misc
5effa0	FUN_005effa0	gamemisc	game_misc
5f0720	FUN_005f0720	game	GameController
5f0c80	FUN_005f0c80	gamemisc	game_misc
5f0ce0	FUN_005f0ce0	game	WorldInfo
5f4b50	FUN_005f4b50	game	WorldInfo
5f4ba0	FUN_005f4ba0	game	WorldInfo
5f4c30	FUN_005f4c30	gamemisc	game_misc
5f4d10	FUN_005f4d10	game	GameController
5f4da0	FUN_005f4da0	gamemisc	game_misc
5f51e0	FUN_005f51e0	game	GameController
5f56c0	FUN_005f56c0	game	WorldInfo
5f6d50	FUN_005f6d50	gamemisc	game_misc
5f6e20	FUN_005f6e20	gamemisc	game_misc
5f7400	FUN_005f7400	gamemisc	game_misc
5f77b0	FUN_005f77b0	lib	audit
5f7820	FUN_005f7820	gamemisc	game_misc
5f79e0	FUN_005f79e0	lib	audit
5f7a60	FUN_005f7a60	gamemisc	game_misc
5f8530	FUN_005f8530	game	WorldInfo
5f8590	FUN_005f8590	game	WorldInfo
5f8750	FUN_005f8750	gamemisc	game_misc
5f8960	FUN_005f8960	lib	audit
5f8ad0	FUN_005f8ad0	game	GameController
5f8e10	FUN_005f8e10	game	GameController
5f9340	FUN_005f9340	game	WorldInfo
5f9620	FUN_005f9620	gamemisc	game_misc
5f9bc0	FUN_005f9bc0	gamemisc	game_misc
5f9e10	FUN_005f9e10	gamemisc	game_misc
5f9e30	FUN_005f9e30	gamemisc	game_misc
5f9e50	FUN_005f9e50	gamemisc	game_misc
5f9f70	FUN_005f9f70	game	WorldInfo
5fa170	FUN_005fa170	gamemisc	game_misc
5fa3c0	FUN_005fa3c0	gamemisc	game_misc
5fa440	FUN_005fa440	gamemisc	game_misc
5fa4c0	FUN_005fa4c0	gamemisc	game_misc
5fa500	FUN_005fa500	gamemisc	game_misc
5fa5b0	FUN_005fa5b0	gamemisc	game_misc
5fa650	FUN_005fa650	gamemisc	game_misc
5fa750	FUN_005fa750	gamemisc	game_misc
5fa9e0	FUN_005fa9e0	gamemisc	game_misc
5faad0	FUN_005faad0	gamemisc	game_misc
5fab40	FUN_005fab40	gamemisc	game_misc
5fae00	FUN_005fae00	game	Zone
5fae40	ctor_1	game	WorldMap
5fb7f0	ctor_1	game	ZoneTile
5fb860	FUN_005fb860	lib	audit
5fb890	ctor_0	game	WorldMap
5fb960	ctor_0	game	ZoneTile
5fb9f0	FUN_005fb9f0	game	GameController
5fbaa0	vfunc_0	game	LandscapeTile
5fbad0	vfunc_0	game	WorldMap
5fbb00	vfunc_0	game	ZoneTile
5fbb30	FUN_005fbb30	lib	audit
5fbbed	Catch_All@005fbbed	lib	crtstl
5fbc10	FUN_005fbc10	lib	audit
5fbc90	ctor_2	lib	crtstl
5fbed0	FUN_005fbed0	lib	crtstl
5fc0d0	FUN_005fc0d0	game	GameController
5fc160	FUN_005fc160	game	GameController
5fc1b0	FUN_005fc1b0	game	GameController
601cb0	FUN_00601cb0	game	GameController
601cc0	FUN_00601cc0	game	GameController
601e90	FUN_00601e90	game	GameController
601ea0	FUN_00601ea0	gamemisc	game_misc
601eb0	FUN_00601eb0	lib	audit
601f00	FUN_00601f00	lib	audit
601f80	FUN_00601f80	game	WorldMap
602160	FUN_00602160	game	GameController
6022d0	FUN_006022d0	lib	crtstl
6023b0	FUN_006023b0	game	World
602440	FUN_00602440	game	GameController
6024d0	ctor_6	game	GameController
603230	ctor_3	lib	crtstl
603a00	ctor_1	game	GameController
6050b0	ctor_14	lib	crtstl
605420	ctor_16	lib	crtstl
605950	FUN_00605950	gamemisc	game_misc
605a20	ctor_0	game	WorldPreviewWidget
605ae0	ctor_21	game	GameController
6089c0	FUN_006089c0	gamemisc	game_misc
608a20	FUN_00608a20	lib	audit
608a60	FUN_00608a60	lib	audit
608a90	FUN_00608a90	lib	audit
608b12	Catch_All@00608b12	lib	crtstl
608b30	FUN_00608b30	lib	audit
608b8c	Catch_All@00608b8c	lib	crtstl
608ba0	FUN_00608ba0	gamemisc	game_misc
608c20	FUN_00608c20	lib	audit
608c80	FUN_00608c80	gamemisc	game_misc
608d1f	Catch_All@00608d1f	lib	crtstl
608d40	FUN_00608d40	gamemisc	game_misc
608db0	FUN_00608db0	lib	audit
608e37	Catch_All@00608e37	lib	crtstl
608e80	FUN_00608e80	gamemisc	game_misc
608ef6	Catch_All@00608ef6	lib	crtstl
608f20	FUN_00608f20	game	GameController
608f40	FUN_00608f40	gamemisc	game_misc
608f60	FUN_00608f60	gamemisc	game_misc
608ff0	FUN_00608ff0	gamemisc	game_misc
609080	FUN_00609080	lib	audit
609189	Catch_All@00609189	lib	crtstl
6091a0	FUN_006091a0	game	GameController
6091b0	FUN_006091b0	gamemisc	game_misc
6091d0	FUN_006091d0	gamemisc	game_misc
609210	FUN_00609210	lib	other
609280	FUN_00609280	gamemisc	game_misc
609320	FUN_00609320	lib	other
6093dc	Catch_All@006093dc	lib	crtstl
609400	FUN_00609400	lib	other
609480	FUN_00609480	gamemisc	game_misc
60a9f0	FUN_0060a9f0	game	GameController
60aa00	FUN_0060aa00	gamemisc	game_misc
60aa50	FUN_0060aa50	game	GameController
60aa60	FUN_0060aa60	gamemisc	game_misc
60aa70	FUN_0060aa70	lib	audit
60aac0	FUN_0060aac0	lib	other
60ab30	FUN_0060ab30	gamemisc	game_misc
60c510	FUN_0060c510	game	GameController
622d40	FUN_00622d40	game	GameController
622d60	ctor_0	game	Music
622da0	ctor_0	game	XAudio2Engine
622ef0	ctor_1	game	XAudio2Engine
623060	vfunc_0	game	Music
6230a0	vfunc_0	game	XAudio2Engine
6230d0	vfunc_8	game	XAudio2Engine
623100	FUN_00623100	game	XAudio2Engine
6231e0	FUN_006231e0	game	XAudio2Engine
623340	FUN_00623340	game	XAudio2Engine
6233a0	FUN_006233a0	game	XAudio2Engine
623410	vfunc_0	game	XAudio2Engine
623530	FUN_00623530	game	XAudio2Engine
623600	vfunc_4	game	XAudio2Engine
623610	vfunc_6	game	XAudio2Engine
623710	FUN_00623710	game	XAudio2Engine
623980	vfunc_1	game	XAudio2Engine
623a00	vfunc_5	game	XAudio2Engine
623a60	ctor_0	game	XAudio2Engine
623e60	vfunc_3	game	XAudio2Engine
623ee0	FUN_00623ee0	game	XAudio2Engine
6240b0	vfunc_2	game	XAudio2Engine
6240d0	FUN_006240d0	lib	other
6240f0	ctor_0	game	Zone
624340	FUN_00624340	lib	other
624390	ctor_1	game	Zone
624700	vfunc_0	game	Field
624760	vfunc_0	game	Zone
624790	FUN_00624790	gamemisc	game_misc
6247f0	FUN_006247f0	gamemisc	game_misc
624900	FUN_00624900	lib	audit
624a70	FUN_00624a70	lib	audit
624c70	FUN_00624c70	gamemisc	game_misc
624f80	FUN_00624f80	lib	audit
625130	FUN_00625130	gamemisc	game_misc
6255d0	FUN_006255d0	gamemisc	game_misc
625640	FUN_00625640	gamemisc	game_misc
625670	FUN_00625670	gamemisc	game_misc
625a30	FUN_00625a30	lib	other
625a60	FUN_00625a60	game	XAudio2Engine
625b70	FUN_00625b70	gamemisc	game_misc
625c00	FUN_00625c00	gamemisc	game_misc
6260c0	FUN_006260c0	gamemisc	game_misc
626740	FUN_00626740	game	XAudio2Engine
626a70	FUN_00626a70	game	XAudio2Engine
626ab0	FUN_00626ab0	gamemisc	game_misc
626de0	FUN_00626de0	game	XAudio2Engine
626e10	FUN_00626e10	gamemisc	game_misc
626f90	FUN_00626f90	gamemisc	game_misc
627120	FUN_00627120	gamemisc	game_misc
6271b0	FUN_006271b0	game	XAudio2Engine
6271f8	inflate	lib	crtstl
6271fe	inflateEnd	lib	crtstl
627204	compress	lib	crtstl
62720a	inflateInit_	lib	crtstl
627210	DirectInput8Create	lib	crtstl
627216	Direct3DCreate9	lib	crtstl
62721c	Ordinal_3	lib	crtstl
627222	Ordinal_4	lib	crtstl
627228	Ordinal_9	lib	crtstl
62722e	Ordinal_11	lib	crtstl
627234	Ordinal_16	lib	crtstl
62723a	Ordinal_19	lib	crtstl
627240	Ordinal_23	lib	crtstl
627246	Ordinal_52	lib	crtstl
62724c	Ordinal_115	lib	crtstl
627252	Ordinal_116	lib	crtstl
627260	ctor_4	gamemisc	game_misc
627450	ctor_5	game	AdaptionWidget
627670	FUN_00627670	lib	other
6276a0	ctor_0	gamemisc	game_misc
627810	FUN_00627810	lib	other
627850	vfunc_0	lib	other
6278a0	FUN_006278a0	game	AdaptionWidget
627c00	FUN_00627c00	game	SpeechWidget
627cb0	FUN_00627cb0	lib	other
627ce0	FUN_00627ce0	lib	audit
627d50	FUN_00627d50	lib	audit
627dc0	vfunc_40	game	AdaptionWidget
627e40	vfunc_0	game	AdaptionWidget
628f40	vfunc_41	game	AdaptionWidget
6290d0	FUN_006290d0	gamemisc	game_misc
629140	FUN_00629140	gamemisc	game_misc
6291d0	FUN_006291d0	gamemisc	game_misc
629200	FUN_00629200	lib	other
629220	FUN_00629220	lib	other
629240	FUN_00629240	lib	other
629280	FUN_00629280	lib	other
629300	FUN_00629300	game	AdaptionWidget
6294c0	FUN_006294c0	game	GameController
6294d0	FUN_006294d0	gamemisc	game_misc
6295a0	FUN_006295a0	game	AdaptionWidget
62a650	FUN_0062a650	gamemisc	game_misc
62a690	vfunc_35	game	AdaptionWidget
62a780	vfunc_36	game	AdaptionWidget
62a7b0	vfunc_39	game	AdaptionWidget
62a8b0	vfunc_7	game	AdaptionWidget
62a9e0	vfunc_11	game	AdaptionWidget
62abe0	vfunc_12	game	AdaptionWidget
62ac20	vfunc_21	game	AdaptionWidget
62af10	vfunc_9	game	AdaptionWidget
62b350	vfunc_8	game	AdaptionWidget
62b400	FUN_0062b400	gamemisc	game_misc
62b430	FUN_0062b430	game	AdaptionWidget
62b510	FUN_0062b510	game	AdaptionWidget
62b920	FUN_0062b920	game	AdaptionWidget
62ba50	FUN_0062ba50	game	AdaptionWidget
62baf0	FUN_0062baf0	game	GameController
62bb20	FUN_0062bb20	gamemisc	game_misc
62bb90	FUN_0062bb90	game	AdaptionWidget
62c570	FUN_0062c570	game	GameController
62c5b0	FUN_0062c5b0	game	AdaptionWidget
62cfd0	FUN_0062cfd0	game	AdaptionWidget
62d7f0	FUN_0062d7f0	game	AdaptionWidget
62dc20	FUN_0062dc20	game	GameController
62dcd0	FUN_0062dcd0	game	GameController
62ddc0	FUN_0062ddc0	gamemisc	game_misc
62ddf0	FUN_0062ddf0	lib	other
62de10	FUN_0062de10	game	SmoothMeshShape
62de20	FUN_0062de20	gamemisc	game_misc
62de40	FUN_0062de40	lib	other
62de60	FUN_0062de60	gamemisc	game_misc
62e180	vfunc_1	game	AdaptionWidget
62f2d0	FUN_0062f2d0	gamemisc	game_misc
62f5d0	FUN_0062f5d0	lib	other
62f600	FUN_0062f600	gamemisc	game_misc
62f630	FUN_0062f630	game	GameController
62f660	FUN_0062f660	game	GameController
62f690	FUN_0062f690	lib	other
62f720	FUN_0062f720	game	GameController
62f750	FUN_0062f750	gamemisc	game_misc
62f7fe	Catch_All@0062f7fe	lib	crtstl
62f820	FUN_0062f820	gamemisc	game_misc
62f8a6	Catch_All@0062f8a6	lib	crtstl
62f8c0	FUN_0062f8c0	lib	other
62f8f0	FUN_0062f8f0	gamemisc	game_misc
62f98f	Catch_All@0062f98f	lib	crtstl
62f9b0	FUN_0062f9b0	lib	audit
62fbc0	FUN_0062fbc0	lib	audit
62fdc0	FUN_0062fdc0	lib	audit
62ff94	Catch_All@0062ff94	lib	crtstl
62ffb0	FUN_0062ffb0	lib	audit
630207	Catch_All@00630207	lib	crtstl
630220	FUN_00630220	game	GameController
6302a9	Catch_All@006302a9	lib	crtstl
6302f0	FUN_006302f0	gamemisc	game_misc
63039d	Catch_All@0063039d	lib	crtstl
6303d0	FUN_006303d0	game	GameController
63044f	Catch_All@0063044f	lib	crtstl
630470	ctor_1	game	GameController
630690	FUN_00630690	lib	other
6306b0	FUN_006306b0	lib	other
6306e0	ctor_0	lib	other
630850	FUN_00630850	lib	other
630970	FUN_00630970	game	AdaptionWidget
6309e0	vfunc_0	lib	other
630a10	FUN_00630a10	game	GameController
630a40	FUN_00630a40	gamemisc	game_misc
630a80	FUN_00630a80	lib	crtstl
630ae0	FUN_00630ae0	game	GameController
630b60	FUN_00630b60	gamemisc	game_misc
630be0	FUN_00630be0	game	GameController
631460	FUN_00631460	game	GameController
631520	FUN_00631520	lib	other
631db0	FUN_00631db0	lib	other
632640	FUN_00632640	lib	audit
6326a0	FUN_006326a0	gamemisc	game_misc
6326d0	FUN_006326d0	gamemisc	game_misc
632870	FUN_00632870	game	GameController
632910	FUN_00632910	gamemisc	game_misc
633900	FUN_00633900	lib	other
6339c0	FUN_006339c0	lib	other
633c90	FUN_00633c90	gamemisc	game_misc
633ce0	FUN_00633ce0	lib	audit
633d70	FUN_00633d70	game	GameController
633dd0	FUN_00633dd0	gamemisc	game_misc
633e70	FUN_00633e70	gamemisc	game_misc
634940	FUN_00634940	game	GameController
634a70	FUN_00634a70	gamemisc	game_misc
634dd0	FUN_00634dd0	gamemisc	game_misc
635550	FUN_00635550	game	GameController
635700	FUN_00635700	game	GameController
635760	FUN_00635760	gamemisc	game_misc
635fe0	FUN_00635fe0	gamemisc	game_misc
636040	FUN_00636040	gamemisc	game_misc
636190	FUN_00636190	gamemisc	game_misc
6364f0	FUN_006364f0	game	GameController
636560	FUN_00636560	game	GameController
636810	FUN_00636810	gamemisc	game_misc
636870	FUN_00636870	game	GameController
6368e0	FUN_006368e0	gamemisc	game_misc
636950	FUN_00636950	game	GameController
636990	FUN_00636990	game	GameController
636a00	FUN_00636a00	game	GameController
636ad0	FUN_00636ad0	lib	audit
636b70	FUN_00636b70	gamemisc	game_misc
636be0	FUN_00636be0	game	AdaptionWidget
636c40	FUN_00636c40	gamemisc	game_misc
636cb0	FUN_00636cb0	game	AdaptionWidget
636cd0	FUN_00636cd0	game	AdaptionWidget
636db0	FUN_00636db0	lib	audit
636ef0	FUN_00636ef0	gamemisc	game_misc
636f10	FUN_00636f10	gamemisc	game_misc
636f70	FUN_00636f70	game	AdaptionWidget
637120	FUN_00637120	gamemisc	game_misc
6371b0	FUN_006371b0	game	AdaptionWidget
637260	FUN_00637260	game	AdaptionWidget
6372a0	FUN_006372a0	gamemisc	game_misc
6374d0	FUN_006374d0	gamemisc	game_misc
637700	ctor_0	gamemisc	game_misc
637760	vfunc_0	lib	other
637790	vfunc_40	lib	other
637850	FUN_00637850	lib	other
6378e0	vfunc_1	lib	other
637c50	vfunc_5	lib	other
637c60	vfunc_0	lib	other
637d10	vfunc_0	lib	other
637d90	vfunc_0	lib	other
637e20	vfunc_0	lib	other
637e80	vfunc_7	lib	other
637f00	vfunc_26	lib	other
6380c0	vfunc_24	lib	other
638320	vfunc_13	lib	other
638370	vfunc_11	lib	other
6384f0	vfunc_12	lib	other
638500	vfunc_21	lib	other
638610	FUN_00638610	lib	other
638b60	FUN_00638b60	lib	other
638cf0	FUN_00638cf0	lib	other
638db0	FUN_00638db0	lib	audit
638f84	Catch_All@00638f84	lib	crtstl
638fa0	ctor_1	gamemisc	game_misc
639060	FUN_00639060	lib	other
639090	ctor_0	lib	other
6391b0	vfunc_0	lib	other
6391e0	FUN_006391e0	lib	audit
639210	FUN_00639210	lib	audit
639300	FUN_00639300	lib	other
639390	FUN_00639390	game	Global
6393e0	FUN_006393e0	game	GameController
639460	FUN_00639460	lib	other
639470	FUN_00639470	lib	other
639530	FUN_00639530	lib	other
639800	FUN_00639800	gamemisc	game_misc
639a60	FUN_00639a60	lib	other
639a70	FUN_00639a70	lib	audit
639b30	FUN_00639b30	gamemisc	game_misc
639be0	FUN_00639be0	game	GameController
639c20	_Uninitialized_move<>	lib	crtstl
639c50	FUN_00639c50	lib	audit
639c80	FUN_00639c80	lib	audit
639cc0	FUN_00639cc0	lib	audit
639cf0	FUN_00639cf0	lib	audit
639d30	FUN_00639d30	lib	audit
639f40	FUN_00639f40	lib	audit
63a13f	Catch_All@0063a13f	lib	crtstl
63a190	FUN_0063a190	lib	audit
63a337	Catch_All@0063a337	lib	crtstl
63a380	FUN_0063a380	lib	audit
63a4be	Catch_All@0063a4be	lib	crtstl
63a4e0	FUN_0063a4e0	lib	audit
63a5ba	Catch_All@0063a5ba	lib	crtstl
63a600	FUN_0063a600	lib	audit
63a690	FUN_0063a690	lib	audit
63a710	FUN_0063a710	lib	audit
63a740	FUN_0063a740	lib	audit
63a780	FUN_0063a780	lib	audit
63a7e6	Catch_All@0063a7e6	lib	crtstl
63a820	FUN_0063a820	lib	audit
63a850	FUN_0063a850	lib	audit
63a890	FUN_0063a890	lib	audit
63a8e0	FUN_0063a8e0	lib	audit
63a980	FUN_0063a980	game	SmoothMeshShape
63ad70	FUN_0063ad70	game	SmoothMeshShape
63b360	FUN_0063b360	game	SmoothMeshShape
63bba0	FUN_0063bba0	game	SmoothMeshShape
63c000	FUN_0063c000	lib	audit
63c08f	Catch_All@0063c08f	lib	crtstl
63c0b0	FUN_0063c0b0	lib	audit
63c13f	Catch_All@0063c13f	lib	crtstl
63c160	FUN_0063c160	lib	audit
63c1ef	Catch_All@0063c1ef	lib	crtstl
63c2b0	ctor_0	gamemisc	game_misc
63c5e0	ctor_1	lib	other
63c680	FUN_0063c680	lib	other
63c700	FUN_0063c700	game	SmoothMeshShape
63c7f0	ctor_1	lib	other
63cd20	FUN_0063cd20	lib	other
63ce30	FUN_0063ce30	lib	other
63cf40	FUN_0063cf40	lib	other
63d050	FUN_0063d050	lib	other
63d153	Catch_All@0063d153	lib	crtstl
63d170	FUN_0063d170	lib	other
63d279	Catch_All@0063d279	lib	crtstl
63d290	FUN_0063d290	lib	other
63d3ea	Catch_All@0063d3ea	lib	crtstl
63d400	FUN_0063d400	lib	other
63d509	Catch_All@0063d509	lib	crtstl
63d520	FUN_0063d520	lib	audit
63d6d3	Catch_All@0063d6d3	lib	crtstl
63d6f0	FUN_0063d6f0	game	SmoothMeshShape
63d730	FUN_0063d730	lib	audit
63d7c0	FUN_0063d7c0	lib	other
63d7f0	vfunc_0	lib	other
63d820	vfunc_0	lib	other
63d850	FUN_0063d850	lib	other
63d8c0	FUN_0063d8c0	lib	audit
63d930	FUN_0063d930	lib	other
63d960	FUN_0063d960	lib	other
63d990	FUN_0063d990	lib	other
63d9c0	FUN_0063d9c0	game	SmoothMeshShape
63da20	FUN_0063da20	lib	audit
63daa0	FUN_0063daa0	lib	audit
63db73	Catch_All@0063db73	lib	crtstl
63db90	FUN_0063db90	lib	audit
63dc70	Catch_All@0063dc70	lib	crtstl
63dc90	FUN_0063dc90	lib	audit
63dd10	FUN_0063dd10	lib	audit
63ddc0	FUN_0063ddc0	lib	audit
63de60	FUN_0063de60	game	GameController
63deb0	FUN_0063deb0	game	SmoothMeshShape
63df60	vfunc_2	lib	other
63e020	FUN_0063e020	gamemisc	game_misc
63ea00	FUN_0063ea00	gamemisc	game_misc
63ef20	FUN_0063ef20	gamemisc	game_misc
63f3b0	FUN_0063f3b0	gamemisc	game_misc
63fe80	FUN_0063fe80	lib	audit
63fec0	FUN_0063fec0	gamemisc	game_misc
640e20	vfunc_13	lib	other
641180	FUN_00641180	gamemisc	game_misc
641280	vfunc_2	lib	other
641320	vfunc_15	lib	other
6413b0	FUN_006413b0	lib	audit
641440	vfunc_4	lib	other
6414c0	FUN_006414c0	gamemisc	game_misc
641660	vfunc_16	game	SmoothMeshShape
641aa0	vfunc_8	lib	other
641b30	vfunc_3	lib	other
641b60	FUN_00641b60	game	SmoothMeshShape
641b70	vfunc_6	lib	other
6423f0	FUN_006423f0	game	SmoothMeshShape
642400	FUN_00642400	game	SmoothMeshShape
642410	vfunc_17	lib	other
642430	vfunc_4	lib	other
6424b0	vfunc_3	lib	other
642570	FUN_00642570	game	SmoothMeshShape
642580	vfunc_1	lib	other
642590	FUN_00642590	game	SmoothMeshShape
642610	FUN_00642610	lib	audit
6426d0	FUN_006426d0	game	SmoothMeshShape
642700	FUN_00642700	lib	crtstl
642770	FUN_00642770	lib	crtstl
6427e0	FUN_006427e0	lib	crtstl
642870	vfunc_5	lib	other
6428a0	FUN_006428a0	lib	audit
6428f0	FUN_006428f0	lib	audit
642a01	Catch_All@00642a01	lib	crtstl
642a20	FUN_00642a20	game	CharacterStyleWidget
642a50	FUN_00642a50	game	CharacterStyleWidget
642a90	FUN_00642a90	game	SmoothMeshShape
642ab0	FUN_00642ab0	lib	audit
642ad0	FUN_00642ad0	game	SmoothMeshShape
644fa0	vfunc_1	game	SmoothMeshShape
648d60	FUN_00648d60	game	SmoothMeshShape
64ac00	FUN_0064ac00	game	GameController
64aec0	FUN_0064aec0	gamemisc	game_misc
64af30	FUN_0064af30	gamemisc	game_misc
64b000	FUN_0064b000	gamemisc	game_misc
64b0d0	FUN_0064b0d0	lib	crtstl
64b251	Catch_All@0064b251	lib	crtstl
64b2e0	FUN_0064b2e0	lib	crtstl
64b3d0	FUN_0064b3d0	lib	audit
64b441	Catch_All@0064b441	lib	crtstl
64b460	FUN_0064b460	lib	other
64b490	FUN_0064b490	lib	audit
64b4c0	FUN_0064b4c0	lib	audit
64b4f0	FUN_0064b4f0	lib	audit
64b540	FUN_0064b540	lib	audit
64b770	FUN_0064b770	lib	other
64b970	FUN_0064b970	lib	audit
64bb48	Catch_All@0064bb48	lib	crtstl
64bba0	FUN_0064bba0	lib	audit
64bc78	Catch_All@0064bc78	lib	crtstl
64bce0	FUN_0064bce0	lib	other
64bdc4	Catch_All@0064bdc4	lib	crtstl
64bdf0	FUN_0064bdf0	lib	audit
64be40	FUN_0064be40	lib	audit
64be80	FUN_0064be80	lib	audit
64bec0	FUN_0064bec0	gamemisc	game_misc
64bf40	FUN_0064bf40	gamemisc	game_misc
64c150	FUN_0064c150	gamemisc	game_misc
64c360	FUN_0064c360	gamemisc	game_misc
64c570	FUN_0064c570	gamemisc	game_misc
64c710	FUN_0064c710	gamemisc	game_misc
64c8a0	FUN_0064c8a0	gamemisc	game_misc
64ca40	FUN_0064ca40	gamemisc	game_misc
64cbe0	FUN_0064cbe0	gamemisc	game_misc
64cd70	FUN_0064cd70	gamemisc	game_misc
64cd90	ctor_0	gamemisc	game_misc
64ce50	ctor_2	gamemisc	game_misc
64ced0	ctor_9	lib	crtstl
64cfe0	ctor_10	lib	crtstl
64d0c0	FUN_0064d0c0	lib	audit
64d0f0	ctor_1	gamemisc	game_misc
64d770	FUN_0064d770	lib	other
64d810	FUN_0064d810	lib	other
64d840	ctor_0	lib	other
64dd20	FUN_0064dd20	lib	other
64dd90	FUN_0064dd90	gamemisc	game_misc
64dde0	ctor_0	lib	other
64de80	FUN_0064de80	gamemisc	game_misc
64dfb0	FUN_0064dfb0	lib	audit
64e0f0	FUN_0064e0f0	lib	audit
64e260	vfunc_0	lib	other
64e2b0	vfunc_0	lib	other
64e2e0	vfunc_0	lib	other
64e310	FUN_0064e310	lib	audit
64e370	FUN_0064e370	lib	audit
64e3a0	FUN_0064e3a0	gamemisc	game_misc
64e3d0	FUN_0064e3d0	lib	audit
64e410	FUN_0064e410	lib	other
64e450	FUN_0064e450	lib	audit
64e490	FUN_0064e490	lib	other
64e520	FUN_0064e520	lib	audit
64e67d	Catch_All@0064e67d	lib	crtstl
64e790	FUN_0064e790	gamemisc	game_misc
64e7b0	FUN_0064e7b0	gamemisc	game_misc
64e7d0	FUN_0064e7d0	gamemisc	game_misc
64e850	FUN_0064e850	lib	crtstl
64e8f0	FUN_0064e8f0	lib	crtstl
64e9b0	FUN_0064e9b0	lib	crtstl
64ea80	vfunc_2	lib	other
64eae0	FUN_0064eae0	game	GameController
64eb60	FUN_0064eb60	gamemisc	game_misc
64ebd0	FUN_0064ebd0	gamemisc	game_misc
64ec40	FUN_0064ec40	lib	other
64ecc0	FUN_0064ecc0	gamemisc	game_misc
64ed40	FUN_0064ed40	game	AdaptionWidget
64edb0	FUN_0064edb0	gamemisc	game_misc
64ef70	FUN_0064ef70	game	GameController
64efe0	FUN_0064efe0	game	AdaptionWidget
64eff0	FUN_0064eff0	gamemisc	game_misc
64f080	FUN_0064f080	gamemisc	game_misc
64f100	FUN_0064f100	lib	other
64f180	FUN_0064f180	gamemisc	game_misc
64f200	FUN_0064f200	gamemisc	game_misc
64f280	FUN_0064f280	gamemisc	game_misc
64f300	FUN_0064f300	gamemisc	game_misc
64f380	FUN_0064f380	lib	other
64f400	FUN_0064f400	gamemisc	game_misc
64f4e0	FUN_0064f4e0	game	GameController
64f650	ctor_15	lib	crtstl
64fd30	FUN_0064fd30	lib	crtstl
64fda0	FUN_0064fda0	lib	crtstl
6500d0	FUN_006500d0	gamemisc	game_misc
650150	vfunc_13	lib	other
650160	FUN_00650160	gamemisc	game_misc
6501e0	FUN_006501e0	gamemisc	game_misc
650260	FUN_00650260	game	CharacterStyleWidget
6502e0	FUN_006502e0	game	GameController
650360	FUN_00650360	gamemisc	game_misc
6503e0	FUN_006503e0	game	CharacterStyleWidget
650460	FUN_00650460	gamemisc	game_misc
6504c0	FUN_006504c0	game	SmoothMeshShape
6504e0	FUN_006504e0	game	GameController
6507c0	FUN_006507c0	game	GameController
650810	FUN_00650810	gamemisc	game_misc
650890	FUN_00650890	gamemisc	game_misc
6508f0	FUN_006508f0	game	GameController
650980	FUN_00650980	game	GameController
6509d0	vfunc_27	lib	other
6509e0	vfunc_7	lib	other
6509f0	FUN_006509f0	gamemisc	game_misc
650a20	FUN_00650a20	gamemisc	game_misc
650a90	FUN_00650a90	lib	other
650aa0	vfunc_4	lib	other
650ae0	FUN_00650ae0	game	GameController
650b00	FUN_00650b00	gamemisc	game_misc
650dfb	Catch@00650dfb	lib	other
650e0b	FUN_00650e0b	gamemisc	game_misc
650e30	vfunc_3	lib	other
650e80	ctor_5	lib	crtstl
6526b0	FUN_006526b0	game	GameController
652710	FUN_00652710	lib	other
652730	FUN_00652730	lib	other
652790	FUN_00652790	lib	other
6527f0	FUN_006527f0	game	GameController
652940	FUN_00652940	game	GameController
652a70	FUN_00652a70	game	GameController
652b60	FUN_00652b60	game	GameController
652c10	FUN_00652c10	game	GameController
652de0	vfunc_6	lib	other
6531a0	vfunc_6	lib	other
6531e0	FUN_006531e0	game	GameController
6531f0	FUN_006531f0	lib	other
653200	vfunc_1	lib	other
653210	FUN_00653210	lib	crtstl
653320	FUN_00653320	lib	other
653360	FUN_00653360	game	GameController
653620	FUN_00653620	game	AdaptionWidget
653680	FUN_00653680	lib	other
6536d0	FUN_006536d0	lib	audit
653720	FUN_00653720	lib	audit
653770	FUN_00653770	game	GameController
653ad0	FUN_00653ad0	lib	audit
654000	FUN_00654000	gamemisc	game_misc
654240	FUN_00654240	gamemisc	game_misc
654700	FUN_00654700	gamemisc	game_misc
654900	FUN_00654900	gamemisc	game_misc
654df0	FUN_00654df0	gamemisc	game_misc
654ff0	FUN_00654ff0	gamemisc	game_misc
6555d0	FUN_006555d0	game	GameController
6570c0	FUN_006570c0	gamemisc	game_misc
657480	ctor_7	lib	crtstl
657a00	FUN_00657a00	game	GameController
657c00	FUN_00657c00	game	GameController
657ce0	FUN_00657ce0	game	GameController
657ee0	FUN_00657ee0	game	GameController
657f80	FUN_00657f80	game	GameController
658530	FUN_00658530	game	GameController
658630	FUN_00658630	game	GameController
658c40	FUN_00658c40	game	GameController
658fa0	FUN_00658fa0	game	GameController
659320	FUN_00659320	game	GameController
659670	FUN_00659670	lib	audit
659740	FUN_00659740	game	GameController
659940	FUN_00659940	game	GameController
659cf0	FUN_00659cf0	game	AdaptionWidget
659d20	vfunc_5	lib	other
659d70	FUN_00659d70	game	Global
659df0	FUN_00659df0	lib	other
659e80	FUN_00659e80	game	GameController
659ef0	FUN_00659ef0	lib	audit
659f50	FUN_00659f50	lib	audit
659fb0	FUN_00659fb0	game	GameController
659fe0	FUN_00659fe0	lib	other
65a010	FUN_0065a010	lib	audit
65a040	FUN_0065a040	lib	audit
65a0c2	Catch_All@0065a0c2	lib	crtstl
65a0e0	FUN_0065a0e0	lib	other
65a110	FUN_0065a110	lib	audit
65a150	FUN_0065a150	lib	audit
65a1c0	FUN_0065a1c0	lib	audit
65a3f0	FUN_0065a3f0	lib	audit
65a601	Catch_All@0065a601	lib	crtstl
65a650	FUN_0065a650	lib	audit
65a83f	Catch_All@0065a83f	lib	crtstl
65a860	FUN_0065a860	lib	audit
65a890	FUN_0065a890	gamemisc	game_misc
65a8e0	FUN_0065a8e0	lib	audit
65a900	ctor_0	gamemisc	game_misc
65aa90	FUN_0065aa90	lib	other
65aab0	FUN_0065aab0	lib	other
65aae0	FUN_0065aae0	lib	other
65ab10	ctor_1	lib	other
65ac70	FUN_0065ac70	lib	audit
65ad80	FUN_0065ad80	lib	other
65ade0	vfunc_0	lib	other
65ae10	FUN_0065ae10	lib	audit
65ae80	FUN_0065ae80	lib	audit
65aeb0	FUN_0065aeb0	lib	crtstl
65aef0	FUN_0065aef0	lib	audit
65afd0	FUN_0065afd0	lib	audit
65b180	FUN_0065b180	lib	audit
65b1e0	FUN_0065b1e0	lib	audit
65b2a0	FUN_0065b2a0	game	GameController
65b890	FUN_0065b890	lib	audit
65b8f0	FUN_0065b8f0	gamemisc	game_misc
65bc70	FUN_0065bc70	gamemisc	game_misc
65c040	FUN_0065c040	lib	audit
65d060	FUN_0065d060	lib	audit
65d120	FUN_0065d120	lib	audit
65d3d0	FUN_0065d3d0	lib	audit
65d440	FUN_0065d440	lib	audit
65d4c0	FUN_0065d4c0	lib	audit
65d530	FUN_0065d530	gamemisc	game_misc
65ded0	FUN_0065ded0	gamemisc	game_misc
65e340	FUN_0065e340	lib	audit
65e6b0	FUN_0065e6b0	lib	audit
65e720	FUN_0065e720	gamemisc	game_misc
65e8d0	FUN_0065e8d0	game	ChatWidget
65ea80	FUN_0065ea80	lib	audit
65f260	FUN_0065f260	gamemisc	game_misc
65f3d0	ctor_6	lib	crtstl
65fb80	FUN_0065fb80	gamemisc	game_misc
65fef0	FUN_0065fef0	gamemisc	game_misc
660240	FUN_00660240	lib	other
660270	FUN_00660270	lib	audit
6605c0	FUN_006605c0	game	ChatWidget
6606f0	FUN_006606f0	game	ChatWidget
660b60	FUN_00660b60	game	ChatWidget
660d50	FUN_00660d50	game	ChatWidget
661050	ctor_0	lib	other
6611d0	ctor_0	lib	other
661230	vfunc_0	lib	other
661260	FUN_00661260	gamemisc	game_misc
6612d0	FUN_006612d0	game	GameController
6612f0	FUN_006612f0	lib	audit
66145d	Catch_All@0066145d	lib	crtstl
661480	ctor_0	gamemisc	game_misc
661540	FUN_00661540	lib	other
661570	ctor_1	lib	other
661680	FUN_00661680	lib	audit
661830	FUN_00661830	lib	audit
661910	vfunc_0	lib	other
661940	FUN_00661940	lib	audit
6619a0	FUN_006619a0	gamemisc	game_misc
661a20	FUN_00661a20	lib	audit
661ae0	FUN_00661ae0	lib	audit
661d90	FUN_00661d90	game	AdaptionWidget
661df0	FUN_00661df0	gamemisc	game_misc
661f80	FUN_00661f80	gamemisc	game_misc
6621e0	FUN_006621e0	gamemisc	game_misc
662300	FUN_00662300	gamemisc	game_misc
662690	FUN_00662690	gamemisc	game_misc
6626b0	FUN_006626b0	gamemisc	game_misc
6626d0	FUN_006626d0	gamemisc	game_misc
662730	ctor_1	gamemisc	game_misc
662760	ctor_0	lib	other
6627a0	vfunc_0	lib	other
6627f0	ctor_0	game	GameController
662830	vfunc_0	lib	other
662860	FUN_00662860	game	AdaptionWidget
662a00	vfunc_40	lib	other
662aa0	vfunc_7	lib	other
662b10	vfunc_11	lib	other
662b80	vfunc_21	game	ScrollSlider
662db0	vfunc_9	game	ScrollSlider
662dd0	FUN_00662dd0	lib	other
662e10	FUN_00662e10	lib	other
662f00	FUN_00662f00	game	AdaptionWidget
662fb0	FUN_00662fb0	game	GameController
662fc0	FUN_00662fc0	gamemisc	game_misc
663000	FUN_00663000	gamemisc	game_misc
6630a0	FUN_006630a0	gamemisc	game_misc
66311a	Catch_All@0066311a	lib	crtstl
663150	FUN_00663150	gamemisc	game_misc
663180	ctor_0	gamemisc	game_misc
663240	ctor_0	game	GameController
663510	FUN_00663510	lib	other
663560	ctor_1	lib	other
663710	vfunc_0	lib	other
663770	vfunc_0	lib	other
6637a0	FUN_006637a0	gamemisc	game_misc
663953	Catch_All@00663953	lib	crtstl
663a79	Catch_All@00663a79	lib	crtstl
663b50	vfunc_4	game	Controller
663b60	vfunc_2	lib	other
663c20	vfunc_7	lib	other
663c40	vfunc_6	lib	other
663c60	vfunc_13	lib	other
663da0	vfunc_2	lib	other
663eb0	FUN_00663eb0	game	AdaptionWidget
663ee0	FUN_00663ee0	gamemisc	game_misc
663f70	vfunc_4	lib	other
663fe0	vfunc_8	lib	other
663ff0	vfunc_3	lib	other
6640c0	vfunc_6	lib	other
664210	vfunc_4	lib	other
664260	vfunc_3	lib	other
664680	vfunc_1	lib	other
6646a0	vfunc_5	lib	other
664770	vfunc_1	lib	other
664920	vfunc_14	lib	other
664a00	vfunc_12	lib	other
664a10	ctor_6	gamemisc	game_misc
664ad0	ctor_0	lib	other
664b70	vfunc_0	lib	other
664ba0	FUN_00664ba0	game	GameController
664bf0	FUN_00664bf0	gamemisc	game_misc
664c10	FUN_00664c10	gamemisc	game_misc
664c60	FUN_00664c60	game	AdaptionWidget
664cc0	FUN_00664cc0	gamemisc	game_misc
664cf0	FUN_00664cf0	gamemisc	game_misc
664d60	ctor_1	game	GameController
664f50	ctor_2	lib	other
665160	ctor_0	lib	other
665370	vfunc_0	lib	other
6653a0	FUN_006653a0	lib	other
665550	vfunc_40	lib	other
6655d0	vfunc_7	game	Button
6659d0	vfunc_13	lib	other
6659e0	vfunc_11	lib	other
665ac0	vfunc_12	lib	other
665b00	vfunc_22	lib	other
665b30	vfunc_23	lib	other
665b60	vfunc_27	lib	other
665bd0	FUN_00665bd0	lib	audit
665c71	Catch_All@00665c71	lib	crtstl
665c90	FUN_00665c90	lib	audit
665cc0	FUN_00665cc0	lib	audit
665cf0	FUN_00665cf0	lib	audit
665d30	FUN_00665d30	lib	audit
665f30	FUN_00665f30	lib	audit
666069	Catch_All@00666069	lib	crtstl
666080	FUN_00666080	lib	audit
6660b0	FUN_006660b0	lib	audit
6660e0	FUN_006660e0	lib	audit
666110	FUN_00666110	lib	audit
666150	FUN_00666150	lib	audit
666180	FUN_00666180	lib	audit
6661b0	ctor_1	gamemisc	game_misc
666280	ctor_1	gamemisc	game_misc
666350	ctor_0	gamemisc	game_misc
666420	ctor_0	gamemisc	game_misc
6664d0	ctor_0	gamemisc	game_misc
666580	ctor_1	gamemisc	game_misc
667370	ctor_0	lib	other
667410	ctor_0	lib	other
6674b0	ctor_0	lib	other
667a90	FUN_00667a90	lib	audit
667be0	FUN_00667be0	lib	other
667c90	FUN_00667c90	lib	other
667d40	vfunc_0	lib	other
667d70	vfunc_0	lib	other
667da0	vfunc_0	lib	other
667dd0	FUN_00667dd0	lib	audit
667e50	FUN_00667e50	lib	audit
667e90	FUN_00667e90	lib	audit
667ee0	FUN_00667ee0	lib	audit
668110	FUN_00668110	lib	audit
66826a	Catch_All@0066826a	lib	crtstl
668360	FUN_00668360	lib	audit
6684b8	Catch_All@006684b8	lib	crtstl
6685d0	FUN_006685d0	lib	audit
66874c	Catch_All@0066874c	lib	crtstl
668870	FUN_00668870	lib	other
66892c	Catch_All@0066892c	lib	crtstl
668950	FUN_00668950	lib	audit
668a1f	Catch_All@00668a1f	lib	crtstl
668a40	FUN_00668a40	lib	other
668ac0	FUN_00668ac0	lib	other
668b60	vfunc_18	lib	other
668d20	vfunc_2	lib	other
668de0	vfunc_2	lib	other
668ea0	vfunc_2	lib	other
668ef0	vfunc_2	lib	other
668fb0	vfunc_2	lib	other
669000	vfunc_2	lib	other
669060	vfunc_7	lib	other
669080	vfunc_6	lib	other
6690a0	vfunc_13	lib	other
669250	FUN_00669250	lib	audit
6692c0	FUN_006692c0	lib	other
669310	vfunc_4	lib	other
669350	vfunc_4	lib	other
6693c0	vfunc_4	lib	other
669410	vfunc_4	lib	other
669460	vfunc_9	lib	other
6695d0	vfunc_3	lib	other
669600	vfunc_3	lib	other
669630	vfunc_3	lib	other
669660	vfunc_3	lib	other
6696a0	vfunc_3	lib	other
6696d0	vfunc_3	lib	other
669720	vfunc_6	lib	other
669850	vfunc_6	lib	other
669c70	vfunc_6	lib	other
669d30	vfunc_6	lib	other
66a7c0	vfunc_6	lib	other
66a950	vfunc_6	lib	other
66ac20	vfunc_4	lib	other
66ad90	vfunc_1	lib	other
66ada0	vfunc_1	lib	other
66adb0	vfunc_1	lib	other
66add0	FUN_0066add0	lib	audit
66ae40	FUN_0066ae40	lib	other
66aed0	FUN_0066aed0	lib	audit
66afc0	vfunc_5	lib	other
66aff0	vfunc_5	lib	other
66b020	vfunc_5	lib	other
66b050	vfunc_5	lib	other
66b090	vfunc_5	lib	other
66b0c0	vfunc_5	lib	other
66b110	FUN_0066b110	lib	audit
66b180	FUN_0066b180	lib	audit
66b1f0	vfunc_11	lib	other
66b200	FUN_0066b200	game	CharacterStyleWidget
66b9c0	FUN_0066b9c0	game	SmoothMeshShape
66be80	vfunc_10	lib	other
66be90	vfunc_19	game	SmoothMeshShape
66c050	FUN_0066c050	game	SmoothMeshShape
66c8f0	vfunc_12	lib	other
66cc10	FUN_0066cc10	gamemisc	game_misc
66cc90	FUN_0066cc90	gamemisc	game_misc
66cd10	FUN_0066cd10	lib	other
66cd20	FUN_0066cd20	lib	other
66cd30	FUN_0066cd30	lib	other
66cd40	FUN_0066cd40	lib	other
66cd50	FUN_0066cd50	lib	other
66cd60	ctor_10	lib	crtstl
66d070	ctor_7	lib	crtstl
66d380	ctor_8	lib	crtstl
66d690	ctor_9	lib	crtstl
66d9a0	ctor_6	lib	crtstl
66dcb0	FUN_0066dcb0	gamemisc	game_misc
66dd80	FUN_0066dd80	gamemisc	game_misc
66de00	FUN_0066de00	gamemisc	game_misc
66de80	FUN_0066de80	gamemisc	game_misc
66df00	FUN_0066df00	gamemisc	game_misc
66df80	FUN_0066df80	gamemisc	game_misc
66dff0	FUN_0066dff0	gamemisc	game_misc
66e060	FUN_0066e060	gamemisc	game_misc
66e0d0	FUN_0066e0d0	gamemisc	game_misc
66e140	FUN_0066e140	gamemisc	game_misc
66e1b0	FUN_0066e1b0	lib	crtstl
66e240	ctor_0	lib	crtstl
66e250	ctor_5	lib	crtstl
66e270	ctor_0	lib	crtstl
66e290	ctor_14	lib	crtstl
66e350	ctor_15	lib	crtstl
66e410	ctor_16	lib	crtstl
66e4d0	ctor_17	lib	crtstl
66e590	ctor_18	lib	crtstl
66e650	ctor_19	lib	crtstl
66e6f0	ctor_20	lib	crtstl
66e790	ctor_21	lib	crtstl
66e830	ctor_6	lib	crtstl
66e8d0	ctor_7	lib	crtstl
66e970	FUN_0066e970	lib	other
66e9a0	ctor_8	lib	crtstl
66ea00	ctor_10	lib	crtstl
66ea60	ctor_9	lib	crtstl
66eac0	ctor_11	lib	crtstl
66eb20	ctor_12	lib	crtstl
66eb80	FUN_0066eb80	lib	other
66ebf0	ctor_13	lib	crtstl
66ec20	FUN_0066ec20	lib	other
66ec30	FUN_0066ec30	gamemisc	game_misc
66ed80	FUN_0066ed80	gamemisc	game_misc
66eef0	FUN_0066eef0	gamemisc	game_misc
66f1d0	FUN_0066f1d0	gamemisc	game_misc
66f280	FUN_0066f280	gamemisc	game_misc
66f380	FUN_0066f380	gamemisc	game_misc
66f660	ctor_4	lib	crtstl
66fab0	ctor_2	lib	crtstl
66ff60	ctor_3	lib	crtstl
670410	ctor_1	lib	crtstl
6708c0	ctor_0	lib	crtstl
670d70	vfunc_0	lib	crtstl
670da0	vfunc_0	lib	crtstl
670dd0	vfunc_0	lib	crtstl
670e00	vfunc_0	lib	crtstl
670e30	vfunc_0	lib	crtstl
670e60	vfunc_0	lib	crtstl
670e90	vfunc_0	lib	crtstl
670ec0	vfunc_0	lib	crtstl
670ef0	vfunc_0	lib	crtstl
670f20	vfunc_0	lib	crtstl
670f50	ctor_4	lib	crtstl
670fd0	ctor_5	lib	crtstl
671050	ctor_0	lib	crtstl
6710d0	ctor_1	lib	crtstl
671150	ctor_2	lib	crtstl
6711d0	vfunc_0	lib	crtstl
671200	ctor_3	lib	crtstl
671230	vfunc_0	lib	crtstl
671260	vfunc_0	lib	crtstl
671290	FUN_00671290	lib	other
6712c0	FUN_006712c0	lib	crtstl
671340	FUN_00671340	lib	crtstl
671420	FUN_00671420	game	SmoothMeshShape
671450	FUN_00671450	gamemisc	game_misc
671750	FUN_00671750	gamemisc	game_misc
671f80	FUN_00671f80	game	SmoothMeshShape
6721d0	FUN_006721d0	gamemisc	game_misc
672600	FUN_00672600	gamemisc	game_misc
672a00	ctor_0	lib	other
672ba0	ctor_1	lib	other
672e50	vfunc_0	lib	other
672e80	FUN_00672e80	lib	audit
672f4f	Catch_All@00672f4f	lib	crtstl
672f70	FUN_00672f70	lib	audit
673010	FUN_00673010	lib	other
673090	FUN_00673090	game	SmoothMeshShape
674160	FUN_00674160	game	SmoothMeshShape
674690	FUN_00674690	lib	other
6747f0	FUN_006747f0	lib	other
674970	FUN_00674970	lib	other
674ee0	FUN_00674ee0	lib	audit
674f80	FUN_00674f80	lib	other
6751d0	FUN_006751d0	lib	other
675660	vfunc_24	game	AdaptionWidget
675670	FUN_00675670	lib	other
675690	FUN_00675690	game	SmoothMeshShape
675800	vfunc_1	lib	other
6758f0	FUN_006758f0	lib	other
677290	ctor_0	gamemisc	game_misc
6772c0	vfunc_0	lib	other
677360	vfunc_7	lib	other
677380	vfunc_6	lib	other
6773a0	vfunc_2	lib	other
677430	vfunc_4	lib	other
677480	vfunc_19	lib	other
677630	FUN_00677630	lib	audit
677660	FUN_00677660	lib	audit
677760	FUN_00677760	lib	audit
677790	FUN_00677790	lib	audit
677800	FUN_00677800	lib	audit
67795a	Catch_All@0067795a	lib	crtstl
677970	FUN_00677970	lib	audit
677990	FUN_00677990	lib	audit
6779e0	FUN_006779e0	lib	audit
677ac0	FUN_00677ac0	lib	audit
677b00	FUN_00677b00	lib	audit
677b82	Catch_All@00677b82	lib	crtstl
677bc0	ctor_2	gamemisc	game_misc
677c60	FUN_00677c60	lib	other
677ce0	vfunc_0	lib	other
677d10	FUN_00677d10	lib	audit
677e05	Catch_All@00677e05	lib	crtstl
677e20	FUN_00677e20	lib	audit
677e90	FUN_00677e90	lib	audit
677fa0	FUN_00677fa0	lib	audit
678080	ctor_1	game	GameController
678370	ctor_0	lib	other
6784f0	vfunc_0	lib	other
678520	FUN_00678520	lib	audit
678550	vfunc_2	lib	other
678600	vfunc_1	lib	other
678ef0	ctor_0	game	GameController
6792a0	ctor_0	lib	other
679460	vfunc_0	lib	other
679490	vfunc_2	lib	other
679570	FUN_00679570	lib	other
679740	FUN_00679740	lib	other
679a40	FUN_00679a40	lib	other
679e80	ctor_0	gamemisc	game_misc
67a470	ctor_0	lib	other
67a7b0	FUN_0067a7b0	lib	audit
67a8c0	vfunc_0	lib	other
67a8f0	vfunc_7	lib	other
67a910	vfunc_6	lib	other
67a930	vfunc_13	lib	other
67aa70	FUN_0067aa70	lib	other
67ab30	vfunc_4	lib	other
67ad00	vfunc_19	lib	other
67bcc0	FUN_0067bcc0	gamemisc	game_misc
67bd00	FUN_0067bd00	gamemisc	game_misc
67bd10	FUN_0067bd10	gamemisc	game_misc
67bd40	FUN_0067bd40	gamemisc	game_misc
67bd60	vfunc_1	lib	other
67cd10	vfunc_12	lib	other
67cff0	ctor_0	gamemisc	game_misc
67d0b0	vfunc_0	lib	other
67d150	vfunc_7	lib	other
67d190	vfunc_6	lib	other
67d1b0	vfunc_13	lib	other
67d1f0	vfunc_19	lib	other
67d440	vfunc_1	lib	other
67d450	ctor_0	game	GameController
67d4a0	vfunc_0	lib	other
67d4d0	vfunc_40	lib	other
67d580	vfunc_7	lib	other
67d5d0	vfunc_11	lib	other
67d700	vfunc_27	lib	other
67d8a0	FUN_0067d8a0	lib	other
67d8e0	FUN_0067d8e0	lib	other
67d9e0	FUN_0067d9e0	game	GameController
67d9f0	ctor_0	gamemisc	game_misc
67da20	vfunc_0	lib	other
67da50	vfunc_40	lib	other
67dae0	ctor_0	gamemisc	game_misc
67db20	vfunc_0	lib	other
67db50	vfunc_40	lib	other
67dbf0	FUN_0067dbf0	lib	other
67dd70	vfunc_30	lib	other
67de20	vfunc_7	lib	other
67de60	vfunc_11	lib	other
67de90	vfunc_12	lib	other
67dec0	FUN_0067dec0	lib	other
67def0	FUN_0067def0	lib	other
67e0a5	Catch_All@0067e0a5	lib	crtstl
67e0f0	FUN_0067e0f0	lib	other
67e1cf	Catch_All@0067e1cf	lib	crtstl
67e210	ctor_0	lib	crtstl
67e2a0	ctor_1	lib	other
67e340	FUN_0067e340	lib	other
67e3d0	vfunc_0	lib	other
67e400	vfunc_4	lib	other
67e440	vfunc_3	lib	other
67e480	FUN_0067e480	lib	audit
67e4d0	FUN_0067e4d0	lib	crtstl
67e660	vfunc_5	lib	other
67eb10	FUN_0067eb10	lib	audit
67ebb0	vfunc_2	lib	other
67eed0	vfunc_1	lib	other
67f1b0	FUN_0067f1b0	lib	crtstl
67f290	ctor_0	gamemisc	game_misc
67f330	ctor_1	lib	other
67f3d0	vfunc_0	lib	other
67f400	vfunc_4	lib	other
67f420	vfunc_3	lib	other
67f440	vfunc_25	lib	other
67f450	vfunc_2	lib	other
67f720	vfunc_1	lib	other
67f980	FUN_0067f980	lib	crtstl
67fa50	FUN_0067fa50	lib	crtstl
67fa60	FUN_0067fa60	lib	audit
67fc38	Catch_All@0067fc38	lib	crtstl
67fc90	FUN_0067fc90	lib	audit
67fd6d	Catch_All@0067fd6d	lib	crtstl
67fdb0	FUN_0067fdb0	lib	other
67fde0	FUN_0067fde0	gamemisc	game_misc
6800d0	FUN_006800d0	gamemisc	game_misc
6803c0	FUN_006803c0	gamemisc	game_misc
6806b0	FUN_006806b0	gamemisc	game_misc
6808f0	FUN_006808f0	gamemisc	game_misc
680b40	FUN_00680b40	gamemisc	game_misc
680d80	FUN_00680d80	gamemisc	game_misc
680fd0	FUN_00680fd0	gamemisc	game_misc
681220	FUN_00681220	gamemisc	game_misc
681240	FUN_00681240	gamemisc	game_misc
681260	FUN_00681260	lib	audit
6812ef	Catch_All@006812ef	lib	crtstl
681310	ctor_1	lib	other
681350	ctor_0	lib	other
6813f0	ctor_0	lib	other
681410	ctor_2	gamemisc	game_misc
6814e0	ctor_0	lib	other
681500	ctor_3	gamemisc	game_misc
6815d0	ctor_0	lib	other
6815f0	ctor_4	gamemisc	game_misc
6816c0	FUN_006816c0	game	GameController
681820	FUN_00681820	lib	other
681840	FUN_00681840	lib	other
681890	FUN_00681890	lib	audit
6819e0	FUN_006819e0	lib	audit
681a20	FUN_00681a20	lib	audit
681a70	FUN_00681a70	lib	audit
681af0	FUN_00681af0	lib	audit
681b70	FUN_00681b70	lib	audit
681bf0	FUN_00681bf0	lib	audit
681c70	FUN_00681c70	game	GameController
682a80	FUN_00682a80	gamemisc	game_misc
683070	FUN_00683070	game	GameController
683270	FUN_00683270	game	GameController
683750	FUN_00683750	game	GameController
683870	FUN_00683870	game	GameController
683de0	FUN_00683de0	game	GameController
683f00	FUN_00683f00	game	GameController
684770	FUN_00684770	game	GameController
684970	FUN_00684970	game	GameController
684c30	FUN_00684c30	game	GameController
684ef0	FUN_00684ef0	game	GameController
685b10	FUN_00685b10	game	GameController
686820	FUN_00686820	game	GameController
686ff0	FUN_00686ff0	game	GameController
687440	FUN_00687440	game	GameController
687560	FUN_00687560	game	GameController
687ad0	FUN_00687ad0	game	GameController
687b10	FUN_00687b10	game	GameController
687b80	ctor_0	game	GameController
687c20	ctor_1	lib	other
687c60	vfunc_0	lib	other
687cf0	vfunc_2	game	AdaptionWidget
687d10	vfunc_5	game	AdaptionWidget
687d20	ctor_3	gamemisc	game_misc
687ec0	ctor_0	lib	other
687f50	vfunc_0	lib	other
687f80	FUN_00687f80	lib	other
687fd0	FUN_00687fd0	lib	other
688030	FUN_00688030	game	GameController
6880c0	FUN_006880c0	game	GameController
688180	FUN_00688180	game	GameController
688220	FUN_00688220	game	GameController
688490	FUN_00688490	game	GameController
688510	FUN_00688510	game	GameController
688610	FUN_00688610	lib	audit
6886f0	FUN_006886f0	game	GameController
688770	FUN_00688770	lib	other
6887a0	ctor_1	game	Global
688900	ctor_0	lib	other
688af0	vfunc_0	lib	other
688b20	FUN_00688b20	lib	audit
688b60	vfunc_19	lib	other
688db0	vfunc_21	lib	other
688e70	vfunc_16	lib	other
689130	vfunc_25	lib	other
689660	vfunc_12	lib	other
6896d0	vfunc_13	lib	other
689740	vfunc_2	lib	other
6897c0	vfunc_3	lib	other
689950	vfunc_4	lib	other
689af0	vfunc_5	lib	other
689d50	vfunc_6	lib	other
689f30	FUN_00689f30	lib	other
68a250	vfunc_20	lib	other
68a260	vfunc_22	lib	other
68a2c0	vfunc_26	lib	other
68a330	vfunc_14	lib	other
68a350	vfunc_1	lib	other
68a6b0	FUN_0068a6b0	game	Global
68a710	FUN_0068a710	game	Global
68a7e0	vfunc_15	lib	other
68a800	vfunc_18	lib	other
68a910	FUN_0068a910	lib	other
68a970	ctor_0	lib	other
68aa40	ctor_1	lib	other
68ab00	vfunc_0	lib	other
68ab30	FUN_0068ab30	game	Global
68ab70	vfunc_2	lib	other
68b6a0	FUN_0068b6a0	game	Global
68b7f0	vfunc_1	lib	other
68bb90	ctor_0	lib	other
68bc10	vfunc_0	lib	other
68bc90	vfunc_1	lib	other
68bde0	vfunc_2	lib	other
68bf70	ctor_0	lib	other
68bfc0	vfunc_0	lib	other
68c050	vfunc_4	lib	other
68c0c0	vfunc_8	lib	other
68c6e0	vfunc_9	lib	other
68c770	vfunc_3	lib	other
68c7c0	vfunc_5	lib	other
68cad0	vfunc_6	lib	other
68cf10	vfunc_7	lib	other
68d290	vfunc_2	lib	other
68d300	FUN_0068d300	game	Global
68d350	vfunc_1	lib	other
68d41c	Sleep	lib	crtstl
68d422	DeleteFileA	lib	crtstl
68d428	LocalFree	lib	crtstl
68d42e	AreFileApisANSI	lib	crtstl
68d434	GetSystemTime	lib	crtstl
68d43a	GetTempPathA	lib	crtstl
68d440	GetCurrentProcessId	lib	crtstl
68d446	DeleteFileW	lib	crtstl
68d44c	CloseHandle	lib	crtstl
68d452	GetVersionExA	lib	crtstl
68d45e	GetFileAttributesExW	lib	crtstl
68d464	GetSystemInfo	lib	crtstl
68d470	CreateFileMappingW	lib	crtstl
68d47c	LoadLibraryA	lib	crtstl
68d488	LockFileEx	lib	crtstl
68d494	GetProcAddress	lib	crtstl
68d49a	GetLastError	lib	crtstl
68d4a0	GetTempPathW	lib	crtstl
68d4a6	FlushFileBuffers	lib	crtstl
68d4ac	MultiByteToWideChar	lib	crtstl
68d4b2	CreateFileW	lib	crtstl
68d4b8	ReadFile	lib	crtstl
68d4be	GetFileAttributesW	lib	crtstl
68d4d0	GetFileAttributesA	lib	crtstl
68d4dc	FormatMessageW	lib	crtstl
68d4e2	LoadLibraryW	lib	crtstl
68d4e8	WideCharToMultiByte	lib	crtstl
68d4ee	WriteFile	lib	crtstl
68d4f4	FormatMessageA	lib	crtstl
68d4fa	GetSystemTimeAsFileTime	lib	crtstl
68d506	UnlockFileEx	lib	crtstl
68d50c	GetTickCount	lib	crtstl
68d518	LockFile	lib	crtstl
68d51e	UnlockFile	lib	crtstl
68d52a	QueryPerformanceCounter	lib	crtstl
68d53c	FreeLibrary	lib	crtstl
68d542	SetEndOfFile	lib	crtstl
68d548	UnmapViewOfFile	lib	crtstl
68d54e	MapViewOfFile	lib	crtstl
68d554	SetFilePointer	lib	crtstl
68d560	GetFileSize	lib	crtstl
68d566	CreateFileA	lib	crtstl
68d572	GetFullPathNameA	lib	crtstl
68d578	GetFullPathNameW	lib	crtstl
68d57e	FUN_0068d57e	lib	other
68d593	FUN_0068d593	lib	other
68d5b7	Facet_Register	gamemisc	game_misc
68d5e0	_Add_vtordisp2	lib	crtstl
68d5e6	_Lock	lib	crtstl
68d5ec	_Unlock	lib	crtstl
68d5f2	imbue	lib	crtstl
68d5f8	setbuf	lib	crtstl
68d5fe	showmanyc	lib	crtstl
68d604	sync	lib	crtstl
68d60a	uflow	lib	crtstl
68d610	xsgetn	lib	crtstl
68d616	xsputn	lib	crtstl
68d61c	_Lock	lib	crtstl
68d622	_Unlock	lib	crtstl
68d628	imbue	lib	crtstl
68d62e	setbuf	lib	crtstl
68d634	showmanyc	lib	crtstl
68d63a	sync	lib	crtstl
68d640	uflow	lib	crtstl
68d646	xsgetn	lib	crtstl
68d64c	xsputn	lib	crtstl
68d652	FUN_0068d652	lib	audit
68d65c	_Add_vtordisp1	lib	crtstl
68d662	purecall	lib	crtstl
68d668	operator_new	lib	crtstl
68d66e	operator_delete	lib	crtstl
68d6b0	__onexit	lib	crtstl
68d74c	FUN_0068d74c	lib	crtstl
68d755	_atexit	lib	crtstl
68d76a	memmove	lib	crtstl
68d770	fclose	lib	crtstl
68d788	__security_check_cookie	lib	crtstl
68d798	_CxxThrowException	lib	crtstl
68d7a4	libm_sse2_cos_precise	lib	crtstl
68d7aa	memcpy	lib	crtstl
68d7b0	memset	lib	crtstl
68d7b6	vfunc_0	lib	crtstl
68d800	`eh_vector_destructor_iterator'	gamemisc	game_misc
68d85f	FUN_0068d85f	lib	audit
68d86f	__ArrayUnwind	lib	crtstl
68d8ce	operator_delete[]	lib	crtstl
68d8d4	libm_sse2_pow_precise	lib	crtstl
68d8e0	__alloca_probe	lib	crtstl
68d910	FUN_0068d910	game	GameController
68d946	FUN_0068d946	gamemisc	game_misc
68d9bc	libm_sse2_asin_precise	lib	crtstl
68d9c2	libm_sse2_sin_precise	lib	crtstl
68d9c8	libm_sse2_sqrt_precise	lib	crtstl
68d9ce	libm_sse2_tan_precise	lib	crtstl
68d9e0	__alldiv	lib	crtstl
68da90	__allmul	lib	crtstl
68dac4	`eh_vector_constructor_iterator'	gamemisc	game_misc
68db1c	FUN_0068db1c	lib	audit
68db2c	__RTDynamicCast	lib	crtstl
68db32	libm_sse2_acos_precise	lib	crtstl
68db38	fread	lib	crtstl
68db3e	ftell	lib	crtstl
68db44	free	lib	crtstl
68db4a	malloc	lib	crtstl
68db50	fopen	lib	crtstl
68db56	fseek	lib	crtstl
68db5c	sprintf	lib	crtstl
68db62	longjmp	lib	crtstl
68db68	setjmp3	lib	crtstl
68db6e	___raise_securityfailure	lib	crtstl
68dbab	___report_gsfailure	lib	crtstl
68dca4	___report_rangecheckfailure	lib	crtstl
68dcb0	___report_securityfailure	lib	crtstl
68dd7e	floor	lib	crtstl
68dd84	realloc	lib	crtstl
68dd8a	strncmp	lib	crtstl
68dd90	__alldvrm	lib	crtstl
68de70	__allrem	lib	crtstl
68df30	__allshl	lib	crtstl
68df50	__aulldiv	lib	crtstl
68dfc0	__aulldvrm	lib	crtstl
68e060	__aullrem	lib	crtstl
68e0d6	libm_sse2_exp_precise	lib	crtstl
68e1e0	entry	lib	other
68e3a0	__allshr	lib	crtstl
68e3d0	__alloca_probe_16	lib	crtstl
68e3e6	__alloca_probe_8	lib	crtstl
68e3fc	qsort	lib	crtstl
68e402	memchr	lib	crtstl
68e408	libm_sse2_log_precise	lib	crtstl
68e40e	what	lib	crtstl
68e414	_lock	lib	crtstl
68e41a	_unlock	lib	crtstl
68e420	__dllonexit	lib	crtstl
68e430	__SEH_prolog4	lib	crtstl
68e475	__SEH_epilog4	lib	crtstl
68e489	FUN_0068e489	lib	other
68e4ac	~type_info	lib	crtstl
68e4b2	terminate	lib	crtstl
68e5f2	_crt_debugger_hook	lib	crtstl
68e5f8	__crtUnhandledException	lib	crtstl
68e5fe	__crtTerminateProcess	lib	crtstl
68e604	FUN_0068e604	lib	other
68e65a	_amsg_exit	lib	crtstl
68e660	__FindPESection	lib	crtstl
68e6b0	__IsNonwritableInCurrentImage	lib	crtstl
68e770	__ValidateImageBase	lib	crtstl
68e7a1	___security_init_cookie	lib	crtstl
68e83b	FUN_0068e83b	lib	other
68e83e	FUN_0068e83e	lib	other
68e85e	FUN_0068e85e	lib	other
68e87e	FUN_0068e87e	lib	other
68e8a6	initterm_e	lib	crtstl
68e8ac	initterm	lib	crtstl
68e8b2	except_handler4_common	lib	crtstl
68e8b8	__crtSetUnhandledExceptionFilter	lib	crtstl
68e8be	_invoke_watson	lib	crtstl
68e8c4	_controlfp_s	lib	crtstl
68e8ca	GetAdaptersInfo	lib	crtstl
68e8d0	FUN_0068e8d0	gamemisc	game_misc
68e900	FUN_0068e900	gamemisc	game_misc
68e950	FUN_0068e950	lib	other
68e970	FUN_0068e970	lib	other
68e9a0	FUN_0068e9a0	lib	other
68ea00	FUN_0068ea00	lib	other
68ea40	FUN_0068ea40	lib	other
68ea60	FUN_0068ea60	lib	other
68eb30	FUN_0068eb30	lib	other
68ebc0	FUN_0068ebc0	lib	other
68ec40	FUN_0068ec40	lib	other
68ecd0	FUN_0068ecd0	lib	other
68ed60	FUN_0068ed60	lib	other
68ee50	FUN_0068ee50	lib	other
68eec0	FUN_0068eec0	lib	other
68ef00	FUN_0068ef00	lib	other
68efc0	FUN_0068efc0	lib	other
68f020	FUN_0068f020	lib	other
68f040	FUN_0068f040	lib	other
68f090	FUN_0068f090	lib	other
68f0a0	FUN_0068f0a0	lib	other
68f0c0	FUN_0068f0c0	lib	other
68f110	FUN_0068f110	lib	other
68f170	FUN_0068f170	lib	other
68f190	FUN_0068f190	lib	other
68f1b0	FUN_0068f1b0	game	ChatWidget
68f250	FUN_0068f250	lib	other
68f2f0	FUN_0068f2f0	lib	audit
68f3b0	FUN_0068f3b0	lib	audit
68f4a0	FUN_0068f4a0	lib	other
68f500	FUN_0068f500	lib	audit
68f560	FUN_0068f560	lib	audit
68f5f0	FUN_0068f5f0	lib	audit
68f810	FUN_0068f810	lib	audit
68f860	FUN_0068f860	lib	audit
68f8f0	FUN_0068f8f0	lib	audit
68f990	FUN_0068f990	lib	crtstl
68fa30	FUN_0068fa30	lib	audit
68fb10	FUN_0068fb10	lib	other
68fb90	FUN_0068fb90	lib	audit
68fbb0	FUN_0068fbb0	lib	other
68fc00	FUN_0068fc00	lib	audit
68fc70	FUN_0068fc70	lib	other
68fcc0	FUN_0068fcc0	lib	other
68fce0	FUN_0068fce0	lib	audit
68fd30	FUN_0068fd30	lib	audit
68fd60	FUN_0068fd60	gamemisc	game_misc
68fd80	FUN_0068fd80	lib	audit
68fdf0	FUN_0068fdf0	lib	other
68fe10	FUN_0068fe10	lib	other
68fe70	FUN_0068fe70	lib	other
68ff10	FUN_0068ff10	lib	other
68ff90	FUN_0068ff90	lib	other
690340	FUN_00690340	lib	audit
6903a0	FUN_006903a0	lib	other
690430	FUN_00690430	lib	other
6904c0	FUN_006904c0	lib	audit
690500	FUN_00690500	lib	audit
690560	FUN_00690560	lib	audit
6905a0	FUN_006905a0	lib	other
690880	FUN_00690880	lib	audit
6908a0	FUN_006908a0	lib	audit
6908c0	FUN_006908c0	lib	audit
690900	FUN_00690900	lib	audit
690930	FUN_00690930	lib	audit
690940	FUN_00690940	lib	audit
6909c0	FUN_006909c0	lib	other
690a20	FUN_00690a20	lib	other
690a40	FUN_00690a40	lib	other
690a70	FUN_00690a70	lib	other
690aa0	FUN_00690aa0	lib	other
690ae0	FUN_00690ae0	lib	other
690b20	FUN_00690b20	lib	other
690b80	FUN_00690b80	lib	audit
690bf0	FUN_00690bf0	lib	other
690c60	FUN_00690c60	lib	other
690cd0	FUN_00690cd0	lib	audit
690d40	FUN_00690d40	lib	other
690db0	FUN_00690db0	lib	audit
690e10	FUN_00690e10	lib	audit
690ea0	FUN_00690ea0	lib	audit
690f80	FUN_00690f80	lib	audit
691030	FUN_00691030	lib	audit
691070	FUN_00691070	lib	audit
691090	FUN_00691090	lib	audit
6910d0	FUN_006910d0	lib	audit
691170	FUN_00691170	lib	other
6911e0	FUN_006911e0	lib	audit
691200	FUN_00691200	lib	audit
691240	FUN_00691240	lib	audit
691290	FUN_00691290	lib	audit
6912b0	FUN_006912b0	lib	other
691310	FUN_00691310	lib	other
691360	FUN_00691360	lib	other
691390	FUN_00691390	lib	audit
6913b0	FUN_006913b0	lib	audit
6913e0	FUN_006913e0	lib	audit
691410	FUN_00691410	lib	audit
691460	FUN_00691460	lib	audit
6914c0	FUN_006914c0	lib	other
691540	FUN_00691540	lib	audit
6915b0	FUN_006915b0	lib	audit
6915d0	FUN_006915d0	lib	audit
691600	FUN_00691600	lib	audit
691650	FUN_00691650	lib	other
691670	FUN_00691670	lib	audit
6916f0	FUN_006916f0	lib	audit
691760	FUN_00691760	lib	audit
6917d0	FUN_006917d0	lib	other
691820	FUN_00691820	lib	other
691840	FUN_00691840	lib	other
6919d0	FUN_006919d0	lib	other
691a90	FUN_00691a90	lib	other
691b00	FUN_00691b00	lib	audit
691b30	FUN_00691b30	gamemisc	game_misc
691b90	FUN_00691b90	lib	audit
691c20	FUN_00691c20	lib	audit
691ce0	FUN_00691ce0	lib	audit
691d10	FUN_00691d10	lib	audit
691da0	FUN_00691da0	lib	audit
691dc0	FUN_00691dc0	lib	other
691ec0	FUN_00691ec0	lib	audit
691ee0	FUN_00691ee0	lib	other
691f30	FUN_00691f30	lib	other
691fe0	FUN_00691fe0	lib	other
692010	FUN_00692010	lib	other
692230	FUN_00692230	lib	audit
692290	FUN_00692290	lib	audit
6923a0	FUN_006923a0	lib	audit
6923d0	FUN_006923d0	lib	audit
6924b0	FUN_006924b0	lib	audit
692520	FUN_00692520	lib	other
692580	FUN_00692580	lib	audit
692620	FUN_00692620	lib	audit
692920	FUN_00692920	lib	audit
692960	FUN_00692960	lib	audit
6929b0	FUN_006929b0	lib	audit
692a70	FUN_00692a70	gamemisc	game_misc
692aa0	FUN_00692aa0	lib	audit
692be0	FUN_00692be0	lib	audit
692c40	FUN_00692c40	lib	audit
692d00	FUN_00692d00	lib	other
692de0	FUN_00692de0	lib	other
693060	FUN_00693060	lib	other
693180	FUN_00693180	lib	audit
6931e0	FUN_006931e0	lib	audit
6932c0	FUN_006932c0	gamemisc	game_misc
693370	FUN_00693370	gamemisc	game_misc
6933e0	FUN_006933e0	gamemisc	game_misc
693440	FUN_00693440	gamemisc	game_misc
6934d0	FUN_006934d0	lib	other
693580	FUN_00693580	lib	audit
693750	FUN_00693750	lib	other
6937b0	FUN_006937b0	lib	other
693840	FUN_00693840	lib	other
6938e0	FUN_006938e0	lib	other
693940	FUN_00693940	lib	other
693a30	FUN_00693a30	lib	other
693a60	FUN_00693a60	lib	audit
693bf0	FUN_00693bf0	lib	other
693c40	FUN_00693c40	lib	other
693db0	FUN_00693db0	lib	other
693e10	FUN_00693e10	lib	other
693ed0	FUN_00693ed0	lib	other
693fc0	FUN_00693fc0	gamemisc	game_misc
694170	FUN_00694170	lib	audit
694250	FUN_00694250	lib	audit
694270	FUN_00694270	lib	audit
6946d0	FUN_006946d0	lib	audit
6947e0	FUN_006947e0	lib	audit
6948f0	FUN_006948f0	lib	audit
6949d0	FUN_006949d0	lib	audit
694b00	FUN_00694b00	lib	audit
694b60	FUN_00694b60	lib	audit
694f00	FUN_00694f00	lib	audit
694f50	FUN_00694f50	lib	audit
694fa0	FUN_00694fa0	lib	audit
695200	FUN_00695200	lib	audit
695240	FUN_00695240	lib	audit
6952a0	FUN_006952a0	lib	audit
6952d0	FUN_006952d0	lib	audit
695360	FUN_00695360	lib	audit
695420	FUN_00695420	lib	audit
695620	FUN_00695620	lib	audit
695630	FUN_00695630	lib	other
695710	FUN_00695710	lib	other
6957c0	FUN_006957c0	lib	other
695970	FUN_00695970	lib	audit
6959f0	FUN_006959f0	lib	audit
695ab0	FUN_00695ab0	lib	audit
695b20	FUN_00695b20	lib	audit
695b70	FUN_00695b70	lib	audit
695be0	FUN_00695be0	lib	other
695d60	FUN_00695d60	lib	audit
695d90	FUN_00695d90	lib	audit
695db0	FUN_00695db0	lib	audit
695dd0	FUN_00695dd0	lib	audit
695e10	FUN_00695e10	lib	audit
695e80	FUN_00695e80	lib	audit
695f10	FUN_00695f10	lib	audit
695f60	FUN_00695f60	lib	audit
695f80	FUN_00695f80	lib	audit
695fc0	FUN_00695fc0	lib	other
696020	FUN_00696020	lib	other
6961a0	FUN_006961a0	lib	other
696270	FUN_00696270	lib	other
696480	FUN_00696480	lib	other
6964d0	FUN_006964d0	lib	audit
696550	FUN_00696550	lib	audit
696620	FUN_00696620	lib	audit
696830	FUN_00696830	lib	audit
696af0	FUN_00696af0	lib	audit
696b20	FUN_00696b20	lib	audit
696bf0	FUN_00696bf0	lib	audit
696ce0	FUN_00696ce0	lib	audit
696d50	FUN_00696d50	lib	audit
696d80	FUN_00696d80	lib	audit
696db0	FUN_00696db0	lib	audit
6970b0	FUN_006970b0	lib	audit
6971a0	FUN_006971a0	lib	audit
6971d0	FUN_006971d0	lib	other
697270	FUN_00697270	lib	other
697310	FUN_00697310	lib	other
697350	FUN_00697350	lib	other
6973a0	FUN_006973a0	lib	other
697430	FUN_00697430	lib	other
697440	FUN_00697440	lib	other
697460	FUN_00697460	lib	other
697490	FUN_00697490	lib	other
697500	FUN_00697500	lib	other
697540	FUN_00697540	lib	other
6975c0	FUN_006975c0	lib	other
6977d0	FUN_006977d0	lib	other
697a40	FUN_00697a40	lib	other
697b00	FUN_00697b00	lib	other
697be0	FUN_00697be0	lib	other
697ce0	FUN_00697ce0	lib	other
697df0	FUN_00697df0	lib	other
697e30	FUN_00697e30	lib	other
697ea0	FUN_00697ea0	lib	other
698060	FUN_00698060	lib	other
698130	FUN_00698130	lib	other
698500	FUN_00698500	lib	other
698e00	FUN_00698e00	lib	other
698ff0	FUN_00698ff0	lib	other
699130	FUN_00699130	lib	other
699320	FUN_00699320	lib	other
699490	FUN_00699490	lib	other
699f90	FUN_00699f90	lib	other
69a1e0	FUN_0069a1e0	lib	other
69a730	FUN_0069a730	lib	other
69a7f0	FUN_0069a7f0	lib	other
69a860	FUN_0069a860	lib	other
69a890	FUN_0069a890	lib	other
69a900	FUN_0069a900	lib	other
69a950	FUN_0069a950	lib	other
69aac0	FUN_0069aac0	lib	other
69ad50	FUN_0069ad50	lib	other
69adb0	FUN_0069adb0	lib	other
69af60	FUN_0069af60	lib	other
69b520	FUN_0069b520	lib	other
69bc10	FUN_0069bc10	lib	other
69c020	FUN_0069c020	lib	other
69c050	FUN_0069c050	lib	other
69c090	FUN_0069c090	lib	other
69c230	FUN_0069c230	lib	other
69c400	FUN_0069c400	lib	other
69c470	FUN_0069c470	lib	other
69c5d0	FUN_0069c5d0	lib	other
69c740	FUN_0069c740	lib	other
69c7c0	FUN_0069c7c0	lib	other
69cb00	FUN_0069cb00	lib	other
69cb40	FUN_0069cb40	lib	other
69cec0	FUN_0069cec0	lib	other
69d190	FUN_0069d190	lib	other
69d340	FUN_0069d340	lib	other
69d450	FUN_0069d450	lib	other
69d600	FUN_0069d600	lib	other
69d750	FUN_0069d750	lib	other
69dd70	FUN_0069dd70	lib	other
69e3b0	FUN_0069e3b0	lib	other
69e550	FUN_0069e550	lib	other
69f380	FUN_0069f380	lib	other
69f450	FUN_0069f450	lib	other
69f670	FUN_0069f670	lib	other
69f6a0	FUN_0069f6a0	lib	other
69f720	FUN_0069f720	lib	other
69fa90	FUN_0069fa90	lib	other
69fb00	FUN_0069fb00	lib	other
69fb90	FUN_0069fb90	lib	other
69fdc0	FUN_0069fdc0	lib	other
69ff10	FUN_0069ff10	lib	other
69ff50	FUN_0069ff50	lib	other
69ffe0	FUN_0069ffe0	lib	other
6a03d0	FUN_006a03d0	lib	other
6a0860	FUN_006a0860	lib	other
6a0890	FUN_006a0890	lib	other
6a0a80	FUN_006a0a80	lib	other
6a0b70	FUN_006a0b70	lib	other
6a0da0	FUN_006a0da0	lib	other
6a0dd0	FUN_006a0dd0	lib	other
6a1010	FUN_006a1010	lib	other
6a1820	FUN_006a1820	lib	other
6a1aa0	vfunc_13	lib	other
6a1ab0	FUN_006a1ab0	lib	other
6a1c20	FUN_006a1c20	lib	other
6a1c60	FUN_006a1c60	lib	other
6a1d50	FUN_006a1d50	lib	other
6a1e90	FUN_006a1e90	lib	other
6a2240	FUN_006a2240	lib	other
6a22d0	FUN_006a22d0	lib	other
6a23f0	FUN_006a23f0	lib	other
6a2460	FUN_006a2460	lib	other
6a2530	FUN_006a2530	lib	other
6a26f0	FUN_006a26f0	lib	other
6a2820	FUN_006a2820	lib	other
6a2b20	FUN_006a2b20	lib	other
6a2c30	FUN_006a2c30	lib	other
6a2e50	FUN_006a2e50	lib	other
6a2f20	FUN_006a2f20	lib	other
6a30a0	FUN_006a30a0	lib	other
6a31d0	FUN_006a31d0	lib	other
6a3210	FUN_006a3210	lib	other
6a33d0	FUN_006a33d0	lib	other
6a3780	FUN_006a3780	lib	other
6a37c0	FUN_006a37c0	lib	other
6a3840	FUN_006a3840	lib	other
6a38b0	FUN_006a38b0	lib	other
6a3910	FUN_006a3910	lib	other
6a3970	FUN_006a3970	lib	other
6a3a20	FUN_006a3a20	lib	other
6a3aa0	FUN_006a3aa0	lib	other
6a3b10	FUN_006a3b10	lib	other
6a3bc0	FUN_006a3bc0	lib	other
6a3c20	FUN_006a3c20	lib	other
6a3cb0	FUN_006a3cb0	lib	other
6a3e30	FUN_006a3e30	lib	other
6a3e80	FUN_006a3e80	lib	other
6a3ff0	FUN_006a3ff0	lib	other
6a4060	FUN_006a4060	lib	other
6a41a0	FUN_006a41a0	lib	other
6a4300	FUN_006a4300	lib	other
6a4490	FUN_006a4490	lib	other
6a47f0	FUN_006a47f0	lib	other
6a4910	FUN_006a4910	lib	other
6a4920	FUN_006a4920	lib	other
6a4950	FUN_006a4950	lib	other
6a4970	FUN_006a4970	lib	other
6a4a40	FUN_006a4a40	lib	other
6a4eb0	FUN_006a4eb0	lib	other
6a51d0	FUN_006a51d0	lib	other
6a52f0	FUN_006a52f0	lib	other
6a5420	FUN_006a5420	lib	other
6a5430	FUN_006a5430	lib	other
6a54e0	FUN_006a54e0	lib	other
6a5680	FUN_006a5680	lib	other
6a58a0	FUN_006a58a0	lib	other
6a58c0	FUN_006a58c0	lib	other
6a5900	FUN_006a5900	lib	other
6a5950	FUN_006a5950	lib	other
6a5970	FUN_006a5970	lib	other
6a59d0	FUN_006a59d0	lib	other
6a59f0	FUN_006a59f0	lib	other
6a5a10	FUN_006a5a10	lib	other
6a5a60	FUN_006a5a60	lib	other
6a5aa0	FUN_006a5aa0	lib	other
6a5ae0	FUN_006a5ae0	lib	other
6a5b30	FUN_006a5b30	lib	other
6a5b70	FUN_006a5b70	lib	other
6a5c00	FUN_006a5c00	lib	other
6a5c60	FUN_006a5c60	lib	other
6a5d80	FUN_006a5d80	lib	other
6a5de0	FUN_006a5de0	lib	other
6a5e10	FUN_006a5e10	lib	other
6a5e20	FUN_006a5e20	lib	other
6a5e40	FUN_006a5e40	lib	other
6a5e60	FUN_006a5e60	lib	other
6a5e90	FUN_006a5e90	lib	other
6a5f50	FUN_006a5f50	lib	other
6a6000	FUN_006a6000	lib	other
6a6020	FUN_006a6020	lib	other
6a6050	FUN_006a6050	lib	other
6a6070	FUN_006a6070	lib	other
6a60a0	FUN_006a60a0	lib	other
6a6100	FUN_006a6100	lib	other
6a61f0	FUN_006a61f0	lib	other
6a6250	FUN_006a6250	lib	other
6a6370	FUN_006a6370	lib	other
6a64e0	FUN_006a64e0	lib	other
6a6560	FUN_006a6560	lib	other
6a66a0	FUN_006a66a0	lib	other
6a67e0	FUN_006a67e0	lib	other
6a69c0	FUN_006a69c0	lib	other
6a6c10	FUN_006a6c10	lib	other
6a6c90	FUN_006a6c90	lib	other
6a6cb0	FUN_006a6cb0	lib	other
6a6cd0	FUN_006a6cd0	lib	other
6a6d10	FUN_006a6d10	lib	other
6a6d30	FUN_006a6d30	lib	other
6a6db0	FUN_006a6db0	lib	other
6a6e00	FUN_006a6e00	lib	other
6a6f10	FUN_006a6f10	lib	other
6a6fd0	FUN_006a6fd0	lib	other
6a7040	FUN_006a7040	lib	other
6a7070	FUN_006a7070	lib	other
6a7310	FUN_006a7310	lib	other
6a7340	FUN_006a7340	lib	other
6a74e0	FUN_006a74e0	lib	other
6a7520	FUN_006a7520	lib	other
6a7570	FUN_006a7570	lib	other
6a75c0	FUN_006a75c0	lib	other
6a7610	FUN_006a7610	lib	other
6a7890	FUN_006a7890	lib	other
6a7990	FUN_006a7990	lib	other
6a7b70	FUN_006a7b70	lib	other
6a7cc0	FUN_006a7cc0	lib	other
6a7dd0	FUN_006a7dd0	lib	other
6a7e80	FUN_006a7e80	lib	other
6a8090	FUN_006a8090	lib	other
6a84c0	FUN_006a84c0	lib	other
6a84f0	FUN_006a84f0	lib	other
6a8560	FUN_006a8560	lib	other
6a8640	FUN_006a8640	lib	other
6a8770	FUN_006a8770	lib	other
6a87e0	FUN_006a87e0	lib	other
6a8800	FUN_006a8800	lib	other
6a8b20	FUN_006a8b20	lib	other
6a8c20	FUN_006a8c20	lib	other
6a8cd0	FUN_006a8cd0	lib	other
6a8d00	FUN_006a8d00	lib	other
6a8e80	FUN_006a8e80	lib	other
6a8ed0	FUN_006a8ed0	lib	other
6a8ef0	FUN_006a8ef0	lib	other
6a8f40	FUN_006a8f40	lib	other
6a9020	FUN_006a9020	lib	other
6a9080	FUN_006a9080	lib	other
6a9190	FUN_006a9190	lib	other
6a92c0	FUN_006a92c0	lib	other
6a92d0	FUN_006a92d0	lib	other
6a93f0	FUN_006a93f0	lib	other
6a94c0	FUN_006a94c0	lib	other
6a9560	FUN_006a9560	lib	other
6a95f0	FUN_006a95f0	lib	other
6a9620	FUN_006a9620	lib	other
6a9660	FUN_006a9660	lib	other
6a96c0	FUN_006a96c0	lib	other
6a9700	FUN_006a9700	lib	other
6a9770	FUN_006a9770	lib	other
6a97b0	FUN_006a97b0	lib	other
6a9840	FUN_006a9840	lib	other
6a98d0	FUN_006a98d0	lib	other
6a98e0	FUN_006a98e0	lib	other
6a99a0	FUN_006a99a0	lib	other
6a9a00	FUN_006a9a00	lib	other
6a9a90	FUN_006a9a90	lib	other
6a9b80	FUN_006a9b80	lib	other
6a9c50	FUN_006a9c50	lib	other
6a9cc0	FUN_006a9cc0	lib	other
6a9d30	FUN_006a9d30	lib	other
6a9d80	FUN_006a9d80	lib	other
6a9e10	FUN_006a9e10	lib	other
6a9eb0	FUN_006a9eb0	lib	other
6a9ed0	FUN_006a9ed0	lib	other
6a9f00	FUN_006a9f00	lib	other
6a9f80	FUN_006a9f80	lib	other
6aa020	FUN_006aa020	lib	other
6aa050	FUN_006aa050	lib	other
6aa1c0	FUN_006aa1c0	lib	other
6aa260	FUN_006aa260	lib	other
6aa2e0	FUN_006aa2e0	lib	other
6aa3e0	FUN_006aa3e0	lib	other
6aa4d0	FUN_006aa4d0	lib	other
6aa8b0	FUN_006aa8b0	lib	other
6aa8d0	FUN_006aa8d0	lib	other
6aa950	FUN_006aa950	lib	other
6aa970	FUN_006aa970	lib	other
6aa9a0	FUN_006aa9a0	lib	other
6aa9f0	FUN_006aa9f0	lib	other
6aabd0	FUN_006aabd0	lib	other
6abbc0	FUN_006abbc0	lib	other
6abd10	FUN_006abd10	lib	other
6abd50	FUN_006abd50	lib	other
6abf20	FUN_006abf20	lib	other
6ac110	FUN_006ac110	lib	other
6ac1e0	FUN_006ac1e0	lib	other
6ac4e0	FUN_006ac4e0	lib	other
6ac520	FUN_006ac520	lib	other
6ac550	FUN_006ac550	lib	other
6ac580	FUN_006ac580	lib	other
6ac770	FUN_006ac770	lib	other
6ac800	FUN_006ac800	lib	other
6ac880	FUN_006ac880	lib	other
6ac8a0	FUN_006ac8a0	lib	other
6ac920	FUN_006ac920	lib	other
6acc20	FUN_006acc20	lib	other
6acde0	FUN_006acde0	lib	other
6acfc0	FUN_006acfc0	lib	other
6ad220	FUN_006ad220	lib	other
6ad370	FUN_006ad370	lib	other
6ad550	FUN_006ad550	lib	other
6ad990	FUN_006ad990	lib	other
6adad0	FUN_006adad0	lib	other
6adfd0	FUN_006adfd0	lib	other
6ae030	FUN_006ae030	lib	other
6ae0f0	FUN_006ae0f0	lib	other
6af010	FUN_006af010	lib	other
6af030	FUN_006af030	lib	other
6af100	FUN_006af100	lib	other
6af140	FUN_006af140	lib	other
6af1a0	FUN_006af1a0	lib	other
6af220	FUN_006af220	lib	other
6af310	FUN_006af310	lib	other
6af450	FUN_006af450	lib	other
6af480	FUN_006af480	lib	other
6af4b0	FUN_006af4b0	lib	other
6af5b0	FUN_006af5b0	lib	other
6af8e0	FUN_006af8e0	lib	other
6afcd0	FUN_006afcd0	lib	other
6b00f0	FUN_006b00f0	lib	other
6b0170	FUN_006b0170	lib	other
6b0370	FUN_006b0370	lib	other
6b03a0	FUN_006b03a0	lib	other
6b04d0	FUN_006b04d0	lib	other
6b0500	FUN_006b0500	lib	other
6b0770	FUN_006b0770	lib	other
6b0a80	FUN_006b0a80	lib	other
6b0b20	FUN_006b0b20	lib	other
6b0b50	FUN_006b0b50	lib	other
6b0b80	FUN_006b0b80	lib	other
6b0bc0	FUN_006b0bc0	lib	other
6b0eb0	FUN_006b0eb0	lib	other
6b1050	FUN_006b1050	lib	other
6b1190	FUN_006b1190	lib	other
6b1650	FUN_006b1650	lib	other
6b1680	FUN_006b1680	lib	other
6b16c0	FUN_006b16c0	lib	other
6b1730	FUN_006b1730	lib	other
6b1740	FUN_006b1740	lib	other
6b17a0	FUN_006b17a0	lib	other
6b1830	FUN_006b1830	lib	other
6b1890	FUN_006b1890	lib	other
6b1960	FUN_006b1960	lib	other
6b1a80	FUN_006b1a80	lib	other
6b1aa0	FUN_006b1aa0	lib	other
6b1e00	FUN_006b1e00	lib	other
6b1e40	FUN_006b1e40	lib	other
6b1f00	FUN_006b1f00	lib	other
6b2000	FUN_006b2000	lib	other
6b20c0	FUN_006b20c0	lib	other
6b21e0	FUN_006b21e0	lib	other
6b2440	FUN_006b2440	lib	other
6b24c0	FUN_006b24c0	lib	other
6b27b0	FUN_006b27b0	lib	other
6b27c0	FUN_006b27c0	lib	other
6b2a70	FUN_006b2a70	lib	other
6b2f40	FUN_006b2f40	lib	other
6b3230	FUN_006b3230	lib	other
6b33d0	FUN_006b33d0	lib	other
6b3400	FUN_006b3400	lib	other
6b3740	FUN_006b3740	lib	other
6b3970	FUN_006b3970	lib	other
6b3c40	FUN_006b3c40	lib	other
6b3c60	FUN_006b3c60	lib	other
6b3c90	FUN_006b3c90	lib	other
6b3d50	FUN_006b3d50	lib	other
6b3f40	FUN_006b3f40	lib	other
6b4090	FUN_006b4090	lib	other
6b43d0	FUN_006b43d0	lib	other
6b43e0	thunk_FUN_006b3c40	lib	crtstl
6b43f0	FUN_006b43f0	lib	other
6b4550	FUN_006b4550	lib	other
6b46c0	FUN_006b46c0	lib	other
6b4700	FUN_006b4700	lib	other
6b4730	FUN_006b4730	lib	other
6b4930	FUN_006b4930	lib	other
6b4ba0	FUN_006b4ba0	lib	other
6b4c60	FUN_006b4c60	lib	other
6b5520	FUN_006b5520	lib	other
6b5570	FUN_006b5570	lib	other
6b55b0	FUN_006b55b0	lib	other
6b5650	FUN_006b5650	lib	other
6b5920	FUN_006b5920	lib	other
6b5950	FUN_006b5950	lib	other
6b5980	FUN_006b5980	lib	other
6b5bf0	FUN_006b5bf0	lib	other
6b5e50	FUN_006b5e50	lib	other
6b5e70	FUN_006b5e70	lib	other
6b5ec0	FUN_006b5ec0	lib	other
6b5fe0	FUN_006b5fe0	lib	other
6b6030	FUN_006b6030	lib	other
6b61b0	FUN_006b61b0	lib	other
6b6310	FUN_006b6310	lib	other
6b6430	FUN_006b6430	lib	other
6b6450	FUN_006b6450	lib	other
6b64d0	FUN_006b64d0	lib	other
6b64f0	FUN_006b64f0	lib	other
6b6530	FUN_006b6530	lib	other
6b6560	FUN_006b6560	lib	other
6b6670	FUN_006b6670	lib	other
6b66f0	FUN_006b66f0	lib	other
6b6700	FUN_006b6700	lib	other
6b6720	FUN_006b6720	lib	other
6b6750	FUN_006b6750	lib	other
6b6a70	FUN_006b6a70	lib	other
6b6a80	FUN_006b6a80	lib	other
6b6dd0	FUN_006b6dd0	lib	other
6b7000	FUN_006b7000	lib	other
6b7030	FUN_006b7030	lib	other
6b7420	FUN_006b7420	lib	other
6b7540	FUN_006b7540	lib	other
6b75d0	FUN_006b75d0	lib	other
6b7880	FUN_006b7880	lib	other
6b7970	FUN_006b7970	lib	other
6b7b00	FUN_006b7b00	lib	other
6b7b10	FUN_006b7b10	lib	other
6b8400	FUN_006b8400	lib	other
6b8660	FUN_006b8660	lib	other
6b8690	FUN_006b8690	lib	other
6b86d0	FUN_006b86d0	lib	other
6b8700	FUN_006b8700	lib	other
6b8760	FUN_006b8760	lib	other
6b8790	FUN_006b8790	lib	other
6b8820	FUN_006b8820	lib	other
6b8860	FUN_006b8860	lib	other
6b88c0	FUN_006b88c0	lib	other
6b8910	FUN_006b8910	lib	other
6b8b40	FUN_006b8b40	lib	other
6ba4b0	FUN_006ba4b0	lib	other
6bace0	FUN_006bace0	lib	other
6bad90	FUN_006bad90	lib	other
6bae00	FUN_006bae00	lib	other
6bae50	FUN_006bae50	lib	other
6bb130	FUN_006bb130	lib	other
6bb190	FUN_006bb190	lib	other
6bb260	FUN_006bb260	lib	other
6bb3c0	FUN_006bb3c0	lib	other
6bb400	FUN_006bb400	lib	other
6bb770	FUN_006bb770	lib	other
6bb970	FUN_006bb970	lib	other
6bb9e0	FUN_006bb9e0	lib	other
6bba60	FUN_006bba60	lib	other
6bbb20	FUN_006bbb20	lib	other
6bbd60	FUN_006bbd60	lib	other
6bbdf0	FUN_006bbdf0	lib	other
6bbf10	FUN_006bbf10	lib	other
6bbf90	FUN_006bbf90	lib	other
6bc0c0	FUN_006bc0c0	lib	other
6bc720	FUN_006bc720	lib	other
6bc830	FUN_006bc830	lib	other
6bc890	FUN_006bc890	lib	other
6bcd60	FUN_006bcd60	lib	other
6bcfa0	FUN_006bcfa0	lib	other
6bd5a0	FUN_006bd5a0	lib	other
6bd950	FUN_006bd950	lib	other
6bd9a0	FUN_006bd9a0	lib	other
6bda20	FUN_006bda20	lib	other
6bdde0	FUN_006bdde0	lib	other
6bde20	FUN_006bde20	lib	other
6bdea0	FUN_006bdea0	lib	other
6bdf90	FUN_006bdf90	lib	other
6bdff0	FUN_006bdff0	lib	other
6be140	FUN_006be140	lib	other
6be190	FUN_006be190	lib	other
6be8e0	FUN_006be8e0	lib	other
6be910	FUN_006be910	lib	other
6be990	FUN_006be990	lib	other
6beb80	FUN_006beb80	lib	other
6bed90	FUN_006bed90	lib	other
6bee10	FUN_006bee10	lib	other
6beeb0	FUN_006beeb0	lib	other
6bf050	FUN_006bf050	lib	other
6bf430	FUN_006bf430	lib	other
6bf480	FUN_006bf480	lib	other
6bf5b0	FUN_006bf5b0	lib	other
6bf680	FUN_006bf680	lib	other
6bf6a0	FUN_006bf6a0	lib	other
6bf6f0	FUN_006bf6f0	lib	other
6bf740	FUN_006bf740	lib	other
6bf8d0	FUN_006bf8d0	lib	other
6bf910	FUN_006bf910	lib	other
6bf970	FUN_006bf970	lib	other
6bf9b0	FUN_006bf9b0	lib	other
6bf9f0	FUN_006bf9f0	lib	other
6bfa80	FUN_006bfa80	lib	other
6bfb20	FUN_006bfb20	lib	other
6bfc40	FUN_006bfc40	lib	other
6c0030	FUN_006c0030	lib	other
6c0280	FUN_006c0280	lib	other
6c02c0	FUN_006c02c0	lib	other
6c0310	FUN_006c0310	lib	other
6c04a0	FUN_006c04a0	lib	other
6c06f0	FUN_006c06f0	lib	other
6c07c0	FUN_006c07c0	lib	other
6c0820	FUN_006c0820	lib	other
6c0910	FUN_006c0910	lib	other
6c0950	FUN_006c0950	lib	other
6c0a20	FUN_006c0a20	lib	other
6c0a40	FUN_006c0a40	lib	other
6c0bb0	FUN_006c0bb0	lib	other
6c0be0	FUN_006c0be0	lib	other
6c0c00	FUN_006c0c00	lib	other
6c0c20	FUN_006c0c20	lib	other
6c0c90	FUN_006c0c90	lib	other
6c0d00	FUN_006c0d00	lib	other
6c0d40	FUN_006c0d40	lib	other
6c0f30	FUN_006c0f30	lib	other
6c0fb0	FUN_006c0fb0	lib	other
6c1070	FUN_006c1070	lib	other
6c10c0	FUN_006c10c0	lib	other
6c1110	FUN_006c1110	lib	other
6c11a0	FUN_006c11a0	lib	other
6c11c0	FUN_006c11c0	lib	other
6c1250	FUN_006c1250	lib	other
6c1290	FUN_006c1290	lib	other
6c12e0	FUN_006c12e0	lib	other
6c1360	FUN_006c1360	lib	other
6c1390	FUN_006c1390	lib	other
6c13f0	FUN_006c13f0	lib	other
6c1480	FUN_006c1480	lib	other
6c1590	FUN_006c1590	lib	other
6c1780	FUN_006c1780	lib	other
6c1810	FUN_006c1810	lib	other
6c1aa0	FUN_006c1aa0	lib	other
6c1c00	FUN_006c1c00	lib	other
6c1d20	FUN_006c1d20	lib	other
6c1d80	FUN_006c1d80	lib	other
6c1dd0	FUN_006c1dd0	lib	other
6c1df0	FUN_006c1df0	lib	other
6c1e80	FUN_006c1e80	lib	other
6c1ed0	FUN_006c1ed0	lib	other
6c1f00	FUN_006c1f00	lib	other
6c1fc0	FUN_006c1fc0	lib	other
6c2010	FUN_006c2010	lib	other
6c20d0	FUN_006c20d0	lib	other
6c21a0	FUN_006c21a0	lib	other
6c2260	FUN_006c2260	lib	other
6c22d0	FUN_006c22d0	lib	other
6c2340	FUN_006c2340	lib	other
6c23a0	FUN_006c23a0	lib	other
6c2400	FUN_006c2400	lib	other
6c2470	FUN_006c2470	lib	other
6c24f0	FUN_006c24f0	lib	other
6c25f0	FUN_006c25f0	lib	other
6c26a0	FUN_006c26a0	lib	other
6c26f0	FUN_006c26f0	lib	other
6c2740	FUN_006c2740	lib	other
6c2790	FUN_006c2790	lib	other
6c2810	FUN_006c2810	lib	other
6c2850	FUN_006c2850	lib	other
6c2910	FUN_006c2910	lib	other
6c2920	FUN_006c2920	lib	other
6c29a0	FUN_006c29a0	lib	other
6c29f0	FUN_006c29f0	lib	other
6c2a40	FUN_006c2a40	lib	other
6c2b20	FUN_006c2b20	lib	other
6c2b80	FUN_006c2b80	lib	other
6c2c30	FUN_006c2c30	lib	other
6c2d30	FUN_006c2d30	lib	other
6c2e00	FUN_006c2e00	lib	other
6c2eb0	FUN_006c2eb0	lib	other
6c2fb0	FUN_006c2fb0	lib	other
6c3030	FUN_006c3030	lib	other
6c3140	FUN_006c3140	lib	other
6c3320	FUN_006c3320	lib	other
6c3550	FUN_006c3550	lib	other
6c3620	FUN_006c3620	lib	other
6c3850	FUN_006c3850	lib	other
6c38e0	FUN_006c38e0	lib	other
6c3b00	FUN_006c3b00	lib	other
6c3b40	FUN_006c3b40	lib	other
6c3b80	FUN_006c3b80	lib	other
6c3cc0	FUN_006c3cc0	lib	other
6c3e60	FUN_006c3e60	lib	other
6c3f50	FUN_006c3f50	lib	other
6c4040	FUN_006c4040	lib	other
6c4090	FUN_006c4090	lib	other
6c4ee0	FUN_006c4ee0	lib	other
6c5010	FUN_006c5010	lib	other
6c5120	FUN_006c5120	lib	other
6c52d0	FUN_006c52d0	lib	other
6c5520	FUN_006c5520	lib	other
6c5630	FUN_006c5630	lib	other
6c5a90	FUN_006c5a90	lib	other
6c5e40	FUN_006c5e40	lib	other
6c6340	FUN_006c6340	lib	other
6c63d0	FUN_006c63d0	lib	other
6c6480	FUN_006c6480	lib	other
6c64d0	FUN_006c64d0	lib	other
6c6540	FUN_006c6540	lib	other
6c6620	FUN_006c6620	lib	other
6c6890	FUN_006c6890	lib	other
6c6a90	FUN_006c6a90	lib	other
6c6ce0	FUN_006c6ce0	lib	other
6c7400	FUN_006c7400	lib	other
6c7530	FUN_006c7530	lib	other
6c75e0	FUN_006c75e0	lib	other
6c7700	FUN_006c7700	lib	other
6c77d0	FUN_006c77d0	lib	other
6c7970	FUN_006c7970	lib	other
6c7ab0	FUN_006c7ab0	lib	other
6c7c30	FUN_006c7c30	lib	other
6c7e30	FUN_006c7e30	lib	other
6c8020	FUN_006c8020	lib	other
6c83c0	FUN_006c83c0	lib	other
6c8670	FUN_006c8670	lib	other
6c8710	FUN_006c8710	lib	other
6c87f0	FUN_006c87f0	lib	other
6c8850	FUN_006c8850	lib	other
6c8870	FUN_006c8870	lib	other
6c8910	FUN_006c8910	lib	other
6c8f80	FUN_006c8f80	lib	other
6c9b20	FUN_006c9b20	lib	other
6c9ca0	FUN_006c9ca0	lib	other
6ca150	FUN_006ca150	lib	other
6ca2c0	FUN_006ca2c0	lib	other
6ca2f0	FUN_006ca2f0	lib	other
6ca960	FUN_006ca960	lib	other
6cac40	FUN_006cac40	lib	other
6cb000	FUN_006cb000	lib	other
6cb050	FUN_006cb050	lib	other
6cb1a0	FUN_006cb1a0	lib	other
6cb1b0	FUN_006cb1b0	lib	other
6cb7b0	FUN_006cb7b0	lib	other
6cb7e0	FUN_006cb7e0	lib	other
6cb810	FUN_006cb810	lib	other
6cc020	FUN_006cc020	lib	other
6cc5a0	FUN_006cc5a0	lib	other
6cc610	FUN_006cc610	lib	audit
6cc680	FUN_006cc680	gamemisc	game_misc
6cc6b0	free	lib	crtstl
6cc6c0	FUN_006cc6c0	lib	audit
6cc700	FUN_006cc700	lib	audit
6cc7e0	FUN_006cc7e0	lib	other
6cc850	FUN_006cc850	lib	other
6cc890	FUN_006cc890	lib	other
6cc8e0	FUN_006cc8e0	lib	other
6cc9b0	FUN_006cc9b0	lib	other
6cca10	FUN_006cca10	lib	other
6cca80	FUN_006cca80	lib	other
6ccab0	FUN_006ccab0	lib	other
6ccb10	FUN_006ccb10	lib	other
6ccb70	FUN_006ccb70	lib	other
6cce10	FUN_006cce10	lib	other
6cce60	FUN_006cce60	lib	other
6cce80	FUN_006cce80	lib	other
6ccec0	FUN_006ccec0	lib	other
6ccf00	FUN_006ccf00	lib	other
6ccf70	FUN_006ccf70	lib	other
6cd030	FUN_006cd030	lib	other
6cd080	FUN_006cd080	lib	other
6cd130	FUN_006cd130	lib	other
6cd620	FUN_006cd620	lib	other
6cd6c0	FUN_006cd6c0	lib	other
6cd850	FUN_006cd850	lib	other
6cd870	FUN_006cd870	lib	other
6cd960	FUN_006cd960	lib	other
6cd9a0	FUN_006cd9a0	lib	other
6cdf30	FUN_006cdf30	lib	other
6cdf40	FUN_006cdf40	lib	other
6cdfb0	FUN_006cdfb0	lib	other
6ce050	FUN_006ce050	lib	other
6cead0	FUN_006cead0	lib	other
6ceb10	FUN_006ceb10	lib	other
6ceb50	FUN_006ceb50	lib	other
6ceb90	FUN_006ceb90	lib	other
6cef50	FUN_006cef50	lib	other
6cf090	FUN_006cf090	lib	other
6cf0c0	thunk_FUN_006cf090	lib	crtstl
6cf0e0	FUN_006cf0e0	lib	other
6cf230	FUN_006cf230	lib	other
6cf260	FUN_006cf260	lib	other
6cf2b0	FUN_006cf2b0	lib	other
6cf330	FUN_006cf330	lib	other
6cf3a0	FUN_006cf3a0	lib	other
6cf3f0	FUN_006cf3f0	lib	other
6cf4e0	FUN_006cf4e0	lib	other
6cf530	FUN_006cf530	lib	other
6cf620	FUN_006cf620	lib	other
6cf6b0	FUN_006cf6b0	lib	other
6cf7f6	gluNewTess	lib	crtstl
6cf7fc	gluDeleteTess	lib	crtstl
6cf802	gluTessBeginPolygon	lib	crtstl
6cf808	gluTessBeginContour	lib	crtstl
6cf80e	gluTessVertex	lib	crtstl
6cf814	gluTessEndContour	lib	crtstl
6cf81a	gluTessEndPolygon	lib	crtstl
6cf820	gluTessProperty	lib	crtstl
6cf826	gluTessCallback	lib	crtstl
6cf830	ctor_0	lib	other
6cf890	ctor_1	lib	other
6cf8a0	vfunc_0	lib	other
6cf8c2	IsProcessorFeaturePresent	lib	crtstl
6cf8c8	strncpy	lib	crtstl
6cf8ce	strrchr	lib	crtstl
6cf8d4	atol	lib	crtstl
6cf8da	strstr	lib	crtstl
6cf8e0	FUN_006cf8e0	lib	audit
6cf9e0	FUN_006cf9e0	lib	audit
6cfa70	FUN_006cfa70	lib	audit
6cfd50	FUN_006cfd50	lib	audit
6cfea0	FUN_006cfea0	lib	audit
6cffb0	FUN_006cffb0	lib	audit
6d0230	FUN_006d0230	lib	audit
6d0270	FUN_006d0270	lib	audit
6d0290	FUN_006d0290	lib	audit
6d0300	FUN_006d0300	lib	audit
6d0320	FUN_006d0320	lib	audit
6d0420	FUN_006d0420	lib	audit
6d0440	FUN_006d0440	lib	other
6d0470	FUN_006d0470	lib	audit
6d0500	FUN_006d0500	lib	audit
6d0610	FUN_006d0610	lib	audit
6d07c0	FUN_006d07c0	lib	other
6d0800	FUN_006d0800	lib	other
6d0b20	FUN_006d0b20	lib	audit
6d0b50	FUN_006d0b50	lib	audit
6d0bb0	FUN_006d0bb0	lib	audit
6d1220	FUN_006d1220	lib	audit
6d1260	FUN_006d1260	lib	audit
6d12e0	FUN_006d12e0	lib	audit
6d1570	FUN_006d1570	lib	audit
6d1920	FUN_006d1920	lib	audit
6d19d0	FUN_006d19d0	lib	audit
6d1ab0	FUN_006d1ab0	lib	audit
6d1b10	FUN_006d1b10	lib	audit
6d1b80	FUN_006d1b80	lib	other
6d1c20	FUN_006d1c20	lib	audit
6d1f00	FUN_006d1f00	lib	audit
6d1fa0	FUN_006d1fa0	lib	audit
6d2140	FUN_006d2140	lib	other
6d21b0	FUN_006d21b0	lib	audit
6d2870	FUN_006d2870	lib	other
6d29b0	FUN_006d29b0	lib	audit
6d2a00	FUN_006d2a00	lib	other
6d2a60	FUN_006d2a60	lib	other
6d2d60	FUN_006d2d60	lib	other
6d30d0	FUN_006d30d0	lib	other
6d3250	FUN_006d3250	lib	other
6d3600	FUN_006d3600	lib	other
6d3630	FUN_006d3630	lib	other
6d3790	FUN_006d3790	lib	other
6d3800	FUN_006d3800	lib	other
6d3840	FUN_006d3840	lib	audit
6d3c20	FUN_006d3c20	lib	other
6d4490	FUN_006d4490	lib	other
6d47e0	FUN_006d47e0	lib	other
6d4870	FUN_006d4870	lib	other
6d48a0	FUN_006d48a0	lib	other
6d49c0	FUN_006d49c0	lib	other
6d4b20	FUN_006d4b20	lib	other
6d4e80	FUN_006d4e80	lib	other
6d54c0	FUN_006d54c0	lib	other
6d55d0	FUN_006d55d0	lib	other
6d5760	FUN_006d5760	lib	other
6d5910	FUN_006d5910	lib	other
6d59d0	FUN_006d59d0	lib	other
6d6460	FUN_006d6460	lib	other
6d6490	FUN_006d6490	lib	audit
6d6550	FUN_006d6550	lib	other
6d6e60	FUN_006d6e60	lib	other
6d6eb0	FUN_006d6eb0	lib	other
6d70c0	FUN_006d70c0	lib	other
6d7fc0	FUN_006d7fc0	lib	other
6d8420	FUN_006d8420	lib	other
6d8650	FUN_006d8650	lib	other
6d8670	FUN_006d8670	lib	other
6d8870	FUN_006d8870	lib	other
6d88c0	FUN_006d88c0	lib	other
6d8900	FUN_006d8900	lib	audit
6d8990	FUN_006d8990	lib	other
6d8d10	FUN_006d8d10	lib	other
6d8ec0	FUN_006d8ec0	lib	other
6d9130	FUN_006d9130	lib	other
6d9300	FUN_006d9300	lib	other
6d94c0	FUN_006d94c0	lib	other
6d9c20	FUN_006d9c20	lib	other
6d9e90	FUN_006d9e90	lib	other
6d9f50	FUN_006d9f50	lib	other
6da1b0	FUN_006da1b0	lib	audit
6da1f0	FUN_006da1f0	lib	audit
6da4b0	FUN_006da4b0	lib	other
6da4e0	FUN_006da4e0	lib	other
6da730	FUN_006da730	lib	other
6da8d0	FUN_006da8d0	lib	other
6da9f0	FUN_006da9f0	lib	other
6dac00	FUN_006dac00	lib	other
6dac60	FUN_006dac60	lib	other
6daee0	FUN_006daee0	lib	other
6daf40	FUN_006daf40	lib	other
6dafa0	FUN_006dafa0	lib	other
6db230	FUN_006db230	lib	other
6db470	FUN_006db470	lib	other
6db650	FUN_006db650	lib	other
6db8a0	FUN_006db8a0	lib	other
6db930	FUN_006db930	lib	other
6dbd20	FUN_006dbd20	lib	other
6dbf30	FUN_006dbf30	lib	other
6dc0f0	FUN_006dc0f0	lib	other
6dc210	FUN_006dc210	lib	other
6dc280	FUN_006dc280	lib	other
6dc2b0	FUN_006dc2b0	lib	other
6dc5c0	FUN_006dc5c0	lib	other
6dd4b0	FUN_006dd4b0	lib	other
6dd500	FUN_006dd500	lib	other
6dd730	FUN_006dd730	lib	other
6dd8b0	FUN_006dd8b0	lib	other
6dd8e0	FUN_006dd8e0	lib	other
6ddaa0	FUN_006ddaa0	lib	other
6dddb0	FUN_006dddb0	lib	other
6ddde0	FUN_006ddde0	lib	other
6de000	FUN_006de000	lib	other
6de2c0	FUN_006de2c0	lib	other
6de430	FUN_006de430	lib	other
6de4d0	FUN_006de4d0	lib	other
6de5c0	FUN_006de5c0	lib	other
6de610	FUN_006de610	lib	other
6de900	FUN_006de900	lib	other
6dec50	FUN_006dec50	lib	other
6dec70	FUN_006dec70	lib	other
6dee70	FUN_006dee70	lib	other
6deea0	FUN_006deea0	lib	other
6deed0	FUN_006deed0	lib	other
6df4c0	FUN_006df4c0	lib	other
6df570	FUN_006df570	lib	other
6dfba0	FUN_006dfba0	lib	other
6dfc30	FUN_006dfc30	lib	other
6dfd70	FUN_006dfd70	lib	other
6dfdb0	FUN_006dfdb0	lib	other
6dff90	FUN_006dff90	lib	other
6e0090	FUN_006e0090	lib	other
6e00f0	FUN_006e00f0	lib	other
6e0120	FUN_006e0120	lib	other
6e0150	FUN_006e0150	lib	other
6e0390	FUN_006e0390	lib	other
6e03a2	libm_sse2_atan_precise	lib	crtstl
6e03b0	FUN_006e03b0	lib	other
6e0b70	___common_srl	lib	crtstl
6e0ba0	___common_sll	lib	crtstl
6e0bd0	FUN_006e0bd0	lib	other
6e0ec0	FUN_006e0ec0	lib	other
6e11d0	Unwind@006e11d0	lib	other
6e11d8	Unwind@006e11d8	lib	other
6e12c0	Unwind@006e12c0	lib	other
6e12dd	Unwind@006e12dd	lib	other
6e12e9	Unwind@006e12e9	lib	other
6e1330	Unwind@006e1330	lib	other
6e133b	Unwind@006e133b	lib	other
6e1346	Unwind@006e1346	lib	other
6e1351	Unwind@006e1351	lib	other
6e135c	Unwind@006e135c	lib	other
6e1367	Unwind@006e1367	lib	other
6e1372	Unwind@006e1372	lib	other
6e13a0	Unwind@006e13a0	lib	other
6e13d0	Unwind@006e13d0	lib	other
6e1400	Unwind@006e1400	lib	other
6e1450	Unwind@006e1450	lib	other
6e1480	Unwind@006e1480	lib	other
6e14b0	Unwind@006e14b0	lib	other
6e14e0	Unwind@006e14e0	lib	other
6e1510	Unwind@006e1510	lib	other
6e1540	Unwind@006e1540	lib	other
6e1548	Unwind@006e1548	lib	other
6e1559	Unwind@006e1559	lib	other
6e1590	Unwind@006e1590	lib	other
6e15c0	Unwind@006e15c0	lib	other
6e15f0	Unwind@006e15f0	lib	other
6e15f8	Unwind@006e15f8	lib	other
6e1620	Unwind@006e1620	lib	other
6e1628	Unwind@006e1628	lib	other
6e1650	Unwind@006e1650	lib	other
6e1680	Unwind@006e1680	lib	other
6e16b0	Unwind@006e16b0	lib	other
6e16b8	Unwind@006e16b8	lib	other
6e16e0	Unwind@006e16e0	lib	other
6e16e8	Unwind@006e16e8	lib	other
6e1710	Unwind@006e1710	lib	other
6e1718	Unwind@006e1718	lib	other
6e1720	Unwind@006e1720	lib	other
6e1728	Unwind@006e1728	lib	other
6e1739	Unwind@006e1739	lib	other
6e1770	Unwind@006e1770	lib	other
6e1778	Unwind@006e1778	lib	other
6e1780	Unwind@006e1780	lib	other
6e1791	Unwind@006e1791	lib	other
6e17c0	Unwind@006e17c0	lib	other
6e17f0	Unwind@006e17f0	lib	other
6e17f8	Unwind@006e17f8	lib	other
6e1830	Unwind@006e1830	lib	other
6e184a	Unwind@006e184a	lib	other
6e1856	Unwind@006e1856	lib	other
6e1862	Unwind@006e1862	lib	other
6e18a0	Unwind@006e18a0	lib	other
6e18a8	Unwind@006e18a8	lib	other
6e18b0	Unwind@006e18b0	lib	other
6e18c1	Unwind@006e18c1	lib	other
6e18f0	Unwind@006e18f0	lib	other
6e18fb	Unwind@006e18fb	lib	other
6e1930	Unwind@006e1930	lib	other
6e1960	Unwind@006e1960	lib	other
6e1990	Unwind@006e1990	lib	other
6e1998	Unwind@006e1998	lib	other
6e19a0	Unwind@006e19a0	lib	other
6e19d0	Unwind@006e19d0	lib	other
6e19d8	Unwind@006e19d8	lib	other
6e1a00	Unwind@006e1a00	lib	other
6e1a30	Unwind@006e1a30	lib	other
6e1a4d	Unwind@006e1a4d	lib	other
6e1a59	Unwind@006e1a59	lib	other
6e1a80	Unwind@006e1a80	lib	other
6e1a88	Unwind@006e1a88	lib	other
6e1ad0	Unwind@006e1ad0	lib	other
6e1af3	Unwind@006e1af3	lib	other
6e1aff	Unwind@006e1aff	lib	other
6e1b0b	Unwind@006e1b0b	lib	other
6e1b16	Unwind@006e1b16	lib	other
6e1b21	Unwind@006e1b21	lib	other
6e1b2c	Unwind@006e1b2c	lib	other
6e1b37	Unwind@006e1b37	lib	other
6e1b42	Unwind@006e1b42	lib	other
6e1b4d	Unwind@006e1b4d	lib	other
6e1b58	Unwind@006e1b58	lib	other
6e1b63	Unwind@006e1b63	lib	other
6e1b6e	Unwind@006e1b6e	lib	other
6e1b79	Unwind@006e1b79	lib	other
6e1b84	Unwind@006e1b84	lib	other
6e1b8f	Unwind@006e1b8f	lib	other
6e1b9a	Unwind@006e1b9a	lib	other
6e1ba5	Unwind@006e1ba5	lib	other
6e1bb0	Unwind@006e1bb0	lib	other
6e1bbb	Unwind@006e1bbb	lib	other
6e1bc6	Unwind@006e1bc6	lib	other
6e1bd1	Unwind@006e1bd1	lib	other
6e1bdc	Unwind@006e1bdc	lib	other
6e1be7	Unwind@006e1be7	lib	other
6e1bf2	Unwind@006e1bf2	lib	other
6e1bfd	Unwind@006e1bfd	lib	other
6e1c08	Unwind@006e1c08	lib	other
6e1c13	Unwind@006e1c13	lib	other
6e1c50	Unwind@006e1c50	lib	other
6e1c58	Unwind@006e1c58	lib	other
6e1ca0	Unwind@006e1ca0	lib	other
6e1cc3	Unwind@006e1cc3	lib	other
6e1ccf	Unwind@006e1ccf	lib	other
6e1cdb	Unwind@006e1cdb	lib	other
6e1ce6	Unwind@006e1ce6	lib	other
6e1cf1	Unwind@006e1cf1	lib	other
6e1cfc	Unwind@006e1cfc	lib	other
6e1d07	Unwind@006e1d07	lib	other
6e1d12	Unwind@006e1d12	lib	other
6e1d35	Unwind@006e1d35	lib	other
6e1d41	Unwind@006e1d41	lib	other
6e1d4d	Unwind@006e1d4d	lib	other
6e1d58	Unwind@006e1d58	lib	other
6e1d63	Unwind@006e1d63	lib	other
6e1d6e	Unwind@006e1d6e	lib	other
6e1d79	Unwind@006e1d79	lib	other
6e1d84	Unwind@006e1d84	lib	other
6e1d8f	Unwind@006e1d8f	lib	other
6e1d9a	Unwind@006e1d9a	lib	other
6e1da5	Unwind@006e1da5	lib	other
6e1db0	Unwind@006e1db0	lib	other
6e1dbb	Unwind@006e1dbb	lib	other
6e1dc6	Unwind@006e1dc6	lib	other
6e1dd1	Unwind@006e1dd1	lib	other
6e1ddc	Unwind@006e1ddc	lib	other
6e1de7	Unwind@006e1de7	lib	other
6e1df2	Unwind@006e1df2	lib	other
6e1dfd	Unwind@006e1dfd	lib	other
6e1e40	Unwind@006e1e40	lib	other
6e1e70	Unwind@006e1e70	lib	other
6e1e78	Unwind@006e1e78	lib	other
6e1e80	Unwind@006e1e80	lib	other
6e1e88	Unwind@006e1e88	lib	other
6e1e90	Unwind@006e1e90	lib	other
6e1e98	Unwind@006e1e98	lib	other
6e1ea0	Unwind@006e1ea0	lib	other
6e1ea8	Unwind@006e1ea8	lib	other
6e1eb0	Unwind@006e1eb0	lib	other
6e1eb8	Unwind@006e1eb8	lib	other
6e1ec0	Unwind@006e1ec0	lib	other
6e1ec8	Unwind@006e1ec8	lib	other
6e1ed0	Unwind@006e1ed0	lib	other
6e1ed8	Unwind@006e1ed8	lib	other
6e1ee0	Unwind@006e1ee0	lib	other
6e1ee8	Unwind@006e1ee8	lib	other
6e1f60	Unwind@006e1f60	lib	other
6e1f83	Unwind@006e1f83	lib	other
6e1f8f	Unwind@006e1f8f	lib	other
6e1f9b	Unwind@006e1f9b	lib	other
6e1fa6	Unwind@006e1fa6	lib	other
6e1fae	Unwind@006e1fae	lib	other
6e1fb6	Unwind@006e1fb6	lib	other
6e1fbe	Unwind@006e1fbe	lib	other
6e1fc6	Unwind@006e1fc6	lib	other
6e1fce	Unwind@006e1fce	lib	other
6e1fd6	Unwind@006e1fd6	lib	other
6e1fde	Unwind@006e1fde	lib	other
6e1fe6	Unwind@006e1fe6	lib	other
6e1fee	Unwind@006e1fee	lib	other
6e1ff6	Unwind@006e1ff6	lib	other
6e1ffe	Unwind@006e1ffe	lib	other
6e2006	Unwind@006e2006	lib	other
6e200e	Unwind@006e200e	lib	other
6e2016	Unwind@006e2016	lib	other
6e201e	Unwind@006e201e	lib	other
6e2026	Unwind@006e2026	lib	other
6e202e	Unwind@006e202e	lib	other
6e2036	Unwind@006e2036	lib	other
6e203e	Unwind@006e203e	lib	other
6e2046	Unwind@006e2046	lib	other
6e204e	Unwind@006e204e	lib	other
6e2056	Unwind@006e2056	lib	other
6e205e	Unwind@006e205e	lib	other
6e2066	Unwind@006e2066	lib	other
6e206e	Unwind@006e206e	lib	other
6e2076	Unwind@006e2076	lib	other
6e207e	Unwind@006e207e	lib	other
6e2086	Unwind@006e2086	lib	other
6e208e	Unwind@006e208e	lib	other
6e2096	Unwind@006e2096	lib	other
6e209e	Unwind@006e209e	lib	other
6e20a6	Unwind@006e20a6	lib	other
6e20ae	Unwind@006e20ae	lib	other
6e20b6	Unwind@006e20b6	lib	other
6e20be	Unwind@006e20be	lib	other
6e20c6	Unwind@006e20c6	lib	other
6e20ce	Unwind@006e20ce	lib	other
6e20d6	Unwind@006e20d6	lib	other
6e20de	Unwind@006e20de	lib	other
6e20e6	Unwind@006e20e6	lib	other
6e20ee	Unwind@006e20ee	lib	other
6e20f6	Unwind@006e20f6	lib	other
6e20fe	Unwind@006e20fe	lib	other
6e2106	Unwind@006e2106	lib	other
6e210e	Unwind@006e210e	lib	other
6e2116	Unwind@006e2116	lib	other
6e211e	Unwind@006e211e	lib	other
6e2126	Unwind@006e2126	lib	other
6e212e	Unwind@006e212e	lib	other
6e21a0	Unwind@006e21a0	lib	other
6e21ab	Unwind@006e21ab	lib	other
6e21b6	Unwind@006e21b6	lib	other
6e21c1	Unwind@006e21c1	lib	other
6e2200	Unwind@006e2200	lib	other
6e2208	Unwind@006e2208	lib	other
6e2210	Unwind@006e2210	lib	other
6e221e	Unwind@006e221e	lib	other
6e2250	Unwind@006e2250	lib	other
6e2273	Unwind@006e2273	lib	other
6e227f	Unwind@006e227f	lib	other
6e228b	Unwind@006e228b	lib	other
6e2296	Unwind@006e2296	lib	other
6e22a1	Unwind@006e22a1	lib	other
6e22ac	Unwind@006e22ac	lib	other
6e22b7	Unwind@006e22b7	lib	other
6e22c2	Unwind@006e22c2	lib	other
6e22cd	Unwind@006e22cd	lib	other
6e22f0	Unwind@006e22f0	lib	other
6e22fc	Unwind@006e22fc	lib	other
6e2308	Unwind@006e2308	lib	other
6e2313	Unwind@006e2313	lib	other
6e231e	Unwind@006e231e	lib	other
6e2329	Unwind@006e2329	lib	other
6e2334	Unwind@006e2334	lib	other
6e233f	Unwind@006e233f	lib	other
6e234a	Unwind@006e234a	lib	other
6e2355	Unwind@006e2355	lib	other
6e2360	Unwind@006e2360	lib	other
6e236b	Unwind@006e236b	lib	other
6e2376	Unwind@006e2376	lib	other
6e2381	Unwind@006e2381	lib	other
6e238c	Unwind@006e238c	lib	other
6e2397	Unwind@006e2397	lib	other
6e23a2	Unwind@006e23a2	lib	other
6e23ad	Unwind@006e23ad	lib	other
6e23b8	Unwind@006e23b8	lib	other
6e23c3	Unwind@006e23c3	lib	other
6e23ce	Unwind@006e23ce	lib	other
6e23d9	Unwind@006e23d9	lib	other
6e23e4	Unwind@006e23e4	lib	other
6e23ef	Unwind@006e23ef	lib	other
6e23fa	Unwind@006e23fa	lib	other
6e2405	Unwind@006e2405	lib	other
6e2410	Unwind@006e2410	lib	other
6e241b	Unwind@006e241b	lib	other
6e2426	Unwind@006e2426	lib	other
6e2431	Unwind@006e2431	lib	other
6e243c	Unwind@006e243c	lib	other
6e2447	Unwind@006e2447	lib	other
6e2452	Unwind@006e2452	lib	other
6e245d	Unwind@006e245d	lib	other
6e2468	Unwind@006e2468	lib	other
6e2473	Unwind@006e2473	lib	other
6e247e	Unwind@006e247e	lib	other
6e2489	Unwind@006e2489	lib	other
6e24d0	Unwind@006e24d0	lib	other
6e24f3	Unwind@006e24f3	lib	other
6e24ff	Unwind@006e24ff	lib	other
6e250b	Unwind@006e250b	lib	other
6e2516	Unwind@006e2516	lib	other
6e251e	Unwind@006e251e	lib	other
6e2526	Unwind@006e2526	lib	other
6e252e	Unwind@006e252e	lib	other
6e2536	Unwind@006e2536	lib	other
6e253e	Unwind@006e253e	lib	other
6e2546	Unwind@006e2546	lib	other
6e254e	Unwind@006e254e	lib	other
6e2556	Unwind@006e2556	lib	other
6e255e	Unwind@006e255e	lib	other
6e2566	Unwind@006e2566	lib	other
6e256e	Unwind@006e256e	lib	other
6e2576	Unwind@006e2576	lib	other
6e257e	Unwind@006e257e	lib	other
6e2586	Unwind@006e2586	lib	other
6e258e	Unwind@006e258e	lib	other
6e2596	Unwind@006e2596	lib	other
6e259e	Unwind@006e259e	lib	other
6e25a6	Unwind@006e25a6	lib	other
6e25ae	Unwind@006e25ae	lib	other
6e25b6	Unwind@006e25b6	lib	other
6e25be	Unwind@006e25be	lib	other
6e25c6	Unwind@006e25c6	lib	other
6e25ce	Unwind@006e25ce	lib	other
6e25d6	Unwind@006e25d6	lib	other
6e25de	Unwind@006e25de	lib	other
6e25e6	Unwind@006e25e6	lib	other
6e25ee	Unwind@006e25ee	lib	other
6e25f6	Unwind@006e25f6	lib	other
6e25fe	Unwind@006e25fe	lib	other
6e2606	Unwind@006e2606	lib	other
6e260e	Unwind@006e260e	lib	other
6e2616	Unwind@006e2616	lib	other
6e261e	Unwind@006e261e	lib	other
6e2626	Unwind@006e2626	lib	other
6e262e	Unwind@006e262e	lib	other
6e2636	Unwind@006e2636	lib	other
6e263e	Unwind@006e263e	lib	other
6e2646	Unwind@006e2646	lib	other
6e264e	Unwind@006e264e	lib	other
6e2656	Unwind@006e2656	lib	other
6e265e	Unwind@006e265e	lib	other
6e2666	Unwind@006e2666	lib	other
6e266e	Unwind@006e266e	lib	other
6e2676	Unwind@006e2676	lib	other
6e267e	Unwind@006e267e	lib	other
6e2686	Unwind@006e2686	lib	other
6e268e	Unwind@006e268e	lib	other
6e2696	Unwind@006e2696	lib	other
6e269e	Unwind@006e269e	lib	other
6e26a6	Unwind@006e26a6	lib	other
6e26ae	Unwind@006e26ae	lib	other
6e26b6	Unwind@006e26b6	lib	other
6e26be	Unwind@006e26be	lib	other
6e26c9	Unwind@006e26c9	lib	other
6e26d1	Unwind@006e26d1	lib	other
6e26dc	Unwind@006e26dc	lib	other
6e26e7	Unwind@006e26e7	lib	other
6e26f2	Unwind@006e26f2	lib	other
6e26fd	Unwind@006e26fd	lib	other
6e2708	Unwind@006e2708	lib	other
6e2713	Unwind@006e2713	lib	other
6e271e	Unwind@006e271e	lib	other
6e2729	Unwind@006e2729	lib	other
6e2734	Unwind@006e2734	lib	other
6e273f	Unwind@006e273f	lib	other
6e274a	Unwind@006e274a	lib	other
6e2755	Unwind@006e2755	lib	other
6e2760	Unwind@006e2760	lib	other
6e276b	Unwind@006e276b	lib	other
6e2776	Unwind@006e2776	lib	other
6e2781	Unwind@006e2781	lib	other
6e278c	Unwind@006e278c	lib	other
6e2797	Unwind@006e2797	lib	other
6e27a2	Unwind@006e27a2	lib	other
6e27ad	Unwind@006e27ad	lib	other
6e27b8	Unwind@006e27b8	lib	other
6e27c3	Unwind@006e27c3	lib	other
6e27ce	Unwind@006e27ce	lib	other
6e27d9	Unwind@006e27d9	lib	other
6e27e4	Unwind@006e27e4	lib	other
6e27ef	Unwind@006e27ef	lib	other
6e27fa	Unwind@006e27fa	lib	other
6e2805	Unwind@006e2805	lib	other
6e2810	Unwind@006e2810	lib	other
6e281b	Unwind@006e281b	lib	other
6e2826	Unwind@006e2826	lib	other
6e2831	Unwind@006e2831	lib	other
6e283c	Unwind@006e283c	lib	other
6e2847	Unwind@006e2847	lib	other
6e2852	Unwind@006e2852	lib	other
6e285d	Unwind@006e285d	lib	other
6e2868	Unwind@006e2868	lib	other
6e2873	Unwind@006e2873	lib	other
6e287e	Unwind@006e287e	lib	other
6e2889	Unwind@006e2889	lib	other
6e2894	Unwind@006e2894	lib	other
6e289f	Unwind@006e289f	lib	other
6e28aa	Unwind@006e28aa	lib	other
6e28b5	Unwind@006e28b5	lib	other
6e28c0	Unwind@006e28c0	lib	other
6e28cb	Unwind@006e28cb	lib	other
6e28d6	Unwind@006e28d6	lib	other
6e28e1	Unwind@006e28e1	lib	other
6e28ec	Unwind@006e28ec	lib	other
6e28f7	Unwind@006e28f7	lib	other
6e2930	Unwind@006e2930	lib	other
6e2960	Unwind@006e2960	lib	other
6e2990	Unwind@006e2990	lib	other
6e2998	Unwind@006e2998	lib	other
6e29a0	Unwind@006e29a0	lib	other
6e29ae	Unwind@006e29ae	lib	other
6e29bc	Unwind@006e29bc	lib	other
6e29f0	Unwind@006e29f0	lib	other
6e29f8	Unwind@006e29f8	lib	other
6e2a30	Unwind@006e2a30	lib	other
6e2a60	Unwind@006e2a60	lib	other
6e2a68	Unwind@006e2a68	lib	other
6e2a70	Unwind@006e2a70	lib	other
6e2a78	Unwind@006e2a78	lib	other
6e2a80	Unwind@006e2a80	lib	other
6e2a88	Unwind@006e2a88	lib	other
6e2a90	Unwind@006e2a90	lib	other
6e2a98	Unwind@006e2a98	lib	other
6e2ad0	Unwind@006e2ad0	lib	other
6e2ade	Unwind@006e2ade	lib	other
6e2aec	Unwind@006e2aec	lib	other
6e2afa	Unwind@006e2afa	lib	other
6e2b08	Unwind@006e2b08	lib	other
6e2b16	Unwind@006e2b16	lib	other
6e2b24	Unwind@006e2b24	lib	other
6e2b32	Unwind@006e2b32	lib	other
6e2b40	Unwind@006e2b40	lib	other
6e2b4e	Unwind@006e2b4e	lib	other
6e2b5c	Unwind@006e2b5c	lib	other
6e2b6a	Unwind@006e2b6a	lib	other
6e2b78	Unwind@006e2b78	lib	other
6e2b86	Unwind@006e2b86	lib	other
6e2b94	Unwind@006e2b94	lib	other
6e2ba2	Unwind@006e2ba2	lib	other
6e2bd0	Unwind@006e2bd0	lib	other
6e2c00	Unwind@006e2c00	lib	other
6e2c08	Unwind@006e2c08	lib	other
6e2c70	Unwind@006e2c70	lib	other
6e2cc0	Unwind@006e2cc0	lib	other
6e2d50	Unwind@006e2d50	lib	other
6e2de0	Unwind@006e2de0	lib	other
6e2dee	Unwind@006e2dee	lib	other
6e2df9	Unwind@006e2df9	lib	other
6e2e07	Unwind@006e2e07	lib	other
6e2e0f	Unwind@006e2e0f	lib	other
6e2e17	Unwind@006e2e17	lib	other
6e2e50	Unwind@006e2e50	lib	other
6e2e5b	Unwind@006e2e5b	lib	other
6e2eb0	Unwind@006e2eb0	lib	other
6e2eb8	Unwind@006e2eb8	lib	other
6e2ef0	Unwind@006e2ef0	lib	other
6e2ef8	Unwind@006e2ef8	lib	other
6e2f20	Unwind@006e2f20	lib	other
6e2f43	Unwind@006e2f43	lib	other
6e2f4f	Unwind@006e2f4f	lib	other
6e2f5b	Unwind@006e2f5b	lib	other
6e2f66	Unwind@006e2f66	lib	other
6e2f71	Unwind@006e2f71	lib	other
6e2f7c	Unwind@006e2f7c	lib	other
6e2f87	Unwind@006e2f87	lib	other
6e2f92	Unwind@006e2f92	lib	other
6e2f9d	Unwind@006e2f9d	lib	other
6e2fa8	Unwind@006e2fa8	lib	other
6e2fb3	Unwind@006e2fb3	lib	other
6e2fbe	Unwind@006e2fbe	lib	other
6e2fc9	Unwind@006e2fc9	lib	other
6e2fd4	Unwind@006e2fd4	lib	other
6e2fdf	Unwind@006e2fdf	lib	other
6e2fea	Unwind@006e2fea	lib	other
6e2ff5	Unwind@006e2ff5	lib	other
6e3000	Unwind@006e3000	lib	other
6e300b	Unwind@006e300b	lib	other
6e3016	Unwind@006e3016	lib	other
6e3021	Unwind@006e3021	lib	other
6e302c	Unwind@006e302c	lib	other
6e3037	Unwind@006e3037	lib	other
6e3042	Unwind@006e3042	lib	other
6e304d	Unwind@006e304d	lib	other
6e3058	Unwind@006e3058	lib	other
6e3063	Unwind@006e3063	lib	other
6e306e	Unwind@006e306e	lib	other
6e3079	Unwind@006e3079	lib	other
6e3084	Unwind@006e3084	lib	other
6e308f	Unwind@006e308f	lib	other
6e309a	Unwind@006e309a	lib	other
6e30a5	Unwind@006e30a5	lib	other
6e30b0	Unwind@006e30b0	lib	other
6e30bb	Unwind@006e30bb	lib	other
6e30c6	Unwind@006e30c6	lib	other
6e30d1	Unwind@006e30d1	lib	other
6e3110	Unwind@006e3110	lib	other
6e311b	Unwind@006e311b	lib	other
6e3140	Unwind@006e3140	lib	other
6e3170	Unwind@006e3170	lib	other
6e3178	Unwind@006e3178	lib	other
6e3180	Unwind@006e3180	lib	other
6e31b0	Unwind@006e31b0	lib	other
6e3210	Unwind@006e3210	lib	other
6e3240	Unwind@006e3240	lib	other
6e3270	Unwind@006e3270	lib	other
6e32a0	Unwind@006e32a0	lib	other
6e3650	Unwind@006e3650	lib	other
6e3690	Unwind@006e3690	lib	other
6e36d0	Unwind@006e36d0	lib	other
6e3700	Unwind@006e3700	lib	other
6e3730	Unwind@006e3730	lib	other
6e3760	Unwind@006e3760	lib	other
6e37f0	Unwind@006e37f0	lib	other
6e37f8	Unwind@006e37f8	lib	other
6e3800	Unwind@006e3800	lib	other
6e3830	Unwind@006e3830	lib	other
6e3838	Unwind@006e3838	lib	other
6e3860	Unwind@006e3860	lib	other
6e3890	Unwind@006e3890	lib	other
6e3898	Unwind@006e3898	lib	other
6e38c0	Unwind@006e38c0	lib	other
6e3900	Unwind@006e3900	lib	other
6e3930	Unwind@006e3930	lib	other
6e3960	Unwind@006e3960	lib	other
6e3990	Unwind@006e3990	lib	other
6e39c0	Unwind@006e39c0	lib	other
6e39f0	Unwind@006e39f0	lib	other
6e3a20	Unwind@006e3a20	lib	other
6e3a50	Unwind@006e3a50	lib	other
6e3a80	Unwind@006e3a80	lib	other
6e3af0	Unwind@006e3af0	lib	other
6e3afb	Unwind@006e3afb	lib	other
6e3b06	Unwind@006e3b06	lib	other
6e3b30	Unwind@006e3b30	lib	other
6e3b3b	Unwind@006e3b3b	lib	other
6e3b4c	Unwind@006e3b4c	lib	other
6e3b5d	Unwind@006e3b5d	lib	other
6e3b6e	Unwind@006e3b6e	lib	other
6e3b7f	Unwind@006e3b7f	lib	other
6e3b90	Unwind@006e3b90	lib	other
6e3ba1	Unwind@006e3ba1	lib	other
6e3bb2	Unwind@006e3bb2	lib	other
6e3bc3	Unwind@006e3bc3	lib	other
6e3bd4	Unwind@006e3bd4	lib	other
6e3be5	Unwind@006e3be5	lib	other
6e3bf6	Unwind@006e3bf6	lib	other
6e3c07	Unwind@006e3c07	lib	other
6e3c18	Unwind@006e3c18	lib	other
6e3c29	Unwind@006e3c29	lib	other
6e3c3a	Unwind@006e3c3a	lib	other
6e3c4b	Unwind@006e3c4b	lib	other
6e3c5c	Unwind@006e3c5c	lib	other
6e3c6d	Unwind@006e3c6d	lib	other
6e3c7e	Unwind@006e3c7e	lib	other
6e3c8f	Unwind@006e3c8f	lib	other
6e3ca0	Unwind@006e3ca0	lib	other
6e3cb1	Unwind@006e3cb1	lib	other
6e3cc2	Unwind@006e3cc2	lib	other
6e3cd3	Unwind@006e3cd3	lib	other
6e3ce4	Unwind@006e3ce4	lib	other
6e3cf5	Unwind@006e3cf5	lib	other
6e3d06	Unwind@006e3d06	lib	other
6e3d17	Unwind@006e3d17	lib	other
6e3d28	Unwind@006e3d28	lib	other
6e3d39	Unwind@006e3d39	lib	other
6e3d4a	Unwind@006e3d4a	lib	other
6e3d5b	Unwind@006e3d5b	lib	other
6e3d6c	Unwind@006e3d6c	lib	other
6e3d7d	Unwind@006e3d7d	lib	other
6e3d8e	Unwind@006e3d8e	lib	other
6e3d9f	Unwind@006e3d9f	lib	other
6e3db0	Unwind@006e3db0	lib	other
6e3dc1	Unwind@006e3dc1	lib	other
6e3dd2	Unwind@006e3dd2	lib	other
6e3de3	Unwind@006e3de3	lib	other
6e3df4	Unwind@006e3df4	lib	other
6e3e05	Unwind@006e3e05	lib	other
6e3e16	Unwind@006e3e16	lib	other
6e3e27	Unwind@006e3e27	lib	other
6e3e38	Unwind@006e3e38	lib	other
6e3e49	Unwind@006e3e49	lib	other
6e3e5a	Unwind@006e3e5a	lib	other
6e3e65	Unwind@006e3e65	lib	other
6e3e70	Unwind@006e3e70	lib	other
6e3e7b	Unwind@006e3e7b	lib	other
6e3e86	Unwind@006e3e86	lib	other
6e3e91	Unwind@006e3e91	lib	other
6e3e9c	Unwind@006e3e9c	lib	other
6e3ea7	Unwind@006e3ea7	lib	other
6e3eb2	Unwind@006e3eb2	lib	other
6e3ebd	Unwind@006e3ebd	lib	other
6e3ec8	Unwind@006e3ec8	lib	other
6e3ed0	Unwind@006e3ed0	lib	other
6e3ed8	Unwind@006e3ed8	lib	other
6e3ee3	Unwind@006e3ee3	lib	other
6e3eeb	Unwind@006e3eeb	lib	other
6e3ef6	Unwind@006e3ef6	lib	other
6e3f01	Unwind@006e3f01	lib	other
6e3f0c	Unwind@006e3f0c	lib	other
6e3f17	Unwind@006e3f17	lib	other
6e3f22	Unwind@006e3f22	lib	other
6e3f2d	Unwind@006e3f2d	lib	other
6e3f38	Unwind@006e3f38	lib	other
6e3f43	Unwind@006e3f43	lib	other
6e3f4e	Unwind@006e3f4e	lib	other
6e3f59	Unwind@006e3f59	lib	other
6e3f64	Unwind@006e3f64	lib	other
6e3f6f	Unwind@006e3f6f	lib	other
6e3f7a	Unwind@006e3f7a	lib	other
6e3f85	Unwind@006e3f85	lib	other
6e3f90	Unwind@006e3f90	lib	other
6e3f9b	Unwind@006e3f9b	lib	other
6e3fa6	Unwind@006e3fa6	lib	other
6e3fb1	Unwind@006e3fb1	lib	other
6e3fbc	Unwind@006e3fbc	lib	other
6e3fc7	Unwind@006e3fc7	lib	other
6e3fd2	Unwind@006e3fd2	lib	other
6e3fdd	Unwind@006e3fdd	lib	other
6e3fe8	Unwind@006e3fe8	lib	other
6e3ff3	Unwind@006e3ff3	lib	other
6e3ffe	Unwind@006e3ffe	lib	other
6e4009	Unwind@006e4009	lib	other
6e4014	Unwind@006e4014	lib	other
6e401f	Unwind@006e401f	lib	other
6e402a	Unwind@006e402a	lib	other
6e4035	Unwind@006e4035	lib	other
6e4040	Unwind@006e4040	lib	other
6e404b	Unwind@006e404b	lib	other
6e4056	Unwind@006e4056	lib	other
6e4061	Unwind@006e4061	lib	other
6e406c	Unwind@006e406c	lib	other
6e4077	Unwind@006e4077	lib	other
6e4082	Unwind@006e4082	lib	other
6e408d	Unwind@006e408d	lib	other
6e4098	Unwind@006e4098	lib	other
6e40a3	Unwind@006e40a3	lib	other
6e40ae	Unwind@006e40ae	lib	other
6e40b9	Unwind@006e40b9	lib	other
6e40c4	Unwind@006e40c4	lib	other
6e40cf	Unwind@006e40cf	lib	other
6e40dd	Unwind@006e40dd	lib	other
6e40e8	Unwind@006e40e8	lib	other
6e40f3	Unwind@006e40f3	lib	other
6e40fe	Unwind@006e40fe	lib	other
6e4109	Unwind@006e4109	lib	other
6e4114	Unwind@006e4114	lib	other
6e411f	Unwind@006e411f	lib	other
6e412a	Unwind@006e412a	lib	other
6e4135	Unwind@006e4135	lib	other
6e4140	Unwind@006e4140	lib	other
6e414b	Unwind@006e414b	lib	other
6e4156	Unwind@006e4156	lib	other
6e4161	Unwind@006e4161	lib	other
6e416c	Unwind@006e416c	lib	other
6e4177	Unwind@006e4177	lib	other
6e4182	Unwind@006e4182	lib	other
6e418d	Unwind@006e418d	lib	other
6e4198	Unwind@006e4198	lib	other
6e41a3	Unwind@006e41a3	lib	other
6e41ae	Unwind@006e41ae	lib	other
6e41b9	Unwind@006e41b9	lib	other
6e41c4	Unwind@006e41c4	lib	other
6e41cf	Unwind@006e41cf	lib	other
6e41da	Unwind@006e41da	lib	other
6e41e5	Unwind@006e41e5	lib	other
6e41f0	Unwind@006e41f0	lib	other
6e41fb	Unwind@006e41fb	lib	other
6e4206	Unwind@006e4206	lib	other
6e4211	Unwind@006e4211	lib	other
6e421c	Unwind@006e421c	lib	other
6e4227	Unwind@006e4227	lib	other
6e4232	Unwind@006e4232	lib	other
6e423d	Unwind@006e423d	lib	other
6e4248	Unwind@006e4248	lib	other
6e4253	Unwind@006e4253	lib	other
6e425e	Unwind@006e425e	lib	other
6e4269	Unwind@006e4269	lib	other
6e4274	Unwind@006e4274	lib	other
6e427f	Unwind@006e427f	lib	other
6e428a	Unwind@006e428a	lib	other
6e4295	Unwind@006e4295	lib	other
6e42a0	Unwind@006e42a0	lib	other
6e42ab	Unwind@006e42ab	lib	other
6e42b6	Unwind@006e42b6	lib	other
6e42c1	Unwind@006e42c1	lib	other
6e42cc	Unwind@006e42cc	lib	other
6e42d7	Unwind@006e42d7	lib	other
6e42e2	Unwind@006e42e2	lib	other
6e42ed	Unwind@006e42ed	lib	other
6e42f8	Unwind@006e42f8	lib	other
6e4303	Unwind@006e4303	lib	other
6e430e	Unwind@006e430e	lib	other
6e4319	Unwind@006e4319	lib	other
6e4324	Unwind@006e4324	lib	other
6e432f	Unwind@006e432f	lib	other
6e433a	Unwind@006e433a	lib	other
6e4345	Unwind@006e4345	lib	other
6e4350	Unwind@006e4350	lib	other
6e435b	Unwind@006e435b	lib	other
6e4366	Unwind@006e4366	lib	other
6e4371	Unwind@006e4371	lib	other
6e437c	Unwind@006e437c	lib	other
6e4387	Unwind@006e4387	lib	other
6e4392	Unwind@006e4392	lib	other
6e439d	Unwind@006e439d	lib	other
6e43a8	Unwind@006e43a8	lib	other
6e43b3	Unwind@006e43b3	lib	other
6e43be	Unwind@006e43be	lib	other
6e43c9	Unwind@006e43c9	lib	other
6e43d4	Unwind@006e43d4	lib	other
6e43df	Unwind@006e43df	lib	other
6e43ea	Unwind@006e43ea	lib	other
6e43f5	Unwind@006e43f5	lib	other
6e4400	Unwind@006e4400	lib	other
6e440b	Unwind@006e440b	lib	other
6e4416	Unwind@006e4416	lib	other
6e4421	Unwind@006e4421	lib	other
6e442c	Unwind@006e442c	lib	other
6e4437	Unwind@006e4437	lib	other
6e4442	Unwind@006e4442	lib	other
6e444d	Unwind@006e444d	lib	other
6e4458	Unwind@006e4458	lib	other
6e4463	Unwind@006e4463	lib	other
6e446e	Unwind@006e446e	lib	other
6e4479	Unwind@006e4479	lib	other
6e4481	Unwind@006e4481	lib	other
6e448f	Unwind@006e448f	lib	other
6e449a	Unwind@006e449a	lib	other
6e44a5	Unwind@006e44a5	lib	other
6e44b0	Unwind@006e44b0	lib	other
6e44bb	Unwind@006e44bb	lib	other
6e44c6	Unwind@006e44c6	lib	other
6e44d1	Unwind@006e44d1	lib	other
6e44dc	Unwind@006e44dc	lib	other
6e44e7	Unwind@006e44e7	lib	other
6e44f2	Unwind@006e44f2	lib	other
6e44fd	Unwind@006e44fd	lib	other
6e4508	Unwind@006e4508	lib	other
6e4513	Unwind@006e4513	lib	other
6e451e	Unwind@006e451e	lib	other
6e4529	Unwind@006e4529	lib	other
6e4534	Unwind@006e4534	lib	other
6e453f	Unwind@006e453f	lib	other
6e454a	Unwind@006e454a	lib	other
6e4555	Unwind@006e4555	lib	other
6e4560	Unwind@006e4560	lib	other
6e456b	Unwind@006e456b	lib	other
6e4576	Unwind@006e4576	lib	other
6e4581	Unwind@006e4581	lib	other
6e458c	Unwind@006e458c	lib	other
6e4597	Unwind@006e4597	lib	other
6e45a2	Unwind@006e45a2	lib	other
6e45ad	Unwind@006e45ad	lib	other
6e45b8	Unwind@006e45b8	lib	other
6e45c3	Unwind@006e45c3	lib	other
6e45ce	Unwind@006e45ce	lib	other
6e45d9	Unwind@006e45d9	lib	other
6e45e4	Unwind@006e45e4	lib	other
6e45ef	Unwind@006e45ef	lib	other
6e45fa	Unwind@006e45fa	lib	other
6e4605	Unwind@006e4605	lib	other
6e4610	Unwind@006e4610	lib	other
6e461b	Unwind@006e461b	lib	other
6e4626	Unwind@006e4626	lib	other
6e4631	Unwind@006e4631	lib	other
6e463c	Unwind@006e463c	lib	other
6e4647	Unwind@006e4647	lib	other
6e4652	Unwind@006e4652	lib	other
6e465d	Unwind@006e465d	lib	other
6e4668	Unwind@006e4668	lib	other
6e4673	Unwind@006e4673	lib	other
6e467e	Unwind@006e467e	lib	other
6e4689	Unwind@006e4689	lib	other
6e4694	Unwind@006e4694	lib	other
6e469f	Unwind@006e469f	lib	other
6e46aa	Unwind@006e46aa	lib	other
6e46b5	Unwind@006e46b5	lib	other
6e46c0	Unwind@006e46c0	lib	other
6e46cb	Unwind@006e46cb	lib	other
6e46d6	Unwind@006e46d6	lib	other
6e46e1	Unwind@006e46e1	lib	other
6e46ec	Unwind@006e46ec	lib	other
6e46f7	Unwind@006e46f7	lib	other
6e4702	Unwind@006e4702	lib	other
6e470d	Unwind@006e470d	lib	other
6e4718	Unwind@006e4718	lib	other
6e4723	Unwind@006e4723	lib	other
6e472e	Unwind@006e472e	lib	other
6e4739	Unwind@006e4739	lib	other
6e4744	Unwind@006e4744	lib	other
6e474f	Unwind@006e474f	lib	other
6e475a	Unwind@006e475a	lib	other
6e4765	Unwind@006e4765	lib	other
6e4770	Unwind@006e4770	lib	other
6e477b	Unwind@006e477b	lib	other
6e4786	Unwind@006e4786	lib	other
6e4791	Unwind@006e4791	lib	other
6e479c	Unwind@006e479c	lib	other
6e47a7	Unwind@006e47a7	lib	other
6e47b2	Unwind@006e47b2	lib	other
6e47bd	Unwind@006e47bd	lib	other
6e47c8	Unwind@006e47c8	lib	other
6e47d3	Unwind@006e47d3	lib	other
6e47de	Unwind@006e47de	lib	other
6e47e9	Unwind@006e47e9	lib	other
6e47f4	Unwind@006e47f4	lib	other
6e47ff	Unwind@006e47ff	lib	other
6e480a	Unwind@006e480a	lib	other
6e4815	Unwind@006e4815	lib	other
6e4820	Unwind@006e4820	lib	other
6e482b	Unwind@006e482b	lib	other
6e4836	Unwind@006e4836	lib	other
6e4841	Unwind@006e4841	lib	other
6e484c	Unwind@006e484c	lib	other
6e4857	Unwind@006e4857	lib	other
6e4862	Unwind@006e4862	lib	other
6e486d	Unwind@006e486d	lib	other
6e4878	Unwind@006e4878	lib	other
6e4883	Unwind@006e4883	lib	other
6e488e	Unwind@006e488e	lib	other
6e4899	Unwind@006e4899	lib	other
6e48a7	Unwind@006e48a7	lib	other
6e48b2	Unwind@006e48b2	lib	other
6e48bd	Unwind@006e48bd	lib	other
6e48c8	Unwind@006e48c8	lib	other
6e48d3	Unwind@006e48d3	lib	other
6e48de	Unwind@006e48de	lib	other
6e48e9	Unwind@006e48e9	lib	other
6e48f4	Unwind@006e48f4	lib	other
6e48ff	Unwind@006e48ff	lib	other
6e490a	Unwind@006e490a	lib	other
6e4915	Unwind@006e4915	lib	other
6e4920	Unwind@006e4920	lib	other
6e492b	Unwind@006e492b	lib	other
6e4936	Unwind@006e4936	lib	other
6e4941	Unwind@006e4941	lib	other
6e494c	Unwind@006e494c	lib	other
6e4957	Unwind@006e4957	lib	other
6e4965	Unwind@006e4965	lib	other
6e4970	Unwind@006e4970	lib	other
6e497b	Unwind@006e497b	lib	other
6e4986	Unwind@006e4986	lib	other
6e4991	Unwind@006e4991	lib	other
6e499c	Unwind@006e499c	lib	other
6e49a7	Unwind@006e49a7	lib	other
6e49b2	Unwind@006e49b2	lib	other
6e49bd	Unwind@006e49bd	lib	other
6e49c8	Unwind@006e49c8	lib	other
6e49d3	Unwind@006e49d3	lib	other
6e49de	Unwind@006e49de	lib	other
6e49e9	Unwind@006e49e9	lib	other
6e49f4	Unwind@006e49f4	lib	other
6e49ff	Unwind@006e49ff	lib	other
6e4a0a	Unwind@006e4a0a	lib	other
6e4a15	Unwind@006e4a15	lib	other
6e4a20	Unwind@006e4a20	lib	other
6e4a2b	Unwind@006e4a2b	lib	other
6e4a36	Unwind@006e4a36	lib	other
6e4a41	Unwind@006e4a41	lib	other
6e4a4c	Unwind@006e4a4c	lib	other
6e4a57	Unwind@006e4a57	lib	other
6e4a62	Unwind@006e4a62	lib	other
6e4a6d	Unwind@006e4a6d	lib	other
6e4a78	Unwind@006e4a78	lib	other
6e4a83	Unwind@006e4a83	lib	other
6e4a8e	Unwind@006e4a8e	lib	other
6e4a99	Unwind@006e4a99	lib	other
6e4aa4	Unwind@006e4aa4	lib	other
6e4aaf	Unwind@006e4aaf	lib	other
6e4aba	Unwind@006e4aba	lib	other
6e4ac5	Unwind@006e4ac5	lib	other
6e4ad0	Unwind@006e4ad0	lib	other
6e4adb	Unwind@006e4adb	lib	other
6e4ae6	Unwind@006e4ae6	lib	other
6e4af1	Unwind@006e4af1	lib	other
6e4afc	Unwind@006e4afc	lib	other
6e4b07	Unwind@006e4b07	lib	other
6e4b12	Unwind@006e4b12	lib	other
6e4b1d	Unwind@006e4b1d	lib	other
6e4b28	Unwind@006e4b28	lib	other
6e4b33	Unwind@006e4b33	lib	other
6e4b3e	Unwind@006e4b3e	lib	other
6e4b4c	Unwind@006e4b4c	lib	other
6e4b57	Unwind@006e4b57	lib	other
6e4b65	Unwind@006e4b65	lib	other
6e4b70	Unwind@006e4b70	lib	other
6e4b7e	Unwind@006e4b7e	lib	other
6e4b89	Unwind@006e4b89	lib	other
6e4b97	Unwind@006e4b97	lib	other
6e4ba2	Unwind@006e4ba2	lib	other
6e4bb0	Unwind@006e4bb0	lib	other
6e4bbb	Unwind@006e4bbb	lib	other
6e4bc6	Unwind@006e4bc6	lib	other
6e4bd4	Unwind@006e4bd4	lib	other
6e4be2	Unwind@006e4be2	lib	other
6e4bf0	Unwind@006e4bf0	lib	other
6e4bfe	Unwind@006e4bfe	lib	other
6e4c0c	Unwind@006e4c0c	lib	other
6e4c17	Unwind@006e4c17	lib	other
6e4c22	Unwind@006e4c22	lib	other
6e4c2d	Unwind@006e4c2d	lib	other
6e4c38	Unwind@006e4c38	lib	other
6e4c43	Unwind@006e4c43	lib	other
6e4c4e	Unwind@006e4c4e	lib	other
6e4c59	Unwind@006e4c59	lib	other
6e4c64	Unwind@006e4c64	lib	other
6e4c6f	Unwind@006e4c6f	lib	other
6e4c7a	Unwind@006e4c7a	lib	other
6e4c85	Unwind@006e4c85	lib	other
6e4c90	Unwind@006e4c90	lib	other
6e4c9b	Unwind@006e4c9b	lib	other
6e4ca6	Unwind@006e4ca6	lib	other
6e4cb1	Unwind@006e4cb1	lib	other
6e4cbc	Unwind@006e4cbc	lib	other
6e4cc7	Unwind@006e4cc7	lib	other
6e4cd2	Unwind@006e4cd2	lib	other
6e4cdd	Unwind@006e4cdd	lib	other
6e4ce8	Unwind@006e4ce8	lib	other
6e4cf3	Unwind@006e4cf3	lib	other
6e4cfe	Unwind@006e4cfe	lib	other
6e4d09	Unwind@006e4d09	lib	other
6e4d17	Unwind@006e4d17	lib	other
6e4d22	Unwind@006e4d22	lib	other
6e4d30	Unwind@006e4d30	lib	other
6e4d3b	Unwind@006e4d3b	lib	other
6e4d46	Unwind@006e4d46	lib	other
6e4d51	Unwind@006e4d51	lib	other
6e4d5f	Unwind@006e4d5f	lib	other
6e4d6a	Unwind@006e4d6a	lib	other
6e4d78	Unwind@006e4d78	lib	other
6e4d83	Unwind@006e4d83	lib	other
6e4d8e	Unwind@006e4d8e	lib	other
6e4d99	Unwind@006e4d99	lib	other
6e4da7	Unwind@006e4da7	lib	other
6e4dc9	Unwind@006e4dc9	lib	other
6e4dd4	Unwind@006e4dd4	lib	other
6e4de2	Unwind@006e4de2	lib	other
6e4ded	Unwind@006e4ded	lib	other
6e4dfb	Unwind@006e4dfb	lib	other
6e4e06	Unwind@006e4e06	lib	other
6e4e14	Unwind@006e4e14	lib	other
6e4e1f	Unwind@006e4e1f	lib	other
6e4e2a	Unwind@006e4e2a	lib	other
6e4e38	Unwind@006e4e38	lib	other
6e4e43	Unwind@006e4e43	lib	other
6e4e4e	Unwind@006e4e4e	lib	other
6e4e5c	Unwind@006e4e5c	lib	other
6e4e67	Unwind@006e4e67	lib	other
6e4e75	Unwind@006e4e75	lib	other
6e4e80	Unwind@006e4e80	lib	other
6e4e8b	Unwind@006e4e8b	lib	other
6e4e96	Unwind@006e4e96	lib	other
6e4ea4	Unwind@006e4ea4	lib	other
6e4eaf	Unwind@006e4eaf	lib	other
6e4eba	Unwind@006e4eba	lib	other
6e4ec5	Unwind@006e4ec5	lib	other
6e4ed0	Unwind@006e4ed0	lib	other
6e4ede	Unwind@006e4ede	lib	other
6e4ee9	Unwind@006e4ee9	lib	other
6e4ef7	Unwind@006e4ef7	lib	other
6e4f02	Unwind@006e4f02	lib	other
6e4f0d	Unwind@006e4f0d	lib	other
6e4f18	Unwind@006e4f18	lib	other
6e4f23	Unwind@006e4f23	lib	other
6e4f2e	Unwind@006e4f2e	lib	other
6e4f70	Unwind@006e4f70	lib	other
6e4f7b	Unwind@006e4f7b	lib	other
6e4fb0	Unwind@006e4fb0	lib	other
6e4fe0	Unwind@006e4fe0	lib	other
6e4fe8	Unwind@006e4fe8	lib	other
6e4ff3	Unwind@006e4ff3	lib	other
6e4ffe	Unwind@006e4ffe	lib	other
6e5009	Unwind@006e5009	lib	other
6e5014	Unwind@006e5014	lib	other
6e501f	Unwind@006e501f	lib	other
6e502a	Unwind@006e502a	lib	other
6e5035	Unwind@006e5035	lib	other
6e5040	Unwind@006e5040	lib	other
6e504b	Unwind@006e504b	lib	other
6e5056	Unwind@006e5056	lib	other
6e5080	Unwind@006e5080	lib	other
6e508b	Unwind@006e508b	lib	other
6e5096	Unwind@006e5096	lib	other
6e50a4	Unwind@006e50a4	lib	other
6e50d0	Unwind@006e50d0	lib	other
6e50d8	Unwind@006e50d8	lib	other
6e50e6	Unwind@006e50e6	lib	other
6e50f4	Unwind@006e50f4	lib	other
6e5102	Unwind@006e5102	lib	other
6e5110	Unwind@006e5110	lib	other
6e511e	Unwind@006e511e	lib	other
6e512c	Unwind@006e512c	lib	other
6e513a	Unwind@006e513a	lib	other
6e5148	Unwind@006e5148	lib	other
6e5156	Unwind@006e5156	lib	other
6e5164	Unwind@006e5164	lib	other
6e5172	Unwind@006e5172	lib	other
6e5180	Unwind@006e5180	lib	other
6e518e	Unwind@006e518e	lib	other
6e519c	Unwind@006e519c	lib	other
6e51aa	Unwind@006e51aa	lib	other
6e51b8	Unwind@006e51b8	lib	other
6e51c6	Unwind@006e51c6	lib	other
6e51d4	Unwind@006e51d4	lib	other
6e51e2	Unwind@006e51e2	lib	other
6e51f0	Unwind@006e51f0	lib	other
6e51fe	Unwind@006e51fe	lib	other
6e520c	Unwind@006e520c	lib	other
6e521a	Unwind@006e521a	lib	other
6e5228	Unwind@006e5228	lib	other
6e5236	Unwind@006e5236	lib	other
6e5244	Unwind@006e5244	lib	other
6e5252	Unwind@006e5252	lib	other
6e5260	Unwind@006e5260	lib	other
6e526e	Unwind@006e526e	lib	other
6e527c	Unwind@006e527c	lib	other
6e528a	Unwind@006e528a	lib	other
6e5298	Unwind@006e5298	lib	other
6e52a6	Unwind@006e52a6	lib	other
6e52b4	Unwind@006e52b4	lib	other
6e52c2	Unwind@006e52c2	lib	other
6e52d0	Unwind@006e52d0	lib	other
6e52de	Unwind@006e52de	lib	other
6e52ec	Unwind@006e52ec	lib	other
6e52fa	Unwind@006e52fa	lib	other
6e5308	Unwind@006e5308	lib	other
6e5316	Unwind@006e5316	lib	other
6e5324	Unwind@006e5324	lib	other
6e5332	Unwind@006e5332	lib	other
6e5340	Unwind@006e5340	lib	other
6e534e	Unwind@006e534e	lib	other
6e535c	Unwind@006e535c	lib	other
6e5410	Unwind@006e5410	lib	other
6e5440	Unwind@006e5440	lib	other
6e544b	Unwind@006e544b	lib	other
6e5456	Unwind@006e5456	lib	other
6e5461	Unwind@006e5461	lib	other
6e546c	Unwind@006e546c	lib	other
6e5474	Unwind@006e5474	lib	other
6e54b0	Unwind@006e54b0	lib	other
6e54bb	Unwind@006e54bb	lib	other
6e54c6	Unwind@006e54c6	lib	other
6e54ce	Unwind@006e54ce	lib	other
6e54d9	Unwind@006e54d9	lib	other
6e5510	Unwind@006e5510	lib	other
6e551b	Unwind@006e551b	lib	other
6e5526	Unwind@006e5526	lib	other
6e5549	Unwind@006e5549	lib	other
6e5555	Unwind@006e5555	lib	other
6e5561	Unwind@006e5561	lib	other
6e556c	Unwind@006e556c	lib	other
6e5574	Unwind@006e5574	lib	other
6e557f	Unwind@006e557f	lib	other
6e558d	Unwind@006e558d	lib	other
6e5598	Unwind@006e5598	lib	other
6e55a3	Unwind@006e55a3	lib	other
6e55b1	Unwind@006e55b1	lib	other
6e55bc	Unwind@006e55bc	lib	other
6e55c7	Unwind@006e55c7	lib	other
6e55d2	Unwind@006e55d2	lib	other
6e55e0	Unwind@006e55e0	lib	other
6e55e8	Unwind@006e55e8	lib	other
6e55f3	Unwind@006e55f3	lib	other
6e55fe	Unwind@006e55fe	lib	other
6e5606	Unwind@006e5606	lib	other
6e5640	Unwind@006e5640	lib	other
6e5730	Unwind@006e5730	lib	other
6e5738	Unwind@006e5738	lib	other
6e5770	Unwind@006e5770	lib	other
6e5793	Unwind@006e5793	lib	other
6e579f	Unwind@006e579f	lib	other
6e57ab	Unwind@006e57ab	lib	other
6e57b6	Unwind@006e57b6	lib	other
6e57c1	Unwind@006e57c1	lib	other
6e57cc	Unwind@006e57cc	lib	other
6e57d7	Unwind@006e57d7	lib	other
6e57e2	Unwind@006e57e2	lib	other
6e57ed	Unwind@006e57ed	lib	other
6e57f8	Unwind@006e57f8	lib	other
6e5803	Unwind@006e5803	lib	other
6e580e	Unwind@006e580e	lib	other
6e5819	Unwind@006e5819	lib	other
6e5827	Unwind@006e5827	lib	other
6e5835	Unwind@006e5835	lib	other
6e5840	Unwind@006e5840	lib	other
6e584b	Unwind@006e584b	lib	other
6e586e	Unwind@006e586e	lib	other
6e587a	Unwind@006e587a	lib	other
6e5886	Unwind@006e5886	lib	other
6e5891	Unwind@006e5891	lib	other
6e589c	Unwind@006e589c	lib	other
6e58bf	Unwind@006e58bf	lib	other
6e58cb	Unwind@006e58cb	lib	other
6e58d7	Unwind@006e58d7	lib	other
6e58e2	Unwind@006e58e2	lib	other
6e58ed	Unwind@006e58ed	lib	other
6e5920	Unwind@006e5920	lib	other
6e5950	Unwind@006e5950	lib	other
6e5980	Unwind@006e5980	lib	other
6e59c0	Unwind@006e59c0	lib	other
6e59cb	Unwind@006e59cb	lib	other
6e59d6	Unwind@006e59d6	lib	other
6e59e1	Unwind@006e59e1	lib	other
6e59e9	Unwind@006e59e9	lib	other
6e59f1	Unwind@006e59f1	lib	other
6e59f9	Unwind@006e59f9	lib	other
6e5a01	Unwind@006e5a01	lib	other
6e5a09	Unwind@006e5a09	lib	other
6e5a11	Unwind@006e5a11	lib	other
6e5a1c	Unwind@006e5a1c	lib	other
6e5a24	Unwind@006e5a24	lib	other
6e5a2f	Unwind@006e5a2f	lib	other
6e5a37	Unwind@006e5a37	lib	other
6e5a42	Unwind@006e5a42	lib	other
6e5a4d	Unwind@006e5a4d	lib	other
6e5a58	Unwind@006e5a58	lib	other
6e5a63	Unwind@006e5a63	lib	other
6e5a6e	Unwind@006e5a6e	lib	other
6e5a79	Unwind@006e5a79	lib	other
6e5a9c	Unwind@006e5a9c	lib	other
6e5aa8	Unwind@006e5aa8	lib	other
6e5ab4	Unwind@006e5ab4	lib	other
6e5af0	Unwind@006e5af0	lib	other
6e5b13	Unwind@006e5b13	lib	other
6e5b1f	Unwind@006e5b1f	lib	other
6e5b2b	Unwind@006e5b2b	lib	other
6e5b36	Unwind@006e5b36	lib	other
6e5b3e	Unwind@006e5b3e	lib	other
6e5b46	Unwind@006e5b46	lib	other
6e5b4e	Unwind@006e5b4e	lib	other
6e5b56	Unwind@006e5b56	lib	other
6e5b5e	Unwind@006e5b5e	lib	other
6e5b66	Unwind@006e5b66	lib	other
6e5b6e	Unwind@006e5b6e	lib	other
6e5b76	Unwind@006e5b76	lib	other
6e5b7e	Unwind@006e5b7e	lib	other
6e5b86	Unwind@006e5b86	lib	other
6e5b8e	Unwind@006e5b8e	lib	other
6e5b96	Unwind@006e5b96	lib	other
6e5b9e	Unwind@006e5b9e	lib	other
6e5ba6	Unwind@006e5ba6	lib	other
6e5bae	Unwind@006e5bae	lib	other
6e5bb6	Unwind@006e5bb6	lib	other
6e5bbe	Unwind@006e5bbe	lib	other
6e5bc6	Unwind@006e5bc6	lib	other
6e5bce	Unwind@006e5bce	lib	other
6e5bd6	Unwind@006e5bd6	lib	other
6e5bde	Unwind@006e5bde	lib	other
6e5be6	Unwind@006e5be6	lib	other
6e5bee	Unwind@006e5bee	lib	other
6e5bf6	Unwind@006e5bf6	lib	other
6e5bfe	Unwind@006e5bfe	lib	other
6e5c06	Unwind@006e5c06	lib	other
6e5c0e	Unwind@006e5c0e	lib	other
6e5c16	Unwind@006e5c16	lib	other
6e5c1e	Unwind@006e5c1e	lib	other
6e5c26	Unwind@006e5c26	lib	other
6e5c2e	Unwind@006e5c2e	lib	other
6e5c36	Unwind@006e5c36	lib	other
6e5c3e	Unwind@006e5c3e	lib	other
6e5c46	Unwind@006e5c46	lib	other
6e5c4e	Unwind@006e5c4e	lib	other
6e5c56	Unwind@006e5c56	lib	other
6e5c5e	Unwind@006e5c5e	lib	other
6e5c66	Unwind@006e5c66	lib	other
6e5c6e	Unwind@006e5c6e	lib	other
6e5c76	Unwind@006e5c76	lib	other
6e5c7e	Unwind@006e5c7e	lib	other
6e5c86	Unwind@006e5c86	lib	other
6e5c8e	Unwind@006e5c8e	lib	other
6e5c96	Unwind@006e5c96	lib	other
6e5ca1	Unwind@006e5ca1	lib	other
6e5cac	Unwind@006e5cac	lib	other
6e5cb7	Unwind@006e5cb7	lib	other
6e5cc2	Unwind@006e5cc2	lib	other
6e5ccd	Unwind@006e5ccd	lib	other
6e5cd8	Unwind@006e5cd8	lib	other
6e5ce3	Unwind@006e5ce3	lib	other
6e5cee	Unwind@006e5cee	lib	other
6e5cf9	Unwind@006e5cf9	lib	other
6e5d04	Unwind@006e5d04	lib	other
6e5d0f	Unwind@006e5d0f	lib	other
6e5d1a	Unwind@006e5d1a	lib	other
6e5d25	Unwind@006e5d25	lib	other
6e5d30	Unwind@006e5d30	lib	other
6e5d3b	Unwind@006e5d3b	lib	other
6e5d46	Unwind@006e5d46	lib	other
6e5d51	Unwind@006e5d51	lib	other
6e5d5c	Unwind@006e5d5c	lib	other
6e5d67	Unwind@006e5d67	lib	other
6e5d72	Unwind@006e5d72	lib	other
6e5d7d	Unwind@006e5d7d	lib	other
6e5d88	Unwind@006e5d88	lib	other
6e5d93	Unwind@006e5d93	lib	other
6e5d9e	Unwind@006e5d9e	lib	other
6e5da9	Unwind@006e5da9	lib	other
6e5db4	Unwind@006e5db4	lib	other
6e5dbf	Unwind@006e5dbf	lib	other
6e5dc7	Unwind@006e5dc7	lib	other
6e5dd2	Unwind@006e5dd2	lib	other
6e5dda	Unwind@006e5dda	lib	other
6e5de5	Unwind@006e5de5	lib	other
6e5df0	Unwind@006e5df0	lib	other
6e5dfb	Unwind@006e5dfb	lib	other
6e5e03	Unwind@006e5e03	lib	other
6e5e0e	Unwind@006e5e0e	lib	other
6e5e16	Unwind@006e5e16	lib	other
6e5e21	Unwind@006e5e21	lib	other
6e5e2c	Unwind@006e5e2c	lib	other
6e5e37	Unwind@006e5e37	lib	other
6e5e42	Unwind@006e5e42	lib	other
6e5e4d	Unwind@006e5e4d	lib	other
6e5e58	Unwind@006e5e58	lib	other
6e5e63	Unwind@006e5e63	lib	other
6e5e6e	Unwind@006e5e6e	lib	other
6e5e79	Unwind@006e5e79	lib	other
6e5e84	Unwind@006e5e84	lib	other
6e5e8f	Unwind@006e5e8f	lib	other
6e5e9a	Unwind@006e5e9a	lib	other
6e5ea5	Unwind@006e5ea5	lib	other
6e5eb0	Unwind@006e5eb0	lib	other
6e5ebb	Unwind@006e5ebb	lib	other
6e5ec6	Unwind@006e5ec6	lib	other
6e5ed1	Unwind@006e5ed1	lib	other
6e5edc	Unwind@006e5edc	lib	other
6e5ee7	Unwind@006e5ee7	lib	other
6e5ef2	Unwind@006e5ef2	lib	other
6e5efd	Unwind@006e5efd	lib	other
6e5f08	Unwind@006e5f08	lib	other
6e5f13	Unwind@006e5f13	lib	other
6e5f1e	Unwind@006e5f1e	lib	other
6e5f29	Unwind@006e5f29	lib	other
6e5f34	Unwind@006e5f34	lib	other
6e5f3f	Unwind@006e5f3f	lib	other
6e5f4a	Unwind@006e5f4a	lib	other
6e5f55	Unwind@006e5f55	lib	other
6e5f60	Unwind@006e5f60	lib	other
6e5f6b	Unwind@006e5f6b	lib	other
6e5f76	Unwind@006e5f76	lib	other
6e5f81	Unwind@006e5f81	lib	other
6e5f8c	Unwind@006e5f8c	lib	other
6e5f97	Unwind@006e5f97	lib	other
6e5fd0	Unwind@006e5fd0	lib	other
6e6010	Unwind@006e6010	lib	other
6e601b	Unwind@006e601b	lib	other
6e6026	Unwind@006e6026	lib	other
6e6031	Unwind@006e6031	lib	other
6e603c	Unwind@006e603c	lib	other
6e6070	Unwind@006e6070	lib	other
6e60a0	Unwind@006e60a0	lib	other
6e60c3	Unwind@006e60c3	lib	other
6e60cf	Unwind@006e60cf	lib	other
6e60d8	Unwind@006e60d8	lib	other
6e60e3	Unwind@006e60e3	lib	other
6e60eb	Unwind@006e60eb	lib	other
6e60f3	Unwind@006e60f3	lib	other
6e60fb	Unwind@006e60fb	lib	other
6e6103	Unwind@006e6103	lib	other
6e610b	Unwind@006e610b	lib	other
6e6140	Unwind@006e6140	lib	other
6e615d	Unwind@006e615d	lib	other
6e6169	Unwind@006e6169	lib	other
6e6175	Unwind@006e6175	lib	other
6e6180	Unwind@006e6180	lib	other
6e6188	Unwind@006e6188	lib	other
6e61c0	Unwind@006e61c0	lib	other
6e61dd	Unwind@006e61dd	lib	other
6e61e9	Unwind@006e61e9	lib	other
6e61f5	Unwind@006e61f5	lib	other
6e6200	Unwind@006e6200	lib	other
6e6208	Unwind@006e6208	lib	other
6e6210	Unwind@006e6210	lib	other
6e6218	Unwind@006e6218	lib	other
6e6220	Unwind@006e6220	lib	other
6e6260	Unwind@006e6260	lib	other
6e6268	Unwind@006e6268	lib	other
6e6276	Unwind@006e6276	lib	other
6e62a0	Unwind@006e62a0	lib	other
6e62a8	Unwind@006e62a8	lib	other
6e62b0	Unwind@006e62b0	lib	other
6e62b8	Unwind@006e62b8	lib	other
6e62c0	Unwind@006e62c0	lib	other
6e62e3	Unwind@006e62e3	lib	other
6e62ef	Unwind@006e62ef	lib	other
6e62fb	Unwind@006e62fb	lib	other
6e6306	Unwind@006e6306	lib	other
6e6311	Unwind@006e6311	lib	other
6e6319	Unwind@006e6319	lib	other
6e6321	Unwind@006e6321	lib	other
6e6329	Unwind@006e6329	lib	other
6e6331	Unwind@006e6331	lib	other
6e6339	Unwind@006e6339	lib	other
6e6370	Unwind@006e6370	lib	other
6e6378	Unwind@006e6378	lib	other
6e6380	Unwind@006e6380	lib	other
6e63b0	Unwind@006e63b0	lib	other
6e63b8	Unwind@006e63b8	lib	other
6e63c0	Unwind@006e63c0	lib	other
6e63dd	Unwind@006e63dd	lib	other
6e63e9	Unwind@006e63e9	lib	other
6e63f5	Unwind@006e63f5	lib	other
6e6400	Unwind@006e6400	lib	other
6e6408	Unwind@006e6408	lib	other
6e6425	Unwind@006e6425	lib	other
6e6431	Unwind@006e6431	lib	other
6e643d	Unwind@006e643d	lib	other
6e6448	Unwind@006e6448	lib	other
6e6465	Unwind@006e6465	lib	other
6e6471	Unwind@006e6471	lib	other
6e647d	Unwind@006e647d	lib	other
6e6488	Unwind@006e6488	lib	other
6e6490	Unwind@006e6490	lib	other
6e64c0	Unwind@006e64c0	lib	other
6e64c8	Unwind@006e64c8	lib	other
6e64d0	Unwind@006e64d0	lib	other
6e64d8	Unwind@006e64d8	lib	other
6e64e0	Unwind@006e64e0	lib	other
6e64e8	Unwind@006e64e8	lib	other
6e6520	Unwind@006e6520	lib	other
6e6528	Unwind@006e6528	lib	other
6e6530	Unwind@006e6530	lib	other
6e6538	Unwind@006e6538	lib	other
6e6570	Unwind@006e6570	lib	other
6e6578	Unwind@006e6578	lib	other
6e6580	Unwind@006e6580	lib	other
6e6588	Unwind@006e6588	lib	other
6e6590	Unwind@006e6590	lib	other
6e6598	Unwind@006e6598	lib	other
6e65a3	Unwind@006e65a3	lib	other
6e65e0	Unwind@006e65e0	lib	other
6e65eb	Unwind@006e65eb	lib	other
6e65f3	Unwind@006e65f3	lib	other
6e65fb	Unwind@006e65fb	lib	other
6e6603	Unwind@006e6603	lib	other
6e660b	Unwind@006e660b	lib	other
6e6613	Unwind@006e6613	lib	other
6e6630	Unwind@006e6630	lib	other
6e663c	Unwind@006e663c	lib	other
6e6648	Unwind@006e6648	lib	other
6e6680	Unwind@006e6680	lib	other
6e668b	Unwind@006e668b	lib	other
6e66c0	Unwind@006e66c0	lib	other
6e66c8	Unwind@006e66c8	lib	other
6e6700	Unwind@006e6700	lib	other
6e670b	Unwind@006e670b	lib	other
6e6716	Unwind@006e6716	lib	other
6e6721	Unwind@006e6721	lib	other
6e672c	Unwind@006e672c	lib	other
6e6734	Unwind@006e6734	lib	other
6e673f	Unwind@006e673f	lib	other
6e674a	Unwind@006e674a	lib	other
6e6755	Unwind@006e6755	lib	other
6e6760	Unwind@006e6760	lib	other
6e676b	Unwind@006e676b	lib	other
6e6776	Unwind@006e6776	lib	other
6e6781	Unwind@006e6781	lib	other
6e678c	Unwind@006e678c	lib	other
6e6797	Unwind@006e6797	lib	other
6e67a2	Unwind@006e67a2	lib	other
6e67ad	Unwind@006e67ad	lib	other
6e67b8	Unwind@006e67b8	lib	other
6e67c3	Unwind@006e67c3	lib	other
6e67ce	Unwind@006e67ce	lib	other
6e67d9	Unwind@006e67d9	lib	other
6e67e4	Unwind@006e67e4	lib	other
6e67ef	Unwind@006e67ef	lib	other
6e67fa	Unwind@006e67fa	lib	other
6e6805	Unwind@006e6805	lib	other
6e6810	Unwind@006e6810	lib	other
6e681b	Unwind@006e681b	lib	other
6e6826	Unwind@006e6826	lib	other
6e6831	Unwind@006e6831	lib	other
6e683c	Unwind@006e683c	lib	other
6e6847	Unwind@006e6847	lib	other
6e6852	Unwind@006e6852	lib	other
6e685d	Unwind@006e685d	lib	other
6e6868	Unwind@006e6868	lib	other
6e6873	Unwind@006e6873	lib	other
6e687e	Unwind@006e687e	lib	other
6e6889	Unwind@006e6889	lib	other
6e6891	Unwind@006e6891	lib	other
6e689c	Unwind@006e689c	lib	other
6e68a7	Unwind@006e68a7	lib	other
6e68b2	Unwind@006e68b2	lib	other
6e68bd	Unwind@006e68bd	lib	other
6e68c8	Unwind@006e68c8	lib	other
6e68d3	Unwind@006e68d3	lib	other
6e68de	Unwind@006e68de	lib	other
6e68e9	Unwind@006e68e9	lib	other
6e68f4	Unwind@006e68f4	lib	other
6e68ff	Unwind@006e68ff	lib	other
6e690a	Unwind@006e690a	lib	other
6e6915	Unwind@006e6915	lib	other
6e6920	Unwind@006e6920	lib	other
6e692b	Unwind@006e692b	lib	other
6e6936	Unwind@006e6936	lib	other
6e6941	Unwind@006e6941	lib	other
6e694c	Unwind@006e694c	lib	other
6e6957	Unwind@006e6957	lib	other
6e6962	Unwind@006e6962	lib	other
6e696d	Unwind@006e696d	lib	other
6e6978	Unwind@006e6978	lib	other
6e6983	Unwind@006e6983	lib	other
6e698e	Unwind@006e698e	lib	other
6e6999	Unwind@006e6999	lib	other
6e69a4	Unwind@006e69a4	lib	other
6e69af	Unwind@006e69af	lib	other
6e69ba	Unwind@006e69ba	lib	other
6e69c5	Unwind@006e69c5	lib	other
6e69d0	Unwind@006e69d0	lib	other
6e69db	Unwind@006e69db	lib	other
6e69e6	Unwind@006e69e6	lib	other
6e69f1	Unwind@006e69f1	lib	other
6e69fc	Unwind@006e69fc	lib	other
6e6a07	Unwind@006e6a07	lib	other
6e6a12	Unwind@006e6a12	lib	other
6e6a1d	Unwind@006e6a1d	lib	other
6e6a28	Unwind@006e6a28	lib	other
6e6a33	Unwind@006e6a33	lib	other
6e6a3e	Unwind@006e6a3e	lib	other
6e6a49	Unwind@006e6a49	lib	other
6e6a54	Unwind@006e6a54	lib	other
6e6a5f	Unwind@006e6a5f	lib	other
6e6a6a	Unwind@006e6a6a	lib	other
6e6a75	Unwind@006e6a75	lib	other
6e6a80	Unwind@006e6a80	lib	other
6e6a8b	Unwind@006e6a8b	lib	other
6e6a96	Unwind@006e6a96	lib	other
6e6aa1	Unwind@006e6aa1	lib	other
6e6aac	Unwind@006e6aac	lib	other
6e6ab7	Unwind@006e6ab7	lib	other
6e6ac2	Unwind@006e6ac2	lib	other
6e6acd	Unwind@006e6acd	lib	other
6e6ad8	Unwind@006e6ad8	lib	other
6e6ae3	Unwind@006e6ae3	lib	other
6e6aee	Unwind@006e6aee	lib	other
6e6af9	Unwind@006e6af9	lib	other
6e6b04	Unwind@006e6b04	lib	other
6e6b0f	Unwind@006e6b0f	lib	other
6e6b1a	Unwind@006e6b1a	lib	other
6e6b25	Unwind@006e6b25	lib	other
6e6b30	Unwind@006e6b30	lib	other
6e6b3b	Unwind@006e6b3b	lib	other
6e6b46	Unwind@006e6b46	lib	other
6e6b4e	Unwind@006e6b4e	lib	other
6e6b90	Unwind@006e6b90	lib	other
6e6ba1	Unwind@006e6ba1	lib	other
6e6bd0	Unwind@006e6bd0	lib	other
6e6bd8	Unwind@006e6bd8	lib	other
6e6be0	Unwind@006e6be0	lib	other
6e6c70	Unwind@006e6c70	lib	other
6e6c78	Unwind@006e6c78	lib	other
6e6c83	Unwind@006e6c83	lib	other
6e6c8e	Unwind@006e6c8e	lib	other
6e6c96	Unwind@006e6c96	lib	other
6e6cb3	Unwind@006e6cb3	lib	other
6e6cbf	Unwind@006e6cbf	lib	other
6e6ccb	Unwind@006e6ccb	lib	other
6e6cd6	Unwind@006e6cd6	lib	other
6e6d10	Unwind@006e6d10	lib	other
6e6d1b	Unwind@006e6d1b	lib	other
6e6d23	Unwind@006e6d23	lib	other
6e6d2b	Unwind@006e6d2b	lib	other
6e6d33	Unwind@006e6d33	lib	other
6e6d50	Unwind@006e6d50	lib	other
6e6d5c	Unwind@006e6d5c	lib	other
6e6d68	Unwind@006e6d68	lib	other
6e6d73	Unwind@006e6d73	lib	other
6e6db0	Unwind@006e6db0	lib	other
6e6de0	Unwind@006e6de0	lib	other
6e6e10	Unwind@006e6e10	lib	other
6e6e18	Unwind@006e6e18	lib	other
6e6e20	Unwind@006e6e20	lib	other
6e6e28	Unwind@006e6e28	lib	other
6e6e30	Unwind@006e6e30	lib	other
6e6e60	Unwind@006e6e60	lib	other
6e6e6b	Unwind@006e6e6b	lib	other
6e6e76	Unwind@006e6e76	lib	other
6e6e81	Unwind@006e6e81	lib	other
6e6e8c	Unwind@006e6e8c	lib	other
6e6e97	Unwind@006e6e97	lib	other
6e6ea2	Unwind@006e6ea2	lib	other
6e6ead	Unwind@006e6ead	lib	other
6e6eb8	Unwind@006e6eb8	lib	other
6e6ec3	Unwind@006e6ec3	lib	other
6e6ece	Unwind@006e6ece	lib	other
6e6ed9	Unwind@006e6ed9	lib	other
6e6ee4	Unwind@006e6ee4	lib	other
6e6eef	Unwind@006e6eef	lib	other
6e6efa	Unwind@006e6efa	lib	other
6e6f05	Unwind@006e6f05	lib	other
6e6f10	Unwind@006e6f10	lib	other
6e6f1b	Unwind@006e6f1b	lib	other
6e6f26	Unwind@006e6f26	lib	other
6e6f31	Unwind@006e6f31	lib	other
6e6f3c	Unwind@006e6f3c	lib	other
6e6f47	Unwind@006e6f47	lib	other
6e6f52	Unwind@006e6f52	lib	other
6e6f5d	Unwind@006e6f5d	lib	other
6e6f68	Unwind@006e6f68	lib	other
6e6f73	Unwind@006e6f73	lib	other
6e6f7e	Unwind@006e6f7e	lib	other
6e6f89	Unwind@006e6f89	lib	other
6e6f94	Unwind@006e6f94	lib	other
6e6f9f	Unwind@006e6f9f	lib	other
6e6faa	Unwind@006e6faa	lib	other
6e6fb5	Unwind@006e6fb5	lib	other
6e6fc0	Unwind@006e6fc0	lib	other
6e6fcb	Unwind@006e6fcb	lib	other
6e6fd6	Unwind@006e6fd6	lib	other
6e6fe1	Unwind@006e6fe1	lib	other
6e6fec	Unwind@006e6fec	lib	other
6e6ff7	Unwind@006e6ff7	lib	other
6e7002	Unwind@006e7002	lib	other
6e700d	Unwind@006e700d	lib	other
6e7018	Unwind@006e7018	lib	other
6e7023	Unwind@006e7023	lib	other
6e702e	Unwind@006e702e	lib	other
6e7039	Unwind@006e7039	lib	other
6e7044	Unwind@006e7044	lib	other
6e704f	Unwind@006e704f	lib	other
6e705a	Unwind@006e705a	lib	other
6e7065	Unwind@006e7065	lib	other
6e7070	Unwind@006e7070	lib	other
6e707b	Unwind@006e707b	lib	other
6e7086	Unwind@006e7086	lib	other
6e7091	Unwind@006e7091	lib	other
6e709c	Unwind@006e709c	lib	other
6e70a7	Unwind@006e70a7	lib	other
6e70b2	Unwind@006e70b2	lib	other
6e70bd	Unwind@006e70bd	lib	other
6e70c8	Unwind@006e70c8	lib	other
6e70d3	Unwind@006e70d3	lib	other
6e70de	Unwind@006e70de	lib	other
6e70e9	Unwind@006e70e9	lib	other
6e70f4	Unwind@006e70f4	lib	other
6e70ff	Unwind@006e70ff	lib	other
6e710a	Unwind@006e710a	lib	other
6e7115	Unwind@006e7115	lib	other
6e7120	Unwind@006e7120	lib	other
6e712b	Unwind@006e712b	lib	other
6e7136	Unwind@006e7136	lib	other
6e7141	Unwind@006e7141	lib	other
6e714c	Unwind@006e714c	lib	other
6e7157	Unwind@006e7157	lib	other
6e7162	Unwind@006e7162	lib	other
6e716d	Unwind@006e716d	lib	other
6e7178	Unwind@006e7178	lib	other
6e7183	Unwind@006e7183	lib	other
6e718e	Unwind@006e718e	lib	other
6e7199	Unwind@006e7199	lib	other
6e71a4	Unwind@006e71a4	lib	other
6e71af	Unwind@006e71af	lib	other
6e71ba	Unwind@006e71ba	lib	other
6e71c5	Unwind@006e71c5	lib	other
6e71d0	Unwind@006e71d0	lib	other
6e71db	Unwind@006e71db	lib	other
6e71e6	Unwind@006e71e6	lib	other
6e71f1	Unwind@006e71f1	lib	other
6e71fc	Unwind@006e71fc	lib	other
6e7207	Unwind@006e7207	lib	other
6e7212	Unwind@006e7212	lib	other
6e721d	Unwind@006e721d	lib	other
6e7228	Unwind@006e7228	lib	other
6e7233	Unwind@006e7233	lib	other
6e723e	Unwind@006e723e	lib	other
6e7249	Unwind@006e7249	lib	other
6e7254	Unwind@006e7254	lib	other
6e725f	Unwind@006e725f	lib	other
6e726a	Unwind@006e726a	lib	other
6e7275	Unwind@006e7275	lib	other
6e7280	Unwind@006e7280	lib	other
6e728b	Unwind@006e728b	lib	other
6e7296	Unwind@006e7296	lib	other
6e72a1	Unwind@006e72a1	lib	other
6e72ac	Unwind@006e72ac	lib	other
6e72b7	Unwind@006e72b7	lib	other
6e72c2	Unwind@006e72c2	lib	other
6e72cd	Unwind@006e72cd	lib	other
6e72d8	Unwind@006e72d8	lib	other
6e72e3	Unwind@006e72e3	lib	other
6e72ee	Unwind@006e72ee	lib	other
6e72f9	Unwind@006e72f9	lib	other
6e7304	Unwind@006e7304	lib	other
6e730f	Unwind@006e730f	lib	other
6e731a	Unwind@006e731a	lib	other
6e7325	Unwind@006e7325	lib	other
6e7330	Unwind@006e7330	lib	other
6e733b	Unwind@006e733b	lib	other
6e7346	Unwind@006e7346	lib	other
6e7351	Unwind@006e7351	lib	other
6e735c	Unwind@006e735c	lib	other
6e7367	Unwind@006e7367	lib	other
6e7372	Unwind@006e7372	lib	other
6e737d	Unwind@006e737d	lib	other
6e7388	Unwind@006e7388	lib	other
6e7393	Unwind@006e7393	lib	other
6e739e	Unwind@006e739e	lib	other
6e73a9	Unwind@006e73a9	lib	other
6e73b4	Unwind@006e73b4	lib	other
6e73bf	Unwind@006e73bf	lib	other
6e73ca	Unwind@006e73ca	lib	other
6e73d5	Unwind@006e73d5	lib	other
6e73e0	Unwind@006e73e0	lib	other
6e73eb	Unwind@006e73eb	lib	other
6e73f6	Unwind@006e73f6	lib	other
6e7401	Unwind@006e7401	lib	other
6e740c	Unwind@006e740c	lib	other
6e7417	Unwind@006e7417	lib	other
6e7422	Unwind@006e7422	lib	other
6e742d	Unwind@006e742d	lib	other
6e7438	Unwind@006e7438	lib	other
6e7443	Unwind@006e7443	lib	other
6e744e	Unwind@006e744e	lib	other
6e7459	Unwind@006e7459	lib	other
6e7464	Unwind@006e7464	lib	other
6e746f	Unwind@006e746f	lib	other
6e747a	Unwind@006e747a	lib	other
6e7485	Unwind@006e7485	lib	other
6e7490	Unwind@006e7490	lib	other
6e749b	Unwind@006e749b	lib	other
6e74a6	Unwind@006e74a6	lib	other
6e74b1	Unwind@006e74b1	lib	other
6e74bc	Unwind@006e74bc	lib	other
6e74c7	Unwind@006e74c7	lib	other
6e74d2	Unwind@006e74d2	lib	other
6e74dd	Unwind@006e74dd	lib	other
6e74e8	Unwind@006e74e8	lib	other
6e74f3	Unwind@006e74f3	lib	other
6e74fe	Unwind@006e74fe	lib	other
6e7509	Unwind@006e7509	lib	other
6e7514	Unwind@006e7514	lib	other
6e751f	Unwind@006e751f	lib	other
6e752a	Unwind@006e752a	lib	other
6e7535	Unwind@006e7535	lib	other
6e7540	Unwind@006e7540	lib	other
6e754b	Unwind@006e754b	lib	other
6e7556	Unwind@006e7556	lib	other
6e7561	Unwind@006e7561	lib	other
6e756c	Unwind@006e756c	lib	other
6e7577	Unwind@006e7577	lib	other
6e7582	Unwind@006e7582	lib	other
6e758d	Unwind@006e758d	lib	other
6e7598	Unwind@006e7598	lib	other
6e75a3	Unwind@006e75a3	lib	other
6e75ae	Unwind@006e75ae	lib	other
6e75b9	Unwind@006e75b9	lib	other
6e75c4	Unwind@006e75c4	lib	other
6e75cf	Unwind@006e75cf	lib	other
6e75da	Unwind@006e75da	lib	other
6e75e5	Unwind@006e75e5	lib	other
6e75f0	Unwind@006e75f0	lib	other
6e75fb	Unwind@006e75fb	lib	other
6e7606	Unwind@006e7606	lib	other
6e7611	Unwind@006e7611	lib	other
6e761c	Unwind@006e761c	lib	other
6e7627	Unwind@006e7627	lib	other
6e7632	Unwind@006e7632	lib	other
6e763d	Unwind@006e763d	lib	other
6e7648	Unwind@006e7648	lib	other
6e7653	Unwind@006e7653	lib	other
6e765e	Unwind@006e765e	lib	other
6e7669	Unwind@006e7669	lib	other
6e7674	Unwind@006e7674	lib	other
6e767f	Unwind@006e767f	lib	other
6e768a	Unwind@006e768a	lib	other
6e7695	Unwind@006e7695	lib	other
6e76a0	Unwind@006e76a0	lib	other
6e76ab	Unwind@006e76ab	lib	other
6e76b6	Unwind@006e76b6	lib	other
6e76c1	Unwind@006e76c1	lib	other
6e76cc	Unwind@006e76cc	lib	other
6e76d7	Unwind@006e76d7	lib	other
6e76e2	Unwind@006e76e2	lib	other
6e76ed	Unwind@006e76ed	lib	other
6e76f8	Unwind@006e76f8	lib	other
6e7703	Unwind@006e7703	lib	other
6e770e	Unwind@006e770e	lib	other
6e7719	Unwind@006e7719	lib	other
6e7724	Unwind@006e7724	lib	other
6e772f	Unwind@006e772f	lib	other
6e773a	Unwind@006e773a	lib	other
6e7745	Unwind@006e7745	lib	other
6e7750	Unwind@006e7750	lib	other
6e775b	Unwind@006e775b	lib	other
6e7766	Unwind@006e7766	lib	other
6e7771	Unwind@006e7771	lib	other
6e777c	Unwind@006e777c	lib	other
6e7787	Unwind@006e7787	lib	other
6e7792	Unwind@006e7792	lib	other
6e779d	Unwind@006e779d	lib	other
6e77a8	Unwind@006e77a8	lib	other
6e77b3	Unwind@006e77b3	lib	other
6e77be	Unwind@006e77be	lib	other
6e77c9	Unwind@006e77c9	lib	other
6e77d4	Unwind@006e77d4	lib	other
6e77df	Unwind@006e77df	lib	other
6e77ea	Unwind@006e77ea	lib	other
6e77f5	Unwind@006e77f5	lib	other
6e7800	Unwind@006e7800	lib	other
6e780b	Unwind@006e780b	lib	other
6e7816	Unwind@006e7816	lib	other
6e7821	Unwind@006e7821	lib	other
6e782c	Unwind@006e782c	lib	other
6e7837	Unwind@006e7837	lib	other
6e7842	Unwind@006e7842	lib	other
6e7880	Unwind@006e7880	lib	other
6e7888	Unwind@006e7888	lib	other
6e78b0	Unwind@006e78b0	lib	other
6e78bb	Unwind@006e78bb	lib	other
6e78c6	Unwind@006e78c6	lib	other
6e78d1	Unwind@006e78d1	lib	other
6e7910	Unwind@006e7910	lib	other
6e791b	Unwind@006e791b	lib	other
6e7926	Unwind@006e7926	lib	other
6e7931	Unwind@006e7931	lib	other
6e793c	Unwind@006e793c	lib	other
6e7947	Unwind@006e7947	lib	other
6e7952	Unwind@006e7952	lib	other
6e7990	Unwind@006e7990	lib	other
6e7998	Unwind@006e7998	lib	other
6e79d0	Unwind@006e79d0	lib	other
6e79e9	Unwind@006e79e9	lib	other
6e79f1	Unwind@006e79f1	lib	other
6e7a30	Unwind@006e7a30	lib	other
6e7a53	Unwind@006e7a53	lib	other
6e7a5f	Unwind@006e7a5f	lib	other
6e7a6b	Unwind@006e7a6b	lib	other
6e7a76	Unwind@006e7a76	lib	other
6e7a7e	Unwind@006e7a7e	lib	other
6e7a89	Unwind@006e7a89	lib	other
6e7a94	Unwind@006e7a94	lib	other
6e7a9c	Unwind@006e7a9c	lib	other
6e7aa7	Unwind@006e7aa7	lib	other
6e7aaf	Unwind@006e7aaf	lib	other
6e7ab7	Unwind@006e7ab7	lib	other
6e7abf	Unwind@006e7abf	lib	other
6e7ac7	Unwind@006e7ac7	lib	other
6e7acf	Unwind@006e7acf	lib	other
6e7ad7	Unwind@006e7ad7	lib	other
6e7adf	Unwind@006e7adf	lib	other
6e7ae7	Unwind@006e7ae7	lib	other
6e7af2	Unwind@006e7af2	lib	other
6e7afa	Unwind@006e7afa	lib	other
6e7b05	Unwind@006e7b05	lib	other
6e7b0d	Unwind@006e7b0d	lib	other
6e7b18	Unwind@006e7b18	lib	other
6e7b20	Unwind@006e7b20	lib	other
6e7b28	Unwind@006e7b28	lib	other
6e7b30	Unwind@006e7b30	lib	other
6e7b38	Unwind@006e7b38	lib	other
6e7b43	Unwind@006e7b43	lib	other
6e7b4b	Unwind@006e7b4b	lib	other
6e7b56	Unwind@006e7b56	lib	other
6e7b5e	Unwind@006e7b5e	lib	other
6e7b66	Unwind@006e7b66	lib	other
6e7b71	Unwind@006e7b71	lib	other
6e7b79	Unwind@006e7b79	lib	other
6e7b84	Unwind@006e7b84	lib	other
6e7b8c	Unwind@006e7b8c	lib	other
6e7b94	Unwind@006e7b94	lib	other
6e7b9f	Unwind@006e7b9f	lib	other
6e7ba7	Unwind@006e7ba7	lib	other
6e7bb2	Unwind@006e7bb2	lib	other
6e7bba	Unwind@006e7bba	lib	other
6e7bc2	Unwind@006e7bc2	lib	other
6e7bcd	Unwind@006e7bcd	lib	other
6e7bd5	Unwind@006e7bd5	lib	other
6e7be0	Unwind@006e7be0	lib	other
6e7be8	Unwind@006e7be8	lib	other
6e7bf0	Unwind@006e7bf0	lib	other
6e7bfb	Unwind@006e7bfb	lib	other
6e7c03	Unwind@006e7c03	lib	other
6e7c0e	Unwind@006e7c0e	lib	other
6e7c16	Unwind@006e7c16	lib	other
6e7c1e	Unwind@006e7c1e	lib	other
6e7c29	Unwind@006e7c29	lib	other
6e7c31	Unwind@006e7c31	lib	other
6e7c3c	Unwind@006e7c3c	lib	other
6e7c44	Unwind@006e7c44	lib	other
6e7c4c	Unwind@006e7c4c	lib	other
6e7c57	Unwind@006e7c57	lib	other
6e7c5f	Unwind@006e7c5f	lib	other
6e7c6a	Unwind@006e7c6a	lib	other
6e7c72	Unwind@006e7c72	lib	other
6e7c7a	Unwind@006e7c7a	lib	other
6e7c85	Unwind@006e7c85	lib	other
6e7c8d	Unwind@006e7c8d	lib	other
6e7c98	Unwind@006e7c98	lib	other
6e7ca0	Unwind@006e7ca0	lib	other
6e7cab	Unwind@006e7cab	lib	other
6e7cb3	Unwind@006e7cb3	lib	other
6e7cbe	Unwind@006e7cbe	lib	other
6e7cc9	Unwind@006e7cc9	lib	other
6e7cd4	Unwind@006e7cd4	lib	other
6e7cdf	Unwind@006e7cdf	lib	other
6e7cea	Unwind@006e7cea	lib	other
6e7cf5	Unwind@006e7cf5	lib	other
6e7cfd	Unwind@006e7cfd	lib	other
6e7d30	Unwind@006e7d30	lib	other
6e7d38	Unwind@006e7d38	lib	other
6e7d43	Unwind@006e7d43	lib	other
6e7d4e	Unwind@006e7d4e	lib	other
6e7d59	Unwind@006e7d59	lib	other
6e7d61	Unwind@006e7d61	lib	other
6e7d69	Unwind@006e7d69	lib	other
6e7d71	Unwind@006e7d71	lib	other
6e7d79	Unwind@006e7d79	lib	other
6e7d81	Unwind@006e7d81	lib	other
6e7d89	Unwind@006e7d89	lib	other
6e7d91	Unwind@006e7d91	lib	other
6e7d99	Unwind@006e7d99	lib	other
6e7dd0	Unwind@006e7dd0	lib	other
6e7dd8	Unwind@006e7dd8	lib	other
6e7de3	Unwind@006e7de3	lib	other
6e7dee	Unwind@006e7dee	lib	other
6e7df9	Unwind@006e7df9	lib	other
6e7e04	Unwind@006e7e04	lib	other
6e7e0f	Unwind@006e7e0f	lib	other
6e7e17	Unwind@006e7e17	lib	other
6e7e1f	Unwind@006e7e1f	lib	other
6e7e27	Unwind@006e7e27	lib	other
6e7e32	Unwind@006e7e32	lib	other
6e7e3d	Unwind@006e7e3d	lib	other
6e7ef0	Unwind@006e7ef0	lib	other
6e7efb	Unwind@006e7efb	lib	other
6e7f06	Unwind@006e7f06	lib	other
6e7f11	Unwind@006e7f11	lib	other
6e7f1c	Unwind@006e7f1c	lib	other
6e7f27	Unwind@006e7f27	lib	other
6e7f32	Unwind@006e7f32	lib	other
6e7f70	Unwind@006e7f70	lib	other
6e7f78	Unwind@006e7f78	lib	other
6e7f80	Unwind@006e7f80	lib	other
6e7f8e	Unwind@006e7f8e	lib	other
6e7f9c	Unwind@006e7f9c	lib	other
6e7fa4	Unwind@006e7fa4	lib	other
6e7fac	Unwind@006e7fac	lib	other
6e7ff0	Unwind@006e7ff0	lib	other
6e8013	Unwind@006e8013	lib	other
6e801f	Unwind@006e801f	lib	other
6e802b	Unwind@006e802b	lib	other
6e8036	Unwind@006e8036	lib	other
6e8041	Unwind@006e8041	lib	other
6e804c	Unwind@006e804c	lib	other
6e8057	Unwind@006e8057	lib	other
6e8062	Unwind@006e8062	lib	other
6e806d	Unwind@006e806d	lib	other
6e8078	Unwind@006e8078	lib	other
6e8083	Unwind@006e8083	lib	other
6e808e	Unwind@006e808e	lib	other
6e8099	Unwind@006e8099	lib	other
6e80a4	Unwind@006e80a4	lib	other
6e80af	Unwind@006e80af	lib	other
6e80ba	Unwind@006e80ba	lib	other
6e80c5	Unwind@006e80c5	lib	other
6e80d0	Unwind@006e80d0	lib	other
6e80db	Unwind@006e80db	lib	other
6e80e6	Unwind@006e80e6	lib	other
6e80f1	Unwind@006e80f1	lib	other
6e80fc	Unwind@006e80fc	lib	other
6e8107	Unwind@006e8107	lib	other
6e8112	Unwind@006e8112	lib	other
6e811d	Unwind@006e811d	lib	other
6e8128	Unwind@006e8128	lib	other
6e8133	Unwind@006e8133	lib	other
6e813e	Unwind@006e813e	lib	other
6e8161	Unwind@006e8161	lib	other
6e816d	Unwind@006e816d	lib	other
6e8179	Unwind@006e8179	lib	other
6e8184	Unwind@006e8184	lib	other
6e818f	Unwind@006e818f	lib	other
6e819a	Unwind@006e819a	lib	other
6e81a5	Unwind@006e81a5	lib	other
6e81b0	Unwind@006e81b0	lib	other
6e81d3	Unwind@006e81d3	lib	other
6e81df	Unwind@006e81df	lib	other
6e81eb	Unwind@006e81eb	lib	other
6e81f6	Unwind@006e81f6	lib	other
6e8201	Unwind@006e8201	lib	other
6e820c	Unwind@006e820c	lib	other
6e8217	Unwind@006e8217	lib	other
6e8222	Unwind@006e8222	lib	other
6e822d	Unwind@006e822d	lib	other
6e8238	Unwind@006e8238	lib	other
6e8243	Unwind@006e8243	lib	other
6e824e	Unwind@006e824e	lib	other
6e8259	Unwind@006e8259	lib	other
6e8264	Unwind@006e8264	lib	other
6e8287	Unwind@006e8287	lib	other
6e8293	Unwind@006e8293	lib	other
6e829f	Unwind@006e829f	lib	other
6e82aa	Unwind@006e82aa	lib	other
6e82b5	Unwind@006e82b5	lib	other
6e82c0	Unwind@006e82c0	lib	other
6e82cb	Unwind@006e82cb	lib	other
6e82d6	Unwind@006e82d6	lib	other
6e82e1	Unwind@006e82e1	lib	other
6e82ec	Unwind@006e82ec	lib	other
6e82f7	Unwind@006e82f7	lib	other
6e8302	Unwind@006e8302	lib	other
6e830d	Unwind@006e830d	lib	other
6e8318	Unwind@006e8318	lib	other
6e8323	Unwind@006e8323	lib	other
6e832e	Unwind@006e832e	lib	other
6e8339	Unwind@006e8339	lib	other
6e8344	Unwind@006e8344	lib	other
6e834f	Unwind@006e834f	lib	other
6e835a	Unwind@006e835a	lib	other
6e8365	Unwind@006e8365	lib	other
6e8370	Unwind@006e8370	lib	other
6e837b	Unwind@006e837b	lib	other
6e8386	Unwind@006e8386	lib	other
6e83c0	Unwind@006e83c0	lib	other
6e8410	Unwind@006e8410	lib	other
6e841b	Unwind@006e841b	lib	other
6e8423	Unwind@006e8423	lib	other
6e8460	Unwind@006e8460	lib	other
6e8483	Unwind@006e8483	lib	other
6e848f	Unwind@006e848f	lib	other
6e849b	Unwind@006e849b	lib	other
6e84a6	Unwind@006e84a6	lib	other
6e84b1	Unwind@006e84b1	lib	other
6e84bc	Unwind@006e84bc	lib	other
6e84c7	Unwind@006e84c7	lib	other
6e84d2	Unwind@006e84d2	lib	other
6e84dd	Unwind@006e84dd	lib	other
6e84e8	Unwind@006e84e8	lib	other
6e8560	Unwind@006e8560	lib	other
6e8590	Unwind@006e8590	lib	other
6e8598	Unwind@006e8598	lib	other
6e85a0	Unwind@006e85a0	lib	other
6e85d0	Unwind@006e85d0	lib	other
6e85ed	Unwind@006e85ed	lib	other
6e85f9	Unwind@006e85f9	lib	other
6e8602	Unwind@006e8602	lib	other
6e8630	Unwind@006e8630	lib	other
6e863b	Unwind@006e863b	lib	other
6e8670	Unwind@006e8670	lib	other
6e86a0	Unwind@006e86a0	lib	other
6e86a8	Unwind@006e86a8	lib	other
6e86b0	Unwind@006e86b0	lib	other
6e86be	Unwind@006e86be	lib	other
6e86c6	Unwind@006e86c6	lib	other
6e86ce	Unwind@006e86ce	lib	other
6e86d6	Unwind@006e86d6	lib	other
6e86de	Unwind@006e86de	lib	other
6e86e6	Unwind@006e86e6	lib	other
6e86ee	Unwind@006e86ee	lib	other
6e86f6	Unwind@006e86f6	lib	other
6e86fe	Unwind@006e86fe	lib	other
6e8706	Unwind@006e8706	lib	other
6e870e	Unwind@006e870e	lib	other
6e8716	Unwind@006e8716	lib	other
6e871e	Unwind@006e871e	lib	other
6e8726	Unwind@006e8726	lib	other
6e872e	Unwind@006e872e	lib	other
6e8736	Unwind@006e8736	lib	other
6e873e	Unwind@006e873e	lib	other
6e8746	Unwind@006e8746	lib	other
6e874e	Unwind@006e874e	lib	other
6e8756	Unwind@006e8756	lib	other
6e875e	Unwind@006e875e	lib	other
6e8766	Unwind@006e8766	lib	other
6e876e	Unwind@006e876e	lib	other
6e8776	Unwind@006e8776	lib	other
6e877e	Unwind@006e877e	lib	other
6e87b0	Unwind@006e87b0	lib	other
6e87d3	Unwind@006e87d3	lib	other
6e87df	Unwind@006e87df	lib	other
6e87eb	Unwind@006e87eb	lib	other
6e87f6	Unwind@006e87f6	lib	other
6e87fe	Unwind@006e87fe	lib	other
6e8806	Unwind@006e8806	lib	other
6e880e	Unwind@006e880e	lib	other
6e8816	Unwind@006e8816	lib	other
6e881e	Unwind@006e881e	lib	other
6e8826	Unwind@006e8826	lib	other
6e882e	Unwind@006e882e	lib	other
6e8836	Unwind@006e8836	lib	other
6e883e	Unwind@006e883e	lib	other
6e8846	Unwind@006e8846	lib	other
6e884e	Unwind@006e884e	lib	other
6e8856	Unwind@006e8856	lib	other
6e885e	Unwind@006e885e	lib	other
6e8866	Unwind@006e8866	lib	other
6e886e	Unwind@006e886e	lib	other
6e8876	Unwind@006e8876	lib	other
6e887e	Unwind@006e887e	lib	other
6e8886	Unwind@006e8886	lib	other
6e888e	Unwind@006e888e	lib	other
6e8896	Unwind@006e8896	lib	other
6e889e	Unwind@006e889e	lib	other
6e88a6	Unwind@006e88a6	lib	other
6e88ae	Unwind@006e88ae	lib	other
6e88b6	Unwind@006e88b6	lib	other
6e88be	Unwind@006e88be	lib	other
6e88c6	Unwind@006e88c6	lib	other
6e88ce	Unwind@006e88ce	lib	other
6e88d6	Unwind@006e88d6	lib	other
6e88de	Unwind@006e88de	lib	other
6e88e6	Unwind@006e88e6	lib	other
6e88ee	Unwind@006e88ee	lib	other
6e88f6	Unwind@006e88f6	lib	other
6e88fe	Unwind@006e88fe	lib	other
6e8906	Unwind@006e8906	lib	other
6e890e	Unwind@006e890e	lib	other
6e8916	Unwind@006e8916	lib	other
6e891e	Unwind@006e891e	lib	other
6e8926	Unwind@006e8926	lib	other
6e892e	Unwind@006e892e	lib	other
6e8936	Unwind@006e8936	lib	other
6e893e	Unwind@006e893e	lib	other
6e8946	Unwind@006e8946	lib	other
6e894e	Unwind@006e894e	lib	other
6e8956	Unwind@006e8956	lib	other
6e895e	Unwind@006e895e	lib	other
6e8966	Unwind@006e8966	lib	other
6e896e	Unwind@006e896e	lib	other
6e8976	Unwind@006e8976	lib	other
6e897e	Unwind@006e897e	lib	other
6e8986	Unwind@006e8986	lib	other
6e898e	Unwind@006e898e	lib	other
6e8996	Unwind@006e8996	lib	other
6e89a1	Unwind@006e89a1	lib	other
6e89a9	Unwind@006e89a9	lib	other
6e89b4	Unwind@006e89b4	lib	other
6e89bc	Unwind@006e89bc	lib	other
6e89c7	Unwind@006e89c7	lib	other
6e89d2	Unwind@006e89d2	lib	other
6e89dd	Unwind@006e89dd	lib	other
6e89e8	Unwind@006e89e8	lib	other
6e89f3	Unwind@006e89f3	lib	other
6e89fe	Unwind@006e89fe	lib	other
6e8a09	Unwind@006e8a09	lib	other
6e8a14	Unwind@006e8a14	lib	other
6e8a1f	Unwind@006e8a1f	lib	other
6e8a2a	Unwind@006e8a2a	lib	other
6e8a35	Unwind@006e8a35	lib	other
6e8a40	Unwind@006e8a40	lib	other
6e8a4b	Unwind@006e8a4b	lib	other
6e8a56	Unwind@006e8a56	lib	other
6e8a61	Unwind@006e8a61	lib	other
6e8a6c	Unwind@006e8a6c	lib	other
6e8a77	Unwind@006e8a77	lib	other
6e8a82	Unwind@006e8a82	lib	other
6e8a8d	Unwind@006e8a8d	lib	other
6e8a98	Unwind@006e8a98	lib	other
6e8aa3	Unwind@006e8aa3	lib	other
6e8aae	Unwind@006e8aae	lib	other
6e8ab9	Unwind@006e8ab9	lib	other
6e8ac4	Unwind@006e8ac4	lib	other
6e8acf	Unwind@006e8acf	lib	other
6e8ada	Unwind@006e8ada	lib	other
6e8ae5	Unwind@006e8ae5	lib	other
6e8af0	Unwind@006e8af0	lib	other
6e8afb	Unwind@006e8afb	lib	other
6e8b06	Unwind@006e8b06	lib	other
6e8b11	Unwind@006e8b11	lib	other
6e8b1c	Unwind@006e8b1c	lib	other
6e8b27	Unwind@006e8b27	lib	other
6e8b32	Unwind@006e8b32	lib	other
6e8b3d	Unwind@006e8b3d	lib	other
6e8b48	Unwind@006e8b48	lib	other
6e8b53	Unwind@006e8b53	lib	other
6e8b5e	Unwind@006e8b5e	lib	other
6e8b69	Unwind@006e8b69	lib	other
6e8b74	Unwind@006e8b74	lib	other
6e8b7f	Unwind@006e8b7f	lib	other
6e8bc0	Unwind@006e8bc0	lib	other
6e8bcb	Unwind@006e8bcb	lib	other
6e8bd6	Unwind@006e8bd6	lib	other
6e8be1	Unwind@006e8be1	lib	other
6e8bec	Unwind@006e8bec	lib	other
6e8bf7	Unwind@006e8bf7	lib	other
6e8c02	Unwind@006e8c02	lib	other
6e8c0d	Unwind@006e8c0d	lib	other
6e8c18	Unwind@006e8c18	lib	other
6e8c23	Unwind@006e8c23	lib	other
6e8c2e	Unwind@006e8c2e	lib	other
6e8c39	Unwind@006e8c39	lib	other
6e8c44	Unwind@006e8c44	lib	other
6e8c4f	Unwind@006e8c4f	lib	other
6e8c5a	Unwind@006e8c5a	lib	other
6e8c65	Unwind@006e8c65	lib	other
6e8c70	Unwind@006e8c70	lib	other
6e8c7b	Unwind@006e8c7b	lib	other
6e8c86	Unwind@006e8c86	lib	other
6e8c91	Unwind@006e8c91	lib	other
6e8c9c	Unwind@006e8c9c	lib	other
6e8ca7	Unwind@006e8ca7	lib	other
6e8cb2	Unwind@006e8cb2	lib	other
6e8cbd	Unwind@006e8cbd	lib	other
6e8cc8	Unwind@006e8cc8	lib	other
6e8ce8	Unwind@006e8ce8	lib	other
6e8cf4	Unwind@006e8cf4	lib	other
6e8d00	Unwind@006e8d00	lib	other
6e8d0b	Unwind@006e8d0b	lib	other
6e8d16	Unwind@006e8d16	lib	other
6e8d21	Unwind@006e8d21	lib	other
6e8d2c	Unwind@006e8d2c	lib	other
6e8d37	Unwind@006e8d37	lib	other
6e8d42	Unwind@006e8d42	lib	other
6e8d4d	Unwind@006e8d4d	lib	other
6e8d58	Unwind@006e8d58	lib	other
6e8d63	Unwind@006e8d63	lib	other
6e8d6e	Unwind@006e8d6e	lib	other
6e8d79	Unwind@006e8d79	lib	other
6e8d84	Unwind@006e8d84	lib	other
6e8d8f	Unwind@006e8d8f	lib	other
6e8d9a	Unwind@006e8d9a	lib	other
6e8da5	Unwind@006e8da5	lib	other
6e8db0	Unwind@006e8db0	lib	other
6e8dbb	Unwind@006e8dbb	lib	other
6e8dc6	Unwind@006e8dc6	lib	other
6e8e00	Unwind@006e8e00	lib	other
6e8e90	Unwind@006e8e90	lib	other
6e8e9b	Unwind@006e8e9b	lib	other
6e8ea6	Unwind@006e8ea6	lib	other
6e8eb1	Unwind@006e8eb1	lib	other
6e8ee0	Unwind@006e8ee0	lib	other
6e8f10	Unwind@006e8f10	lib	other
6e8f1b	Unwind@006e8f1b	lib	other
6e8f26	Unwind@006e8f26	lib	other
6e8f31	Unwind@006e8f31	lib	other
6e8f3c	Unwind@006e8f3c	lib	other
6e8f70	Unwind@006e8f70	lib	other
6e8fa0	Unwind@006e8fa0	lib	other
6e8fa8	Unwind@006e8fa8	lib	other
6e8fb3	Unwind@006e8fb3	lib	other
6e8fbb	Unwind@006e8fbb	lib	other
6e8fc6	Unwind@006e8fc6	lib	other
6e8fd1	Unwind@006e8fd1	lib	other
6e8fdc	Unwind@006e8fdc	lib	other
6e8fe4	Unwind@006e8fe4	lib	other
6e8fef	Unwind@006e8fef	lib	other
6e8ffa	Unwind@006e8ffa	lib	other
6e9030	Unwind@006e9030	lib	other
6e9070	Unwind@006e9070	lib	other
6e9140	Unwind@006e9140	lib	other
6e9170	Unwind@006e9170	lib	other
6e917b	Unwind@006e917b	lib	other
6e9186	Unwind@006e9186	lib	other
6e9191	Unwind@006e9191	lib	other
6e91d0	Unwind@006e91d0	lib	other
6e91f3	Unwind@006e91f3	lib	other
6e91ff	Unwind@006e91ff	lib	other
6e920b	Unwind@006e920b	lib	other
6e9216	Unwind@006e9216	lib	other
6e921e	Unwind@006e921e	lib	other
6e9226	Unwind@006e9226	lib	other
6e922e	Unwind@006e922e	lib	other
6e9236	Unwind@006e9236	lib	other
6e923e	Unwind@006e923e	lib	other
6e9246	Unwind@006e9246	lib	other
6e924e	Unwind@006e924e	lib	other
6e9256	Unwind@006e9256	lib	other
6e925e	Unwind@006e925e	lib	other
6e9266	Unwind@006e9266	lib	other
6e926e	Unwind@006e926e	lib	other
6e9276	Unwind@006e9276	lib	other
6e927e	Unwind@006e927e	lib	other
6e9286	Unwind@006e9286	lib	other
6e928e	Unwind@006e928e	lib	other
6e9296	Unwind@006e9296	lib	other
6e929e	Unwind@006e929e	lib	other
6e92a6	Unwind@006e92a6	lib	other
6e92ae	Unwind@006e92ae	lib	other
6e92b6	Unwind@006e92b6	lib	other
6e92be	Unwind@006e92be	lib	other
6e92c6	Unwind@006e92c6	lib	other
6e92d1	Unwind@006e92d1	lib	other
6e92d9	Unwind@006e92d9	lib	other
6e92e1	Unwind@006e92e1	lib	other
6e92ec	Unwind@006e92ec	lib	other
6e92f4	Unwind@006e92f4	lib	other
6e92ff	Unwind@006e92ff	lib	other
6e9307	Unwind@006e9307	lib	other
6e930f	Unwind@006e930f	lib	other
6e931a	Unwind@006e931a	lib	other
6e9322	Unwind@006e9322	lib	other
6e932d	Unwind@006e932d	lib	other
6e9335	Unwind@006e9335	lib	other
6e933d	Unwind@006e933d	lib	other
6e9348	Unwind@006e9348	lib	other
6e9350	Unwind@006e9350	lib	other
6e935b	Unwind@006e935b	lib	other
6e9363	Unwind@006e9363	lib	other
6e936b	Unwind@006e936b	lib	other
6e9376	Unwind@006e9376	lib	other
6e937e	Unwind@006e937e	lib	other
6e9389	Unwind@006e9389	lib	other
6e9394	Unwind@006e9394	lib	other
6e939c	Unwind@006e939c	lib	other
6e93a7	Unwind@006e93a7	lib	other
6e93b2	Unwind@006e93b2	lib	other
6e93bd	Unwind@006e93bd	lib	other
6e93f0	Unwind@006e93f0	lib	other
6e9401	Unwind@006e9401	lib	other
6e9430	Unwind@006e9430	lib	other
6e9441	Unwind@006e9441	lib	other
6e9449	Unwind@006e9449	lib	other
6e9470	Unwind@006e9470	lib	other
6e9481	Unwind@006e9481	lib	other
6e94b0	Unwind@006e94b0	lib	other
6e9500	Unwind@006e9500	lib	other
6e9630	Unwind@006e9630	lib	other
6e9660	Unwind@006e9660	lib	other
6e9690	Unwind@006e9690	lib	other
6e96c0	Unwind@006e96c0	lib	other
6e96ce	Unwind@006e96ce	lib	other
6e96dc	Unwind@006e96dc	lib	other
6e96ea	Unwind@006e96ea	lib	other
6e96f8	Unwind@006e96f8	lib	other
6e9706	Unwind@006e9706	lib	other
6e9714	Unwind@006e9714	lib	other
6e9722	Unwind@006e9722	lib	other
6e9730	Unwind@006e9730	lib	other
6e973e	Unwind@006e973e	lib	other
6e974c	Unwind@006e974c	lib	other
6e9757	Unwind@006e9757	lib	other
6e9762	Unwind@006e9762	lib	other
6e976a	Unwind@006e976a	lib	other
6e9775	Unwind@006e9775	lib	other
6e977d	Unwind@006e977d	lib	other
6e9785	Unwind@006e9785	lib	other
6e978d	Unwind@006e978d	lib	other
6e9798	Unwind@006e9798	lib	other
6e97a3	Unwind@006e97a3	lib	other
6e97ab	Unwind@006e97ab	lib	other
6e97b3	Unwind@006e97b3	lib	other
6e97d6	Unwind@006e97d6	lib	other
6e97e2	Unwind@006e97e2	lib	other
6e97ee	Unwind@006e97ee	lib	other
6e97f9	Unwind@006e97f9	lib	other
6e9801	Unwind@006e9801	lib	other
6e980f	Unwind@006e980f	lib	other
6e9817	Unwind@006e9817	lib	other
6e9822	Unwind@006e9822	lib	other
6e9830	Unwind@006e9830	lib	other
6e9870	Unwind@006e9870	lib	other
6e98a0	Unwind@006e98a0	lib	other
6e98ab	Unwind@006e98ab	lib	other
6e98b6	Unwind@006e98b6	lib	other
6e98c1	Unwind@006e98c1	lib	other
6e98cc	Unwind@006e98cc	lib	other
6e98d7	Unwind@006e98d7	lib	other
6e98e2	Unwind@006e98e2	lib	other
6e98ed	Unwind@006e98ed	lib	other
6e98f8	Unwind@006e98f8	lib	other
6e9903	Unwind@006e9903	lib	other
6e9930	Unwind@006e9930	lib	other
6e9938	Unwind@006e9938	lib	other
6e9970	Unwind@006e9970	lib	other
6e9978	Unwind@006e9978	lib	other
6e9980	Unwind@006e9980	lib	other
6e9988	Unwind@006e9988	lib	other
6e9990	Unwind@006e9990	lib	other
6e99c0	Unwind@006e99c0	lib	other
6e99c8	Unwind@006e99c8	lib	other
6e9a00	Unwind@006e9a00	lib	other
6e9a08	Unwind@006e9a08	lib	other
6e9a10	Unwind@006e9a10	lib	other
6e9a18	Unwind@006e9a18	lib	other
6e9a50	Unwind@006e9a50	lib	other
6e9a80	Unwind@006e9a80	lib	other
6e9ab0	Unwind@006e9ab0	lib	other
6e9ae0	Unwind@006e9ae0	lib	other
6e9b20	Unwind@006e9b20	lib	other
6e9b28	Unwind@006e9b28	lib	other
6e9b30	Unwind@006e9b30	lib	other
6e9b60	Unwind@006e9b60	lib	other
6e9b68	Unwind@006e9b68	lib	other
6e9b70	Unwind@006e9b70	lib	other
6e9b78	Unwind@006e9b78	lib	other
6e9b80	Unwind@006e9b80	lib	other
6e9b88	Unwind@006e9b88	lib	other
6e9b90	Unwind@006e9b90	lib	other
6e9b98	Unwind@006e9b98	lib	other
6e9ba0	Unwind@006e9ba0	lib	other
6e9ba8	Unwind@006e9ba8	lib	other
6e9bb0	Unwind@006e9bb0	lib	other
6e9bb8	Unwind@006e9bb8	lib	other
6e9bc0	Unwind@006e9bc0	lib	other
6e9bcb	Unwind@006e9bcb	lib	other
6e9bd6	Unwind@006e9bd6	lib	other
6e9bde	Unwind@006e9bde	lib	other
6e9be6	Unwind@006e9be6	lib	other
6e9bee	Unwind@006e9bee	lib	other
6e9c11	Unwind@006e9c11	lib	other
6e9c1d	Unwind@006e9c1d	lib	other
6e9c29	Unwind@006e9c29	lib	other
6e9c34	Unwind@006e9c34	lib	other
6e9c70	Unwind@006e9c70	lib	other
6e9c78	Unwind@006e9c78	lib	other
6e9c80	Unwind@006e9c80	lib	other
6e9c88	Unwind@006e9c88	lib	other
6e9cc0	Unwind@006e9cc0	lib	other
6e9cc8	Unwind@006e9cc8	lib	other
6e9cd0	Unwind@006e9cd0	lib	other
6e9cd8	Unwind@006e9cd8	lib	other
6e9d10	Unwind@006e9d10	lib	other
6e9d18	Unwind@006e9d18	lib	other
6e9d35	Unwind@006e9d35	lib	other
6e9d41	Unwind@006e9d41	lib	other
6e9d4a	Unwind@006e9d4a	lib	other
6e9d55	Unwind@006e9d55	lib	other
6e9d5d	Unwind@006e9d5d	lib	other
6e9d65	Unwind@006e9d65	lib	other
6e9da0	Unwind@006e9da0	lib	other
6e9da8	Unwind@006e9da8	lib	other
6e9db0	Unwind@006e9db0	lib	other
6e9db8	Unwind@006e9db8	lib	other
6e9dc0	Unwind@006e9dc0	lib	other
6e9df0	Unwind@006e9df0	lib	other
6e9dfb	Unwind@006e9dfb	lib	other
6e9e06	Unwind@006e9e06	lib	other
6e9e17	Unwind@006e9e17	lib	other
6e9e28	Unwind@006e9e28	lib	other
6e9e70	Unwind@006e9e70	lib	other
6e9ea0	Unwind@006e9ea0	lib	other
6e9ed0	Unwind@006e9ed0	lib	other
6e9f10	Unwind@006e9f10	lib	other
6e9f26	Unwind@006e9f26	lib	other
6e9f50	Unwind@006e9f50	lib	other
6e9f58	Unwind@006e9f58	lib	other
6e9f60	Unwind@006e9f60	lib	other
6e9f6b	Unwind@006e9f6b	lib	other
6e9fa0	Unwind@006e9fa0	lib	other
6e9fab	Unwind@006e9fab	lib	other
6e9fe0	Unwind@006e9fe0	lib	other
6ea050	Unwind@006ea050	lib	other
6ea080	Unwind@006ea080	lib	other
6ea08e	Unwind@006ea08e	lib	other
6ea096	Unwind@006ea096	lib	other
6ea0a4	Unwind@006ea0a4	lib	other
6ea0af	Unwind@006ea0af	lib	other
6ea0ba	Unwind@006ea0ba	lib	other
6ea0c5	Unwind@006ea0c5	lib	other
6ea0d0	Unwind@006ea0d0	lib	other
6ea0db	Unwind@006ea0db	lib	other
6ea0e6	Unwind@006ea0e6	lib	other
6ea0f1	Unwind@006ea0f1	lib	other
6ea0fc	Unwind@006ea0fc	lib	other
6ea107	Unwind@006ea107	lib	other
6ea112	Unwind@006ea112	lib	other
6ea11d	Unwind@006ea11d	lib	other
6ea128	Unwind@006ea128	lib	other
6ea133	Unwind@006ea133	lib	other
6ea13e	Unwind@006ea13e	lib	other
6ea149	Unwind@006ea149	lib	other
6ea154	Unwind@006ea154	lib	other
6ea15f	Unwind@006ea15f	lib	other
6ea16a	Unwind@006ea16a	lib	other
6ea175	Unwind@006ea175	lib	other
6ea180	Unwind@006ea180	lib	other
6ea18b	Unwind@006ea18b	lib	other
6ea196	Unwind@006ea196	lib	other
6ea1a1	Unwind@006ea1a1	lib	other
6ea1ac	Unwind@006ea1ac	lib	other
6ea1b7	Unwind@006ea1b7	lib	other
6ea1c2	Unwind@006ea1c2	lib	other
6ea1cd	Unwind@006ea1cd	lib	other
6ea1d8	Unwind@006ea1d8	lib	other
6ea1e3	Unwind@006ea1e3	lib	other
6ea1ee	Unwind@006ea1ee	lib	other
6ea1f9	Unwind@006ea1f9	lib	other
6ea204	Unwind@006ea204	lib	other
6ea20f	Unwind@006ea20f	lib	other
6ea21a	Unwind@006ea21a	lib	other
6ea225	Unwind@006ea225	lib	other
6ea230	Unwind@006ea230	lib	other
6ea23b	Unwind@006ea23b	lib	other
6ea246	Unwind@006ea246	lib	other
6ea251	Unwind@006ea251	lib	other
6ea25c	Unwind@006ea25c	lib	other
6ea267	Unwind@006ea267	lib	other
6ea272	Unwind@006ea272	lib	other
6ea27d	Unwind@006ea27d	lib	other
6ea288	Unwind@006ea288	lib	other
6ea293	Unwind@006ea293	lib	other
6ea29e	Unwind@006ea29e	lib	other
6ea2a9	Unwind@006ea2a9	lib	other
6ea2b4	Unwind@006ea2b4	lib	other
6ea2bf	Unwind@006ea2bf	lib	other
6ea2ca	Unwind@006ea2ca	lib	other
6ea2d5	Unwind@006ea2d5	lib	other
6ea2e0	Unwind@006ea2e0	lib	other
6ea2eb	Unwind@006ea2eb	lib	other
6ea2f6	Unwind@006ea2f6	lib	other
6ea301	Unwind@006ea301	lib	other
6ea30c	Unwind@006ea30c	lib	other
6ea317	Unwind@006ea317	lib	other
6ea322	Unwind@006ea322	lib	other
6ea32d	Unwind@006ea32d	lib	other
6ea338	Unwind@006ea338	lib	other
6ea343	Unwind@006ea343	lib	other
6ea34e	Unwind@006ea34e	lib	other
6ea359	Unwind@006ea359	lib	other
6ea364	Unwind@006ea364	lib	other
6ea36f	Unwind@006ea36f	lib	other
6ea37a	Unwind@006ea37a	lib	other
6ea385	Unwind@006ea385	lib	other
6ea390	Unwind@006ea390	lib	other
6ea39b	Unwind@006ea39b	lib	other
6ea3a6	Unwind@006ea3a6	lib	other
6ea3b1	Unwind@006ea3b1	lib	other
6ea3bc	Unwind@006ea3bc	lib	other
6ea3c7	Unwind@006ea3c7	lib	other
6ea3d2	Unwind@006ea3d2	lib	other
6ea3dd	Unwind@006ea3dd	lib	other
6ea3e8	Unwind@006ea3e8	lib	other
6ea3f3	Unwind@006ea3f3	lib	other
6ea3fe	Unwind@006ea3fe	lib	other
6ea409	Unwind@006ea409	lib	other
6ea414	Unwind@006ea414	lib	other
6ea41f	Unwind@006ea41f	lib	other
6ea42a	Unwind@006ea42a	lib	other
6ea435	Unwind@006ea435	lib	other
6ea440	Unwind@006ea440	lib	other
6ea44b	Unwind@006ea44b	lib	other
6ea456	Unwind@006ea456	lib	other
6ea461	Unwind@006ea461	lib	other
6ea46c	Unwind@006ea46c	lib	other
6ea477	Unwind@006ea477	lib	other
6ea482	Unwind@006ea482	lib	other
6ea48d	Unwind@006ea48d	lib	other
6ea498	Unwind@006ea498	lib	other
6ea4a3	Unwind@006ea4a3	lib	other
6ea4ae	Unwind@006ea4ae	lib	other
6ea4b9	Unwind@006ea4b9	lib	other
6ea4c4	Unwind@006ea4c4	lib	other
6ea4cf	Unwind@006ea4cf	lib	other
6ea4da	Unwind@006ea4da	lib	other
6ea4e5	Unwind@006ea4e5	lib	other
6ea4f0	Unwind@006ea4f0	lib	other
6ea4fb	Unwind@006ea4fb	lib	other
6ea506	Unwind@006ea506	lib	other
6ea511	Unwind@006ea511	lib	other
6ea51c	Unwind@006ea51c	lib	other
6ea527	Unwind@006ea527	lib	other
6ea532	Unwind@006ea532	lib	other
6ea53d	Unwind@006ea53d	lib	other
6ea548	Unwind@006ea548	lib	other
6ea553	Unwind@006ea553	lib	other
6ea55e	Unwind@006ea55e	lib	other
6ea569	Unwind@006ea569	lib	other
6ea574	Unwind@006ea574	lib	other
6ea57f	Unwind@006ea57f	lib	other
6ea58a	Unwind@006ea58a	lib	other
6ea595	Unwind@006ea595	lib	other
6ea5a0	Unwind@006ea5a0	lib	other
6ea5ab	Unwind@006ea5ab	lib	other
6ea5b6	Unwind@006ea5b6	lib	other
6ea5c1	Unwind@006ea5c1	lib	other
6ea5cc	Unwind@006ea5cc	lib	other
6ea5d7	Unwind@006ea5d7	lib	other
6ea5e2	Unwind@006ea5e2	lib	other
6ea5ed	Unwind@006ea5ed	lib	other
6ea5f8	Unwind@006ea5f8	lib	other
6ea603	Unwind@006ea603	lib	other
6ea60e	Unwind@006ea60e	lib	other
6ea619	Unwind@006ea619	lib	other
6ea624	Unwind@006ea624	lib	other
6ea62f	Unwind@006ea62f	lib	other
6ea63a	Unwind@006ea63a	lib	other
6ea645	Unwind@006ea645	lib	other
6ea650	Unwind@006ea650	lib	other
6ea65b	Unwind@006ea65b	lib	other
6ea666	Unwind@006ea666	lib	other
6ea671	Unwind@006ea671	lib	other
6ea67c	Unwind@006ea67c	lib	other
6ea687	Unwind@006ea687	lib	other
6ea692	Unwind@006ea692	lib	other
6ea69d	Unwind@006ea69d	lib	other
6ea6a8	Unwind@006ea6a8	lib	other
6ea6b3	Unwind@006ea6b3	lib	other
6ea6be	Unwind@006ea6be	lib	other
6ea6c9	Unwind@006ea6c9	lib	other
6ea6d4	Unwind@006ea6d4	lib	other
6ea6df	Unwind@006ea6df	lib	other
6ea6ea	Unwind@006ea6ea	lib	other
6ea6f5	Unwind@006ea6f5	lib	other
6ea700	Unwind@006ea700	lib	other
6ea70b	Unwind@006ea70b	lib	other
6ea716	Unwind@006ea716	lib	other
6ea721	Unwind@006ea721	lib	other
6ea72c	Unwind@006ea72c	lib	other
6ea737	Unwind@006ea737	lib	other
6ea742	Unwind@006ea742	lib	other
6ea74d	Unwind@006ea74d	lib	other
6ea758	Unwind@006ea758	lib	other
6ea763	Unwind@006ea763	lib	other
6ea76e	Unwind@006ea76e	lib	other
6ea779	Unwind@006ea779	lib	other
6ea784	Unwind@006ea784	lib	other
6ea78f	Unwind@006ea78f	lib	other
6ea79a	Unwind@006ea79a	lib	other
6ea7a5	Unwind@006ea7a5	lib	other
6ea7b0	Unwind@006ea7b0	lib	other
6ea7bb	Unwind@006ea7bb	lib	other
6ea7c6	Unwind@006ea7c6	lib	other
6ea7d1	Unwind@006ea7d1	lib	other
6ea7dc	Unwind@006ea7dc	lib	other
6ea7e7	Unwind@006ea7e7	lib	other
6ea7f2	Unwind@006ea7f2	lib	other
6ea7fd	Unwind@006ea7fd	lib	other
6ea808	Unwind@006ea808	lib	other
6ea813	Unwind@006ea813	lib	other
6ea81e	Unwind@006ea81e	lib	other
6ea829	Unwind@006ea829	lib	other
6ea834	Unwind@006ea834	lib	other
6ea83f	Unwind@006ea83f	lib	other
6ea84a	Unwind@006ea84a	lib	other
6ea855	Unwind@006ea855	lib	other
6ea860	Unwind@006ea860	lib	other
6ea86b	Unwind@006ea86b	lib	other
6ea876	Unwind@006ea876	lib	other
6ea881	Unwind@006ea881	lib	other
6ea88c	Unwind@006ea88c	lib	other
6ea897	Unwind@006ea897	lib	other
6ea8a2	Unwind@006ea8a2	lib	other
6ea8ad	Unwind@006ea8ad	lib	other
6ea8b8	Unwind@006ea8b8	lib	other
6ea8c3	Unwind@006ea8c3	lib	other
6ea8ce	Unwind@006ea8ce	lib	other
6ea8d9	Unwind@006ea8d9	lib	other
6ea8e4	Unwind@006ea8e4	lib	other
6ea8ef	Unwind@006ea8ef	lib	other
6ea8fa	Unwind@006ea8fa	lib	other
6ea905	Unwind@006ea905	lib	other
6ea910	Unwind@006ea910	lib	other
6ea91b	Unwind@006ea91b	lib	other
6ea926	Unwind@006ea926	lib	other
6ea931	Unwind@006ea931	lib	other
6ea93c	Unwind@006ea93c	lib	other
6ea947	Unwind@006ea947	lib	other
6ea952	Unwind@006ea952	lib	other
6ea95d	Unwind@006ea95d	lib	other
6ea968	Unwind@006ea968	lib	other
6ea973	Unwind@006ea973	lib	other
6ea97e	Unwind@006ea97e	lib	other
6ea989	Unwind@006ea989	lib	other
6ea994	Unwind@006ea994	lib	other
6ea99f	Unwind@006ea99f	lib	other
6ea9aa	Unwind@006ea9aa	lib	other
6ea9b5	Unwind@006ea9b5	lib	other
6ea9c0	Unwind@006ea9c0	lib	other
6ea9cb	Unwind@006ea9cb	lib	other
6ea9d6	Unwind@006ea9d6	lib	other
6ea9e1	Unwind@006ea9e1	lib	other
6ea9ec	Unwind@006ea9ec	lib	other
6ea9f7	Unwind@006ea9f7	lib	other
6eaa02	Unwind@006eaa02	lib	other
6eaa0d	Unwind@006eaa0d	lib	other
6eaa18	Unwind@006eaa18	lib	other
6eaa23	Unwind@006eaa23	lib	other
6eaa2e	Unwind@006eaa2e	lib	other
6eaa39	Unwind@006eaa39	lib	other
6eaa44	Unwind@006eaa44	lib	other
6eaa4f	Unwind@006eaa4f	lib	other
6eaa5a	Unwind@006eaa5a	lib	other
6eaa65	Unwind@006eaa65	lib	other
6eaa70	Unwind@006eaa70	lib	other
6eaa7b	Unwind@006eaa7b	lib	other
6eaa86	Unwind@006eaa86	lib	other
6eaa91	Unwind@006eaa91	lib	other
6eaa9c	Unwind@006eaa9c	lib	other
6eaaa7	Unwind@006eaaa7	lib	other
6eaab2	Unwind@006eaab2	lib	other
6eaabd	Unwind@006eaabd	lib	other
6eaac8	Unwind@006eaac8	lib	other
6eaad3	Unwind@006eaad3	lib	other
6eaade	Unwind@006eaade	lib	other
6eaae9	Unwind@006eaae9	lib	other
6eaaf4	Unwind@006eaaf4	lib	other
6eaaff	Unwind@006eaaff	lib	other
6eab0a	Unwind@006eab0a	lib	other
6eab15	Unwind@006eab15	lib	other
6eab20	Unwind@006eab20	lib	other
6eab2b	Unwind@006eab2b	lib	other
6eab36	Unwind@006eab36	lib	other
6eab41	Unwind@006eab41	lib	other
6eab4c	Unwind@006eab4c	lib	other
6eab57	Unwind@006eab57	lib	other
6eab62	Unwind@006eab62	lib	other
6eab6d	Unwind@006eab6d	lib	other
6eab78	Unwind@006eab78	lib	other
6eab83	Unwind@006eab83	lib	other
6eab8e	Unwind@006eab8e	lib	other
6eab99	Unwind@006eab99	lib	other
6eaba4	Unwind@006eaba4	lib	other
6eabaf	Unwind@006eabaf	lib	other
6eabba	Unwind@006eabba	lib	other
6eabc5	Unwind@006eabc5	lib	other
6eabd0	Unwind@006eabd0	lib	other
6eabdb	Unwind@006eabdb	lib	other
6eabe6	Unwind@006eabe6	lib	other
6eabf1	Unwind@006eabf1	lib	other
6eabfc	Unwind@006eabfc	lib	other
6eac07	Unwind@006eac07	lib	other
6eac12	Unwind@006eac12	lib	other
6eac1d	Unwind@006eac1d	lib	other
6eac28	Unwind@006eac28	lib	other
6eac33	Unwind@006eac33	lib	other
6eac3e	Unwind@006eac3e	lib	other
6eac49	Unwind@006eac49	lib	other
6eac54	Unwind@006eac54	lib	other
6eac5f	Unwind@006eac5f	lib	other
6eac6a	Unwind@006eac6a	lib	other
6eac75	Unwind@006eac75	lib	other
6eac80	Unwind@006eac80	lib	other
6eac8b	Unwind@006eac8b	lib	other
6eac96	Unwind@006eac96	lib	other
6eaca1	Unwind@006eaca1	lib	other
6eacac	Unwind@006eacac	lib	other
6eacb7	Unwind@006eacb7	lib	other
6eacc2	Unwind@006eacc2	lib	other
6eaccd	Unwind@006eaccd	lib	other
6eacd8	Unwind@006eacd8	lib	other
6eace3	Unwind@006eace3	lib	other
6eacee	Unwind@006eacee	lib	other
6eacf9	Unwind@006eacf9	lib	other
6ead04	Unwind@006ead04	lib	other
6ead0f	Unwind@006ead0f	lib	other
6ead1a	Unwind@006ead1a	lib	other
6ead25	Unwind@006ead25	lib	other
6ead30	Unwind@006ead30	lib	other
6ead3b	Unwind@006ead3b	lib	other
6ead46	Unwind@006ead46	lib	other
6ead51	Unwind@006ead51	lib	other
6ead5c	Unwind@006ead5c	lib	other
6ead67	Unwind@006ead67	lib	other
6ead72	Unwind@006ead72	lib	other
6ead7d	Unwind@006ead7d	lib	other
6ead88	Unwind@006ead88	lib	other
6ead93	Unwind@006ead93	lib	other
6ead9e	Unwind@006ead9e	lib	other
6eada9	Unwind@006eada9	lib	other
6eadb4	Unwind@006eadb4	lib	other
6eadbf	Unwind@006eadbf	lib	other
6eadca	Unwind@006eadca	lib	other
6eadd5	Unwind@006eadd5	lib	other
6eade0	Unwind@006eade0	lib	other
6eadeb	Unwind@006eadeb	lib	other
6eadf6	Unwind@006eadf6	lib	other
6eae01	Unwind@006eae01	lib	other
6eae0c	Unwind@006eae0c	lib	other
6eae17	Unwind@006eae17	lib	other
6eae22	Unwind@006eae22	lib	other
6eae2d	Unwind@006eae2d	lib	other
6eae38	Unwind@006eae38	lib	other
6eae43	Unwind@006eae43	lib	other
6eae4e	Unwind@006eae4e	lib	other
6eae59	Unwind@006eae59	lib	other
6eae64	Unwind@006eae64	lib	other
6eae6f	Unwind@006eae6f	lib	other
6eae7a	Unwind@006eae7a	lib	other
6eae85	Unwind@006eae85	lib	other
6eae90	Unwind@006eae90	lib	other
6eae9b	Unwind@006eae9b	lib	other
6eaea6	Unwind@006eaea6	lib	other
6eaeb1	Unwind@006eaeb1	lib	other
6eaebc	Unwind@006eaebc	lib	other
6eaec7	Unwind@006eaec7	lib	other
6eaed2	Unwind@006eaed2	lib	other
6eaedd	Unwind@006eaedd	lib	other
6eaee8	Unwind@006eaee8	lib	other
6eaef3	Unwind@006eaef3	lib	other
6eaefe	Unwind@006eaefe	lib	other
6eaf09	Unwind@006eaf09	lib	other
6eaf14	Unwind@006eaf14	lib	other
6eaf1f	Unwind@006eaf1f	lib	other
6eaf2a	Unwind@006eaf2a	lib	other
6eaf35	Unwind@006eaf35	lib	other
6eaf40	Unwind@006eaf40	lib	other
6eaf4b	Unwind@006eaf4b	lib	other
6eaf56	Unwind@006eaf56	lib	other
6eaf61	Unwind@006eaf61	lib	other
6eaf6c	Unwind@006eaf6c	lib	other
6eaf77	Unwind@006eaf77	lib	other
6eaf82	Unwind@006eaf82	lib	other
6eaf8d	Unwind@006eaf8d	lib	other
6eaf98	Unwind@006eaf98	lib	other
6eafa3	Unwind@006eafa3	lib	other
6eafae	Unwind@006eafae	lib	other
6eafb9	Unwind@006eafb9	lib	other
6eafc4	Unwind@006eafc4	lib	other
6eafcf	Unwind@006eafcf	lib	other
6eafda	Unwind@006eafda	lib	other
6eafe5	Unwind@006eafe5	lib	other
6eaff0	Unwind@006eaff0	lib	other
6eaffb	Unwind@006eaffb	lib	other
6eb006	Unwind@006eb006	lib	other
6eb011	Unwind@006eb011	lib	other
6eb01c	Unwind@006eb01c	lib	other
6eb027	Unwind@006eb027	lib	other
6eb032	Unwind@006eb032	lib	other
6eb03d	Unwind@006eb03d	lib	other
6eb048	Unwind@006eb048	lib	other
6eb053	Unwind@006eb053	lib	other
6eb05e	Unwind@006eb05e	lib	other
6eb069	Unwind@006eb069	lib	other
6eb074	Unwind@006eb074	lib	other
6eb07f	Unwind@006eb07f	lib	other
6eb08a	Unwind@006eb08a	lib	other
6eb095	Unwind@006eb095	lib	other
6eb0a0	Unwind@006eb0a0	lib	other
6eb0ab	Unwind@006eb0ab	lib	other
6eb0b6	Unwind@006eb0b6	lib	other
6eb0c1	Unwind@006eb0c1	lib	other
6eb0cc	Unwind@006eb0cc	lib	other
6eb0d7	Unwind@006eb0d7	lib	other
6eb0e2	Unwind@006eb0e2	lib	other
6eb0ed	Unwind@006eb0ed	lib	other
6eb0f8	Unwind@006eb0f8	lib	other
6eb103	Unwind@006eb103	lib	other
6eb10e	Unwind@006eb10e	lib	other
6eb119	Unwind@006eb119	lib	other
6eb124	Unwind@006eb124	lib	other
6eb12f	Unwind@006eb12f	lib	other
6eb13a	Unwind@006eb13a	lib	other
6eb145	Unwind@006eb145	lib	other
6eb150	Unwind@006eb150	lib	other
6eb15b	Unwind@006eb15b	lib	other
6eb166	Unwind@006eb166	lib	other
6eb171	Unwind@006eb171	lib	other
6eb17c	Unwind@006eb17c	lib	other
6eb187	Unwind@006eb187	lib	other
6eb192	Unwind@006eb192	lib	other
6eb19d	Unwind@006eb19d	lib	other
6eb1a8	Unwind@006eb1a8	lib	other
6eb1b3	Unwind@006eb1b3	lib	other
6eb1be	Unwind@006eb1be	lib	other
6eb1c9	Unwind@006eb1c9	lib	other
6eb1d4	Unwind@006eb1d4	lib	other
6eb1df	Unwind@006eb1df	lib	other
6eb1ea	Unwind@006eb1ea	lib	other
6eb1f5	Unwind@006eb1f5	lib	other
6eb200	Unwind@006eb200	lib	other
6eb20b	Unwind@006eb20b	lib	other
6eb216	Unwind@006eb216	lib	other
6eb221	Unwind@006eb221	lib	other
6eb22c	Unwind@006eb22c	lib	other
6eb237	Unwind@006eb237	lib	other
6eb242	Unwind@006eb242	lib	other
6eb24d	Unwind@006eb24d	lib	other
6eb258	Unwind@006eb258	lib	other
6eb263	Unwind@006eb263	lib	other
6eb26e	Unwind@006eb26e	lib	other
6eb279	Unwind@006eb279	lib	other
6eb284	Unwind@006eb284	lib	other
6eb28f	Unwind@006eb28f	lib	other
6eb29a	Unwind@006eb29a	lib	other
6eb2a5	Unwind@006eb2a5	lib	other
6eb2b0	Unwind@006eb2b0	lib	other
6eb2bb	Unwind@006eb2bb	lib	other
6eb2c6	Unwind@006eb2c6	lib	other
6eb2d1	Unwind@006eb2d1	lib	other
6eb2dc	Unwind@006eb2dc	lib	other
6eb2e7	Unwind@006eb2e7	lib	other
6eb2f2	Unwind@006eb2f2	lib	other
6eb2fd	Unwind@006eb2fd	lib	other
6eb308	Unwind@006eb308	lib	other
6eb313	Unwind@006eb313	lib	other
6eb31e	Unwind@006eb31e	lib	other
6eb329	Unwind@006eb329	lib	other
6eb334	Unwind@006eb334	lib	other
6eb33f	Unwind@006eb33f	lib	other
6eb34a	Unwind@006eb34a	lib	other
6eb355	Unwind@006eb355	lib	other
6eb360	Unwind@006eb360	lib	other
6eb36b	Unwind@006eb36b	lib	other
6eb376	Unwind@006eb376	lib	other
6eb381	Unwind@006eb381	lib	other
6eb38c	Unwind@006eb38c	lib	other
6eb397	Unwind@006eb397	lib	other
6eb3a2	Unwind@006eb3a2	lib	other
6eb3ad	Unwind@006eb3ad	lib	other
6eb3b8	Unwind@006eb3b8	lib	other
6eb3c3	Unwind@006eb3c3	lib	other
6eb3ce	Unwind@006eb3ce	lib	other
6eb3d9	Unwind@006eb3d9	lib	other
6eb3e4	Unwind@006eb3e4	lib	other
6eb3ef	Unwind@006eb3ef	lib	other
6eb3fa	Unwind@006eb3fa	lib	other
6eb405	Unwind@006eb405	lib	other
6eb410	Unwind@006eb410	lib	other
6eb41b	Unwind@006eb41b	lib	other
6eb426	Unwind@006eb426	lib	other
6eb431	Unwind@006eb431	lib	other
6eb43c	Unwind@006eb43c	lib	other
6eb447	Unwind@006eb447	lib	other
6eb452	Unwind@006eb452	lib	other
6eb45d	Unwind@006eb45d	lib	other
6eb468	Unwind@006eb468	lib	other
6eb473	Unwind@006eb473	lib	other
6eb47e	Unwind@006eb47e	lib	other
6eb489	Unwind@006eb489	lib	other
6eb494	Unwind@006eb494	lib	other
6eb49f	Unwind@006eb49f	lib	other
6eb4aa	Unwind@006eb4aa	lib	other
6eb4b5	Unwind@006eb4b5	lib	other
6eb4c0	Unwind@006eb4c0	lib	other
6eb4cb	Unwind@006eb4cb	lib	other
6eb4d6	Unwind@006eb4d6	lib	other
6eb4e1	Unwind@006eb4e1	lib	other
6eb4ec	Unwind@006eb4ec	lib	other
6eb4f7	Unwind@006eb4f7	lib	other
6eb502	Unwind@006eb502	lib	other
6eb50d	Unwind@006eb50d	lib	other
6eb518	Unwind@006eb518	lib	other
6eb523	Unwind@006eb523	lib	other
6eb52e	Unwind@006eb52e	lib	other
6eb539	Unwind@006eb539	lib	other
6eb544	Unwind@006eb544	lib	other
6eb54f	Unwind@006eb54f	lib	other
6eb55a	Unwind@006eb55a	lib	other
6eb565	Unwind@006eb565	lib	other
6eb570	Unwind@006eb570	lib	other
6eb57b	Unwind@006eb57b	lib	other
6eb586	Unwind@006eb586	lib	other
6eb591	Unwind@006eb591	lib	other
6eb59c	Unwind@006eb59c	lib	other
6eb5a7	Unwind@006eb5a7	lib	other
6eb5b2	Unwind@006eb5b2	lib	other
6eb5bd	Unwind@006eb5bd	lib	other
6eb5c8	Unwind@006eb5c8	lib	other
6eb5d3	Unwind@006eb5d3	lib	other
6eb5de	Unwind@006eb5de	lib	other
6eb5e9	Unwind@006eb5e9	lib	other
6eb5f4	Unwind@006eb5f4	lib	other
6eb5ff	Unwind@006eb5ff	lib	other
6eb60a	Unwind@006eb60a	lib	other
6eb615	Unwind@006eb615	lib	other
6eb620	Unwind@006eb620	lib	other
6eb62b	Unwind@006eb62b	lib	other
6eb636	Unwind@006eb636	lib	other
6eb641	Unwind@006eb641	lib	other
6eb64c	Unwind@006eb64c	lib	other
6eb657	Unwind@006eb657	lib	other
6eb662	Unwind@006eb662	lib	other
6eb66d	Unwind@006eb66d	lib	other
6eb678	Unwind@006eb678	lib	other
6eb683	Unwind@006eb683	lib	other
6eb68e	Unwind@006eb68e	lib	other
6eb699	Unwind@006eb699	lib	other
6eb6a4	Unwind@006eb6a4	lib	other
6eb6af	Unwind@006eb6af	lib	other
6eb6ba	Unwind@006eb6ba	lib	other
6eb6c5	Unwind@006eb6c5	lib	other
6eb6d0	Unwind@006eb6d0	lib	other
6eb6db	Unwind@006eb6db	lib	other
6eb6e6	Unwind@006eb6e6	lib	other
6eb6f1	Unwind@006eb6f1	lib	other
6eb6fc	Unwind@006eb6fc	lib	other
6eb707	Unwind@006eb707	lib	other
6eb712	Unwind@006eb712	lib	other
6eb71d	Unwind@006eb71d	lib	other
6eb728	Unwind@006eb728	lib	other
6eb733	Unwind@006eb733	lib	other
6eb73e	Unwind@006eb73e	lib	other
6eb749	Unwind@006eb749	lib	other
6eb754	Unwind@006eb754	lib	other
6eb75f	Unwind@006eb75f	lib	other
6eb76a	Unwind@006eb76a	lib	other
6eb775	Unwind@006eb775	lib	other
6eb780	Unwind@006eb780	lib	other
6eb78b	Unwind@006eb78b	lib	other
6eb796	Unwind@006eb796	lib	other
6eb7a1	Unwind@006eb7a1	lib	other
6eb7ac	Unwind@006eb7ac	lib	other
6eb7b7	Unwind@006eb7b7	lib	other
6eb7c2	Unwind@006eb7c2	lib	other
6eb7cd	Unwind@006eb7cd	lib	other
6eb7d8	Unwind@006eb7d8	lib	other
6eb7e3	Unwind@006eb7e3	lib	other
6eb7ee	Unwind@006eb7ee	lib	other
6eb7f9	Unwind@006eb7f9	lib	other
6eb804	Unwind@006eb804	lib	other
6eb80f	Unwind@006eb80f	lib	other
6eb81a	Unwind@006eb81a	lib	other
6eb825	Unwind@006eb825	lib	other
6eb830	Unwind@006eb830	lib	other
6eb83b	Unwind@006eb83b	lib	other
6eb846	Unwind@006eb846	lib	other
6eb851	Unwind@006eb851	lib	other
6eb85c	Unwind@006eb85c	lib	other
6eb867	Unwind@006eb867	lib	other
6eb872	Unwind@006eb872	lib	other
6eb87d	Unwind@006eb87d	lib	other
6eb888	Unwind@006eb888	lib	other
6eb893	Unwind@006eb893	lib	other
6eb89e	Unwind@006eb89e	lib	other
6eb8a9	Unwind@006eb8a9	lib	other
6eb8b4	Unwind@006eb8b4	lib	other
6eb8bf	Unwind@006eb8bf	lib	other
6eb8ca	Unwind@006eb8ca	lib	other
6eb8d5	Unwind@006eb8d5	lib	other
6eb8e0	Unwind@006eb8e0	lib	other
6eb8eb	Unwind@006eb8eb	lib	other
6eb8f6	Unwind@006eb8f6	lib	other
6eb901	Unwind@006eb901	lib	other
6eb90c	Unwind@006eb90c	lib	other
6eb917	Unwind@006eb917	lib	other
6eb922	Unwind@006eb922	lib	other
6eb92d	Unwind@006eb92d	lib	other
6eb938	Unwind@006eb938	lib	other
6eb943	Unwind@006eb943	lib	other
6eb94e	Unwind@006eb94e	lib	other
6eb959	Unwind@006eb959	lib	other
6eb964	Unwind@006eb964	lib	other
6eb96f	Unwind@006eb96f	lib	other
6eb97a	Unwind@006eb97a	lib	other
6eb985	Unwind@006eb985	lib	other
6eb990	Unwind@006eb990	lib	other
6eb99b	Unwind@006eb99b	lib	other
6eb9a6	Unwind@006eb9a6	lib	other
6eb9b1	Unwind@006eb9b1	lib	other
6eb9bc	Unwind@006eb9bc	lib	other
6eb9c7	Unwind@006eb9c7	lib	other
6eb9d2	Unwind@006eb9d2	lib	other
6eb9dd	Unwind@006eb9dd	lib	other
6eb9e8	Unwind@006eb9e8	lib	other
6eb9f3	Unwind@006eb9f3	lib	other
6eb9fe	Unwind@006eb9fe	lib	other
6eba09	Unwind@006eba09	lib	other
6eba14	Unwind@006eba14	lib	other
6eba1f	Unwind@006eba1f	lib	other
6eba2a	Unwind@006eba2a	lib	other
6eba35	Unwind@006eba35	lib	other
6eba40	Unwind@006eba40	lib	other
6eba4b	Unwind@006eba4b	lib	other
6eba56	Unwind@006eba56	lib	other
6eba61	Unwind@006eba61	lib	other
6eba6c	Unwind@006eba6c	lib	other
6eba77	Unwind@006eba77	lib	other
6eba82	Unwind@006eba82	lib	other
6eba8d	Unwind@006eba8d	lib	other
6eba98	Unwind@006eba98	lib	other
6ebaa3	Unwind@006ebaa3	lib	other
6ebaae	Unwind@006ebaae	lib	other
6ebab9	Unwind@006ebab9	lib	other
6ebac4	Unwind@006ebac4	lib	other
6ebacf	Unwind@006ebacf	lib	other
6ebada	Unwind@006ebada	lib	other
6ebae5	Unwind@006ebae5	lib	other
6ebaf0	Unwind@006ebaf0	lib	other
6ebafb	Unwind@006ebafb	lib	other
6ebb06	Unwind@006ebb06	lib	other
6ebb11	Unwind@006ebb11	lib	other
6ebb1c	Unwind@006ebb1c	lib	other
6ebb27	Unwind@006ebb27	lib	other
6ebb32	Unwind@006ebb32	lib	other
6ebb3d	Unwind@006ebb3d	lib	other
6ebb48	Unwind@006ebb48	lib	other
6ebb53	Unwind@006ebb53	lib	other
6ebb5e	Unwind@006ebb5e	lib	other
6ebb69	Unwind@006ebb69	lib	other
6ebb74	Unwind@006ebb74	lib	other
6ebb7f	Unwind@006ebb7f	lib	other
6ebb8a	Unwind@006ebb8a	lib	other
6ebb95	Unwind@006ebb95	lib	other
6ebba0	Unwind@006ebba0	lib	other
6ebbab	Unwind@006ebbab	lib	other
6ebbb6	Unwind@006ebbb6	lib	other
6ebbc1	Unwind@006ebbc1	lib	other
6ebbcc	Unwind@006ebbcc	lib	other
6ebbd7	Unwind@006ebbd7	lib	other
6ebbe2	Unwind@006ebbe2	lib	other
6ebbed	Unwind@006ebbed	lib	other
6ebbf8	Unwind@006ebbf8	lib	other
6ebc03	Unwind@006ebc03	lib	other
6ebc0e	Unwind@006ebc0e	lib	other
6ebc19	Unwind@006ebc19	lib	other
6ebc24	Unwind@006ebc24	lib	other
6ebc2f	Unwind@006ebc2f	lib	other
6ebc3a	Unwind@006ebc3a	lib	other
6ebc45	Unwind@006ebc45	lib	other
6ebc50	Unwind@006ebc50	lib	other
6ebc5b	Unwind@006ebc5b	lib	other
6ebc66	Unwind@006ebc66	lib	other
6ebc71	Unwind@006ebc71	lib	other
6ebc7c	Unwind@006ebc7c	lib	other
6ebc87	Unwind@006ebc87	lib	other
6ebc92	Unwind@006ebc92	lib	other
6ebc9d	Unwind@006ebc9d	lib	other
6ebca8	Unwind@006ebca8	lib	other
6ebcb3	Unwind@006ebcb3	lib	other
6ebcbe	Unwind@006ebcbe	lib	other
6ebcc9	Unwind@006ebcc9	lib	other
6ebcd4	Unwind@006ebcd4	lib	other
6ebcdf	Unwind@006ebcdf	lib	other
6ebcea	Unwind@006ebcea	lib	other
6ebcf5	Unwind@006ebcf5	lib	other
6ebd00	Unwind@006ebd00	lib	other
6ebd0b	Unwind@006ebd0b	lib	other
6ebd16	Unwind@006ebd16	lib	other
6ebd21	Unwind@006ebd21	lib	other
6ebd2c	Unwind@006ebd2c	lib	other
6ebd37	Unwind@006ebd37	lib	other
6ebd42	Unwind@006ebd42	lib	other
6ebd4d	Unwind@006ebd4d	lib	other
6ebd58	Unwind@006ebd58	lib	other
6ebd63	Unwind@006ebd63	lib	other
6ebd6e	Unwind@006ebd6e	lib	other
6ebd79	Unwind@006ebd79	lib	other
6ebd84	Unwind@006ebd84	lib	other
6ebd8f	Unwind@006ebd8f	lib	other
6ebd9a	Unwind@006ebd9a	lib	other
6ebda5	Unwind@006ebda5	lib	other
6ebdb0	Unwind@006ebdb0	lib	other
6ebdbb	Unwind@006ebdbb	lib	other
6ebdc6	Unwind@006ebdc6	lib	other
6ebdd1	Unwind@006ebdd1	lib	other
6ebddc	Unwind@006ebddc	lib	other
6ebde7	Unwind@006ebde7	lib	other
6ebdf2	Unwind@006ebdf2	lib	other
6ebdfd	Unwind@006ebdfd	lib	other
6ebe08	Unwind@006ebe08	lib	other
6ebe13	Unwind@006ebe13	lib	other
6ebe1e	Unwind@006ebe1e	lib	other
6ebe29	Unwind@006ebe29	lib	other
6ebe34	Unwind@006ebe34	lib	other
6ebe3f	Unwind@006ebe3f	lib	other
6ebe4a	Unwind@006ebe4a	lib	other
6ebe55	Unwind@006ebe55	lib	other
6ebe60	Unwind@006ebe60	lib	other
6ebe6b	Unwind@006ebe6b	lib	other
6ebe76	Unwind@006ebe76	lib	other
6ebe81	Unwind@006ebe81	lib	other
6ebe8c	Unwind@006ebe8c	lib	other
6ebe97	Unwind@006ebe97	lib	other
6ebea2	Unwind@006ebea2	lib	other
6ebead	Unwind@006ebead	lib	other
6ebeb8	Unwind@006ebeb8	lib	other
6ebec3	Unwind@006ebec3	lib	other
6ebece	Unwind@006ebece	lib	other
6ebed9	Unwind@006ebed9	lib	other
6ebee4	Unwind@006ebee4	lib	other
6ebeef	Unwind@006ebeef	lib	other
6ebefa	Unwind@006ebefa	lib	other
6ebf05	Unwind@006ebf05	lib	other
6ebf10	Unwind@006ebf10	lib	other
6ebf1b	Unwind@006ebf1b	lib	other
6ebf26	Unwind@006ebf26	lib	other
6ebf31	Unwind@006ebf31	lib	other
6ebf3c	Unwind@006ebf3c	lib	other
6ebf47	Unwind@006ebf47	lib	other
6ebf52	Unwind@006ebf52	lib	other
6ebf5d	Unwind@006ebf5d	lib	other
6ebf68	Unwind@006ebf68	lib	other
6ebf73	Unwind@006ebf73	lib	other
6ebf7e	Unwind@006ebf7e	lib	other
6ebf89	Unwind@006ebf89	lib	other
6ebf94	Unwind@006ebf94	lib	other
6ebf9f	Unwind@006ebf9f	lib	other
6ebfaa	Unwind@006ebfaa	lib	other
6ebfb5	Unwind@006ebfb5	lib	other
6ebfc0	Unwind@006ebfc0	lib	other
6ebfcb	Unwind@006ebfcb	lib	other
6ebfd6	Unwind@006ebfd6	lib	other
6ebfe1	Unwind@006ebfe1	lib	other
6ebfec	Unwind@006ebfec	lib	other
6ebff7	Unwind@006ebff7	lib	other
6ec002	Unwind@006ec002	lib	other
6ec00d	Unwind@006ec00d	lib	other
6ec018	Unwind@006ec018	lib	other
6ec023	Unwind@006ec023	lib	other
6ec02e	Unwind@006ec02e	lib	other
6ec039	Unwind@006ec039	lib	other
6ec044	Unwind@006ec044	lib	other
6ec04f	Unwind@006ec04f	lib	other
6ec05a	Unwind@006ec05a	lib	other
6ec065	Unwind@006ec065	lib	other
6ec070	Unwind@006ec070	lib	other
6ec07b	Unwind@006ec07b	lib	other
6ec086	Unwind@006ec086	lib	other
6ec091	Unwind@006ec091	lib	other
6ec09c	Unwind@006ec09c	lib	other
6ec0a7	Unwind@006ec0a7	lib	other
6ec0b2	Unwind@006ec0b2	lib	other
6ec0bd	Unwind@006ec0bd	lib	other
6ec0c8	Unwind@006ec0c8	lib	other
6ec0d3	Unwind@006ec0d3	lib	other
6ec0de	Unwind@006ec0de	lib	other
6ec0e9	Unwind@006ec0e9	lib	other
6ec0f4	Unwind@006ec0f4	lib	other
6ec0ff	Unwind@006ec0ff	lib	other
6ec10a	Unwind@006ec10a	lib	other
6ec115	Unwind@006ec115	lib	other
6ec120	Unwind@006ec120	lib	other
6ec12b	Unwind@006ec12b	lib	other
6ec136	Unwind@006ec136	lib	other
6ec141	Unwind@006ec141	lib	other
6ec14c	Unwind@006ec14c	lib	other
6ec157	Unwind@006ec157	lib	other
6ec162	Unwind@006ec162	lib	other
6ec16d	Unwind@006ec16d	lib	other
6ec178	Unwind@006ec178	lib	other
6ec183	Unwind@006ec183	lib	other
6ec18e	Unwind@006ec18e	lib	other
6ec199	Unwind@006ec199	lib	other
6ec1a4	Unwind@006ec1a4	lib	other
6ec1af	Unwind@006ec1af	lib	other
6ec1ba	Unwind@006ec1ba	lib	other
6ec1c5	Unwind@006ec1c5	lib	other
6ec1d0	Unwind@006ec1d0	lib	other
6ec1db	Unwind@006ec1db	lib	other
6ec1e6	Unwind@006ec1e6	lib	other
6ec1f1	Unwind@006ec1f1	lib	other
6ec1fc	Unwind@006ec1fc	lib	other
6ec207	Unwind@006ec207	lib	other
6ec212	Unwind@006ec212	lib	other
6ec21d	Unwind@006ec21d	lib	other
6ec228	Unwind@006ec228	lib	other
6ec233	Unwind@006ec233	lib	other
6ec23e	Unwind@006ec23e	lib	other
6ec249	Unwind@006ec249	lib	other
6ec254	Unwind@006ec254	lib	other
6ec25f	Unwind@006ec25f	lib	other
6ec26a	Unwind@006ec26a	lib	other
6ec275	Unwind@006ec275	lib	other
6ec280	Unwind@006ec280	lib	other
6ec28b	Unwind@006ec28b	lib	other
6ec296	Unwind@006ec296	lib	other
6ec2a1	Unwind@006ec2a1	lib	other
6ec2ac	Unwind@006ec2ac	lib	other
6ec2b7	Unwind@006ec2b7	lib	other
6ec2c2	Unwind@006ec2c2	lib	other
6ec2cd	Unwind@006ec2cd	lib	other
6ec2d8	Unwind@006ec2d8	lib	other
6ec2e3	Unwind@006ec2e3	lib	other
6ec2ee	Unwind@006ec2ee	lib	other
6ec2f9	Unwind@006ec2f9	lib	other
6ec304	Unwind@006ec304	lib	other
6ec30f	Unwind@006ec30f	lib	other
6ec31a	Unwind@006ec31a	lib	other
6ec325	Unwind@006ec325	lib	other
6ec330	Unwind@006ec330	lib	other
6ec33b	Unwind@006ec33b	lib	other
6ec346	Unwind@006ec346	lib	other
6ec351	Unwind@006ec351	lib	other
6ec35c	Unwind@006ec35c	lib	other
6ec367	Unwind@006ec367	lib	other
6ec372	Unwind@006ec372	lib	other
6ec37d	Unwind@006ec37d	lib	other
6ec388	Unwind@006ec388	lib	other
6ec393	Unwind@006ec393	lib	other
6ec39e	Unwind@006ec39e	lib	other
6ec3a9	Unwind@006ec3a9	lib	other
6ec3b4	Unwind@006ec3b4	lib	other
6ec3bf	Unwind@006ec3bf	lib	other
6ec3ca	Unwind@006ec3ca	lib	other
6ec3d5	Unwind@006ec3d5	lib	other
6ec3e0	Unwind@006ec3e0	lib	other
6ec3eb	Unwind@006ec3eb	lib	other
6ec3f6	Unwind@006ec3f6	lib	other
6ec401	Unwind@006ec401	lib	other
6ec40c	Unwind@006ec40c	lib	other
6ec417	Unwind@006ec417	lib	other
6ec422	Unwind@006ec422	lib	other
6ec42d	Unwind@006ec42d	lib	other
6ec438	Unwind@006ec438	lib	other
6ec443	Unwind@006ec443	lib	other
6ec44e	Unwind@006ec44e	lib	other
6ec459	Unwind@006ec459	lib	other
6ec464	Unwind@006ec464	lib	other
6ec46f	Unwind@006ec46f	lib	other
6ec47a	Unwind@006ec47a	lib	other
6ec485	Unwind@006ec485	lib	other
6ec490	Unwind@006ec490	lib	other
6ec49b	Unwind@006ec49b	lib	other
6ec4a6	Unwind@006ec4a6	lib	other
6ec4b1	Unwind@006ec4b1	lib	other
6ec4bc	Unwind@006ec4bc	lib	other
6ec4c7	Unwind@006ec4c7	lib	other
6ec4d2	Unwind@006ec4d2	lib	other
6ec4dd	Unwind@006ec4dd	lib	other
6ec4e8	Unwind@006ec4e8	lib	other
6ec4f3	Unwind@006ec4f3	lib	other
6ec4fe	Unwind@006ec4fe	lib	other
6ec509	Unwind@006ec509	lib	other
6ec514	Unwind@006ec514	lib	other
6ec51f	Unwind@006ec51f	lib	other
6ec52a	Unwind@006ec52a	lib	other
6ec535	Unwind@006ec535	lib	other
6ec540	Unwind@006ec540	lib	other
6ec54b	Unwind@006ec54b	lib	other
6ec556	Unwind@006ec556	lib	other
6ec561	Unwind@006ec561	lib	other
6ec56c	Unwind@006ec56c	lib	other
6ec577	Unwind@006ec577	lib	other
6ec582	Unwind@006ec582	lib	other
6ec58d	Unwind@006ec58d	lib	other
6ec598	Unwind@006ec598	lib	other
6ec5a3	Unwind@006ec5a3	lib	other
6ec5ae	Unwind@006ec5ae	lib	other
6ec5b9	Unwind@006ec5b9	lib	other
6ec5c4	Unwind@006ec5c4	lib	other
6ec5cf	Unwind@006ec5cf	lib	other
6ec5da	Unwind@006ec5da	lib	other
6ec5e5	Unwind@006ec5e5	lib	other
6ec5f0	Unwind@006ec5f0	lib	other
6ec5fb	Unwind@006ec5fb	lib	other
6ec606	Unwind@006ec606	lib	other
6ec611	Unwind@006ec611	lib	other
6ec61c	Unwind@006ec61c	lib	other
6ec627	Unwind@006ec627	lib	other
6ec632	Unwind@006ec632	lib	other
6ec63d	Unwind@006ec63d	lib	other
6ec648	Unwind@006ec648	lib	other
6ec653	Unwind@006ec653	lib	other
6ec65e	Unwind@006ec65e	lib	other
6ec669	Unwind@006ec669	lib	other
6ec674	Unwind@006ec674	lib	other
6ec67f	Unwind@006ec67f	lib	other
6ec68a	Unwind@006ec68a	lib	other
6ec695	Unwind@006ec695	lib	other
6ec6a0	Unwind@006ec6a0	lib	other
6ec6ab	Unwind@006ec6ab	lib	other
6ec6b6	Unwind@006ec6b6	lib	other
6ec6c1	Unwind@006ec6c1	lib	other
6ec6cc	Unwind@006ec6cc	lib	other
6ec6d7	Unwind@006ec6d7	lib	other
6ec6e2	Unwind@006ec6e2	lib	other
6ec6ed	Unwind@006ec6ed	lib	other
6ec6f8	Unwind@006ec6f8	lib	other
6ec703	Unwind@006ec703	lib	other
6ec70e	Unwind@006ec70e	lib	other
6ec719	Unwind@006ec719	lib	other
6ec724	Unwind@006ec724	lib	other
6ec72f	Unwind@006ec72f	lib	other
6ec73a	Unwind@006ec73a	lib	other
6ec745	Unwind@006ec745	lib	other
6ec750	Unwind@006ec750	lib	other
6ec75b	Unwind@006ec75b	lib	other
6ec766	Unwind@006ec766	lib	other
6ec771	Unwind@006ec771	lib	other
6ec77c	Unwind@006ec77c	lib	other
6ec787	Unwind@006ec787	lib	other
6ec792	Unwind@006ec792	lib	other
6ec79d	Unwind@006ec79d	lib	other
6ec7a8	Unwind@006ec7a8	lib	other
6ec7b3	Unwind@006ec7b3	lib	other
6ec7be	Unwind@006ec7be	lib	other
6ec7c9	Unwind@006ec7c9	lib	other
6ec7d4	Unwind@006ec7d4	lib	other
6ec7df	Unwind@006ec7df	lib	other
6ec7ea	Unwind@006ec7ea	lib	other
6ec7f5	Unwind@006ec7f5	lib	other
6ec800	Unwind@006ec800	lib	other
6ec80b	Unwind@006ec80b	lib	other
6ec816	Unwind@006ec816	lib	other
6ec821	Unwind@006ec821	lib	other
6ec82c	Unwind@006ec82c	lib	other
6ec837	Unwind@006ec837	lib	other
6ec842	Unwind@006ec842	lib	other
6ec84d	Unwind@006ec84d	lib	other
6ec858	Unwind@006ec858	lib	other
6ec863	Unwind@006ec863	lib	other
6ec86e	Unwind@006ec86e	lib	other
6ec879	Unwind@006ec879	lib	other
6ec884	Unwind@006ec884	lib	other
6ec88f	Unwind@006ec88f	lib	other
6ec89a	Unwind@006ec89a	lib	other
6ec8a5	Unwind@006ec8a5	lib	other
6ec8b0	Unwind@006ec8b0	lib	other
6ec8bb	Unwind@006ec8bb	lib	other
6ec8c6	Unwind@006ec8c6	lib	other
6ec8d1	Unwind@006ec8d1	lib	other
6ec8dc	Unwind@006ec8dc	lib	other
6ec8e7	Unwind@006ec8e7	lib	other
6ec8f2	Unwind@006ec8f2	lib	other
6ec8fd	Unwind@006ec8fd	lib	other
6ec908	Unwind@006ec908	lib	other
6ec913	Unwind@006ec913	lib	other
6ec91e	Unwind@006ec91e	lib	other
6ec929	Unwind@006ec929	lib	other
6ec934	Unwind@006ec934	lib	other
6ec93f	Unwind@006ec93f	lib	other
6ec94a	Unwind@006ec94a	lib	other
6ec955	Unwind@006ec955	lib	other
6ec960	Unwind@006ec960	lib	other
6ec96b	Unwind@006ec96b	lib	other
6ec976	Unwind@006ec976	lib	other
6ec981	Unwind@006ec981	lib	other
6ec98c	Unwind@006ec98c	lib	other
6ec997	Unwind@006ec997	lib	other
6ec9a2	Unwind@006ec9a2	lib	other
6ec9ad	Unwind@006ec9ad	lib	other
6ec9b8	Unwind@006ec9b8	lib	other
6ec9c3	Unwind@006ec9c3	lib	other
6ec9ce	Unwind@006ec9ce	lib	other
6ec9d9	Unwind@006ec9d9	lib	other
6ec9e4	Unwind@006ec9e4	lib	other
6ec9ef	Unwind@006ec9ef	lib	other
6ec9fa	Unwind@006ec9fa	lib	other
6eca05	Unwind@006eca05	lib	other
6eca10	Unwind@006eca10	lib	other
6eca1b	Unwind@006eca1b	lib	other
6eca26	Unwind@006eca26	lib	other
6eca31	Unwind@006eca31	lib	other
6eca3c	Unwind@006eca3c	lib	other
6eca47	Unwind@006eca47	lib	other
6eca52	Unwind@006eca52	lib	other
6eca5d	Unwind@006eca5d	lib	other
6eca68	Unwind@006eca68	lib	other
6eca73	Unwind@006eca73	lib	other
6eca7e	Unwind@006eca7e	lib	other
6eca89	Unwind@006eca89	lib	other
6eca94	Unwind@006eca94	lib	other
6eca9f	Unwind@006eca9f	lib	other
6ecaaa	Unwind@006ecaaa	lib	other
6ecab5	Unwind@006ecab5	lib	other
6ecac0	Unwind@006ecac0	lib	other
6ecacb	Unwind@006ecacb	lib	other
6ecad6	Unwind@006ecad6	lib	other
6ecae1	Unwind@006ecae1	lib	other
6ecaec	Unwind@006ecaec	lib	other
6ecaf7	Unwind@006ecaf7	lib	other
6ecb02	Unwind@006ecb02	lib	other
6ecb0d	Unwind@006ecb0d	lib	other
6ecb18	Unwind@006ecb18	lib	other
6ecb23	Unwind@006ecb23	lib	other
6ecb2e	Unwind@006ecb2e	lib	other
6ecb39	Unwind@006ecb39	lib	other
6ecb44	Unwind@006ecb44	lib	other
6ecb4f	Unwind@006ecb4f	lib	other
6ecb5a	Unwind@006ecb5a	lib	other
6ecb65	Unwind@006ecb65	lib	other
6ecb70	Unwind@006ecb70	lib	other
6ecb7b	Unwind@006ecb7b	lib	other
6ecb86	Unwind@006ecb86	lib	other
6ecb91	Unwind@006ecb91	lib	other
6ecb9c	Unwind@006ecb9c	lib	other
6ecba7	Unwind@006ecba7	lib	other
6ecbb2	Unwind@006ecbb2	lib	other
6ecbbd	Unwind@006ecbbd	lib	other
6ecbc8	Unwind@006ecbc8	lib	other
6ecbd3	Unwind@006ecbd3	lib	other
6ecbde	Unwind@006ecbde	lib	other
6ecbe9	Unwind@006ecbe9	lib	other
6ecbf4	Unwind@006ecbf4	lib	other
6ecbff	Unwind@006ecbff	lib	other
6ecc0a	Unwind@006ecc0a	lib	other
6ecc15	Unwind@006ecc15	lib	other
6ecc20	Unwind@006ecc20	lib	other
6ecc2b	Unwind@006ecc2b	lib	other
6ecc36	Unwind@006ecc36	lib	other
6ecc41	Unwind@006ecc41	lib	other
6ecc4c	Unwind@006ecc4c	lib	other
6ecc57	Unwind@006ecc57	lib	other
6ecc62	Unwind@006ecc62	lib	other
6ecc6d	Unwind@006ecc6d	lib	other
6ecc78	Unwind@006ecc78	lib	other
6ecc83	Unwind@006ecc83	lib	other
6ecc8e	Unwind@006ecc8e	lib	other
6ecc99	Unwind@006ecc99	lib	other
6ecca4	Unwind@006ecca4	lib	other
6eccaf	Unwind@006eccaf	lib	other
6eccba	Unwind@006eccba	lib	other
6eccc5	Unwind@006eccc5	lib	other
6eccd0	Unwind@006eccd0	lib	other
6eccdb	Unwind@006eccdb	lib	other
6ecce6	Unwind@006ecce6	lib	other
6eccf1	Unwind@006eccf1	lib	other
6eccfc	Unwind@006eccfc	lib	other
6ecd07	Unwind@006ecd07	lib	other
6ecd12	Unwind@006ecd12	lib	other
6ecd1d	Unwind@006ecd1d	lib	other
6ecd28	Unwind@006ecd28	lib	other
6ecd33	Unwind@006ecd33	lib	other
6ecd3e	Unwind@006ecd3e	lib	other
6ecd49	Unwind@006ecd49	lib	other
6ecd54	Unwind@006ecd54	lib	other
6ecd5f	Unwind@006ecd5f	lib	other
6ecd6a	Unwind@006ecd6a	lib	other
6ecd75	Unwind@006ecd75	lib	other
6ecd80	Unwind@006ecd80	lib	other
6ecd8b	Unwind@006ecd8b	lib	other
6ecd96	Unwind@006ecd96	lib	other
6ecda1	Unwind@006ecda1	lib	other
6ecdac	Unwind@006ecdac	lib	other
6ecdb7	Unwind@006ecdb7	lib	other
6ecdc2	Unwind@006ecdc2	lib	other
6ecdcd	Unwind@006ecdcd	lib	other
6ecdd8	Unwind@006ecdd8	lib	other
6ecde3	Unwind@006ecde3	lib	other
6ecdee	Unwind@006ecdee	lib	other
6ecdf9	Unwind@006ecdf9	lib	other
6ece04	Unwind@006ece04	lib	other
6ece0f	Unwind@006ece0f	lib	other
6ece1a	Unwind@006ece1a	lib	other
6ece25	Unwind@006ece25	lib	other
6ece30	Unwind@006ece30	lib	other
6ece3b	Unwind@006ece3b	lib	other
6ece46	Unwind@006ece46	lib	other
6ece51	Unwind@006ece51	lib	other
6ece5c	Unwind@006ece5c	lib	other
6ece67	Unwind@006ece67	lib	other
6ece72	Unwind@006ece72	lib	other
6ece7d	Unwind@006ece7d	lib	other
6ece88	Unwind@006ece88	lib	other
6ece93	Unwind@006ece93	lib	other
6ece9e	Unwind@006ece9e	lib	other
6ecea9	Unwind@006ecea9	lib	other
6eceb4	Unwind@006eceb4	lib	other
6ecebf	Unwind@006ecebf	lib	other
6ececa	Unwind@006ececa	lib	other
6eced5	Unwind@006eced5	lib	other
6ecee0	Unwind@006ecee0	lib	other
6eceeb	Unwind@006eceeb	lib	other
6ecef6	Unwind@006ecef6	lib	other
6ecf01	Unwind@006ecf01	lib	other
6ecf0c	Unwind@006ecf0c	lib	other
6ecf17	Unwind@006ecf17	lib	other
6ecf22	Unwind@006ecf22	lib	other
6ecf2d	Unwind@006ecf2d	lib	other
6ecf38	Unwind@006ecf38	lib	other
6ecf43	Unwind@006ecf43	lib	other
6ecf4e	Unwind@006ecf4e	lib	other
6ecf59	Unwind@006ecf59	lib	other
6ecf64	Unwind@006ecf64	lib	other
6ecf6f	Unwind@006ecf6f	lib	other
6ecf7a	Unwind@006ecf7a	lib	other
6ecf85	Unwind@006ecf85	lib	other
6ecf90	Unwind@006ecf90	lib	other
6ecf9b	Unwind@006ecf9b	lib	other
6ecfa6	Unwind@006ecfa6	lib	other
6ecfb1	Unwind@006ecfb1	lib	other
6ecfbc	Unwind@006ecfbc	lib	other
6ecfc7	Unwind@006ecfc7	lib	other
6ecfd2	Unwind@006ecfd2	lib	other
6ecfdd	Unwind@006ecfdd	lib	other
6ecfe8	Unwind@006ecfe8	lib	other
6ecff3	Unwind@006ecff3	lib	other
6ecffe	Unwind@006ecffe	lib	other
6ed009	Unwind@006ed009	lib	other
6ed014	Unwind@006ed014	lib	other
6ed01f	Unwind@006ed01f	lib	other
6ed02a	Unwind@006ed02a	lib	other
6ed035	Unwind@006ed035	lib	other
6ed040	Unwind@006ed040	lib	other
6ed04b	Unwind@006ed04b	lib	other
6ed056	Unwind@006ed056	lib	other
6ed061	Unwind@006ed061	lib	other
6ed06c	Unwind@006ed06c	lib	other
6ed077	Unwind@006ed077	lib	other
6ed082	Unwind@006ed082	lib	other
6ed08d	Unwind@006ed08d	lib	other
6ed098	Unwind@006ed098	lib	other
6ed0a3	Unwind@006ed0a3	lib	other
6ed0ae	Unwind@006ed0ae	lib	other
6ed0b9	Unwind@006ed0b9	lib	other
6ed0c4	Unwind@006ed0c4	lib	other
6ed0cf	Unwind@006ed0cf	lib	other
6ed0da	Unwind@006ed0da	lib	other
6ed0e5	Unwind@006ed0e5	lib	other
6ed0f0	Unwind@006ed0f0	lib	other
6ed0fb	Unwind@006ed0fb	lib	other
6ed106	Unwind@006ed106	lib	other
6ed111	Unwind@006ed111	lib	other
6ed11c	Unwind@006ed11c	lib	other
6ed127	Unwind@006ed127	lib	other
6ed132	Unwind@006ed132	lib	other
6ed13d	Unwind@006ed13d	lib	other
6ed148	Unwind@006ed148	lib	other
6ed153	Unwind@006ed153	lib	other
6ed15e	Unwind@006ed15e	lib	other
6ed169	Unwind@006ed169	lib	other
6ed174	Unwind@006ed174	lib	other
6ed17f	Unwind@006ed17f	lib	other
6ed18a	Unwind@006ed18a	lib	other
6ed195	Unwind@006ed195	lib	other
6ed1a0	Unwind@006ed1a0	lib	other
6ed1ab	Unwind@006ed1ab	lib	other
6ed1b6	Unwind@006ed1b6	lib	other
6ed1c1	Unwind@006ed1c1	lib	other
6ed1cc	Unwind@006ed1cc	lib	other
6ed1d7	Unwind@006ed1d7	lib	other
6ed1e2	Unwind@006ed1e2	lib	other
6ed1ed	Unwind@006ed1ed	lib	other
6ed1f8	Unwind@006ed1f8	lib	other
6ed203	Unwind@006ed203	lib	other
6ed20e	Unwind@006ed20e	lib	other
6ed219	Unwind@006ed219	lib	other
6ed224	Unwind@006ed224	lib	other
6ed22f	Unwind@006ed22f	lib	other
6ed23a	Unwind@006ed23a	lib	other
6ed245	Unwind@006ed245	lib	other
6ed250	Unwind@006ed250	lib	other
6ed25b	Unwind@006ed25b	lib	other
6ed266	Unwind@006ed266	lib	other
6ed271	Unwind@006ed271	lib	other
6ed27c	Unwind@006ed27c	lib	other
6ed287	Unwind@006ed287	lib	other
6ed292	Unwind@006ed292	lib	other
6ed29d	Unwind@006ed29d	lib	other
6ed2a8	Unwind@006ed2a8	lib	other
6ed2b3	Unwind@006ed2b3	lib	other
6ed2be	Unwind@006ed2be	lib	other
6ed2c9	Unwind@006ed2c9	lib	other
6ed2d4	Unwind@006ed2d4	lib	other
6ed2df	Unwind@006ed2df	lib	other
6ed2ea	Unwind@006ed2ea	lib	other
6ed2f5	Unwind@006ed2f5	lib	other
6ed300	Unwind@006ed300	lib	other
6ed30b	Unwind@006ed30b	lib	other
6ed316	Unwind@006ed316	lib	other
6ed321	Unwind@006ed321	lib	other
6ed32c	Unwind@006ed32c	lib	other
6ed337	Unwind@006ed337	lib	other
6ed342	Unwind@006ed342	lib	other
6ed34d	Unwind@006ed34d	lib	other
6ed358	Unwind@006ed358	lib	other
6ed363	Unwind@006ed363	lib	other
6ed36e	Unwind@006ed36e	lib	other
6ed379	Unwind@006ed379	lib	other
6ed384	Unwind@006ed384	lib	other
6ed38f	Unwind@006ed38f	lib	other
6ed39a	Unwind@006ed39a	lib	other
6ed3a5	Unwind@006ed3a5	lib	other
6ed3b0	Unwind@006ed3b0	lib	other
6ed3bb	Unwind@006ed3bb	lib	other
6ed3c6	Unwind@006ed3c6	lib	other
6ed3d1	Unwind@006ed3d1	lib	other
6ed3dc	Unwind@006ed3dc	lib	other
6ed3e7	Unwind@006ed3e7	lib	other
6ed3f2	Unwind@006ed3f2	lib	other
6ed3fd	Unwind@006ed3fd	lib	other
6ed408	Unwind@006ed408	lib	other
6ed413	Unwind@006ed413	lib	other
6ed41e	Unwind@006ed41e	lib	other
6ed429	Unwind@006ed429	lib	other
6ed434	Unwind@006ed434	lib	other
6ed43f	Unwind@006ed43f	lib	other
6ed44a	Unwind@006ed44a	lib	other
6ed455	Unwind@006ed455	lib	other
6ed460	Unwind@006ed460	lib	other
6ed46b	Unwind@006ed46b	lib	other
6ed476	Unwind@006ed476	lib	other
6ed481	Unwind@006ed481	lib	other
6ed48c	Unwind@006ed48c	lib	other
6ed497	Unwind@006ed497	lib	other
6ed4a2	Unwind@006ed4a2	lib	other
6ed4ad	Unwind@006ed4ad	lib	other
6ed4b8	Unwind@006ed4b8	lib	other
6ed4c3	Unwind@006ed4c3	lib	other
6ed4ce	Unwind@006ed4ce	lib	other
6ed4d9	Unwind@006ed4d9	lib	other
6ed4e4	Unwind@006ed4e4	lib	other
6ed4ef	Unwind@006ed4ef	lib	other
6ed4fa	Unwind@006ed4fa	lib	other
6ed505	Unwind@006ed505	lib	other
6ed510	Unwind@006ed510	lib	other
6ed51b	Unwind@006ed51b	lib	other
6ed526	Unwind@006ed526	lib	other
6ed531	Unwind@006ed531	lib	other
6ed53c	Unwind@006ed53c	lib	other
6ed547	Unwind@006ed547	lib	other
6ed552	Unwind@006ed552	lib	other
6ed55d	Unwind@006ed55d	lib	other
6ed568	Unwind@006ed568	lib	other
6ed573	Unwind@006ed573	lib	other
6ed57e	Unwind@006ed57e	lib	other
6ed589	Unwind@006ed589	lib	other
6ed594	Unwind@006ed594	lib	other
6ed59f	Unwind@006ed59f	lib	other
6ed5aa	Unwind@006ed5aa	lib	other
6ed5b5	Unwind@006ed5b5	lib	other
6ed5c0	Unwind@006ed5c0	lib	other
6ed5cb	Unwind@006ed5cb	lib	other
6ed5d6	Unwind@006ed5d6	lib	other
6ed5e1	Unwind@006ed5e1	lib	other
6ed5ec	Unwind@006ed5ec	lib	other
6ed5f7	Unwind@006ed5f7	lib	other
6ed602	Unwind@006ed602	lib	other
6ed60d	Unwind@006ed60d	lib	other
6ed618	Unwind@006ed618	lib	other
6ed623	Unwind@006ed623	lib	other
6ed62e	Unwind@006ed62e	lib	other
6ed639	Unwind@006ed639	lib	other
6ed644	Unwind@006ed644	lib	other
6ed64f	Unwind@006ed64f	lib	other
6ed65a	Unwind@006ed65a	lib	other
6ed665	Unwind@006ed665	lib	other
6ed670	Unwind@006ed670	lib	other
6ed67b	Unwind@006ed67b	lib	other
6ed686	Unwind@006ed686	lib	other
6ed691	Unwind@006ed691	lib	other
6ed69c	Unwind@006ed69c	lib	other
6ed6a7	Unwind@006ed6a7	lib	other
6ed6b2	Unwind@006ed6b2	lib	other
6ed6bd	Unwind@006ed6bd	lib	other
6ed6c8	Unwind@006ed6c8	lib	other
6ed6d3	Unwind@006ed6d3	lib	other
6ed6de	Unwind@006ed6de	lib	other
6ed6e9	Unwind@006ed6e9	lib	other
6ed6f4	Unwind@006ed6f4	lib	other
6ed6ff	Unwind@006ed6ff	lib	other
6ed70a	Unwind@006ed70a	lib	other
6ed715	Unwind@006ed715	lib	other
6ed720	Unwind@006ed720	lib	other
6ed72b	Unwind@006ed72b	lib	other
6ed736	Unwind@006ed736	lib	other
6ed741	Unwind@006ed741	lib	other
6ed74c	Unwind@006ed74c	lib	other
6ed757	Unwind@006ed757	lib	other
6ed762	Unwind@006ed762	lib	other
6ed76a	Unwind@006ed76a	lib	other
6ed772	Unwind@006ed772	lib	other
6ed77d	Unwind@006ed77d	lib	other
6ed785	Unwind@006ed785	lib	other
6ed790	Unwind@006ed790	lib	other
6ed79b	Unwind@006ed79b	lib	other
6ed7a6	Unwind@006ed7a6	lib	other
6ed7b1	Unwind@006ed7b1	lib	other
6ed7bc	Unwind@006ed7bc	lib	other
6ed7c7	Unwind@006ed7c7	lib	other
6ed7d2	Unwind@006ed7d2	lib	other
6ed7dd	Unwind@006ed7dd	lib	other
6ed7e8	Unwind@006ed7e8	lib	other
6ed7f3	Unwind@006ed7f3	lib	other
6ed7fe	Unwind@006ed7fe	lib	other
6ed809	Unwind@006ed809	lib	other
6ed814	Unwind@006ed814	lib	other
6ed81f	Unwind@006ed81f	lib	other
6ed82a	Unwind@006ed82a	lib	other
6ed835	Unwind@006ed835	lib	other
6ed840	Unwind@006ed840	lib	other
6ed84b	Unwind@006ed84b	lib	other
6ed856	Unwind@006ed856	lib	other
6ed861	Unwind@006ed861	lib	other
6ed86c	Unwind@006ed86c	lib	other
6ed877	Unwind@006ed877	lib	other
6ed882	Unwind@006ed882	lib	other
6ed88d	Unwind@006ed88d	lib	other
6ed898	Unwind@006ed898	lib	other
6ed8a3	Unwind@006ed8a3	lib	other
6ed8ae	Unwind@006ed8ae	lib	other
6ed8b9	Unwind@006ed8b9	lib	other
6ed8c4	Unwind@006ed8c4	lib	other
6ed8cf	Unwind@006ed8cf	lib	other
6ed8da	Unwind@006ed8da	lib	other
6ed8e5	Unwind@006ed8e5	lib	other
6ed8f0	Unwind@006ed8f0	lib	other
6ed8fb	Unwind@006ed8fb	lib	other
6ed906	Unwind@006ed906	lib	other
6ed911	Unwind@006ed911	lib	other
6ed91c	Unwind@006ed91c	lib	other
6ed927	Unwind@006ed927	lib	other
6ed932	Unwind@006ed932	lib	other
6ed93d	Unwind@006ed93d	lib	other
6ed948	Unwind@006ed948	lib	other
6ed953	Unwind@006ed953	lib	other
6ed95e	Unwind@006ed95e	lib	other
6ed969	Unwind@006ed969	lib	other
6ed974	Unwind@006ed974	lib	other
6ed97f	Unwind@006ed97f	lib	other
6ed98a	Unwind@006ed98a	lib	other
6ed995	Unwind@006ed995	lib	other
6ed9a0	Unwind@006ed9a0	lib	other
6ed9ab	Unwind@006ed9ab	lib	other
6ed9b6	Unwind@006ed9b6	lib	other
6ed9c1	Unwind@006ed9c1	lib	other
6ed9cc	Unwind@006ed9cc	lib	other
6ed9d7	Unwind@006ed9d7	lib	other
6ed9e2	Unwind@006ed9e2	lib	other
6ed9ed	Unwind@006ed9ed	lib	other
6ed9f8	Unwind@006ed9f8	lib	other
6eda03	Unwind@006eda03	lib	other
6eda0e	Unwind@006eda0e	lib	other
6eda19	Unwind@006eda19	lib	other
6eda24	Unwind@006eda24	lib	other
6eda2f	Unwind@006eda2f	lib	other
6eda3a	Unwind@006eda3a	lib	other
6eda45	Unwind@006eda45	lib	other
6eda50	Unwind@006eda50	lib	other
6eda5b	Unwind@006eda5b	lib	other
6eda66	Unwind@006eda66	lib	other
6eda71	Unwind@006eda71	lib	other
6eda7c	Unwind@006eda7c	lib	other
6eda87	Unwind@006eda87	lib	other
6eda92	Unwind@006eda92	lib	other
6eda9d	Unwind@006eda9d	lib	other
6edaa8	Unwind@006edaa8	lib	other
6edab3	Unwind@006edab3	lib	other
6edabe	Unwind@006edabe	lib	other
6edac9	Unwind@006edac9	lib	other
6edad4	Unwind@006edad4	lib	other
6edadf	Unwind@006edadf	lib	other
6edaea	Unwind@006edaea	lib	other
6edaf5	Unwind@006edaf5	lib	other
6edb00	Unwind@006edb00	lib	other
6edb0b	Unwind@006edb0b	lib	other
6edb16	Unwind@006edb16	lib	other
6edb21	Unwind@006edb21	lib	other
6edb2c	Unwind@006edb2c	lib	other
6edb37	Unwind@006edb37	lib	other
6edb42	Unwind@006edb42	lib	other
6edb4d	Unwind@006edb4d	lib	other
6edb58	Unwind@006edb58	lib	other
6edb63	Unwind@006edb63	lib	other
6edb6e	Unwind@006edb6e	lib	other
6edb79	Unwind@006edb79	lib	other
6edb84	Unwind@006edb84	lib	other
6edb8f	Unwind@006edb8f	lib	other
6edb9a	Unwind@006edb9a	lib	other
6edba5	Unwind@006edba5	lib	other
6edbb0	Unwind@006edbb0	lib	other
6edbbb	Unwind@006edbbb	lib	other
6edbc6	Unwind@006edbc6	lib	other
6edbd1	Unwind@006edbd1	lib	other
6edbdc	Unwind@006edbdc	lib	other
6edbe7	Unwind@006edbe7	lib	other
6edbf2	Unwind@006edbf2	lib	other
6edbfd	Unwind@006edbfd	lib	other
6edc08	Unwind@006edc08	lib	other
6edc13	Unwind@006edc13	lib	other
6edc1e	Unwind@006edc1e	lib	other
6edc29	Unwind@006edc29	lib	other
6edc34	Unwind@006edc34	lib	other
6edc3f	Unwind@006edc3f	lib	other
6edc4a	Unwind@006edc4a	lib	other
6edc55	Unwind@006edc55	lib	other
6edc60	Unwind@006edc60	lib	other
6edc6b	Unwind@006edc6b	lib	other
6edc76	Unwind@006edc76	lib	other
6edc81	Unwind@006edc81	lib	other
6edc8c	Unwind@006edc8c	lib	other
6edc97	Unwind@006edc97	lib	other
6edca2	Unwind@006edca2	lib	other
6edcad	Unwind@006edcad	lib	other
6edcb8	Unwind@006edcb8	lib	other
6edcc3	Unwind@006edcc3	lib	other
6edcce	Unwind@006edcce	lib	other
6edcd9	Unwind@006edcd9	lib	other
6edce4	Unwind@006edce4	lib	other
6edcef	Unwind@006edcef	lib	other
6edcfa	Unwind@006edcfa	lib	other
6edd05	Unwind@006edd05	lib	other
6edd10	Unwind@006edd10	lib	other
6edd1b	Unwind@006edd1b	lib	other
6edd26	Unwind@006edd26	lib	other
6edd31	Unwind@006edd31	lib	other
6edd3c	Unwind@006edd3c	lib	other
6edd47	Unwind@006edd47	lib	other
6edd52	Unwind@006edd52	lib	other
6edd5d	Unwind@006edd5d	lib	other
6edd68	Unwind@006edd68	lib	other
6edd73	Unwind@006edd73	lib	other
6edd7e	Unwind@006edd7e	lib	other
6edd89	Unwind@006edd89	lib	other
6edd94	Unwind@006edd94	lib	other
6edd9f	Unwind@006edd9f	lib	other
6eddaa	Unwind@006eddaa	lib	other
6eddb5	Unwind@006eddb5	lib	other
6eddc0	Unwind@006eddc0	lib	other
6eddcb	Unwind@006eddcb	lib	other
6eddd6	Unwind@006eddd6	lib	other
6edde1	Unwind@006edde1	lib	other
6eddec	Unwind@006eddec	lib	other
6eddf7	Unwind@006eddf7	lib	other
6ede02	Unwind@006ede02	lib	other
6ede0d	Unwind@006ede0d	lib	other
6ede18	Unwind@006ede18	lib	other
6ede23	Unwind@006ede23	lib	other
6ede2e	Unwind@006ede2e	lib	other
6ede39	Unwind@006ede39	lib	other
6ede44	Unwind@006ede44	lib	other
6ede4f	Unwind@006ede4f	lib	other
6ede5a	Unwind@006ede5a	lib	other
6ede65	Unwind@006ede65	lib	other
6ede70	Unwind@006ede70	lib	other
6ede7b	Unwind@006ede7b	lib	other
6ede86	Unwind@006ede86	lib	other
6ede91	Unwind@006ede91	lib	other
6ede9c	Unwind@006ede9c	lib	other
6edea7	Unwind@006edea7	lib	other
6edeb2	Unwind@006edeb2	lib	other
6edebd	Unwind@006edebd	lib	other
6edec8	Unwind@006edec8	lib	other
6eded3	Unwind@006eded3	lib	other
6edede	Unwind@006edede	lib	other
6edee9	Unwind@006edee9	lib	other
6edef4	Unwind@006edef4	lib	other
6edeff	Unwind@006edeff	lib	other
6edf0a	Unwind@006edf0a	lib	other
6edf15	Unwind@006edf15	lib	other
6edf20	Unwind@006edf20	lib	other
6edf2b	Unwind@006edf2b	lib	other
6edf36	Unwind@006edf36	lib	other
6edf41	Unwind@006edf41	lib	other
6edf4c	Unwind@006edf4c	lib	other
6edf57	Unwind@006edf57	lib	other
6edf62	Unwind@006edf62	lib	other
6edf6d	Unwind@006edf6d	lib	other
6edf78	Unwind@006edf78	lib	other
6edf83	Unwind@006edf83	lib	other
6edf8e	Unwind@006edf8e	lib	other
6edf99	Unwind@006edf99	lib	other
6edfa4	Unwind@006edfa4	lib	other
6edfaf	Unwind@006edfaf	lib	other
6edfba	Unwind@006edfba	lib	other
6edfc5	Unwind@006edfc5	lib	other
6edfd0	Unwind@006edfd0	lib	other
6edfdb	Unwind@006edfdb	lib	other
6edfe6	Unwind@006edfe6	lib	other
6edff1	Unwind@006edff1	lib	other
6edffc	Unwind@006edffc	lib	other
6ee007	Unwind@006ee007	lib	other
6ee012	Unwind@006ee012	lib	other
6ee01d	Unwind@006ee01d	lib	other
6ee028	Unwind@006ee028	lib	other
6ee033	Unwind@006ee033	lib	other
6ee03e	Unwind@006ee03e	lib	other
6ee049	Unwind@006ee049	lib	other
6ee054	Unwind@006ee054	lib	other
6ee05f	Unwind@006ee05f	lib	other
6ee06a	Unwind@006ee06a	lib	other
6ee075	Unwind@006ee075	lib	other
6ee080	Unwind@006ee080	lib	other
6ee08b	Unwind@006ee08b	lib	other
6ee096	Unwind@006ee096	lib	other
6ee0a1	Unwind@006ee0a1	lib	other
6ee0ac	Unwind@006ee0ac	lib	other
6ee0b7	Unwind@006ee0b7	lib	other
6ee0c2	Unwind@006ee0c2	lib	other
6ee0cd	Unwind@006ee0cd	lib	other
6ee0d8	Unwind@006ee0d8	lib	other
6ee0e3	Unwind@006ee0e3	lib	other
6ee0ee	Unwind@006ee0ee	lib	other
6ee0f9	Unwind@006ee0f9	lib	other
6ee104	Unwind@006ee104	lib	other
6ee10f	Unwind@006ee10f	lib	other
6ee11a	Unwind@006ee11a	lib	other
6ee125	Unwind@006ee125	lib	other
6ee130	Unwind@006ee130	lib	other
6ee13b	Unwind@006ee13b	lib	other
6ee146	Unwind@006ee146	lib	other
6ee151	Unwind@006ee151	lib	other
6ee15c	Unwind@006ee15c	lib	other
6ee167	Unwind@006ee167	lib	other
6ee172	Unwind@006ee172	lib	other
6ee17d	Unwind@006ee17d	lib	other
6ee188	Unwind@006ee188	lib	other
6ee193	Unwind@006ee193	lib	other
6ee19e	Unwind@006ee19e	lib	other
6ee1a9	Unwind@006ee1a9	lib	other
6ee1b4	Unwind@006ee1b4	lib	other
6ee1bf	Unwind@006ee1bf	lib	other
6ee1ca	Unwind@006ee1ca	lib	other
6ee1d5	Unwind@006ee1d5	lib	other
6ee1e0	Unwind@006ee1e0	lib	other
6ee1eb	Unwind@006ee1eb	lib	other
6ee1f6	Unwind@006ee1f6	lib	other
6ee201	Unwind@006ee201	lib	other
6ee20c	Unwind@006ee20c	lib	other
6ee217	Unwind@006ee217	lib	other
6ee222	Unwind@006ee222	lib	other
6ee22d	Unwind@006ee22d	lib	other
6ee238	Unwind@006ee238	lib	other
6ee243	Unwind@006ee243	lib	other
6ee24e	Unwind@006ee24e	lib	other
6ee259	Unwind@006ee259	lib	other
6ee264	Unwind@006ee264	lib	other
6ee26f	Unwind@006ee26f	lib	other
6ee27a	Unwind@006ee27a	lib	other
6ee285	Unwind@006ee285	lib	other
6ee290	Unwind@006ee290	lib	other
6ee29b	Unwind@006ee29b	lib	other
6ee2a6	Unwind@006ee2a6	lib	other
6ee2b1	Unwind@006ee2b1	lib	other
6ee2bc	Unwind@006ee2bc	lib	other
6ee2c7	Unwind@006ee2c7	lib	other
6ee2d2	Unwind@006ee2d2	lib	other
6ee2dd	Unwind@006ee2dd	lib	other
6ee2e8	Unwind@006ee2e8	lib	other
6ee2f3	Unwind@006ee2f3	lib	other
6ee2fe	Unwind@006ee2fe	lib	other
6ee309	Unwind@006ee309	lib	other
6ee314	Unwind@006ee314	lib	other
6ee31f	Unwind@006ee31f	lib	other
6ee32a	Unwind@006ee32a	lib	other
6ee335	Unwind@006ee335	lib	other
6ee340	Unwind@006ee340	lib	other
6ee34b	Unwind@006ee34b	lib	other
6ee356	Unwind@006ee356	lib	other
6ee361	Unwind@006ee361	lib	other
6ee36c	Unwind@006ee36c	lib	other
6ee377	Unwind@006ee377	lib	other
6ee382	Unwind@006ee382	lib	other
6ee38d	Unwind@006ee38d	lib	other
6ee398	Unwind@006ee398	lib	other
6ee3a3	Unwind@006ee3a3	lib	other
6ee3ae	Unwind@006ee3ae	lib	other
6ee3b9	Unwind@006ee3b9	lib	other
6ee3c4	Unwind@006ee3c4	lib	other
6ee3cf	Unwind@006ee3cf	lib	other
6ee3da	Unwind@006ee3da	lib	other
6ee3e5	Unwind@006ee3e5	lib	other
6ee3f0	Unwind@006ee3f0	lib	other
6ee3fb	Unwind@006ee3fb	lib	other
6ee406	Unwind@006ee406	lib	other
6ee411	Unwind@006ee411	lib	other
6ee41c	Unwind@006ee41c	lib	other
6ee427	Unwind@006ee427	lib	other
6ee432	Unwind@006ee432	lib	other
6ee43d	Unwind@006ee43d	lib	other
6ee448	Unwind@006ee448	lib	other
6ee453	Unwind@006ee453	lib	other
6ee45e	Unwind@006ee45e	lib	other
6ee469	Unwind@006ee469	lib	other
6ee474	Unwind@006ee474	lib	other
6ee47f	Unwind@006ee47f	lib	other
6ee48a	Unwind@006ee48a	lib	other
6ee495	Unwind@006ee495	lib	other
6ee4a0	Unwind@006ee4a0	lib	other
6ee4ab	Unwind@006ee4ab	lib	other
6ee4b6	Unwind@006ee4b6	lib	other
6ee4c1	Unwind@006ee4c1	lib	other
6ee4cc	Unwind@006ee4cc	lib	other
6ee4d7	Unwind@006ee4d7	lib	other
6ee4e2	Unwind@006ee4e2	lib	other
6ee4ed	Unwind@006ee4ed	lib	other
6ee4f8	Unwind@006ee4f8	lib	other
6ee503	Unwind@006ee503	lib	other
6ee50e	Unwind@006ee50e	lib	other
6ee519	Unwind@006ee519	lib	other
6ee524	Unwind@006ee524	lib	other
6ee52f	Unwind@006ee52f	lib	other
6ee53a	Unwind@006ee53a	lib	other
6ee545	Unwind@006ee545	lib	other
6ee550	Unwind@006ee550	lib	other
6ee55b	Unwind@006ee55b	lib	other
6ee566	Unwind@006ee566	lib	other
6ee571	Unwind@006ee571	lib	other
6ee57c	Unwind@006ee57c	lib	other
6ee587	Unwind@006ee587	lib	other
6ee592	Unwind@006ee592	lib	other
6ee59d	Unwind@006ee59d	lib	other
6ee5a8	Unwind@006ee5a8	lib	other
6ee5b3	Unwind@006ee5b3	lib	other
6ee5be	Unwind@006ee5be	lib	other
6ee5c9	Unwind@006ee5c9	lib	other
6ee5d4	Unwind@006ee5d4	lib	other
6ee5df	Unwind@006ee5df	lib	other
6ee5ea	Unwind@006ee5ea	lib	other
6ee5f5	Unwind@006ee5f5	lib	other
6ee600	Unwind@006ee600	lib	other
6ee60b	Unwind@006ee60b	lib	other
6ee616	Unwind@006ee616	lib	other
6ee621	Unwind@006ee621	lib	other
6ee62c	Unwind@006ee62c	lib	other
6ee637	Unwind@006ee637	lib	other
6ee642	Unwind@006ee642	lib	other
6ee64d	Unwind@006ee64d	lib	other
6ee658	Unwind@006ee658	lib	other
6ee663	Unwind@006ee663	lib	other
6ee66e	Unwind@006ee66e	lib	other
6ee679	Unwind@006ee679	lib	other
6ee684	Unwind@006ee684	lib	other
6ee68f	Unwind@006ee68f	lib	other
6ee69a	Unwind@006ee69a	lib	other
6ee6a5	Unwind@006ee6a5	lib	other
6ee6b0	Unwind@006ee6b0	lib	other
6ee6bb	Unwind@006ee6bb	lib	other
6ee6c6	Unwind@006ee6c6	lib	other
6ee6d1	Unwind@006ee6d1	lib	other
6ee6dc	Unwind@006ee6dc	lib	other
6ee6e7	Unwind@006ee6e7	lib	other
6ee6f2	Unwind@006ee6f2	lib	other
6ee6fd	Unwind@006ee6fd	lib	other
6ee708	Unwind@006ee708	lib	other
6ee713	Unwind@006ee713	lib	other
6ee71e	Unwind@006ee71e	lib	other
6ee729	Unwind@006ee729	lib	other
6ee734	Unwind@006ee734	lib	other
6ee73f	Unwind@006ee73f	lib	other
6ee74a	Unwind@006ee74a	lib	other
6ee755	Unwind@006ee755	lib	other
6ee760	Unwind@006ee760	lib	other
6ee76b	Unwind@006ee76b	lib	other
6ee776	Unwind@006ee776	lib	other
6ee781	Unwind@006ee781	lib	other
6ee78c	Unwind@006ee78c	lib	other
6ee797	Unwind@006ee797	lib	other
6ee7a2	Unwind@006ee7a2	lib	other
6ee7ad	Unwind@006ee7ad	lib	other
6ee7b8	Unwind@006ee7b8	lib	other
6ee7c3	Unwind@006ee7c3	lib	other
6ee7ce	Unwind@006ee7ce	lib	other
6ee7d9	Unwind@006ee7d9	lib	other
6ee7e4	Unwind@006ee7e4	lib	other
6ee7ef	Unwind@006ee7ef	lib	other
6ee7fa	Unwind@006ee7fa	lib	other
6ee805	Unwind@006ee805	lib	other
6ee810	Unwind@006ee810	lib	other
6ee81b	Unwind@006ee81b	lib	other
6ee826	Unwind@006ee826	lib	other
6ee831	Unwind@006ee831	lib	other
6ee83c	Unwind@006ee83c	lib	other
6ee847	Unwind@006ee847	lib	other
6ee852	Unwind@006ee852	lib	other
6ee85d	Unwind@006ee85d	lib	other
6ee868	Unwind@006ee868	lib	other
6ee873	Unwind@006ee873	lib	other
6ee87e	Unwind@006ee87e	lib	other
6ee889	Unwind@006ee889	lib	other
6ee894	Unwind@006ee894	lib	other
6ee89f	Unwind@006ee89f	lib	other
6ee8aa	Unwind@006ee8aa	lib	other
6ee8b5	Unwind@006ee8b5	lib	other
6ee8c0	Unwind@006ee8c0	lib	other
6ee8cb	Unwind@006ee8cb	lib	other
6ee8d6	Unwind@006ee8d6	lib	other
6ee8e1	Unwind@006ee8e1	lib	other
6ee8ec	Unwind@006ee8ec	lib	other
6ee8f7	Unwind@006ee8f7	lib	other
6ee902	Unwind@006ee902	lib	other
6ee90d	Unwind@006ee90d	lib	other
6ee918	Unwind@006ee918	lib	other
6ee923	Unwind@006ee923	lib	other
6ee92e	Unwind@006ee92e	lib	other
6ee939	Unwind@006ee939	lib	other
6ee944	Unwind@006ee944	lib	other
6ee94f	Unwind@006ee94f	lib	other
6ee95a	Unwind@006ee95a	lib	other
6ee965	Unwind@006ee965	lib	other
6ee970	Unwind@006ee970	lib	other
6ee97b	Unwind@006ee97b	lib	other
6ee986	Unwind@006ee986	lib	other
6ee991	Unwind@006ee991	lib	other
6ee99c	Unwind@006ee99c	lib	other
6ee9a7	Unwind@006ee9a7	lib	other
6ee9b2	Unwind@006ee9b2	lib	other
6ee9bd	Unwind@006ee9bd	lib	other
6ee9c8	Unwind@006ee9c8	lib	other
6ee9d3	Unwind@006ee9d3	lib	other
6ee9de	Unwind@006ee9de	lib	other
6ee9e9	Unwind@006ee9e9	lib	other
6ee9f4	Unwind@006ee9f4	lib	other
6ee9ff	Unwind@006ee9ff	lib	other
6eea0a	Unwind@006eea0a	lib	other
6eea15	Unwind@006eea15	lib	other
6eea20	Unwind@006eea20	lib	other
6eea2b	Unwind@006eea2b	lib	other
6eea36	Unwind@006eea36	lib	other
6eea41	Unwind@006eea41	lib	other
6eea4c	Unwind@006eea4c	lib	other
6eea57	Unwind@006eea57	lib	other
6eea62	Unwind@006eea62	lib	other
6eea6d	Unwind@006eea6d	lib	other
6eea78	Unwind@006eea78	lib	other
6eea83	Unwind@006eea83	lib	other
6eea8e	Unwind@006eea8e	lib	other
6eea99	Unwind@006eea99	lib	other
6eeaa4	Unwind@006eeaa4	lib	other
6eeaaf	Unwind@006eeaaf	lib	other
6eeaba	Unwind@006eeaba	lib	other
6eeac5	Unwind@006eeac5	lib	other
6eead0	Unwind@006eead0	lib	other
6eeadb	Unwind@006eeadb	lib	other
6eeae6	Unwind@006eeae6	lib	other
6eeaf1	Unwind@006eeaf1	lib	other
6eeafc	Unwind@006eeafc	lib	other
6eeb07	Unwind@006eeb07	lib	other
6eeb12	Unwind@006eeb12	lib	other
6eeb1d	Unwind@006eeb1d	lib	other
6eeb28	Unwind@006eeb28	lib	other
6eeb33	Unwind@006eeb33	lib	other
6eeb3e	Unwind@006eeb3e	lib	other
6eeb49	Unwind@006eeb49	lib	other
6eeb54	Unwind@006eeb54	lib	other
6eeb5f	Unwind@006eeb5f	lib	other
6eeb6a	Unwind@006eeb6a	lib	other
6eeb75	Unwind@006eeb75	lib	other
6eeb80	Unwind@006eeb80	lib	other
6eeb8b	Unwind@006eeb8b	lib	other
6eeb96	Unwind@006eeb96	lib	other
6eeba1	Unwind@006eeba1	lib	other
6eebac	Unwind@006eebac	lib	other
6eebb7	Unwind@006eebb7	lib	other
6eebc2	Unwind@006eebc2	lib	other
6eebcd	Unwind@006eebcd	lib	other
6eebd8	Unwind@006eebd8	lib	other
6eebe3	Unwind@006eebe3	lib	other
6eebee	Unwind@006eebee	lib	other
6eebf9	Unwind@006eebf9	lib	other
6eec04	Unwind@006eec04	lib	other
6eec0f	Unwind@006eec0f	lib	other
6eec1a	Unwind@006eec1a	lib	other
6eec25	Unwind@006eec25	lib	other
6eec30	Unwind@006eec30	lib	other
6eec3b	Unwind@006eec3b	lib	other
6eec46	Unwind@006eec46	lib	other
6eec51	Unwind@006eec51	lib	other
6eec5c	Unwind@006eec5c	lib	other
6eec67	Unwind@006eec67	lib	other
6eec72	Unwind@006eec72	lib	other
6eec7d	Unwind@006eec7d	lib	other
6eec88	Unwind@006eec88	lib	other
6eec93	Unwind@006eec93	lib	other
6eec9e	Unwind@006eec9e	lib	other
6eeca9	Unwind@006eeca9	lib	other
6eecb4	Unwind@006eecb4	lib	other
6eecbf	Unwind@006eecbf	lib	other
6eecca	Unwind@006eecca	lib	other
6eecd5	Unwind@006eecd5	lib	other
6eece0	Unwind@006eece0	lib	other
6eeceb	Unwind@006eeceb	lib	other
6eecf6	Unwind@006eecf6	lib	other
6eed01	Unwind@006eed01	lib	other
6eed0c	Unwind@006eed0c	lib	other
6eed17	Unwind@006eed17	lib	other
6eed22	Unwind@006eed22	lib	other
6eed2d	Unwind@006eed2d	lib	other
6eed38	Unwind@006eed38	lib	other
6eed43	Unwind@006eed43	lib	other
6eed4e	Unwind@006eed4e	lib	other
6eed59	Unwind@006eed59	lib	other
6eed64	Unwind@006eed64	lib	other
6eed6f	Unwind@006eed6f	lib	other
6eed7a	Unwind@006eed7a	lib	other
6eed85	Unwind@006eed85	lib	other
6eed90	Unwind@006eed90	lib	other
6eed9b	Unwind@006eed9b	lib	other
6eeda6	Unwind@006eeda6	lib	other
6eedb1	Unwind@006eedb1	lib	other
6eedbc	Unwind@006eedbc	lib	other
6eedc7	Unwind@006eedc7	lib	other
6eedd2	Unwind@006eedd2	lib	other
6eeddd	Unwind@006eeddd	lib	other
6eede8	Unwind@006eede8	lib	other
6eedf3	Unwind@006eedf3	lib	other
6eedfe	Unwind@006eedfe	lib	other
6eee09	Unwind@006eee09	lib	other
6eee14	Unwind@006eee14	lib	other
6eee1f	Unwind@006eee1f	lib	other
6eee2a	Unwind@006eee2a	lib	other
6eee35	Unwind@006eee35	lib	other
6eee40	Unwind@006eee40	lib	other
6eee4b	Unwind@006eee4b	lib	other
6eee56	Unwind@006eee56	lib	other
6eee61	Unwind@006eee61	lib	other
6eee6c	Unwind@006eee6c	lib	other
6eee77	Unwind@006eee77	lib	other
6eee82	Unwind@006eee82	lib	other
6eee8d	Unwind@006eee8d	lib	other
6eee98	Unwind@006eee98	lib	other
6eeea3	Unwind@006eeea3	lib	other
6eeeae	Unwind@006eeeae	lib	other
6eeeb9	Unwind@006eeeb9	lib	other
6eeec4	Unwind@006eeec4	lib	other
6eeecf	Unwind@006eeecf	lib	other
6eeeda	Unwind@006eeeda	lib	other
6eeee5	Unwind@006eeee5	lib	other
6eeef0	Unwind@006eeef0	lib	other
6eeefb	Unwind@006eeefb	lib	other
6eef06	Unwind@006eef06	lib	other
6eef11	Unwind@006eef11	lib	other
6eef1c	Unwind@006eef1c	lib	other
6eef27	Unwind@006eef27	lib	other
6eef32	Unwind@006eef32	lib	other
6eef3d	Unwind@006eef3d	lib	other
6eef48	Unwind@006eef48	lib	other
6eef53	Unwind@006eef53	lib	other
6eef5e	Unwind@006eef5e	lib	other
6eef69	Unwind@006eef69	lib	other
6eef74	Unwind@006eef74	lib	other
6eef7f	Unwind@006eef7f	lib	other
6eef8a	Unwind@006eef8a	lib	other
6eef95	Unwind@006eef95	lib	other
6eefa0	Unwind@006eefa0	lib	other
6eefab	Unwind@006eefab	lib	other
6eefb6	Unwind@006eefb6	lib	other
6eefc1	Unwind@006eefc1	lib	other
6eefcc	Unwind@006eefcc	lib	other
6eefd7	Unwind@006eefd7	lib	other
6eefe2	Unwind@006eefe2	lib	other
6eefed	Unwind@006eefed	lib	other
6eeff8	Unwind@006eeff8	lib	other
6ef003	Unwind@006ef003	lib	other
6ef00e	Unwind@006ef00e	lib	other
6ef019	Unwind@006ef019	lib	other
6ef024	Unwind@006ef024	lib	other
6ef02f	Unwind@006ef02f	lib	other
6ef03a	Unwind@006ef03a	lib	other
6ef045	Unwind@006ef045	lib	other
6ef050	Unwind@006ef050	lib	other
6ef05b	Unwind@006ef05b	lib	other
6ef066	Unwind@006ef066	lib	other
6ef071	Unwind@006ef071	lib	other
6ef07c	Unwind@006ef07c	lib	other
6ef087	Unwind@006ef087	lib	other
6ef092	Unwind@006ef092	lib	other
6ef09d	Unwind@006ef09d	lib	other
6ef0a8	Unwind@006ef0a8	lib	other
6ef0b3	Unwind@006ef0b3	lib	other
6ef0be	Unwind@006ef0be	lib	other
6ef0c9	Unwind@006ef0c9	lib	other
6ef0d4	Unwind@006ef0d4	lib	other
6ef0df	Unwind@006ef0df	lib	other
6ef0ea	Unwind@006ef0ea	lib	other
6ef0f5	Unwind@006ef0f5	lib	other
6ef100	Unwind@006ef100	lib	other
6ef10b	Unwind@006ef10b	lib	other
6ef116	Unwind@006ef116	lib	other
6ef121	Unwind@006ef121	lib	other
6ef12c	Unwind@006ef12c	lib	other
6ef137	Unwind@006ef137	lib	other
6ef142	Unwind@006ef142	lib	other
6ef14d	Unwind@006ef14d	lib	other
6ef158	Unwind@006ef158	lib	other
6ef163	Unwind@006ef163	lib	other
6ef16e	Unwind@006ef16e	lib	other
6ef179	Unwind@006ef179	lib	other
6ef184	Unwind@006ef184	lib	other
6ef18f	Unwind@006ef18f	lib	other
6ef19a	Unwind@006ef19a	lib	other
6ef1a5	Unwind@006ef1a5	lib	other
6ef1b0	Unwind@006ef1b0	lib	other
6ef1bb	Unwind@006ef1bb	lib	other
6ef1c6	Unwind@006ef1c6	lib	other
6ef1d1	Unwind@006ef1d1	lib	other
6ef1dc	Unwind@006ef1dc	lib	other
6ef1e7	Unwind@006ef1e7	lib	other
6ef1f2	Unwind@006ef1f2	lib	other
6ef1fd	Unwind@006ef1fd	lib	other
6ef208	Unwind@006ef208	lib	other
6ef213	Unwind@006ef213	lib	other
6ef21e	Unwind@006ef21e	lib	other
6ef229	Unwind@006ef229	lib	other
6ef234	Unwind@006ef234	lib	other
6ef23f	Unwind@006ef23f	lib	other
6ef24a	Unwind@006ef24a	lib	other
6ef255	Unwind@006ef255	lib	other
6ef260	Unwind@006ef260	lib	other
6ef26b	Unwind@006ef26b	lib	other
6ef276	Unwind@006ef276	lib	other
6ef281	Unwind@006ef281	lib	other
6ef28c	Unwind@006ef28c	lib	other
6ef297	Unwind@006ef297	lib	other
6ef2a2	Unwind@006ef2a2	lib	other
6ef2ad	Unwind@006ef2ad	lib	other
6ef2b8	Unwind@006ef2b8	lib	other
6ef2c3	Unwind@006ef2c3	lib	other
6ef2ce	Unwind@006ef2ce	lib	other
6ef2d9	Unwind@006ef2d9	lib	other
6ef2e4	Unwind@006ef2e4	lib	other
6ef2ef	Unwind@006ef2ef	lib	other
6ef2fa	Unwind@006ef2fa	lib	other
6ef305	Unwind@006ef305	lib	other
6ef310	Unwind@006ef310	lib	other
6ef31b	Unwind@006ef31b	lib	other
6ef326	Unwind@006ef326	lib	other
6ef331	Unwind@006ef331	lib	other
6ef33c	Unwind@006ef33c	lib	other
6ef347	Unwind@006ef347	lib	other
6ef352	Unwind@006ef352	lib	other
6ef35d	Unwind@006ef35d	lib	other
6ef368	Unwind@006ef368	lib	other
6ef373	Unwind@006ef373	lib	other
6ef37e	Unwind@006ef37e	lib	other
6ef389	Unwind@006ef389	lib	other
6ef394	Unwind@006ef394	lib	other
6ef39f	Unwind@006ef39f	lib	other
6ef3aa	Unwind@006ef3aa	lib	other
6ef3b5	Unwind@006ef3b5	lib	other
6ef3c0	Unwind@006ef3c0	lib	other
6ef3cb	Unwind@006ef3cb	lib	other
6ef3d6	Unwind@006ef3d6	lib	other
6ef3e1	Unwind@006ef3e1	lib	other
6ef3ec	Unwind@006ef3ec	lib	other
6ef3f7	Unwind@006ef3f7	lib	other
6ef402	Unwind@006ef402	lib	other
6ef40d	Unwind@006ef40d	lib	other
6ef418	Unwind@006ef418	lib	other
6ef423	Unwind@006ef423	lib	other
6ef42e	Unwind@006ef42e	lib	other
6ef439	Unwind@006ef439	lib	other
6ef444	Unwind@006ef444	lib	other
6ef44f	Unwind@006ef44f	lib	other
6ef45a	Unwind@006ef45a	lib	other
6ef465	Unwind@006ef465	lib	other
6ef470	Unwind@006ef470	lib	other
6ef47b	Unwind@006ef47b	lib	other
6ef486	Unwind@006ef486	lib	other
6ef491	Unwind@006ef491	lib	other
6ef49c	Unwind@006ef49c	lib	other
6ef4a7	Unwind@006ef4a7	lib	other
6ef4b2	Unwind@006ef4b2	lib	other
6ef4bd	Unwind@006ef4bd	lib	other
6ef4c8	Unwind@006ef4c8	lib	other
6ef4d3	Unwind@006ef4d3	lib	other
6ef4de	Unwind@006ef4de	lib	other
6ef4e9	Unwind@006ef4e9	lib	other
6ef4f4	Unwind@006ef4f4	lib	other
6ef4ff	Unwind@006ef4ff	lib	other
6ef50a	Unwind@006ef50a	lib	other
6ef515	Unwind@006ef515	lib	other
6ef520	Unwind@006ef520	lib	other
6ef52b	Unwind@006ef52b	lib	other
6ef536	Unwind@006ef536	lib	other
6ef541	Unwind@006ef541	lib	other
6ef54c	Unwind@006ef54c	lib	other
6ef557	Unwind@006ef557	lib	other
6ef562	Unwind@006ef562	lib	other
6ef56d	Unwind@006ef56d	lib	other
6ef578	Unwind@006ef578	lib	other
6ef583	Unwind@006ef583	lib	other
6ef58e	Unwind@006ef58e	lib	other
6ef599	Unwind@006ef599	lib	other
6ef5a4	Unwind@006ef5a4	lib	other
6ef5af	Unwind@006ef5af	lib	other
6ef5ba	Unwind@006ef5ba	lib	other
6ef5c5	Unwind@006ef5c5	lib	other
6ef5d0	Unwind@006ef5d0	lib	other
6ef5db	Unwind@006ef5db	lib	other
6ef5e6	Unwind@006ef5e6	lib	other
6ef5f1	Unwind@006ef5f1	lib	other
6ef5fc	Unwind@006ef5fc	lib	other
6ef607	Unwind@006ef607	lib	other
6ef612	Unwind@006ef612	lib	other
6ef61d	Unwind@006ef61d	lib	other
6ef628	Unwind@006ef628	lib	other
6ef633	Unwind@006ef633	lib	other
6ef63e	Unwind@006ef63e	lib	other
6ef649	Unwind@006ef649	lib	other
6ef654	Unwind@006ef654	lib	other
6ef65f	Unwind@006ef65f	lib	other
6ef66a	Unwind@006ef66a	lib	other
6ef675	Unwind@006ef675	lib	other
6ef680	Unwind@006ef680	lib	other
6ef68b	Unwind@006ef68b	lib	other
6ef696	Unwind@006ef696	lib	other
6ef6a1	Unwind@006ef6a1	lib	other
6ef6ac	Unwind@006ef6ac	lib	other
6ef6b7	Unwind@006ef6b7	lib	other
6ef6c2	Unwind@006ef6c2	lib	other
6ef6cd	Unwind@006ef6cd	lib	other
6ef6d8	Unwind@006ef6d8	lib	other
6ef6e3	Unwind@006ef6e3	lib	other
6ef6ee	Unwind@006ef6ee	lib	other
6ef6f9	Unwind@006ef6f9	lib	other
6ef704	Unwind@006ef704	lib	other
6ef70f	Unwind@006ef70f	lib	other
6ef71a	Unwind@006ef71a	lib	other
6ef725	Unwind@006ef725	lib	other
6ef730	Unwind@006ef730	lib	other
6ef73b	Unwind@006ef73b	lib	other
6ef746	Unwind@006ef746	lib	other
6ef751	Unwind@006ef751	lib	other
6ef75c	Unwind@006ef75c	lib	other
6ef767	Unwind@006ef767	lib	other
6ef772	Unwind@006ef772	lib	other
6ef77d	Unwind@006ef77d	lib	other
6ef788	Unwind@006ef788	lib	other
6ef793	Unwind@006ef793	lib	other
6ef79e	Unwind@006ef79e	lib	other
6ef7a9	Unwind@006ef7a9	lib	other
6ef7b4	Unwind@006ef7b4	lib	other
6ef7bf	Unwind@006ef7bf	lib	other
6ef7ca	Unwind@006ef7ca	lib	other
6ef7d5	Unwind@006ef7d5	lib	other
6ef7e0	Unwind@006ef7e0	lib	other
6ef7eb	Unwind@006ef7eb	lib	other
6ef7f6	Unwind@006ef7f6	lib	other
6ef801	Unwind@006ef801	lib	other
6ef80c	Unwind@006ef80c	lib	other
6ef817	Unwind@006ef817	lib	other
6ef822	Unwind@006ef822	lib	other
6ef82d	Unwind@006ef82d	lib	other
6ef838	Unwind@006ef838	lib	other
6ef843	Unwind@006ef843	lib	other
6ef84e	Unwind@006ef84e	lib	other
6ef859	Unwind@006ef859	lib	other
6ef864	Unwind@006ef864	lib	other
6ef86f	Unwind@006ef86f	lib	other
6ef87a	Unwind@006ef87a	lib	other
6ef885	Unwind@006ef885	lib	other
6ef890	Unwind@006ef890	lib	other
6ef89b	Unwind@006ef89b	lib	other
6ef8a6	Unwind@006ef8a6	lib	other
6ef8b1	Unwind@006ef8b1	lib	other
6ef8bc	Unwind@006ef8bc	lib	other
6ef8c7	Unwind@006ef8c7	lib	other
6ef8d2	Unwind@006ef8d2	lib	other
6ef8dd	Unwind@006ef8dd	lib	other
6ef8e8	Unwind@006ef8e8	lib	other
6ef8f3	Unwind@006ef8f3	lib	other
6ef8fe	Unwind@006ef8fe	lib	other
6ef909	Unwind@006ef909	lib	other
6ef914	Unwind@006ef914	lib	other
6ef91f	Unwind@006ef91f	lib	other
6ef92a	Unwind@006ef92a	lib	other
6ef935	Unwind@006ef935	lib	other
6ef940	Unwind@006ef940	lib	other
6ef94b	Unwind@006ef94b	lib	other
6ef956	Unwind@006ef956	lib	other
6ef961	Unwind@006ef961	lib	other
6ef96c	Unwind@006ef96c	lib	other
6ef977	Unwind@006ef977	lib	other
6ef982	Unwind@006ef982	lib	other
6ef98d	Unwind@006ef98d	lib	other
6ef998	Unwind@006ef998	lib	other
6ef9a3	Unwind@006ef9a3	lib	other
6ef9ae	Unwind@006ef9ae	lib	other
6ef9b9	Unwind@006ef9b9	lib	other
6ef9c4	Unwind@006ef9c4	lib	other
6ef9cf	Unwind@006ef9cf	lib	other
6ef9da	Unwind@006ef9da	lib	other
6ef9e5	Unwind@006ef9e5	lib	other
6ef9f0	Unwind@006ef9f0	lib	other
6ef9fb	Unwind@006ef9fb	lib	other
6efa06	Unwind@006efa06	lib	other
6efa11	Unwind@006efa11	lib	other
6efa1c	Unwind@006efa1c	lib	other
6efa27	Unwind@006efa27	lib	other
6efa32	Unwind@006efa32	lib	other
6efa3d	Unwind@006efa3d	lib	other
6efa48	Unwind@006efa48	lib	other
6efa53	Unwind@006efa53	lib	other
6efa5e	Unwind@006efa5e	lib	other
6efa69	Unwind@006efa69	lib	other
6efa74	Unwind@006efa74	lib	other
6efa7f	Unwind@006efa7f	lib	other
6efa8a	Unwind@006efa8a	lib	other
6efa95	Unwind@006efa95	lib	other
6efaa0	Unwind@006efaa0	lib	other
6efaab	Unwind@006efaab	lib	other
6efab6	Unwind@006efab6	lib	other
6efac1	Unwind@006efac1	lib	other
6efacc	Unwind@006efacc	lib	other
6efad7	Unwind@006efad7	lib	other
6efae2	Unwind@006efae2	lib	other
6efaed	Unwind@006efaed	lib	other
6efaf8	Unwind@006efaf8	lib	other
6efb03	Unwind@006efb03	lib	other
6efb0e	Unwind@006efb0e	lib	other
6efb19	Unwind@006efb19	lib	other
6efb24	Unwind@006efb24	lib	other
6efb2f	Unwind@006efb2f	lib	other
6efb3a	Unwind@006efb3a	lib	other
6efb45	Unwind@006efb45	lib	other
6efb50	Unwind@006efb50	lib	other
6efb5b	Unwind@006efb5b	lib	other
6efb66	Unwind@006efb66	lib	other
6efb71	Unwind@006efb71	lib	other
6efb7c	Unwind@006efb7c	lib	other
6efb87	Unwind@006efb87	lib	other
6efb92	Unwind@006efb92	lib	other
6efb9d	Unwind@006efb9d	lib	other
6efba8	Unwind@006efba8	lib	other
6efbb3	Unwind@006efbb3	lib	other
6efbbe	Unwind@006efbbe	lib	other
6efbc9	Unwind@006efbc9	lib	other
6efbd4	Unwind@006efbd4	lib	other
6efbdf	Unwind@006efbdf	lib	other
6efbea	Unwind@006efbea	lib	other
6efbf5	Unwind@006efbf5	lib	other
6efc00	Unwind@006efc00	lib	other
6efc0b	Unwind@006efc0b	lib	other
6efc16	Unwind@006efc16	lib	other
6efc21	Unwind@006efc21	lib	other
6efc2c	Unwind@006efc2c	lib	other
6efc37	Unwind@006efc37	lib	other
6efc42	Unwind@006efc42	lib	other
6efc4d	Unwind@006efc4d	lib	other
6efc58	Unwind@006efc58	lib	other
6efc63	Unwind@006efc63	lib	other
6efc6e	Unwind@006efc6e	lib	other
6efc79	Unwind@006efc79	lib	other
6efc84	Unwind@006efc84	lib	other
6efc8f	Unwind@006efc8f	lib	other
6efc9a	Unwind@006efc9a	lib	other
6efca5	Unwind@006efca5	lib	other
6efcb0	Unwind@006efcb0	lib	other
6efcbb	Unwind@006efcbb	lib	other
6efcc6	Unwind@006efcc6	lib	other
6efcd1	Unwind@006efcd1	lib	other
6efcdc	Unwind@006efcdc	lib	other
6efce7	Unwind@006efce7	lib	other
6efcf2	Unwind@006efcf2	lib	other
6efcfd	Unwind@006efcfd	lib	other
6efd08	Unwind@006efd08	lib	other
6efd13	Unwind@006efd13	lib	other
6efd1e	Unwind@006efd1e	lib	other
6efd29	Unwind@006efd29	lib	other
6efd34	Unwind@006efd34	lib	other
6efd3f	Unwind@006efd3f	lib	other
6efd4a	Unwind@006efd4a	lib	other
6efd55	Unwind@006efd55	lib	other
6efd60	Unwind@006efd60	lib	other
6efd6b	Unwind@006efd6b	lib	other
6efd76	Unwind@006efd76	lib	other
6efd81	Unwind@006efd81	lib	other
6efd8c	Unwind@006efd8c	lib	other
6efd97	Unwind@006efd97	lib	other
6efda2	Unwind@006efda2	lib	other
6efdad	Unwind@006efdad	lib	other
6efdb8	Unwind@006efdb8	lib	other
6efdc3	Unwind@006efdc3	lib	other
6efdce	Unwind@006efdce	lib	other
6efdd9	Unwind@006efdd9	lib	other
6efde4	Unwind@006efde4	lib	other
6efdef	Unwind@006efdef	lib	other
6efdfa	Unwind@006efdfa	lib	other
6efe05	Unwind@006efe05	lib	other
6efe10	Unwind@006efe10	lib	other
6efe1b	Unwind@006efe1b	lib	other
6efe26	Unwind@006efe26	lib	other
6efe31	Unwind@006efe31	lib	other
6efe3c	Unwind@006efe3c	lib	other
6efe47	Unwind@006efe47	lib	other
6efe52	Unwind@006efe52	lib	other
6efe5d	Unwind@006efe5d	lib	other
6efe68	Unwind@006efe68	lib	other
6efe73	Unwind@006efe73	lib	other
6efe7e	Unwind@006efe7e	lib	other
6efe89	Unwind@006efe89	lib	other
6efe94	Unwind@006efe94	lib	other
6efe9f	Unwind@006efe9f	lib	other
6efeaa	Unwind@006efeaa	lib	other
6efeb5	Unwind@006efeb5	lib	other
6efec0	Unwind@006efec0	lib	other
6efecb	Unwind@006efecb	lib	other
6efed6	Unwind@006efed6	lib	other
6efee1	Unwind@006efee1	lib	other
6efeec	Unwind@006efeec	lib	other
6efef7	Unwind@006efef7	lib	other
6eff02	Unwind@006eff02	lib	other
6eff0d	Unwind@006eff0d	lib	other
6eff18	Unwind@006eff18	lib	other
6eff23	Unwind@006eff23	lib	other
6eff2e	Unwind@006eff2e	lib	other
6eff39	Unwind@006eff39	lib	other
6eff44	Unwind@006eff44	lib	other
6eff4f	Unwind@006eff4f	lib	other
6eff5a	Unwind@006eff5a	lib	other
6eff65	Unwind@006eff65	lib	other
6eff70	Unwind@006eff70	lib	other
6eff7b	Unwind@006eff7b	lib	other
6eff86	Unwind@006eff86	lib	other
6eff91	Unwind@006eff91	lib	other
6eff9c	Unwind@006eff9c	lib	other
6effa7	Unwind@006effa7	lib	other
6effb2	Unwind@006effb2	lib	other
6effbd	Unwind@006effbd	lib	other
6effc8	Unwind@006effc8	lib	other
6effd3	Unwind@006effd3	lib	other
6effde	Unwind@006effde	lib	other
6effe9	Unwind@006effe9	lib	other
6efff4	Unwind@006efff4	lib	other
6effff	Unwind@006effff	lib	other
6f000a	Unwind@006f000a	lib	other
6f0015	Unwind@006f0015	lib	other
6f0020	Unwind@006f0020	lib	other
6f002b	Unwind@006f002b	lib	other
6f0036	Unwind@006f0036	lib	other
6f0041	Unwind@006f0041	lib	other
6f004c	Unwind@006f004c	lib	other
6f0057	Unwind@006f0057	lib	other
6f0062	Unwind@006f0062	lib	other
6f006d	Unwind@006f006d	lib	other
6f0078	Unwind@006f0078	lib	other
6f0083	Unwind@006f0083	lib	other
6f008e	Unwind@006f008e	lib	other
6f0099	Unwind@006f0099	lib	other
6f00a4	Unwind@006f00a4	lib	other
6f00af	Unwind@006f00af	lib	other
6f00ba	Unwind@006f00ba	lib	other
6f00c5	Unwind@006f00c5	lib	other
6f00d0	Unwind@006f00d0	lib	other
6f00db	Unwind@006f00db	lib	other
6f00e6	Unwind@006f00e6	lib	other
6f00f1	Unwind@006f00f1	lib	other
6f00fc	Unwind@006f00fc	lib	other
6f0107	Unwind@006f0107	lib	other
6f0112	Unwind@006f0112	lib	other
6f011d	Unwind@006f011d	lib	other
6f0128	Unwind@006f0128	lib	other
6f0133	Unwind@006f0133	lib	other
6f013e	Unwind@006f013e	lib	other
6f0149	Unwind@006f0149	lib	other
6f0154	Unwind@006f0154	lib	other
6f015f	Unwind@006f015f	lib	other
6f016a	Unwind@006f016a	lib	other
6f0175	Unwind@006f0175	lib	other
6f0180	Unwind@006f0180	lib	other
6f018b	Unwind@006f018b	lib	other
6f0196	Unwind@006f0196	lib	other
6f01a1	Unwind@006f01a1	lib	other
6f01ac	Unwind@006f01ac	lib	other
6f01b7	Unwind@006f01b7	lib	other
6f01c2	Unwind@006f01c2	lib	other
6f01cd	Unwind@006f01cd	lib	other
6f01d8	Unwind@006f01d8	lib	other
6f01e3	Unwind@006f01e3	lib	other
6f01ee	Unwind@006f01ee	lib	other
6f01f9	Unwind@006f01f9	lib	other
6f0204	Unwind@006f0204	lib	other
6f020f	Unwind@006f020f	lib	other
6f021a	Unwind@006f021a	lib	other
6f0225	Unwind@006f0225	lib	other
6f0230	Unwind@006f0230	lib	other
6f023b	Unwind@006f023b	lib	other
6f0246	Unwind@006f0246	lib	other
6f0251	Unwind@006f0251	lib	other
6f025c	Unwind@006f025c	lib	other
6f0267	Unwind@006f0267	lib	other
6f0272	Unwind@006f0272	lib	other
6f027d	Unwind@006f027d	lib	other
6f0288	Unwind@006f0288	lib	other
6f0293	Unwind@006f0293	lib	other
6f029e	Unwind@006f029e	lib	other
6f02a9	Unwind@006f02a9	lib	other
6f02b4	Unwind@006f02b4	lib	other
6f02bf	Unwind@006f02bf	lib	other
6f02ca	Unwind@006f02ca	lib	other
6f02d5	Unwind@006f02d5	lib	other
6f02e0	Unwind@006f02e0	lib	other
6f02eb	Unwind@006f02eb	lib	other
6f02f6	Unwind@006f02f6	lib	other
6f0301	Unwind@006f0301	lib	other
6f030c	Unwind@006f030c	lib	other
6f0317	Unwind@006f0317	lib	other
6f0322	Unwind@006f0322	lib	other
6f032d	Unwind@006f032d	lib	other
6f0338	Unwind@006f0338	lib	other
6f0343	Unwind@006f0343	lib	other
6f034e	Unwind@006f034e	lib	other
6f0359	Unwind@006f0359	lib	other
6f0364	Unwind@006f0364	lib	other
6f036f	Unwind@006f036f	lib	other
6f037a	Unwind@006f037a	lib	other
6f0385	Unwind@006f0385	lib	other
6f0390	Unwind@006f0390	lib	other
6f039b	Unwind@006f039b	lib	other
6f03a6	Unwind@006f03a6	lib	other
6f03b1	Unwind@006f03b1	lib	other
6f03bc	Unwind@006f03bc	lib	other
6f03c7	Unwind@006f03c7	lib	other
6f03d2	Unwind@006f03d2	lib	other
6f03dd	Unwind@006f03dd	lib	other
6f03e8	Unwind@006f03e8	lib	other
6f03f3	Unwind@006f03f3	lib	other
6f03fe	Unwind@006f03fe	lib	other
6f0409	Unwind@006f0409	lib	other
6f0414	Unwind@006f0414	lib	other
6f041f	Unwind@006f041f	lib	other
6f042a	Unwind@006f042a	lib	other
6f0435	Unwind@006f0435	lib	other
6f0440	Unwind@006f0440	lib	other
6f044b	Unwind@006f044b	lib	other
6f0456	Unwind@006f0456	lib	other
6f0461	Unwind@006f0461	lib	other
6f046c	Unwind@006f046c	lib	other
6f0477	Unwind@006f0477	lib	other
6f0482	Unwind@006f0482	lib	other
6f048d	Unwind@006f048d	lib	other
6f0498	Unwind@006f0498	lib	other
6f04a3	Unwind@006f04a3	lib	other
6f04ae	Unwind@006f04ae	lib	other
6f04b9	Unwind@006f04b9	lib	other
6f04c4	Unwind@006f04c4	lib	other
6f04cf	Unwind@006f04cf	lib	other
6f04da	Unwind@006f04da	lib	other
6f04e5	Unwind@006f04e5	lib	other
6f04f0	Unwind@006f04f0	lib	other
6f04fb	Unwind@006f04fb	lib	other
6f0506	Unwind@006f0506	lib	other
6f0511	Unwind@006f0511	lib	other
6f051c	Unwind@006f051c	lib	other
6f0527	Unwind@006f0527	lib	other
6f0532	Unwind@006f0532	lib	other
6f053d	Unwind@006f053d	lib	other
6f0548	Unwind@006f0548	lib	other
6f0553	Unwind@006f0553	lib	other
6f055e	Unwind@006f055e	lib	other
6f0569	Unwind@006f0569	lib	other
6f0574	Unwind@006f0574	lib	other
6f057f	Unwind@006f057f	lib	other
6f058a	Unwind@006f058a	lib	other
6f0595	Unwind@006f0595	lib	other
6f05a0	Unwind@006f05a0	lib	other
6f05ab	Unwind@006f05ab	lib	other
6f05b6	Unwind@006f05b6	lib	other
6f05c1	Unwind@006f05c1	lib	other
6f05cc	Unwind@006f05cc	lib	other
6f05d7	Unwind@006f05d7	lib	other
6f05e2	Unwind@006f05e2	lib	other
6f05ed	Unwind@006f05ed	lib	other
6f05f8	Unwind@006f05f8	lib	other
6f0603	Unwind@006f0603	lib	other
6f060e	Unwind@006f060e	lib	other
6f0619	Unwind@006f0619	lib	other
6f0624	Unwind@006f0624	lib	other
6f062f	Unwind@006f062f	lib	other
6f063a	Unwind@006f063a	lib	other
6f0645	Unwind@006f0645	lib	other
6f0650	Unwind@006f0650	lib	other
6f065b	Unwind@006f065b	lib	other
6f0666	Unwind@006f0666	lib	other
6f0671	Unwind@006f0671	lib	other
6f067c	Unwind@006f067c	lib	other
6f0687	Unwind@006f0687	lib	other
6f0692	Unwind@006f0692	lib	other
6f069d	Unwind@006f069d	lib	other
6f06a8	Unwind@006f06a8	lib	other
6f06b3	Unwind@006f06b3	lib	other
6f06be	Unwind@006f06be	lib	other
6f06c9	Unwind@006f06c9	lib	other
6f06d4	Unwind@006f06d4	lib	other
6f06df	Unwind@006f06df	lib	other
6f06ea	Unwind@006f06ea	lib	other
6f06f5	Unwind@006f06f5	lib	other
6f0700	Unwind@006f0700	lib	other
6f070b	Unwind@006f070b	lib	other
6f0716	Unwind@006f0716	lib	other
6f0721	Unwind@006f0721	lib	other
6f072c	Unwind@006f072c	lib	other
6f0737	Unwind@006f0737	lib	other
6f0742	Unwind@006f0742	lib	other
6f074d	Unwind@006f074d	lib	other
6f0758	Unwind@006f0758	lib	other
6f0763	Unwind@006f0763	lib	other
6f076e	Unwind@006f076e	lib	other
6f0779	Unwind@006f0779	lib	other
6f0784	Unwind@006f0784	lib	other
6f078f	Unwind@006f078f	lib	other
6f079a	Unwind@006f079a	lib	other
6f07a5	Unwind@006f07a5	lib	other
6f07b0	Unwind@006f07b0	lib	other
6f07bb	Unwind@006f07bb	lib	other
6f07c6	Unwind@006f07c6	lib	other
6f07d1	Unwind@006f07d1	lib	other
6f07dc	Unwind@006f07dc	lib	other
6f07e7	Unwind@006f07e7	lib	other
6f07f2	Unwind@006f07f2	lib	other
6f07fd	Unwind@006f07fd	lib	other
6f0808	Unwind@006f0808	lib	other
6f0813	Unwind@006f0813	lib	other
6f081e	Unwind@006f081e	lib	other
6f0829	Unwind@006f0829	lib	other
6f0834	Unwind@006f0834	lib	other
6f083f	Unwind@006f083f	lib	other
6f084a	Unwind@006f084a	lib	other
6f0855	Unwind@006f0855	lib	other
6f0860	Unwind@006f0860	lib	other
6f086b	Unwind@006f086b	lib	other
6f0876	Unwind@006f0876	lib	other
6f0881	Unwind@006f0881	lib	other
6f088c	Unwind@006f088c	lib	other
6f0897	Unwind@006f0897	lib	other
6f08a2	Unwind@006f08a2	lib	other
6f08ad	Unwind@006f08ad	lib	other
6f08b8	Unwind@006f08b8	lib	other
6f08c3	Unwind@006f08c3	lib	other
6f08ce	Unwind@006f08ce	lib	other
6f08d9	Unwind@006f08d9	lib	other
6f08e4	Unwind@006f08e4	lib	other
6f08ef	Unwind@006f08ef	lib	other
6f08fa	Unwind@006f08fa	lib	other
6f0905	Unwind@006f0905	lib	other
6f0910	Unwind@006f0910	lib	other
6f091b	Unwind@006f091b	lib	other
6f0926	Unwind@006f0926	lib	other
6f0931	Unwind@006f0931	lib	other
6f093c	Unwind@006f093c	lib	other
6f0947	Unwind@006f0947	lib	other
6f0952	Unwind@006f0952	lib	other
6f095d	Unwind@006f095d	lib	other
6f0968	Unwind@006f0968	lib	other
6f0973	Unwind@006f0973	lib	other
6f097e	Unwind@006f097e	lib	other
6f0989	Unwind@006f0989	lib	other
6f0994	Unwind@006f0994	lib	other
6f099f	Unwind@006f099f	lib	other
6f09aa	Unwind@006f09aa	lib	other
6f09b5	Unwind@006f09b5	lib	other
6f09c0	Unwind@006f09c0	lib	other
6f09cb	Unwind@006f09cb	lib	other
6f09d6	Unwind@006f09d6	lib	other
6f09e1	Unwind@006f09e1	lib	other
6f09ec	Unwind@006f09ec	lib	other
6f09f7	Unwind@006f09f7	lib	other
6f0a02	Unwind@006f0a02	lib	other
6f0a0d	Unwind@006f0a0d	lib	other
6f0a18	Unwind@006f0a18	lib	other
6f0a23	Unwind@006f0a23	lib	other
6f0a2e	Unwind@006f0a2e	lib	other
6f0a39	Unwind@006f0a39	lib	other
6f0a44	Unwind@006f0a44	lib	other
6f0a4f	Unwind@006f0a4f	lib	other
6f0a5a	Unwind@006f0a5a	lib	other
6f0a65	Unwind@006f0a65	lib	other
6f0a70	Unwind@006f0a70	lib	other
6f0a7b	Unwind@006f0a7b	lib	other
6f0a86	Unwind@006f0a86	lib	other
6f0a91	Unwind@006f0a91	lib	other
6f0a9c	Unwind@006f0a9c	lib	other
6f0aa7	Unwind@006f0aa7	lib	other
6f0ab2	Unwind@006f0ab2	lib	other
6f0abd	Unwind@006f0abd	lib	other
6f0ac8	Unwind@006f0ac8	lib	other
6f0ad3	Unwind@006f0ad3	lib	other
6f0ade	Unwind@006f0ade	lib	other
6f0ae9	Unwind@006f0ae9	lib	other
6f0af4	Unwind@006f0af4	lib	other
6f0aff	Unwind@006f0aff	lib	other
6f0b0a	Unwind@006f0b0a	lib	other
6f0b15	Unwind@006f0b15	lib	other
6f0b20	Unwind@006f0b20	lib	other
6f0b2b	Unwind@006f0b2b	lib	other
6f0b36	Unwind@006f0b36	lib	other
6f0b41	Unwind@006f0b41	lib	other
6f0b4c	Unwind@006f0b4c	lib	other
6f0b57	Unwind@006f0b57	lib	other
6f0b62	Unwind@006f0b62	lib	other
6f0b6d	Unwind@006f0b6d	lib	other
6f0b78	Unwind@006f0b78	lib	other
6f0b83	Unwind@006f0b83	lib	other
6f0b8e	Unwind@006f0b8e	lib	other
6f0b99	Unwind@006f0b99	lib	other
6f0ba4	Unwind@006f0ba4	lib	other
6f0baf	Unwind@006f0baf	lib	other
6f0bba	Unwind@006f0bba	lib	other
6f0bc5	Unwind@006f0bc5	lib	other
6f0bd0	Unwind@006f0bd0	lib	other
6f0bdb	Unwind@006f0bdb	lib	other
6f0be6	Unwind@006f0be6	lib	other
6f0bf1	Unwind@006f0bf1	lib	other
6f0bfc	Unwind@006f0bfc	lib	other
6f0c07	Unwind@006f0c07	lib	other
6f0c12	Unwind@006f0c12	lib	other
6f0c1d	Unwind@006f0c1d	lib	other
6f0c28	Unwind@006f0c28	lib	other
6f0c33	Unwind@006f0c33	lib	other
6f0c3e	Unwind@006f0c3e	lib	other
6f0c49	Unwind@006f0c49	lib	other
6f0c54	Unwind@006f0c54	lib	other
6f0c5f	Unwind@006f0c5f	lib	other
6f0c6a	Unwind@006f0c6a	lib	other
6f0c75	Unwind@006f0c75	lib	other
6f0c80	Unwind@006f0c80	lib	other
6f0c8b	Unwind@006f0c8b	lib	other
6f0c96	Unwind@006f0c96	lib	other
6f0ca1	Unwind@006f0ca1	lib	other
6f0cac	Unwind@006f0cac	lib	other
6f0cb7	Unwind@006f0cb7	lib	other
6f0cc2	Unwind@006f0cc2	lib	other
6f0ccd	Unwind@006f0ccd	lib	other
6f0cd8	Unwind@006f0cd8	lib	other
6f0ce3	Unwind@006f0ce3	lib	other
6f0cee	Unwind@006f0cee	lib	other
6f0cf9	Unwind@006f0cf9	lib	other
6f0d04	Unwind@006f0d04	lib	other
6f0d0f	Unwind@006f0d0f	lib	other
6f0d1a	Unwind@006f0d1a	lib	other
6f0d25	Unwind@006f0d25	lib	other
6f0d30	Unwind@006f0d30	lib	other
6f0d3b	Unwind@006f0d3b	lib	other
6f0d46	Unwind@006f0d46	lib	other
6f0d51	Unwind@006f0d51	lib	other
6f0d5c	Unwind@006f0d5c	lib	other
6f0d67	Unwind@006f0d67	lib	other
6f0d72	Unwind@006f0d72	lib	other
6f0d7d	Unwind@006f0d7d	lib	other
6f0d88	Unwind@006f0d88	lib	other
6f0d93	Unwind@006f0d93	lib	other
6f0d9e	Unwind@006f0d9e	lib	other
6f0da9	Unwind@006f0da9	lib	other
6f0db4	Unwind@006f0db4	lib	other
6f0dbf	Unwind@006f0dbf	lib	other
6f0dca	Unwind@006f0dca	lib	other
6f0dd5	Unwind@006f0dd5	lib	other
6f0de0	Unwind@006f0de0	lib	other
6f0deb	Unwind@006f0deb	lib	other
6f0df6	Unwind@006f0df6	lib	other
6f0e01	Unwind@006f0e01	lib	other
6f0e0c	Unwind@006f0e0c	lib	other
6f0e17	Unwind@006f0e17	lib	other
6f0e22	Unwind@006f0e22	lib	other
6f0e2d	Unwind@006f0e2d	lib	other
6f0e38	Unwind@006f0e38	lib	other
6f0e43	Unwind@006f0e43	lib	other
6f0e4e	Unwind@006f0e4e	lib	other
6f0e59	Unwind@006f0e59	lib	other
6f0e64	Unwind@006f0e64	lib	other
6f0e6f	Unwind@006f0e6f	lib	other
6f0e7a	Unwind@006f0e7a	lib	other
6f0eb0	Unwind@006f0eb0	lib	other
6f0ee0	Unwind@006f0ee0	lib	other
6f0eeb	Unwind@006f0eeb	lib	other
6f0ef3	Unwind@006f0ef3	lib	other
6f0efb	Unwind@006f0efb	lib	other
6f0f03	Unwind@006f0f03	lib	other
6f0f0b	Unwind@006f0f0b	lib	other
6f0f13	Unwind@006f0f13	lib	other
6f0f70	Unwind@006f0f70	lib	other
6f0fa0	Unwind@006f0fa0	lib	other
6f0fa8	Unwind@006f0fa8	lib	other
6f0fb3	Unwind@006f0fb3	lib	other
6f0fbe	Unwind@006f0fbe	lib	other
6f0fcc	Unwind@006f0fcc	lib	other
6f0fda	Unwind@006f0fda	lib	other
6f0fe2	Unwind@006f0fe2	lib	other
6f0fea	Unwind@006f0fea	lib	other
6f0ff2	Unwind@006f0ff2	lib	other
6f0ffa	Unwind@006f0ffa	lib	other
6f1002	Unwind@006f1002	lib	other
6f100a	Unwind@006f100a	lib	other
6f1012	Unwind@006f1012	lib	other
6f101a	Unwind@006f101a	lib	other
6f1022	Unwind@006f1022	lib	other
6f102a	Unwind@006f102a	lib	other
6f1032	Unwind@006f1032	lib	other
6f103a	Unwind@006f103a	lib	other
6f1042	Unwind@006f1042	lib	other
6f104a	Unwind@006f104a	lib	other
6f1052	Unwind@006f1052	lib	other
6f105a	Unwind@006f105a	lib	other
6f1062	Unwind@006f1062	lib	other
6f106a	Unwind@006f106a	lib	other
6f1072	Unwind@006f1072	lib	other
6f107a	Unwind@006f107a	lib	other
6f1082	Unwind@006f1082	lib	other
6f108a	Unwind@006f108a	lib	other
6f1092	Unwind@006f1092	lib	other
6f109a	Unwind@006f109a	lib	other
6f10a2	Unwind@006f10a2	lib	other
6f10aa	Unwind@006f10aa	lib	other
6f10b2	Unwind@006f10b2	lib	other
6f10ba	Unwind@006f10ba	lib	other
6f10c2	Unwind@006f10c2	lib	other
6f10ca	Unwind@006f10ca	lib	other
6f10d2	Unwind@006f10d2	lib	other
6f10da	Unwind@006f10da	lib	other
6f10e2	Unwind@006f10e2	lib	other
6f1110	Unwind@006f1110	lib	other
6f1118	Unwind@006f1118	lib	other
6f1150	Unwind@006f1150	lib	other
6f1180	Unwind@006f1180	lib	other
6f1188	Unwind@006f1188	lib	other
6f1190	Unwind@006f1190	lib	other
6f11c0	Unwind@006f11c0	lib	other
6f11c8	Unwind@006f11c8	lib	other
6f11d0	Unwind@006f11d0	lib	other
6f1200	Unwind@006f1200	lib	other
6f1208	Unwind@006f1208	lib	other
6f1230	Unwind@006f1230	lib	other
6f1260	Unwind@006f1260	lib	other
6f1290	Unwind@006f1290	lib	other
6f1298	Unwind@006f1298	lib	other
6f12a3	Unwind@006f12a3	lib	other
6f12ae	Unwind@006f12ae	lib	other
6f12e0	Unwind@006f12e0	lib	other
6f1310	Unwind@006f1310	lib	other
6f1318	Unwind@006f1318	lib	other
6f1340	Unwind@006f1340	lib	other
6f1348	Unwind@006f1348	lib	other
6f1370	Unwind@006f1370	lib	other
6f1378	Unwind@006f1378	lib	other
6f13a0	Unwind@006f13a0	lib	other
6f13c3	Unwind@006f13c3	lib	other
6f13cf	Unwind@006f13cf	lib	other
6f13db	Unwind@006f13db	lib	other
6f1410	Unwind@006f1410	lib	other
6f1418	Unwind@006f1418	lib	other
6f1420	Unwind@006f1420	lib	other
6f142e	Unwind@006f142e	lib	other
6f1460	Unwind@006f1460	lib	other
6f1468	Unwind@006f1468	lib	other
6f14a0	Unwind@006f14a0	lib	other
6f14c3	Unwind@006f14c3	lib	other
6f14cf	Unwind@006f14cf	lib	other
6f14db	Unwind@006f14db	lib	other
6f14e6	Unwind@006f14e6	lib	other
6f14f1	Unwind@006f14f1	lib	other
6f14fc	Unwind@006f14fc	lib	other
6f1507	Unwind@006f1507	lib	other
6f1512	Unwind@006f1512	lib	other
6f151d	Unwind@006f151d	lib	other
6f1528	Unwind@006f1528	lib	other
6f1533	Unwind@006f1533	lib	other
6f153e	Unwind@006f153e	lib	other
6f1561	Unwind@006f1561	lib	other
6f156d	Unwind@006f156d	lib	other
6f1579	Unwind@006f1579	lib	other
6f1584	Unwind@006f1584	lib	other
6f158f	Unwind@006f158f	lib	other
6f159a	Unwind@006f159a	lib	other
6f15a5	Unwind@006f15a5	lib	other
6f1600	Unwind@006f1600	lib	other
6f16e0	Unwind@006f16e0	lib	other
6f1710	Unwind@006f1710	lib	other
6f171e	Unwind@006f171e	lib	other
6f172c	Unwind@006f172c	lib	other
6f173a	Unwind@006f173a	lib	other
6f1748	Unwind@006f1748	lib	other
6f1756	Unwind@006f1756	lib	other
6f1767	Unwind@006f1767	lib	other
6f1778	Unwind@006f1778	lib	other
6f1789	Unwind@006f1789	lib	other
6f179a	Unwind@006f179a	lib	other
6f17ab	Unwind@006f17ab	lib	other
6f17bc	Unwind@006f17bc	lib	other
6f17cd	Unwind@006f17cd	lib	other
6f17de	Unwind@006f17de	lib	other
6f17ef	Unwind@006f17ef	lib	other
6f1800	Unwind@006f1800	lib	other
6f1811	Unwind@006f1811	lib	other
6f1822	Unwind@006f1822	lib	other
6f1833	Unwind@006f1833	lib	other
6f1844	Unwind@006f1844	lib	other
6f184c	Unwind@006f184c	lib	other
6f1857	Unwind@006f1857	lib	other
6f185f	Unwind@006f185f	lib	other
6f186a	Unwind@006f186a	lib	other
6f1872	Unwind@006f1872	lib	other
6f187d	Unwind@006f187d	lib	other
6f1885	Unwind@006f1885	lib	other
6f1890	Unwind@006f1890	lib	other
6f1898	Unwind@006f1898	lib	other
6f18a3	Unwind@006f18a3	lib	other
6f18ab	Unwind@006f18ab	lib	other
6f18b6	Unwind@006f18b6	lib	other
6f18be	Unwind@006f18be	lib	other
6f18c9	Unwind@006f18c9	lib	other
6f18d1	Unwind@006f18d1	lib	other
6f18dc	Unwind@006f18dc	lib	other
6f18e4	Unwind@006f18e4	lib	other
6f18ef	Unwind@006f18ef	lib	other
6f18f7	Unwind@006f18f7	lib	other
6f1902	Unwind@006f1902	lib	other
6f190a	Unwind@006f190a	lib	other
6f1915	Unwind@006f1915	lib	other
6f191d	Unwind@006f191d	lib	other
6f1928	Unwind@006f1928	lib	other
6f1960	Unwind@006f1960	lib	other
6f196b	Unwind@006f196b	lib	other
6f1976	Unwind@006f1976	lib	other
6f1981	Unwind@006f1981	lib	other
6f198c	Unwind@006f198c	lib	other
6f1997	Unwind@006f1997	lib	other
6f19a5	Unwind@006f19a5	lib	other
6f19b3	Unwind@006f19b3	lib	other
6f19c1	Unwind@006f19c1	lib	other
6f19cf	Unwind@006f19cf	lib	other
6f19dd	Unwind@006f19dd	lib	other
6f19eb	Unwind@006f19eb	lib	other
6f19f9	Unwind@006f19f9	lib	other
6f1a07	Unwind@006f1a07	lib	other
6f1a15	Unwind@006f1a15	lib	other
6f1a23	Unwind@006f1a23	lib	other
6f1a31	Unwind@006f1a31	lib	other
6f1a3f	Unwind@006f1a3f	lib	other
6f1a4d	Unwind@006f1a4d	lib	other
6f1a80	Unwind@006f1a80	lib	other
6f1a88	Unwind@006f1a88	lib	other
6f1ac0	Unwind@006f1ac0	lib	other
6f1b30	Unwind@006f1b30	lib	other
6f1b3b	Unwind@006f1b3b	lib	other
6f1b43	Unwind@006f1b43	lib	other
6f1b4e	Unwind@006f1b4e	lib	other
6f1b56	Unwind@006f1b56	lib	other
6f1b5e	Unwind@006f1b5e	lib	other
6f1b66	Unwind@006f1b66	lib	other
6f1b71	Unwind@006f1b71	lib	other
6f1b7c	Unwind@006f1b7c	lib	other
6f1bb0	Unwind@006f1bb0	lib	other
6f1bbb	Unwind@006f1bbb	lib	other
6f1bc3	Unwind@006f1bc3	lib	other
6f1bcb	Unwind@006f1bcb	lib	other
6f1bd3	Unwind@006f1bd3	lib	other
6f1bdb	Unwind@006f1bdb	lib	other
6f1be6	Unwind@006f1be6	lib	other
6f1bee	Unwind@006f1bee	lib	other
6f1bf6	Unwind@006f1bf6	lib	other
6f1bfe	Unwind@006f1bfe	lib	other
6f1c06	Unwind@006f1c06	lib	other
6f1c40	Unwind@006f1c40	lib	other
6f1c80	Unwind@006f1c80	lib	other
6f1c8b	Unwind@006f1c8b	lib	other
6f1c96	Unwind@006f1c96	lib	other
6f1cd0	Unwind@006f1cd0	lib	other
6f1cd8	Unwind@006f1cd8	lib	other
6f1ce0	Unwind@006f1ce0	lib	other
6f1ce8	Unwind@006f1ce8	lib	other
6f1cf0	Unwind@006f1cf0	lib	other
6f1cfb	Unwind@006f1cfb	lib	other
6f1d03	Unwind@006f1d03	lib	other
6f1d0b	Unwind@006f1d0b	lib	other
6f1d16	Unwind@006f1d16	lib	other
6f1d1e	Unwind@006f1d1e	lib	other
6f1d41	Unwind@006f1d41	lib	other
6f1d4d	Unwind@006f1d4d	lib	other
6f1d59	Unwind@006f1d59	lib	other
6f1d64	Unwind@006f1d64	lib	other
6f1d6f	Unwind@006f1d6f	lib	other
6f1d7a	Unwind@006f1d7a	lib	other
6f1d82	Unwind@006f1d82	lib	other
6f1d8d	Unwind@006f1d8d	lib	other
6f1d95	Unwind@006f1d95	lib	other
6f1d9d	Unwind@006f1d9d	lib	other
6f1da5	Unwind@006f1da5	lib	other
6f1dad	Unwind@006f1dad	lib	other
6f1db5	Unwind@006f1db5	lib	other
6f1dc0	Unwind@006f1dc0	lib	other
6f1dcb	Unwind@006f1dcb	lib	other
6f1dd6	Unwind@006f1dd6	lib	other
6f1dde	Unwind@006f1dde	lib	other
6f1de9	Unwind@006f1de9	lib	other
6f1df4	Unwind@006f1df4	lib	other
6f1dff	Unwind@006f1dff	lib	other
6f1e0a	Unwind@006f1e0a	lib	other
6f1e15	Unwind@006f1e15	lib	other
6f1e20	Unwind@006f1e20	lib	other
6f1e2b	Unwind@006f1e2b	lib	other
6f1e36	Unwind@006f1e36	lib	other
6f1e41	Unwind@006f1e41	lib	other
6f1e4c	Unwind@006f1e4c	lib	other
6f1e57	Unwind@006f1e57	lib	other
6f1e62	Unwind@006f1e62	lib	other
6f1e6d	Unwind@006f1e6d	lib	other
6f1e78	Unwind@006f1e78	lib	other
6f1e83	Unwind@006f1e83	lib	other
6f1e8e	Unwind@006f1e8e	lib	other
6f1e99	Unwind@006f1e99	lib	other
6f1ea4	Unwind@006f1ea4	lib	other
6f1eaf	Unwind@006f1eaf	lib	other
6f1eba	Unwind@006f1eba	lib	other
6f1ec5	Unwind@006f1ec5	lib	other
6f1ed0	Unwind@006f1ed0	lib	other
6f1edb	Unwind@006f1edb	lib	other
6f1ee6	Unwind@006f1ee6	lib	other
6f1ef1	Unwind@006f1ef1	lib	other
6f1efc	Unwind@006f1efc	lib	other
6f1f07	Unwind@006f1f07	lib	other
6f1f12	Unwind@006f1f12	lib	other
6f1f1d	Unwind@006f1f1d	lib	other
6f1f28	Unwind@006f1f28	lib	other
6f1f33	Unwind@006f1f33	lib	other
6f1f3e	Unwind@006f1f3e	lib	other
6f1f49	Unwind@006f1f49	lib	other
6f1f54	Unwind@006f1f54	lib	other
6f1f5f	Unwind@006f1f5f	lib	other
6f1f6a	Unwind@006f1f6a	lib	other
6f1f75	Unwind@006f1f75	lib	other
6f1f80	Unwind@006f1f80	lib	other
6f1f8b	Unwind@006f1f8b	lib	other
6f1f96	Unwind@006f1f96	lib	other
6f1fa1	Unwind@006f1fa1	lib	other
6f1fac	Unwind@006f1fac	lib	other
6f1fb7	Unwind@006f1fb7	lib	other
6f1fc2	Unwind@006f1fc2	lib	other
6f1fcd	Unwind@006f1fcd	lib	other
6f1fd8	Unwind@006f1fd8	lib	other
6f1fe3	Unwind@006f1fe3	lib	other
6f1fee	Unwind@006f1fee	lib	other
6f1ff9	Unwind@006f1ff9	lib	other
6f2004	Unwind@006f2004	lib	other
6f200f	Unwind@006f200f	lib	other
6f201a	Unwind@006f201a	lib	other
6f2025	Unwind@006f2025	lib	other
6f2030	Unwind@006f2030	lib	other
6f2070	Unwind@006f2070	lib	other
6f20b0	Unwind@006f20b0	lib	other
6f20be	Unwind@006f20be	lib	other
6f20f0	Unwind@006f20f0	lib	other
6f2130	Unwind@006f2130	lib	other
6f213e	Unwind@006f213e	lib	other
6f2148	Unwind@006f2148	lib	other
6f2152	Unwind@006f2152	lib	other
6f215c	Unwind@006f215c	lib	other
6f2166	Unwind@006f2166	lib	other
6f2170	Unwind@006f2170	lib	other
6f217a	Unwind@006f217a	lib	other
6f2184	Unwind@006f2184	lib	other
6f218e	Unwind@006f218e	lib	other
6f2198	Unwind@006f2198	lib	other
6f21a2	Unwind@006f21a2	lib	other
6f21ac	Unwind@006f21ac	lib	other
6f21b6	Unwind@006f21b6	lib	other
6f21c0	Unwind@006f21c0	lib	other
6f21ca	Unwind@006f21ca	lib	other
6f21d4	Unwind@006f21d4	lib	other
6f21de	Unwind@006f21de	lib	other
6f21e8	Unwind@006f21e8	lib	other
6f21f2	Unwind@006f21f2	lib	other
6f21fc	Unwind@006f21fc	lib	other
6f220a	Unwind@006f220a	lib	other
6f2214	Unwind@006f2214	lib	other
6f221e	Unwind@006f221e	lib	other
6f2228	Unwind@006f2228	lib	other
6f2232	Unwind@006f2232	lib	other
6f223c	Unwind@006f223c	lib	other
6f2246	Unwind@006f2246	lib	other
6f2250	Unwind@006f2250	lib	other
6f225a	Unwind@006f225a	lib	other
6f2264	Unwind@006f2264	lib	other
6f226e	Unwind@006f226e	lib	other
6f2278	Unwind@006f2278	lib	other
6f2282	Unwind@006f2282	lib	other
6f228c	Unwind@006f228c	lib	other
6f2296	Unwind@006f2296	lib	other
6f22a0	Unwind@006f22a0	lib	other
6f22aa	Unwind@006f22aa	lib	other
6f22b4	Unwind@006f22b4	lib	other
6f22be	Unwind@006f22be	lib	other
6f22c8	Unwind@006f22c8	lib	other
6f22d6	Unwind@006f22d6	lib	other
6f22e0	Unwind@006f22e0	lib	other
6f22ea	Unwind@006f22ea	lib	other
6f22f4	Unwind@006f22f4	lib	other
6f22fe	Unwind@006f22fe	lib	other
6f2308	Unwind@006f2308	lib	other
6f2312	Unwind@006f2312	lib	other
6f231c	Unwind@006f231c	lib	other
6f2326	Unwind@006f2326	lib	other
6f2330	Unwind@006f2330	lib	other
6f233e	Unwind@006f233e	lib	other
6f2348	Unwind@006f2348	lib	other
6f2352	Unwind@006f2352	lib	other
6f235c	Unwind@006f235c	lib	other
6f2366	Unwind@006f2366	lib	other
6f2370	Unwind@006f2370	lib	other
6f237a	Unwind@006f237a	lib	other
6f2384	Unwind@006f2384	lib	other
6f238e	Unwind@006f238e	lib	other
6f2398	Unwind@006f2398	lib	other
6f23a6	Unwind@006f23a6	lib	other
6f23b0	Unwind@006f23b0	lib	other
6f23ba	Unwind@006f23ba	lib	other
6f23c4	Unwind@006f23c4	lib	other
6f23ce	Unwind@006f23ce	lib	other
6f23d8	Unwind@006f23d8	lib	other
6f23e2	Unwind@006f23e2	lib	other
6f23ec	Unwind@006f23ec	lib	other
6f23f6	Unwind@006f23f6	lib	other
6f2400	Unwind@006f2400	lib	other
6f240e	Unwind@006f240e	lib	other
6f2418	Unwind@006f2418	lib	other
6f2422	Unwind@006f2422	lib	other
6f242c	Unwind@006f242c	lib	other
6f2436	Unwind@006f2436	lib	other
6f2440	Unwind@006f2440	lib	other
6f244a	Unwind@006f244a	lib	other
6f2454	Unwind@006f2454	lib	other
6f245e	Unwind@006f245e	lib	other
6f2468	Unwind@006f2468	lib	other
6f2476	Unwind@006f2476	lib	other
6f2480	Unwind@006f2480	lib	other
6f248a	Unwind@006f248a	lib	other
6f2494	Unwind@006f2494	lib	other
6f249e	Unwind@006f249e	lib	other
6f24a8	Unwind@006f24a8	lib	other
6f24b2	Unwind@006f24b2	lib	other
6f24bc	Unwind@006f24bc	lib	other
6f24c6	Unwind@006f24c6	lib	other
6f24d0	Unwind@006f24d0	lib	other
6f24e0	Unwind@006f24e0	lib	other
6f24ea	Unwind@006f24ea	lib	other
6f24f4	Unwind@006f24f4	lib	other
6f24fe	Unwind@006f24fe	lib	other
6f2508	Unwind@006f2508	lib	other
6f2512	Unwind@006f2512	lib	other
6f251c	Unwind@006f251c	lib	other
6f2526	Unwind@006f2526	lib	other
6f2530	Unwind@006f2530	lib	other
6f253a	Unwind@006f253a	lib	other
6f254a	Unwind@006f254a	lib	other
6f2554	Unwind@006f2554	lib	other
6f255e	Unwind@006f255e	lib	other
6f2568	Unwind@006f2568	lib	other
6f2572	Unwind@006f2572	lib	other
6f257c	Unwind@006f257c	lib	other
6f2586	Unwind@006f2586	lib	other
6f2590	Unwind@006f2590	lib	other
6f259a	Unwind@006f259a	lib	other
6f25a4	Unwind@006f25a4	lib	other
6f25b4	Unwind@006f25b4	lib	other
6f25be	Unwind@006f25be	lib	other
6f25c8	Unwind@006f25c8	lib	other
6f25d2	Unwind@006f25d2	lib	other
6f25dc	Unwind@006f25dc	lib	other
6f25e6	Unwind@006f25e6	lib	other
6f25f0	Unwind@006f25f0	lib	other
6f25fa	Unwind@006f25fa	lib	other
6f2604	Unwind@006f2604	lib	other
6f260e	Unwind@006f260e	lib	other
6f261e	Unwind@006f261e	lib	other
6f2628	Unwind@006f2628	lib	other
6f2632	Unwind@006f2632	lib	other
6f263c	Unwind@006f263c	lib	other
6f2646	Unwind@006f2646	lib	other
6f2650	Unwind@006f2650	lib	other
6f265a	Unwind@006f265a	lib	other
6f2664	Unwind@006f2664	lib	other
6f266e	Unwind@006f266e	lib	other
6f2678	Unwind@006f2678	lib	other
6f2688	Unwind@006f2688	lib	other
6f2692	Unwind@006f2692	lib	other
6f269c	Unwind@006f269c	lib	other
6f26a6	Unwind@006f26a6	lib	other
6f26b0	Unwind@006f26b0	lib	other
6f26ba	Unwind@006f26ba	lib	other
6f26c4	Unwind@006f26c4	lib	other
6f26ce	Unwind@006f26ce	lib	other
6f26d8	Unwind@006f26d8	lib	other
6f26e2	Unwind@006f26e2	lib	other
6f26f2	Unwind@006f26f2	lib	other
6f26fc	Unwind@006f26fc	lib	other
6f2706	Unwind@006f2706	lib	other
6f2710	Unwind@006f2710	lib	other
6f271a	Unwind@006f271a	lib	other
6f2724	Unwind@006f2724	lib	other
6f272e	Unwind@006f272e	lib	other
6f2738	Unwind@006f2738	lib	other
6f2742	Unwind@006f2742	lib	other
6f274c	Unwind@006f274c	lib	other
6f275c	Unwind@006f275c	lib	other
6f2766	Unwind@006f2766	lib	other
6f2770	Unwind@006f2770	lib	other
6f277a	Unwind@006f277a	lib	other
6f2784	Unwind@006f2784	lib	other
6f278e	Unwind@006f278e	lib	other
6f2798	Unwind@006f2798	lib	other
6f27a2	Unwind@006f27a2	lib	other
6f27ac	Unwind@006f27ac	lib	other
6f27b6	Unwind@006f27b6	lib	other
6f27c6	Unwind@006f27c6	lib	other
6f27d0	Unwind@006f27d0	lib	other
6f27da	Unwind@006f27da	lib	other
6f27e4	Unwind@006f27e4	lib	other
6f27ee	Unwind@006f27ee	lib	other
6f27f8	Unwind@006f27f8	lib	other
6f2802	Unwind@006f2802	lib	other
6f280c	Unwind@006f280c	lib	other
6f2816	Unwind@006f2816	lib	other
6f2820	Unwind@006f2820	lib	other
6f2830	Unwind@006f2830	lib	other
6f283a	Unwind@006f283a	lib	other
6f2844	Unwind@006f2844	lib	other
6f284e	Unwind@006f284e	lib	other
6f2858	Unwind@006f2858	lib	other
6f2862	Unwind@006f2862	lib	other
6f286c	Unwind@006f286c	lib	other
6f2876	Unwind@006f2876	lib	other
6f2880	Unwind@006f2880	lib	other
6f288a	Unwind@006f288a	lib	other
6f289a	Unwind@006f289a	lib	other
6f28a4	Unwind@006f28a4	lib	other
6f28ae	Unwind@006f28ae	lib	other
6f28b8	Unwind@006f28b8	lib	other
6f28c2	Unwind@006f28c2	lib	other
6f28cc	Unwind@006f28cc	lib	other
6f28d6	Unwind@006f28d6	lib	other
6f28e0	Unwind@006f28e0	lib	other
6f28ea	Unwind@006f28ea	lib	other
6f28f4	Unwind@006f28f4	lib	other
6f2904	Unwind@006f2904	lib	other
6f290e	Unwind@006f290e	lib	other
6f2918	Unwind@006f2918	lib	other
6f2922	Unwind@006f2922	lib	other
6f292c	Unwind@006f292c	lib	other
6f2936	Unwind@006f2936	lib	other
6f2940	Unwind@006f2940	lib	other
6f294a	Unwind@006f294a	lib	other
6f2954	Unwind@006f2954	lib	other
6f295e	Unwind@006f295e	lib	other
6f296e	Unwind@006f296e	lib	other
6f2978	Unwind@006f2978	lib	other
6f2982	Unwind@006f2982	lib	other
6f298c	Unwind@006f298c	lib	other
6f2996	Unwind@006f2996	lib	other
6f29a0	Unwind@006f29a0	lib	other
6f29aa	Unwind@006f29aa	lib	other
6f29b4	Unwind@006f29b4	lib	other
6f29be	Unwind@006f29be	lib	other
6f29c8	Unwind@006f29c8	lib	other
6f29d8	Unwind@006f29d8	lib	other
6f29e2	Unwind@006f29e2	lib	other
6f29ec	Unwind@006f29ec	lib	other
6f29f6	Unwind@006f29f6	lib	other
6f2a00	Unwind@006f2a00	lib	other
6f2a0a	Unwind@006f2a0a	lib	other
6f2a14	Unwind@006f2a14	lib	other
6f2a1e	Unwind@006f2a1e	lib	other
6f2a28	Unwind@006f2a28	lib	other
6f2a32	Unwind@006f2a32	lib	other
6f2a42	Unwind@006f2a42	lib	other
6f2a4c	Unwind@006f2a4c	lib	other
6f2a56	Unwind@006f2a56	lib	other
6f2a60	Unwind@006f2a60	lib	other
6f2a6a	Unwind@006f2a6a	lib	other
6f2a74	Unwind@006f2a74	lib	other
6f2a7e	Unwind@006f2a7e	lib	other
6f2a88	Unwind@006f2a88	lib	other
6f2a92	Unwind@006f2a92	lib	other
6f2a9c	Unwind@006f2a9c	lib	other
6f2aac	Unwind@006f2aac	lib	other
6f2ab6	Unwind@006f2ab6	lib	other
6f2ac0	Unwind@006f2ac0	lib	other
6f2aca	Unwind@006f2aca	lib	other
6f2ad4	Unwind@006f2ad4	lib	other
6f2ade	Unwind@006f2ade	lib	other
6f2ae8	Unwind@006f2ae8	lib	other
6f2af2	Unwind@006f2af2	lib	other
6f2afc	Unwind@006f2afc	lib	other
6f2b06	Unwind@006f2b06	lib	other
6f2b16	Unwind@006f2b16	lib	other
6f2b20	Unwind@006f2b20	lib	other
6f2b2a	Unwind@006f2b2a	lib	other
6f2b34	Unwind@006f2b34	lib	other
6f2b3e	Unwind@006f2b3e	lib	other
6f2b48	Unwind@006f2b48	lib	other
6f2b52	Unwind@006f2b52	lib	other
6f2b5c	Unwind@006f2b5c	lib	other
6f2b66	Unwind@006f2b66	lib	other
6f2b70	Unwind@006f2b70	lib	other
6f2b80	Unwind@006f2b80	lib	other
6f2b8a	Unwind@006f2b8a	lib	other
6f2b94	Unwind@006f2b94	lib	other
6f2b9e	Unwind@006f2b9e	lib	other
6f2ba8	Unwind@006f2ba8	lib	other
6f2bb2	Unwind@006f2bb2	lib	other
6f2bbc	Unwind@006f2bbc	lib	other
6f2bc6	Unwind@006f2bc6	lib	other
6f2bd0	Unwind@006f2bd0	lib	other
6f2bda	Unwind@006f2bda	lib	other
6f2bea	Unwind@006f2bea	lib	other
6f2bf4	Unwind@006f2bf4	lib	other
6f2bfe	Unwind@006f2bfe	lib	other
6f2c08	Unwind@006f2c08	lib	other
6f2c12	Unwind@006f2c12	lib	other
6f2c1c	Unwind@006f2c1c	lib	other
6f2c26	Unwind@006f2c26	lib	other
6f2c30	Unwind@006f2c30	lib	other
6f2c3a	Unwind@006f2c3a	lib	other
6f2c44	Unwind@006f2c44	lib	other
6f2c54	Unwind@006f2c54	lib	other
6f2c5e	Unwind@006f2c5e	lib	other
6f2c68	Unwind@006f2c68	lib	other
6f2c72	Unwind@006f2c72	lib	other
6f2c7c	Unwind@006f2c7c	lib	other
6f2c86	Unwind@006f2c86	lib	other
6f2c90	Unwind@006f2c90	lib	other
6f2c9a	Unwind@006f2c9a	lib	other
6f2ca4	Unwind@006f2ca4	lib	other
6f2cae	Unwind@006f2cae	lib	other
6f2cbe	Unwind@006f2cbe	lib	other
6f2cc8	Unwind@006f2cc8	lib	other
6f2cd2	Unwind@006f2cd2	lib	other
6f2cdc	Unwind@006f2cdc	lib	other
6f2ce6	Unwind@006f2ce6	lib	other
6f2cf0	Unwind@006f2cf0	lib	other
6f2cfa	Unwind@006f2cfa	lib	other
6f2d04	Unwind@006f2d04	lib	other
6f2d0e	Unwind@006f2d0e	lib	other
6f2d18	Unwind@006f2d18	lib	other
6f2d28	Unwind@006f2d28	lib	other
6f2d32	Unwind@006f2d32	lib	other
6f2d3c	Unwind@006f2d3c	lib	other
6f2d46	Unwind@006f2d46	lib	other
6f2d50	Unwind@006f2d50	lib	other
6f2d5a	Unwind@006f2d5a	lib	other
6f2d64	Unwind@006f2d64	lib	other
6f2d6e	Unwind@006f2d6e	lib	other
6f2d78	Unwind@006f2d78	lib	other
6f2d82	Unwind@006f2d82	lib	other
6f2d92	Unwind@006f2d92	lib	other
6f2d9c	Unwind@006f2d9c	lib	other
6f2da6	Unwind@006f2da6	lib	other
6f2db0	Unwind@006f2db0	lib	other
6f2dba	Unwind@006f2dba	lib	other
6f2dc4	Unwind@006f2dc4	lib	other
6f2dce	Unwind@006f2dce	lib	other
6f2dd8	Unwind@006f2dd8	lib	other
6f2de2	Unwind@006f2de2	lib	other
6f2dec	Unwind@006f2dec	lib	other
6f2dfc	Unwind@006f2dfc	lib	other
6f2e06	Unwind@006f2e06	lib	other
6f2e10	Unwind@006f2e10	lib	other
6f2e1a	Unwind@006f2e1a	lib	other
6f2e24	Unwind@006f2e24	lib	other
6f2e2e	Unwind@006f2e2e	lib	other
6f2e38	Unwind@006f2e38	lib	other
6f2e42	Unwind@006f2e42	lib	other
6f2e4c	Unwind@006f2e4c	lib	other
6f2e56	Unwind@006f2e56	lib	other
6f2e66	Unwind@006f2e66	lib	other
6f2e70	Unwind@006f2e70	lib	other
6f2e7a	Unwind@006f2e7a	lib	other
6f2e84	Unwind@006f2e84	lib	other
6f2e8e	Unwind@006f2e8e	lib	other
6f2e98	Unwind@006f2e98	lib	other
6f2ea2	Unwind@006f2ea2	lib	other
6f2eac	Unwind@006f2eac	lib	other
6f2eb6	Unwind@006f2eb6	lib	other
6f2ec0	Unwind@006f2ec0	lib	other
6f2ed0	Unwind@006f2ed0	lib	other
6f2eda	Unwind@006f2eda	lib	other
6f2ee4	Unwind@006f2ee4	lib	other
6f2eee	Unwind@006f2eee	lib	other
6f2ef8	Unwind@006f2ef8	lib	other
6f2f02	Unwind@006f2f02	lib	other
6f2f0c	Unwind@006f2f0c	lib	other
6f2f16	Unwind@006f2f16	lib	other
6f2f20	Unwind@006f2f20	lib	other
6f2f2a	Unwind@006f2f2a	lib	other
6f2f38	Unwind@006f2f38	lib	other
6f2f42	Unwind@006f2f42	lib	other
6f2f4c	Unwind@006f2f4c	lib	other
6f2f56	Unwind@006f2f56	lib	other
6f2f60	Unwind@006f2f60	lib	other
6f2f6a	Unwind@006f2f6a	lib	other
6f2f74	Unwind@006f2f74	lib	other
6f2f7e	Unwind@006f2f7e	lib	other
6f2f88	Unwind@006f2f88	lib	other
6f2f92	Unwind@006f2f92	lib	other
6f2fa0	Unwind@006f2fa0	lib	other
6f2faa	Unwind@006f2faa	lib	other
6f2fb4	Unwind@006f2fb4	lib	other
6f2fbe	Unwind@006f2fbe	lib	other
6f2fc8	Unwind@006f2fc8	lib	other
6f2fd2	Unwind@006f2fd2	lib	other
6f2fdc	Unwind@006f2fdc	lib	other
6f2fe6	Unwind@006f2fe6	lib	other
6f2ff0	Unwind@006f2ff0	lib	other
6f2ffa	Unwind@006f2ffa	lib	other
6f3030	Unwind@006f3030	lib	other
6f3060	Unwind@006f3060	lib	other
6f307d	Unwind@006f307d	lib	other
6f3089	Unwind@006f3089	lib	other
6f3095	Unwind@006f3095	lib	other
6f30a0	Unwind@006f30a0	lib	other
6f30a8	Unwind@006f30a8	lib	other
6f30b0	Unwind@006f30b0	lib	other
6f30cd	Unwind@006f30cd	lib	other
6f30d9	Unwind@006f30d9	lib	other
6f30e5	Unwind@006f30e5	lib	other
6f30f0	Unwind@006f30f0	lib	other
6f30f8	Unwind@006f30f8	lib	other
6f3130	Unwind@006f3130	lib	other
6f314d	Unwind@006f314d	lib	other
6f3159	Unwind@006f3159	lib	other
6f3165	Unwind@006f3165	lib	other
6f3170	Unwind@006f3170	lib	other
6f3178	Unwind@006f3178	lib	other
6f31b0	Unwind@006f31b0	lib	other
6f31cd	Unwind@006f31cd	lib	other
6f31d9	Unwind@006f31d9	lib	other
6f31e5	Unwind@006f31e5	lib	other
6f31f0	Unwind@006f31f0	lib	other
6f31f8	Unwind@006f31f8	lib	other
6f3200	Unwind@006f3200	lib	other
6f3230	Unwind@006f3230	lib	other
6f323e	Unwind@006f323e	lib	other
6f3248	Unwind@006f3248	lib	other
6f3252	Unwind@006f3252	lib	other
6f325c	Unwind@006f325c	lib	other
6f3266	Unwind@006f3266	lib	other
6f3270	Unwind@006f3270	lib	other
6f327a	Unwind@006f327a	lib	other
6f3284	Unwind@006f3284	lib	other
6f328e	Unwind@006f328e	lib	other
6f3298	Unwind@006f3298	lib	other
6f32a2	Unwind@006f32a2	lib	other
6f32ac	Unwind@006f32ac	lib	other
6f32b6	Unwind@006f32b6	lib	other
6f32c0	Unwind@006f32c0	lib	other
6f32ca	Unwind@006f32ca	lib	other
6f32d4	Unwind@006f32d4	lib	other
6f32de	Unwind@006f32de	lib	other
6f32e8	Unwind@006f32e8	lib	other
6f32f2	Unwind@006f32f2	lib	other
6f32fc	Unwind@006f32fc	lib	other
6f330a	Unwind@006f330a	lib	other
6f3314	Unwind@006f3314	lib	other
6f331e	Unwind@006f331e	lib	other
6f3328	Unwind@006f3328	lib	other
6f3332	Unwind@006f3332	lib	other
6f333c	Unwind@006f333c	lib	other
6f3346	Unwind@006f3346	lib	other
6f3350	Unwind@006f3350	lib	other
6f335a	Unwind@006f335a	lib	other
6f3364	Unwind@006f3364	lib	other
6f336e	Unwind@006f336e	lib	other
6f3378	Unwind@006f3378	lib	other
6f3382	Unwind@006f3382	lib	other
6f338c	Unwind@006f338c	lib	other
6f3396	Unwind@006f3396	lib	other
6f33a0	Unwind@006f33a0	lib	other
6f33aa	Unwind@006f33aa	lib	other
6f33b4	Unwind@006f33b4	lib	other
6f33be	Unwind@006f33be	lib	other
6f33c8	Unwind@006f33c8	lib	other
6f3400	Unwind@006f3400	lib	other
6f3430	Unwind@006f3430	lib	other
6f3520	Unwind@006f3520	lib	other
6f3550	Unwind@006f3550	lib	other
6f355b	Unwind@006f355b	lib	other
6f3566	Unwind@006f3566	lib	other
6f3571	Unwind@006f3571	lib	other
6f357c	Unwind@006f357c	lib	other
6f3587	Unwind@006f3587	lib	other
6f35c0	Unwind@006f35c0	lib	other
6f35f0	Unwind@006f35f0	lib	other
6f35fb	Unwind@006f35fb	lib	other
6f3606	Unwind@006f3606	lib	other
6f361d	Unwind@006f361d	lib	other
6f36a0	Unwind@006f36a0	lib	other
6f36ab	Unwind@006f36ab	lib	other
6f36b6	Unwind@006f36b6	lib	other
6f36c1	Unwind@006f36c1	lib	other
6f36cc	Unwind@006f36cc	lib	other
6f3740	Unwind@006f3740	lib	other
6f374b	Unwind@006f374b	lib	other
6f3756	Unwind@006f3756	lib	other
6f3761	Unwind@006f3761	lib	other
6f376c	Unwind@006f376c	lib	other
6f3777	Unwind@006f3777	lib	other
6f3782	Unwind@006f3782	lib	other
6f378d	Unwind@006f378d	lib	other
6f3798	Unwind@006f3798	lib	other
6f37a3	Unwind@006f37a3	lib	other
6f37ae	Unwind@006f37ae	lib	other
6f37b9	Unwind@006f37b9	lib	other
6f37c4	Unwind@006f37c4	lib	other
6f37cf	Unwind@006f37cf	lib	other
6f37da	Unwind@006f37da	lib	other
6f37e5	Unwind@006f37e5	lib	other
6f37f0	Unwind@006f37f0	lib	other
6f37fb	Unwind@006f37fb	lib	other
6f3806	Unwind@006f3806	lib	other
6f3811	Unwind@006f3811	lib	other
6f381c	Unwind@006f381c	lib	other
6f3827	Unwind@006f3827	lib	other
6f3832	Unwind@006f3832	lib	other
6f383d	Unwind@006f383d	lib	other
6f3848	Unwind@006f3848	lib	other
6f3853	Unwind@006f3853	lib	other
6f385e	Unwind@006f385e	lib	other
6f3869	Unwind@006f3869	lib	other
6f3874	Unwind@006f3874	lib	other
6f387f	Unwind@006f387f	lib	other
6f388d	Unwind@006f388d	lib	other
6f3898	Unwind@006f3898	lib	other
6f38a3	Unwind@006f38a3	lib	other
6f38ae	Unwind@006f38ae	lib	other
6f38b9	Unwind@006f38b9	lib	other
6f38c4	Unwind@006f38c4	lib	other
6f38cf	Unwind@006f38cf	lib	other
6f38da	Unwind@006f38da	lib	other
6f38e5	Unwind@006f38e5	lib	other
6f38f0	Unwind@006f38f0	lib	other
6f38fb	Unwind@006f38fb	lib	other
6f3906	Unwind@006f3906	lib	other
6f3911	Unwind@006f3911	lib	other
6f391c	Unwind@006f391c	lib	other
6f3927	Unwind@006f3927	lib	other
6f3932	Unwind@006f3932	lib	other
6f393d	Unwind@006f393d	lib	other
6f3948	Unwind@006f3948	lib	other
6f3953	Unwind@006f3953	lib	other
6f395e	Unwind@006f395e	lib	other
6f3969	Unwind@006f3969	lib	other
6f3974	Unwind@006f3974	lib	other
6f397c	Unwind@006f397c	lib	other
6f398a	Unwind@006f398a	lib	other
6f3998	Unwind@006f3998	lib	other
6f39a6	Unwind@006f39a6	lib	other
6f39b1	Unwind@006f39b1	lib	other
6f39bc	Unwind@006f39bc	lib	other
6f39c7	Unwind@006f39c7	lib	other
6f39d2	Unwind@006f39d2	lib	other
6f39dd	Unwind@006f39dd	lib	other
6f39e5	Unwind@006f39e5	lib	other
6f39ed	Unwind@006f39ed	lib	other
6f39fb	Unwind@006f39fb	lib	other
6f3a09	Unwind@006f3a09	lib	other
6f3a17	Unwind@006f3a17	lib	other
6f3a25	Unwind@006f3a25	lib	other
6f3a33	Unwind@006f3a33	lib	other
6f3a41	Unwind@006f3a41	lib	other
6f3a4f	Unwind@006f3a4f	lib	other
6f3a5d	Unwind@006f3a5d	lib	other
6f3a6b	Unwind@006f3a6b	lib	other
6f3a79	Unwind@006f3a79	lib	other
6f3a87	Unwind@006f3a87	lib	other
6f3a95	Unwind@006f3a95	lib	other
6f3aa3	Unwind@006f3aa3	lib	other
6f3ab1	Unwind@006f3ab1	lib	other
6f3abf	Unwind@006f3abf	lib	other
6f3acd	Unwind@006f3acd	lib	other
6f3adb	Unwind@006f3adb	lib	other
6f3ae9	Unwind@006f3ae9	lib	other
6f3af7	Unwind@006f3af7	lib	other
6f3b05	Unwind@006f3b05	lib	other
6f3b13	Unwind@006f3b13	lib	other
6f3b21	Unwind@006f3b21	lib	other
6f3b2f	Unwind@006f3b2f	lib	other
6f3b3d	Unwind@006f3b3d	lib	other
6f3b4b	Unwind@006f3b4b	lib	other
6f3b56	Unwind@006f3b56	lib	other
6f3b61	Unwind@006f3b61	lib	other
6f3b69	Unwind@006f3b69	lib	other
6f3b71	Unwind@006f3b71	lib	other
6f3b79	Unwind@006f3b79	lib	other
6f3b81	Unwind@006f3b81	lib	other
6f3b89	Unwind@006f3b89	lib	other
6f3b91	Unwind@006f3b91	lib	other
6f3b99	Unwind@006f3b99	lib	other
6f3ba1	Unwind@006f3ba1	lib	other
6f3ba9	Unwind@006f3ba9	lib	other
6f3bb1	Unwind@006f3bb1	lib	other
6f3bbf	Unwind@006f3bbf	lib	other
6f3bcd	Unwind@006f3bcd	lib	other
6f3bdb	Unwind@006f3bdb	lib	other
6f3be3	Unwind@006f3be3	lib	other
6f3bf1	Unwind@006f3bf1	lib	other
6f3bff	Unwind@006f3bff	lib	other
6f3c0d	Unwind@006f3c0d	lib	other
6f3c1b	Unwind@006f3c1b	lib	other
6f3c29	Unwind@006f3c29	lib	other
6f3d00	Unwind@006f3d00	lib	other
6f3d11	Unwind@006f3d11	lib	other
6f3d40	Unwind@006f3d40	lib	other
6f3dd0	Unwind@006f3dd0	lib	other
6f3e10	Unwind@006f3e10	lib	other
6f3e1b	Unwind@006f3e1b	lib	other
6f3e26	Unwind@006f3e26	lib	other
6f3e31	Unwind@006f3e31	lib	other
6f3e3c	Unwind@006f3e3c	lib	other
6f3e47	Unwind@006f3e47	lib	other
6f3e52	Unwind@006f3e52	lib	other
6f3e5d	Unwind@006f3e5d	lib	other
6f3e68	Unwind@006f3e68	lib	other
6f3e73	Unwind@006f3e73	lib	other
6f3e7e	Unwind@006f3e7e	lib	other
6f3e89	Unwind@006f3e89	lib	other
6f3e94	Unwind@006f3e94	lib	other
6f3e9f	Unwind@006f3e9f	lib	other
6f3eaa	Unwind@006f3eaa	lib	other
6f3eb5	Unwind@006f3eb5	lib	other
6f3ec0	Unwind@006f3ec0	lib	other
6f3ecb	Unwind@006f3ecb	lib	other
6f3ed6	Unwind@006f3ed6	lib	other
6f3ee1	Unwind@006f3ee1	lib	other
6f3eec	Unwind@006f3eec	lib	other
6f3ef7	Unwind@006f3ef7	lib	other
6f3f02	Unwind@006f3f02	lib	other
6f3f10	Unwind@006f3f10	lib	other
6f3f1e	Unwind@006f3f1e	lib	other
6f3f2c	Unwind@006f3f2c	lib	other
6f3f3a	Unwind@006f3f3a	lib	other
6f3f48	Unwind@006f3f48	lib	other
6f3f56	Unwind@006f3f56	lib	other
6f3f64	Unwind@006f3f64	lib	other
6f3f72	Unwind@006f3f72	lib	other
6f3f80	Unwind@006f3f80	lib	other
6f3f8e	Unwind@006f3f8e	lib	other
6f3f9c	Unwind@006f3f9c	lib	other
6f3faa	Unwind@006f3faa	lib	other
6f3fb8	Unwind@006f3fb8	lib	other
6f3ff0	Unwind@006f3ff0	lib	other
6f3ffb	Unwind@006f3ffb	lib	other
6f4006	Unwind@006f4006	lib	other
6f4014	Unwind@006f4014	lib	other
6f4022	Unwind@006f4022	lib	other
6f4030	Unwind@006f4030	lib	other
6f403e	Unwind@006f403e	lib	other
6f404c	Unwind@006f404c	lib	other
6f405a	Unwind@006f405a	lib	other
6f4068	Unwind@006f4068	lib	other
6f4076	Unwind@006f4076	lib	other
6f4084	Unwind@006f4084	lib	other
6f4092	Unwind@006f4092	lib	other
6f40d0	Unwind@006f40d0	lib	other
6f40db	Unwind@006f40db	lib	other
6f40e3	Unwind@006f40e3	lib	other
6f40ee	Unwind@006f40ee	lib	other
6f4130	Unwind@006f4130	lib	other
6f413e	Unwind@006f413e	lib	other
6f414c	Unwind@006f414c	lib	other
6f4190	Unwind@006f4190	lib	other
6f419b	Unwind@006f419b	lib	other
6f41a6	Unwind@006f41a6	lib	other
6f41b1	Unwind@006f41b1	lib	other
6f41f0	Unwind@006f41f0	lib	other
6f41fe	Unwind@006f41fe	lib	other
6f4209	Unwind@006f4209	lib	other
6f4214	Unwind@006f4214	lib	other
6f421f	Unwind@006f421f	lib	other
6f4242	Unwind@006f4242	lib	other
6f424e	Unwind@006f424e	lib	other
6f425a	Unwind@006f425a	lib	other
6f4265	Unwind@006f4265	lib	other
6f4270	Unwind@006f4270	lib	other
6f4278	Unwind@006f4278	lib	other
6f429b	Unwind@006f429b	lib	other
6f42a7	Unwind@006f42a7	lib	other
6f42b3	Unwind@006f42b3	lib	other
6f42be	Unwind@006f42be	lib	other
6f42c9	Unwind@006f42c9	lib	other
6f4300	Unwind@006f4300	lib	other
6f430b	Unwind@006f430b	lib	other
6f4316	Unwind@006f4316	lib	other
6f4321	Unwind@006f4321	lib	other
6f432c	Unwind@006f432c	lib	other
6f4337	Unwind@006f4337	lib	other
6f4342	Unwind@006f4342	lib	other
6f434d	Unwind@006f434d	lib	other
6f4358	Unwind@006f4358	lib	other
6f4363	Unwind@006f4363	lib	other
6f436e	Unwind@006f436e	lib	other
6f4379	Unwind@006f4379	lib	other
6f4384	Unwind@006f4384	lib	other
6f438f	Unwind@006f438f	lib	other
6f439a	Unwind@006f439a	lib	other
6f43a5	Unwind@006f43a5	lib	other
6f43b0	Unwind@006f43b0	lib	other
6f43c7	Unwind@006f43c7	lib	other
6f43de	Unwind@006f43de	lib	other
6f43e9	Unwind@006f43e9	lib	other
6f4400	Unwind@006f4400	lib	other
6f4417	Unwind@006f4417	lib	other
6f4425	Unwind@006f4425	lib	other
6f4433	Unwind@006f4433	lib	other
6f4441	Unwind@006f4441	lib	other
6f444f	Unwind@006f444f	lib	other
6f445d	Unwind@006f445d	lib	other
6f446b	Unwind@006f446b	lib	other
6f4479	Unwind@006f4479	lib	other
6f4487	Unwind@006f4487	lib	other
6f4495	Unwind@006f4495	lib	other
6f44a3	Unwind@006f44a3	lib	other
6f44b1	Unwind@006f44b1	lib	other
6f44bf	Unwind@006f44bf	lib	other
6f4500	Unwind@006f4500	lib	other
6f450e	Unwind@006f450e	lib	other
6f4519	Unwind@006f4519	lib	other
6f4524	Unwind@006f4524	lib	other
6f452f	Unwind@006f452f	lib	other
6f453a	Unwind@006f453a	lib	other
6f4545	Unwind@006f4545	lib	other
6f4550	Unwind@006f4550	lib	other
6f455b	Unwind@006f455b	lib	other
6f4566	Unwind@006f4566	lib	other
6f4571	Unwind@006f4571	lib	other
6f457c	Unwind@006f457c	lib	other
6f4587	Unwind@006f4587	lib	other
6f4592	Unwind@006f4592	lib	other
6f45d0	Unwind@006f45d0	lib	other
6f45db	Unwind@006f45db	lib	other
6f45e6	Unwind@006f45e6	lib	other
6f4610	Unwind@006f4610	lib	other
6f461b	Unwind@006f461b	lib	other
6f4632	Unwind@006f4632	lib	other
6f4649	Unwind@006f4649	lib	other
6f4654	Unwind@006f4654	lib	other
6f465f	Unwind@006f465f	lib	other
6f466a	Unwind@006f466a	lib	other
6f4675	Unwind@006f4675	lib	other
6f4680	Unwind@006f4680	lib	other
6f468b	Unwind@006f468b	lib	other
6f4696	Unwind@006f4696	lib	other
6f46a1	Unwind@006f46a1	lib	other
6f46ac	Unwind@006f46ac	lib	other
6f46b7	Unwind@006f46b7	lib	other
6f46c2	Unwind@006f46c2	lib	other
6f46cd	Unwind@006f46cd	lib	other
6f46d8	Unwind@006f46d8	lib	other
6f46e3	Unwind@006f46e3	lib	other
6f46ee	Unwind@006f46ee	lib	other
6f46fc	Unwind@006f46fc	lib	other
6f470a	Unwind@006f470a	lib	other
6f4718	Unwind@006f4718	lib	other
6f4750	Unwind@006f4750	lib	other
6f4761	Unwind@006f4761	lib	other
6f4769	Unwind@006f4769	lib	other
6f477a	Unwind@006f477a	lib	other
6f47a0	Unwind@006f47a0	lib	other
6f47e0	Unwind@006f47e0	lib	other
6f4810	Unwind@006f4810	lib	other
6f4850	Unwind@006f4850	lib	other
6f4880	Unwind@006f4880	lib	other
6f48c0	Unwind@006f48c0	lib	other
6f4900	Unwind@006f4900	lib	other
6f490e	Unwind@006f490e	lib	other
6f491c	Unwind@006f491c	lib	other
6f4927	Unwind@006f4927	lib	other
6f4932	Unwind@006f4932	lib	other
6f493a	Unwind@006f493a	lib	other
6f4945	Unwind@006f4945	lib	other
6f494d	Unwind@006f494d	lib	other
6f4958	Unwind@006f4958	lib	other
6f4960	Unwind@006f4960	lib	other
6f496b	Unwind@006f496b	lib	other
6f4973	Unwind@006f4973	lib	other
6f497e	Unwind@006f497e	lib	other
6f4986	Unwind@006f4986	lib	other
6f4991	Unwind@006f4991	lib	other
6f49c0	Unwind@006f49c0	lib	other
6f49ce	Unwind@006f49ce	lib	other
6f4a00	Unwind@006f4a00	lib	other
6f4a50	Unwind@006f4a50	lib	other
6f4a6d	Unwind@006f4a6d	lib	other
6f4a79	Unwind@006f4a79	lib	other
6f4a85	Unwind@006f4a85	lib	other
6f4a90	Unwind@006f4a90	lib	other
6f4a98	Unwind@006f4a98	lib	other
6f4aa0	Unwind@006f4aa0	lib	other
6f4ad0	Unwind@006f4ad0	lib	other
6f4b10	Unwind@006f4b10	lib	other
6f4b18	Unwind@006f4b18	lib	other
6f4b50	Unwind@006f4b50	lib	other
6f4b58	Unwind@006f4b58	lib	other
6f4b90	Unwind@006f4b90	lib	other
6f4bad	Unwind@006f4bad	lib	other
6f4bb9	Unwind@006f4bb9	lib	other
6f4bc5	Unwind@006f4bc5	lib	other
6f4bd0	Unwind@006f4bd0	lib	other
6f4bdb	Unwind@006f4bdb	lib	other
6f4be3	Unwind@006f4be3	lib	other
6f4beb	Unwind@006f4beb	lib	other
6f4bf3	Unwind@006f4bf3	lib	other
6f4bfe	Unwind@006f4bfe	lib	other
6f4c40	Unwind@006f4c40	lib	other
6f4c4b	Unwind@006f4c4b	lib	other
6f4c68	Unwind@006f4c68	lib	other
6f4c74	Unwind@006f4c74	lib	other
6f4c80	Unwind@006f4c80	lib	other
6f4c8b	Unwind@006f4c8b	lib	other
6f4c93	Unwind@006f4c93	lib	other
6f4cd0	Unwind@006f4cd0	lib	other
6f4cf3	Unwind@006f4cf3	lib	other
6f4cff	Unwind@006f4cff	lib	other
6f4d0b	Unwind@006f4d0b	lib	other
6f4d16	Unwind@006f4d16	lib	other
6f4d21	Unwind@006f4d21	lib	other
6f4d40	Unwind@006f4d40	lib	other
6f4d48	Unwind@006f4d48	lib	other
6f4d50	Unwind@006f4d50	lib	other
6f4d5e	Unwind@006f4d5e	lib	other
6f4d6c	Unwind@006f4d6c	lib	other
6f4d77	Unwind@006f4d77	lib	other
6f4d7f	Unwind@006f4d7f	lib	other
6f4d87	Unwind@006f4d87	lib	other
6f4d8f	Unwind@006f4d8f	lib	other
6f4d9a	Unwind@006f4d9a	lib	other
6f4dd0	Unwind@006f4dd0	lib	other
6f4ded	Unwind@006f4ded	lib	other
6f4df9	Unwind@006f4df9	lib	other
6f4e05	Unwind@006f4e05	lib	other
6f4e10	Unwind@006f4e10	lib	other
6f4e18	Unwind@006f4e18	lib	other
6f4e20	Unwind@006f4e20	lib	other
6f4e28	Unwind@006f4e28	lib	other
6f4e60	Unwind@006f4e60	lib	other
6f4e7d	Unwind@006f4e7d	lib	other
6f4e89	Unwind@006f4e89	lib	other
6f4e95	Unwind@006f4e95	lib	other
6f4ea0	Unwind@006f4ea0	lib	other
6f4ea8	Unwind@006f4ea8	lib	other
6f4ee0	Unwind@006f4ee0	lib	other
6f4f03	Unwind@006f4f03	lib	other
6f4f0f	Unwind@006f4f0f	lib	other
6f4f1b	Unwind@006f4f1b	lib	other
6f4f26	Unwind@006f4f26	lib	other
6f4f31	Unwind@006f4f31	lib	other
6f4f3c	Unwind@006f4f3c	lib	other
6f4f47	Unwind@006f4f47	lib	other
6f4f52	Unwind@006f4f52	lib	other
6f4f75	Unwind@006f4f75	lib	other
6f4f81	Unwind@006f4f81	lib	other
6f4f8d	Unwind@006f4f8d	lib	other
6f4f98	Unwind@006f4f98	lib	other
6f4fa3	Unwind@006f4fa3	lib	other
6f4fae	Unwind@006f4fae	lib	other
6f4fb9	Unwind@006f4fb9	lib	other
6f4fc4	Unwind@006f4fc4	lib	other
6f4fcf	Unwind@006f4fcf	lib	other
6f4fda	Unwind@006f4fda	lib	other
6f4fe5	Unwind@006f4fe5	lib	other
6f4ff0	Unwind@006f4ff0	lib	other
6f4ffb	Unwind@006f4ffb	lib	other
6f5006	Unwind@006f5006	lib	other
6f5011	Unwind@006f5011	lib	other
6f501c	Unwind@006f501c	lib	other
6f5027	Unwind@006f5027	lib	other
6f5032	Unwind@006f5032	lib	other
6f5070	Unwind@006f5070	lib	other
6f5100	Unwind@006f5100	lib	other
6f5170	Unwind@006f5170	lib	other
6f517b	Unwind@006f517b	lib	other
6f5186	Unwind@006f5186	lib	other
6f5191	Unwind@006f5191	lib	other
6f519c	Unwind@006f519c	lib	other
6f51a7	Unwind@006f51a7	lib	other
6f51b2	Unwind@006f51b2	lib	other
6f51bd	Unwind@006f51bd	lib	other
6f51c8	Unwind@006f51c8	lib	other
6f51d6	Unwind@006f51d6	lib	other
6f51e1	Unwind@006f51e1	lib	other
6f51ef	Unwind@006f51ef	lib	other
6f51fd	Unwind@006f51fd	lib	other
6f520b	Unwind@006f520b	lib	other
6f5219	Unwind@006f5219	lib	other
6f5227	Unwind@006f5227	lib	other
6f5235	Unwind@006f5235	lib	other
6f5243	Unwind@006f5243	lib	other
6f524e	Unwind@006f524e	lib	other
6f525c	Unwind@006f525c	lib	other
6f526a	Unwind@006f526a	lib	other
6f5278	Unwind@006f5278	lib	other
6f5286	Unwind@006f5286	lib	other
6f5294	Unwind@006f5294	lib	other
6f529f	Unwind@006f529f	lib	other
6f52aa	Unwind@006f52aa	lib	other
6f52b5	Unwind@006f52b5	lib	other
6f52c0	Unwind@006f52c0	lib	other
6f52cb	Unwind@006f52cb	lib	other
6f5300	Unwind@006f5300	lib	other
6f530b	Unwind@006f530b	lib	other
6f5316	Unwind@006f5316	lib	other
6f5321	Unwind@006f5321	lib	other
6f532c	Unwind@006f532c	lib	other
6f5360	Unwind@006f5360	lib	other
6f536b	Unwind@006f536b	lib	other
6f5376	Unwind@006f5376	lib	other
6f53a0	Unwind@006f53a0	lib	other
6f53d0	Unwind@006f53d0	lib	other
6f53d8	Unwind@006f53d8	lib	other
6f5410	Unwind@006f5410	lib	other
6f541b	Unwind@006f541b	lib	other
6f5426	Unwind@006f5426	lib	other
6f5431	Unwind@006f5431	lib	other
6f543c	Unwind@006f543c	lib	other
6f5447	Unwind@006f5447	lib	other
6f5452	Unwind@006f5452	lib	other
6f545d	Unwind@006f545d	lib	other
6f5468	Unwind@006f5468	lib	other
6f5473	Unwind@006f5473	lib	other
6f5481	Unwind@006f5481	lib	other
6f548f	Unwind@006f548f	lib	other
6f549a	Unwind@006f549a	lib	other
6f54c0	Unwind@006f54c0	lib	other
6f54cb	Unwind@006f54cb	lib	other
6f54d6	Unwind@006f54d6	lib	other
6f54e1	Unwind@006f54e1	lib	other
6f54ec	Unwind@006f54ec	lib	other
6f54f7	Unwind@006f54f7	lib	other
6f5502	Unwind@006f5502	lib	other
6f550d	Unwind@006f550d	lib	other
6f5518	Unwind@006f5518	lib	other
6f5523	Unwind@006f5523	lib	other
6f5531	Unwind@006f5531	lib	other
6f5560	Unwind@006f5560	lib	other
6f5568	Unwind@006f5568	lib	other
6f5570	Unwind@006f5570	lib	other
6f557e	Unwind@006f557e	lib	other
6f55b0	Unwind@006f55b0	lib	other
6f55b8	Unwind@006f55b8	lib	other
6f55c0	Unwind@006f55c0	lib	other
6f55ce	Unwind@006f55ce	lib	other
6f5600	Unwind@006f5600	lib	other
6f5608	Unwind@006f5608	lib	other
6f5616	Unwind@006f5616	lib	other
6f5640	Unwind@006f5640	lib	other
6f5648	Unwind@006f5648	lib	other
6f5650	Unwind@006f5650	lib	other
6f5658	Unwind@006f5658	lib	other
6f5690	Unwind@006f5690	lib	other
6f56d0	Unwind@006f56d0	lib	other
6f56d8	Unwind@006f56d8	lib	other
6f5710	Unwind@006f5710	lib	other
6f5718	Unwind@006f5718	lib	other
6f5750	Unwind@006f5750	lib	other
6f5761	Unwind@006f5761	lib	other
6f5790	Unwind@006f5790	lib	other
6f5860	Unwind@006f5860	lib	other
6f5890	Unwind@006f5890	lib	other
6f5898	Unwind@006f5898	lib	other
6f58a0	Unwind@006f58a0	lib	other
6f58ab	Unwind@006f58ab	lib	other
6f58b9	Unwind@006f58b9	lib	other
6f58c7	Unwind@006f58c7	lib	other
6f58f0	Unwind@006f58f0	lib	other
6f58f8	Unwind@006f58f8	lib	other
6f5903	Unwind@006f5903	lib	other
6f5911	Unwind@006f5911	lib	other
6f591f	Unwind@006f591f	lib	other
6f5950	Unwind@006f5950	lib	other
6f5958	Unwind@006f5958	lib	other
6f5990	Unwind@006f5990	lib	other
6f59c0	Unwind@006f59c0	lib	other
6f59c8	Unwind@006f59c8	lib	other
6f59d0	Unwind@006f59d0	lib	other
6f5a00	Unwind@006f5a00	lib	other
6f5a0b	Unwind@006f5a0b	lib	other
6f5a40	Unwind@006f5a40	lib	other
6f5a90	Unwind@006f5a90	lib	other
6f5a9b	Unwind@006f5a9b	lib	other
6f5ad0	Unwind@006f5ad0	lib	other
6f5adb	Unwind@006f5adb	lib	other
6f5ae6	Unwind@006f5ae6	lib	other
6f5b10	Unwind@006f5b10	lib	other
6f5b18	Unwind@006f5b18	lib	other
6f5b23	Unwind@006f5b23	lib	other
6f5b2b	Unwind@006f5b2b	lib	other
6f5be0	Unwind@006f5be0	lib	other
6f5c70	Unwind@006f5c70	lib	other
6f5ca0	Unwind@006f5ca0	lib	other
6f5cd0	Unwind@006f5cd0	lib	other
6f5cd8	Unwind@006f5cd8	lib	other
6f5ce3	Unwind@006f5ce3	lib	other
6f5cef	Unwind@006f5cef	lib	other
6f5cfb	Unwind@006f5cfb	lib	other
6f5d30	Unwind@006f5d30	lib	other
6f5d38	Unwind@006f5d38	lib	other
6f5d50	Unwind@006f5d50	lib	other
6f5d5e	Unwind@006f5d5e	lib	other
6f5d6c	Unwind@006f5d6c	lib	other
6f5d7a	Unwind@006f5d7a	lib	other
6f5d88	Unwind@006f5d88	lib	other
6f5d96	Unwind@006f5d96	lib	other
6f5da4	Unwind@006f5da4	lib	other
6f5db2	Unwind@006f5db2	lib	other
6f5dc0	Unwind@006f5dc0	lib	other
6f5dce	Unwind@006f5dce	lib	other
6f5ddc	Unwind@006f5ddc	lib	other
6f5dea	Unwind@006f5dea	lib	other
6f5df8	Unwind@006f5df8	lib	other
6f5e06	Unwind@006f5e06	lib	other
6f5e14	Unwind@006f5e14	lib	other
6f5e22	Unwind@006f5e22	lib	other
6f5e30	Unwind@006f5e30	lib	other
6f5f40	Unwind@006f5f40	lib	other
6f5f48	Unwind@006f5f48	lib	other
6f5f50	Unwind@006f5f50	lib	other
6f5f80	Unwind@006f5f80	lib	other
6f5fd0	Unwind@006f5fd0	lib	other
6f5fd8	Unwind@006f5fd8	lib	other
6f6000	Unwind@006f6000	lib	other
6f6090	Unwind@006f6090	lib	other
6f6098	Unwind@006f6098	lib	other
6f60c0	Unwind@006f60c0	lib	other
6f60dd	Unwind@006f60dd	lib	other
6f60e9	Unwind@006f60e9	lib	other
6f60f2	Unwind@006f60f2	lib	other
6f6120	Unwind@006f6120	lib	other
6f613d	Unwind@006f613d	lib	other
6f6149	Unwind@006f6149	lib	other
6f6170	Unwind@006f6170	lib	other
6f6178	Unwind@006f6178	lib	other
6f6183	Unwind@006f6183	lib	other
6f618e	Unwind@006f618e	lib	other
6f6199	Unwind@006f6199	lib	other
6f61a4	Unwind@006f61a4	lib	other
6f61b2	Unwind@006f61b2	lib	other
6f61c0	Unwind@006f61c0	lib	other
6f61ce	Unwind@006f61ce	lib	other
6f61dc	Unwind@006f61dc	lib	other
6f61ea	Unwind@006f61ea	lib	other
6f61f8	Unwind@006f61f8	lib	other
6f6206	Unwind@006f6206	lib	other
6f6214	Unwind@006f6214	lib	other
6f6222	Unwind@006f6222	lib	other
6f6230	Unwind@006f6230	lib	other
6f623e	Unwind@006f623e	lib	other
6f624c	Unwind@006f624c	lib	other
6f625a	Unwind@006f625a	lib	other
6f6268	Unwind@006f6268	lib	other
6f6276	Unwind@006f6276	lib	other
6f6281	Unwind@006f6281	lib	other
6f6289	Unwind@006f6289	lib	other
6f6291	Unwind@006f6291	lib	other
6f62c0	Unwind@006f62c0	lib	other
6f62f0	Unwind@006f62f0	lib	other
6f62f8	Unwind@006f62f8	lib	other
6f6303	Unwind@006f6303	lib	other
6f630e	Unwind@006f630e	lib	other
6f6319	Unwind@006f6319	lib	other
6f6324	Unwind@006f6324	lib	other
6f6332	Unwind@006f6332	lib	other
6f6340	Unwind@006f6340	lib	other
6f634e	Unwind@006f634e	lib	other
6f635c	Unwind@006f635c	lib	other
6f636a	Unwind@006f636a	lib	other
6f6378	Unwind@006f6378	lib	other
6f6386	Unwind@006f6386	lib	other
6f6394	Unwind@006f6394	lib	other
6f63a2	Unwind@006f63a2	lib	other
6f63b0	Unwind@006f63b0	lib	other
6f63be	Unwind@006f63be	lib	other
6f63cc	Unwind@006f63cc	lib	other
6f63da	Unwind@006f63da	lib	other
6f63e8	Unwind@006f63e8	lib	other
6f6420	Unwind@006f6420	lib	other
6f6450	Unwind@006f6450	lib	other
6f6458	Unwind@006f6458	lib	other
6f64c0	Unwind@006f64c0	lib	other
6f64f0	Unwind@006f64f0	lib	other
6f64f8	Unwind@006f64f8	lib	other
6f6503	Unwind@006f6503	lib	other
6f650b	Unwind@006f650b	lib	other
6f6516	Unwind@006f6516	lib	other
6f6540	Unwind@006f6540	lib	other
6f6548	Unwind@006f6548	lib	other
6f656b	Unwind@006f656b	lib	other
6f6577	Unwind@006f6577	lib	other
6f6583	Unwind@006f6583	lib	other
6f658e	Unwind@006f658e	lib	other
6f65d0	Unwind@006f65d0	lib	other
6f65db	Unwind@006f65db	lib	other
6f6610	Unwind@006f6610	lib	other
6f6640	Unwind@006f6640	lib	other
6f6648	Unwind@006f6648	lib	other
6f6650	Unwind@006f6650	lib	other
6f6658	Unwind@006f6658	lib	other
6f6690	Unwind@006f6690	lib	other
6f6698	Unwind@006f6698	lib	other
6f66bb	Unwind@006f66bb	lib	other
6f66c7	Unwind@006f66c7	lib	other
6f66d3	Unwind@006f66d3	lib	other
6f66de	Unwind@006f66de	lib	other
6f66e9	Unwind@006f66e9	lib	other
6f66f4	Unwind@006f66f4	lib	other
6f66fc	Unwind@006f66fc	lib	other
6f670a	Unwind@006f670a	lib	other
6f6712	Unwind@006f6712	lib	other
6f671d	Unwind@006f671d	lib	other
6f6725	Unwind@006f6725	lib	other
6f6730	Unwind@006f6730	lib	other
6f673b	Unwind@006f673b	lib	other
6f6743	Unwind@006f6743	lib	other
6f6751	Unwind@006f6751	lib	other
6f675c	Unwind@006f675c	lib	other
6f6767	Unwind@006f6767	lib	other
6f676f	Unwind@006f676f	lib	other
6f677d	Unwind@006f677d	lib	other
6f6785	Unwind@006f6785	lib	other
6f6790	Unwind@006f6790	lib	other
6f679b	Unwind@006f679b	lib	other
6f67d0	Unwind@006f67d0	lib	other
6f67db	Unwind@006f67db	lib	other
6f67e3	Unwind@006f67e3	lib	other
6f67eb	Unwind@006f67eb	lib	other
6f6820	Unwind@006f6820	lib	other
6f6828	Unwind@006f6828	lib	other
6f6830	Unwind@006f6830	lib	other
6f6860	Unwind@006f6860	lib	other
6f6868	Unwind@006f6868	lib	other
6f68a0	Unwind@006f68a0	lib	other
6f68ab	Unwind@006f68ab	lib	other
6f68b6	Unwind@006f68b6	lib	other
6f68be	Unwind@006f68be	lib	other
6f68c6	Unwind@006f68c6	lib	other
6f6900	Unwind@006f6900	lib	other
6f6908	Unwind@006f6908	lib	other
6f6940	Unwind@006f6940	lib	other
6f694b	Unwind@006f694b	lib	other
6f6956	Unwind@006f6956	lib	other
6f6964	Unwind@006f6964	lib	other
6f696c	Unwind@006f696c	lib	other
6f6974	Unwind@006f6974	lib	other
6f697c	Unwind@006f697c	lib	other
6f69b0	Unwind@006f69b0	lib	other
6f69b8	Unwind@006f69b8	lib	other
6f69c3	Unwind@006f69c3	lib	other
6f69cb	Unwind@006f69cb	lib	other
6f6a00	Unwind@006f6a00	lib	other
6f6a0b	Unwind@006f6a0b	lib	other
6f6a16	Unwind@006f6a16	lib	other
6f6a21	Unwind@006f6a21	lib	other
6f6a2c	Unwind@006f6a2c	lib	other
6f6a37	Unwind@006f6a37	lib	other
6f6a42	Unwind@006f6a42	lib	other
6f6a4d	Unwind@006f6a4d	lib	other
6f6a58	Unwind@006f6a58	lib	other
6f6a63	Unwind@006f6a63	lib	other
6f6a6b	Unwind@006f6a6b	lib	other
6f6a73	Unwind@006f6a73	lib	other
6f6a7e	Unwind@006f6a7e	lib	other
6f6a89	Unwind@006f6a89	lib	other
6f6a94	Unwind@006f6a94	lib	other
6f6a9c	Unwind@006f6a9c	lib	other
6f6aa7	Unwind@006f6aa7	lib	other
6f6ab2	Unwind@006f6ab2	lib	other
6f6abd	Unwind@006f6abd	lib	other
6f6ac8	Unwind@006f6ac8	lib	other
6f6ad3	Unwind@006f6ad3	lib	other
6f6ade	Unwind@006f6ade	lib	other
6f6ae9	Unwind@006f6ae9	lib	other
6f6af4	Unwind@006f6af4	lib	other
6f6aff	Unwind@006f6aff	lib	other
6f6b0a	Unwind@006f6b0a	lib	other
6f6b15	Unwind@006f6b15	lib	other
6f6b20	Unwind@006f6b20	lib	other
6f6b50	Unwind@006f6b50	lib	other
6f6b58	Unwind@006f6b58	lib	other
6f6b60	Unwind@006f6b60	lib	other
6f6b6b	Unwind@006f6b6b	lib	other
6f6b73	Unwind@006f6b73	lib	other
6f6b7b	Unwind@006f6b7b	lib	other
6f6b86	Unwind@006f6b86	lib	other
6f6bc0	Unwind@006f6bc0	lib	other
6f6bc8	Unwind@006f6bc8	lib	other
6f6bd0	Unwind@006f6bd0	lib	other
6f6bdb	Unwind@006f6bdb	lib	other
6f6be3	Unwind@006f6be3	lib	other
6f6beb	Unwind@006f6beb	lib	other
6f6bf6	Unwind@006f6bf6	lib	other
6f6bfe	Unwind@006f6bfe	lib	other
6f6c30	Unwind@006f6c30	lib	other
6f6c3b	Unwind@006f6c3b	lib	other
6f6c46	Unwind@006f6c46	lib	other
6f6c4e	Unwind@006f6c4e	lib	other
6f6c56	Unwind@006f6c56	lib	other
6f6c5e	Unwind@006f6c5e	lib	other
6f6c90	Unwind@006f6c90	lib	other
6f6c9b	Unwind@006f6c9b	lib	other
6f6ca3	Unwind@006f6ca3	lib	other
6f6cb1	Unwind@006f6cb1	lib	other
6f6cb9	Unwind@006f6cb9	lib	other
6f6cf0	Unwind@006f6cf0	lib	other
6f6cf8	Unwind@006f6cf8	lib	other
6f6d00	Unwind@006f6d00	lib	other
6f6d30	Unwind@006f6d30	lib	other
6f6d3b	Unwind@006f6d3b	lib	other
6f6d46	Unwind@006f6d46	lib	other
6f6d4e	Unwind@006f6d4e	lib	other
6f6d80	Unwind@006f6d80	lib	other
6f6d8b	Unwind@006f6d8b	lib	other
6f6d93	Unwind@006f6d93	lib	other
6f6dd0	Unwind@006f6dd0	lib	other
6f6e40	Unwind@006f6e40	lib	other
6f6e4b	Unwind@006f6e4b	lib	other
6f6e56	Unwind@006f6e56	lib	other
6f6e61	Unwind@006f6e61	lib	other
6f6e6c	Unwind@006f6e6c	lib	other
6f6e77	Unwind@006f6e77	lib	other
6f6ea0	Unwind@006f6ea0	lib	other
6f6eab	Unwind@006f6eab	lib	other
6f6eb6	Unwind@006f6eb6	lib	other
6f6ec1	Unwind@006f6ec1	lib	other
6f6ecc	Unwind@006f6ecc	lib	other
6f6ed7	Unwind@006f6ed7	lib	other
6f6ee2	Unwind@006f6ee2	lib	other
6f6f10	Unwind@006f6f10	lib	other
6f6f40	Unwind@006f6f40	lib	other
6f6f48	Unwind@006f6f48	lib	other
6f6f50	Unwind@006f6f50	lib	other
6f6f58	Unwind@006f6f58	lib	other
6f6f80	Unwind@006f6f80	lib	other
6f6fb0	Unwind@006f6fb0	lib	other
6f6fbb	Unwind@006f6fbb	lib	other
6f6fc3	Unwind@006f6fc3	lib	other
6f7000	Unwind@006f7000	lib	other
6f7030	Unwind@006f7030	lib	other
6f703b	Unwind@006f703b	lib	other
6f7043	Unwind@006f7043	lib	other
6f7080	Unwind@006f7080	lib	other
6f70b0	Unwind@006f70b0	lib	other
6f70bb	Unwind@006f70bb	lib	other
6f70c6	Unwind@006f70c6	lib	other
6f70ce	Unwind@006f70ce	lib	other
6f7100	Unwind@006f7100	lib	other
6f7108	Unwind@006f7108	lib	other
6f7110	Unwind@006f7110	lib	other
6f7140	Unwind@006f7140	lib	other
6f714b	Unwind@006f714b	lib	other
6f7180	Unwind@006f7180	lib	other
6f7188	Unwind@006f7188	lib	other
6f7193	Unwind@006f7193	lib	other
6f719b	Unwind@006f719b	lib	other
6f71a6	Unwind@006f71a6	lib	other
6f71d0	Unwind@006f71d0	lib	other
6f71d8	Unwind@006f71d8	lib	other
6f71e0	Unwind@006f71e0	lib	other
6f7230	Unwind@006f7230	lib	other
6f723b	Unwind@006f723b	lib	other
6f7270	Unwind@006f7270	lib	other
6f72a0	Unwind@006f72a0	lib	other
6f72d0	Unwind@006f72d0	lib	other
6f7300	Unwind@006f7300	lib	other
6f7330	Unwind@006f7330	lib	other
6f7360	Unwind@006f7360	lib	other
6f7368	Unwind@006f7368	lib	other
6f7390	Unwind@006f7390	lib	other
6f7398	Unwind@006f7398	lib	other
6f73a0	Unwind@006f73a0	lib	other
6f73ab	Unwind@006f73ab	lib	other
6f73b3	Unwind@006f73b3	lib	other
6f73c1	Unwind@006f73c1	lib	other
6f73c9	Unwind@006f73c9	lib	other
6f73d7	Unwind@006f73d7	lib	other
6f73df	Unwind@006f73df	lib	other
6f73ed	Unwind@006f73ed	lib	other
6f7420	Unwind@006f7420	lib	other
6f7428	Unwind@006f7428	lib	other
6f7433	Unwind@006f7433	lib	other
6f7441	Unwind@006f7441	lib	other
6f7470	Unwind@006f7470	lib	other
6f7478	Unwind@006f7478	lib	other
6f74b0	Unwind@006f74b0	lib	other
6f74b8	Unwind@006f74b8	lib	other
6f74f0	Unwind@006f74f0	lib	other
6f7530	Unwind@006f7530	lib	other
6f7560	Unwind@006f7560	lib	other
6f7568	Unwind@006f7568	lib	other
6f7590	Unwind@006f7590	lib	other
6f7598	Unwind@006f7598	lib	other
6f75a6	Unwind@006f75a6	lib	other
6f75b4	Unwind@006f75b4	lib	other
6f75c2	Unwind@006f75c2	lib	other
6f75d0	Unwind@006f75d0	lib	other
6f75de	Unwind@006f75de	lib	other
6f75ec	Unwind@006f75ec	lib	other
6f75fa	Unwind@006f75fa	lib	other
6f7630	Unwind@006f7630	lib	other
6f7638	Unwind@006f7638	lib	other
6f7646	Unwind@006f7646	lib	other
6f7654	Unwind@006f7654	lib	other
6f7662	Unwind@006f7662	lib	other
6f7670	Unwind@006f7670	lib	other
6f767e	Unwind@006f767e	lib	other
6f768c	Unwind@006f768c	lib	other
6f769a	Unwind@006f769a	lib	other
6f76d0	Unwind@006f76d0	lib	other
6f76d8	Unwind@006f76d8	lib	other
6f7700	Unwind@006f7700	lib	other
6f7750	Unwind@006f7750	lib	other
6f7758	Unwind@006f7758	lib	other
6f7763	Unwind@006f7763	lib	other
6f776e	Unwind@006f776e	lib	other
6f77a0	Unwind@006f77a0	lib	other
6f77a8	Unwind@006f77a8	lib	other
6f77d0	Unwind@006f77d0	lib	other
6f77d8	Unwind@006f77d8	lib	other
6f77e0	Unwind@006f77e0	lib	other
6f77e8	Unwind@006f77e8	lib	other
6f77f3	Unwind@006f77f3	lib	other
6f77fb	Unwind@006f77fb	lib	other
6f7803	Unwind@006f7803	lib	other
6f7811	Unwind@006f7811	lib	other
6f7819	Unwind@006f7819	lib	other
6f7821	Unwind@006f7821	lib	other
6f782f	Unwind@006f782f	lib	other
6f7837	Unwind@006f7837	lib	other
6f783f	Unwind@006f783f	lib	other
6f784d	Unwind@006f784d	lib	other
6f7855	Unwind@006f7855	lib	other
6f785d	Unwind@006f785d	lib	other
6f786b	Unwind@006f786b	lib	other
6f7873	Unwind@006f7873	lib	other
6f787b	Unwind@006f787b	lib	other
6f7889	Unwind@006f7889	lib	other
6f7891	Unwind@006f7891	lib	other
6f7899	Unwind@006f7899	lib	other
6f78a7	Unwind@006f78a7	lib	other
6f78b5	Unwind@006f78b5	lib	other
6f78c3	Unwind@006f78c3	lib	other
6f78cb	Unwind@006f78cb	lib	other
6f78d9	Unwind@006f78d9	lib	other
6f78e1	Unwind@006f78e1	lib	other
6f78ef	Unwind@006f78ef	lib	other
6f78f7	Unwind@006f78f7	lib	other
6f78ff	Unwind@006f78ff	lib	other
6f790a	Unwind@006f790a	lib	other
6f7918	Unwind@006f7918	lib	other
6f7920	Unwind@006f7920	lib	other
6f792e	Unwind@006f792e	lib	other
6f7936	Unwind@006f7936	lib	other
6f793e	Unwind@006f793e	lib	other
6f7949	Unwind@006f7949	lib	other
6f7957	Unwind@006f7957	lib	other
6f795f	Unwind@006f795f	lib	other
6f7967	Unwind@006f7967	lib	other
6f7972	Unwind@006f7972	lib	other
6f7980	Unwind@006f7980	lib	other
6f7988	Unwind@006f7988	lib	other
6f7990	Unwind@006f7990	lib	other
6f799b	Unwind@006f799b	lib	other
6f79a9	Unwind@006f79a9	lib	other
6f79b1	Unwind@006f79b1	lib	other
6f79b9	Unwind@006f79b9	lib	other
6f79c4	Unwind@006f79c4	lib	other
6f79d2	Unwind@006f79d2	lib	other
6f79da	Unwind@006f79da	lib	other
6f79e2	Unwind@006f79e2	lib	other
6f79ed	Unwind@006f79ed	lib	other
6f79fb	Unwind@006f79fb	lib	other
6f7a03	Unwind@006f7a03	lib	other
6f7a0b	Unwind@006f7a0b	lib	other
6f7a16	Unwind@006f7a16	lib	other
6f7a24	Unwind@006f7a24	lib	other
6f7a2c	Unwind@006f7a2c	lib	other
6f7a34	Unwind@006f7a34	lib	other
6f7a3f	Unwind@006f7a3f	lib	other
6f7a4d	Unwind@006f7a4d	lib	other
6f7a55	Unwind@006f7a55	lib	other
6f7a5d	Unwind@006f7a5d	lib	other
6f7a68	Unwind@006f7a68	lib	other
6f7a76	Unwind@006f7a76	lib	other
6f7a7e	Unwind@006f7a7e	lib	other
6f7a86	Unwind@006f7a86	lib	other
6f7a91	Unwind@006f7a91	lib	other
6f7a9f	Unwind@006f7a9f	lib	other
6f7aa7	Unwind@006f7aa7	lib	other
6f7ab5	Unwind@006f7ab5	lib	other
6f7abd	Unwind@006f7abd	lib	other
6f7ac5	Unwind@006f7ac5	lib	other
6f7ad0	Unwind@006f7ad0	lib	other
6f7ade	Unwind@006f7ade	lib	other
6f7ae6	Unwind@006f7ae6	lib	other
6f7aee	Unwind@006f7aee	lib	other
6f7af9	Unwind@006f7af9	lib	other
6f7b07	Unwind@006f7b07	lib	other
6f7b15	Unwind@006f7b15	lib	other
6f7b23	Unwind@006f7b23	lib	other
6f7b60	Unwind@006f7b60	lib	other
6f7b68	Unwind@006f7b68	lib	other
6f7b73	Unwind@006f7b73	lib	other
6f7b81	Unwind@006f7b81	lib	other
6f7b8f	Unwind@006f7b8f	lib	other
6f7b9d	Unwind@006f7b9d	lib	other
6f7bab	Unwind@006f7bab	lib	other
6f7bb9	Unwind@006f7bb9	lib	other
6f7bc7	Unwind@006f7bc7	lib	other
6f7bd5	Unwind@006f7bd5	lib	other
6f7be3	Unwind@006f7be3	lib	other
6f7bf1	Unwind@006f7bf1	lib	other
6f7bff	Unwind@006f7bff	lib	other
6f7c0d	Unwind@006f7c0d	lib	other
6f7c1b	Unwind@006f7c1b	lib	other
6f7c29	Unwind@006f7c29	lib	other
6f7c37	Unwind@006f7c37	lib	other
6f7c45	Unwind@006f7c45	lib	other
6f7c53	Unwind@006f7c53	lib	other
6f7c61	Unwind@006f7c61	lib	other
6f7c6f	Unwind@006f7c6f	lib	other
6f7c7d	Unwind@006f7c7d	lib	other
6f7c8b	Unwind@006f7c8b	lib	other
6f7c99	Unwind@006f7c99	lib	other
6f7ca7	Unwind@006f7ca7	lib	other
6f7cd0	Unwind@006f7cd0	lib	other
6f7cd8	Unwind@006f7cd8	lib	other
6f7dc0	Unwind@006f7dc0	lib	other
6f7df0	Unwind@006f7df0	lib	other
6f7df8	Unwind@006f7df8	lib	other
6f7e20	Unwind@006f7e20	lib	other
6f7e28	Unwind@006f7e28	lib	other
6f7e60	Unwind@006f7e60	lib	other
6f7e68	Unwind@006f7e68	lib	other
6f7ea0	Unwind@006f7ea0	lib	other
6f7ea8	Unwind@006f7ea8	lib	other
6f7ee0	Unwind@006f7ee0	lib	other
6f7ee8	Unwind@006f7ee8	lib	other
6f7f20	Unwind@006f7f20	lib	other
6f7f28	Unwind@006f7f28	lib	other
6f7f60	Unwind@006f7f60	lib	other
6f7f90	Unwind@006f7f90	lib	other
6f7fc0	Unwind@006f7fc0	lib	other
6f7ff0	Unwind@006f7ff0	lib	other
6f8020	Unwind@006f8020	lib	other
6f8028	Unwind@006f8028	lib	other
6f8030	Unwind@006f8030	lib	other
6f803b	Unwind@006f803b	lib	other
6f8043	Unwind@006f8043	lib	other
6f805a	Unwind@006f805a	lib	other
6f8090	Unwind@006f8090	lib	other
6f8098	Unwind@006f8098	lib	other
6f80a0	Unwind@006f80a0	lib	other
6f80ab	Unwind@006f80ab	lib	other
6f80b3	Unwind@006f80b3	lib	other
6f80ca	Unwind@006f80ca	lib	other
6f8100	Unwind@006f8100	lib	other
6f8108	Unwind@006f8108	lib	other
6f8110	Unwind@006f8110	lib	other
6f811b	Unwind@006f811b	lib	other
6f8123	Unwind@006f8123	lib	other
6f813a	Unwind@006f813a	lib	other
6f8170	Unwind@006f8170	lib	other
6f8178	Unwind@006f8178	lib	other
6f8180	Unwind@006f8180	lib	other
6f818b	Unwind@006f818b	lib	other
6f8193	Unwind@006f8193	lib	other
6f81aa	Unwind@006f81aa	lib	other
6f81e0	Unwind@006f81e0	lib	other
6f81e8	Unwind@006f81e8	lib	other
6f81f0	Unwind@006f81f0	lib	other
6f81fb	Unwind@006f81fb	lib	other
6f8203	Unwind@006f8203	lib	other
6f821a	Unwind@006f821a	lib	other
6f8250	Unwind@006f8250	lib	other
6f82a0	Unwind@006f82a0	lib	other
6f82e0	Unwind@006f82e0	lib	other
6f82e8	Unwind@006f82e8	lib	other
6f82f0	Unwind@006f82f0	lib	other
6f8320	Unwind@006f8320	lib	other
6f8350	Unwind@006f8350	lib	other
6f8380	Unwind@006f8380	lib	other
6f83d0	Unwind@006f83d0	lib	other
6f8400	Unwind@006f8400	lib	other
6f8450	Unwind@006f8450	lib	other
6f8461	Unwind@006f8461	lib	other
6f8490	Unwind@006f8490	lib	other
6f8498	Unwind@006f8498	lib	other
6f84a0	Unwind@006f84a0	lib	other
6f84ab	Unwind@006f84ab	lib	other
6f84b3	Unwind@006f84b3	lib	other
6f84c1	Unwind@006f84c1	lib	other
6f84c9	Unwind@006f84c9	lib	other
6f84d1	Unwind@006f84d1	lib	other
6f84dc	Unwind@006f84dc	lib	other
6f84ea	Unwind@006f84ea	lib	other
6f84f2	Unwind@006f84f2	lib	other
6f8500	Unwind@006f8500	lib	other
6f8540	Unwind@006f8540	lib	other
6f8548	Unwind@006f8548	lib	other
6f8553	Unwind@006f8553	lib	other
6f8561	Unwind@006f8561	lib	other
6f8590	Unwind@006f8590	lib	other
6f8598	Unwind@006f8598	lib	other
6f85a0	Unwind@006f85a0	lib	other
6f85a8	Unwind@006f85a8	lib	other
6f85b3	Unwind@006f85b3	lib	other
6f85be	Unwind@006f85be	lib	other
6f85c6	Unwind@006f85c6	lib	other
6f85ce	Unwind@006f85ce	lib	other
6f85d9	Unwind@006f85d9	lib	other
6f85e7	Unwind@006f85e7	lib	other
6f85ef	Unwind@006f85ef	lib	other
6f85fd	Unwind@006f85fd	lib	other
6f8605	Unwind@006f8605	lib	other
6f8613	Unwind@006f8613	lib	other
6f861b	Unwind@006f861b	lib	other
6f8623	Unwind@006f8623	lib	other
6f862e	Unwind@006f862e	lib	other
6f863c	Unwind@006f863c	lib	other
6f8670	Unwind@006f8670	lib	other
6f8678	Unwind@006f8678	lib	other
6f8683	Unwind@006f8683	lib	other
6f8691	Unwind@006f8691	lib	other
6f869f	Unwind@006f869f	lib	other
6f86d0	Unwind@006f86d0	lib	other
6f86d8	Unwind@006f86d8	lib	other
6f86e0	Unwind@006f86e0	lib	other
6f86e8	Unwind@006f86e8	lib	other
6f86f3	Unwind@006f86f3	lib	other
6f86fb	Unwind@006f86fb	lib	other
6f8703	Unwind@006f8703	lib	other
6f8711	Unwind@006f8711	lib	other
6f8719	Unwind@006f8719	lib	other
6f8721	Unwind@006f8721	lib	other
6f872f	Unwind@006f872f	lib	other
6f8737	Unwind@006f8737	lib	other
6f873f	Unwind@006f873f	lib	other
6f874d	Unwind@006f874d	lib	other
6f8755	Unwind@006f8755	lib	other
6f8763	Unwind@006f8763	lib	other
6f876b	Unwind@006f876b	lib	other
6f8779	Unwind@006f8779	lib	other
6f8781	Unwind@006f8781	lib	other
6f8789	Unwind@006f8789	lib	other
6f8794	Unwind@006f8794	lib	other
6f87a2	Unwind@006f87a2	lib	other
6f87aa	Unwind@006f87aa	lib	other
6f87b8	Unwind@006f87b8	lib	other
6f87c0	Unwind@006f87c0	lib	other
6f87c8	Unwind@006f87c8	lib	other
6f87d6	Unwind@006f87d6	lib	other
6f87e4	Unwind@006f87e4	lib	other
6f87f2	Unwind@006f87f2	lib	other
6f8800	Unwind@006f8800	lib	other
6f880e	Unwind@006f880e	lib	other
6f881c	Unwind@006f881c	lib	other
6f882a	Unwind@006f882a	lib	other
6f8838	Unwind@006f8838	lib	other
6f8870	Unwind@006f8870	lib	other
6f8878	Unwind@006f8878	lib	other
6f8883	Unwind@006f8883	lib	other
6f8891	Unwind@006f8891	lib	other
6f889f	Unwind@006f889f	lib	other
6f88ad	Unwind@006f88ad	lib	other
6f88bb	Unwind@006f88bb	lib	other
6f88c9	Unwind@006f88c9	lib	other
6f88d7	Unwind@006f88d7	lib	other
6f88e5	Unwind@006f88e5	lib	other
6f88f3	Unwind@006f88f3	lib	other
6f8901	Unwind@006f8901	lib	other
6f890f	Unwind@006f890f	lib	other
6f891d	Unwind@006f891d	lib	other
6f892b	Unwind@006f892b	lib	other
6f8939	Unwind@006f8939	lib	other
6f8947	Unwind@006f8947	lib	other
6f8955	Unwind@006f8955	lib	other
6f8980	Unwind@006f8980	lib	other
6f8988	Unwind@006f8988	lib	other
6f89b0	Unwind@006f89b0	lib	other
6f89b8	Unwind@006f89b8	lib	other
6f89e0	Unwind@006f89e0	lib	other
6f8a50	Unwind@006f8a50	lib	other
6f8a80	Unwind@006f8a80	lib	other
6f8ab0	Unwind@006f8ab0	lib	other
6f8b20	Unwind@006f8b20	lib	other
6f8b50	Unwind@006f8b50	lib	other
6f8ba0	Unwind@006f8ba0	lib	other
6f8bd0	Unwind@006f8bd0	lib	other
6f8bd8	Unwind@006f8bd8	lib	other
6f8c10	Unwind@006f8c10	lib	other
6f8c18	Unwind@006f8c18	lib	other
6f8c23	Unwind@006f8c23	lib	other
6f8c2e	Unwind@006f8c2e	lib	other
6f8c39	Unwind@006f8c39	lib	other
6f8c44	Unwind@006f8c44	lib	other
6f8c4f	Unwind@006f8c4f	lib	other
6f8c5a	Unwind@006f8c5a	lib	other
6f8c65	Unwind@006f8c65	lib	other
6f8c90	Unwind@006f8c90	lib	other
6f8c9b	Unwind@006f8c9b	lib	other
6f8ca6	Unwind@006f8ca6	lib	other
6f8cae	Unwind@006f8cae	lib	other
6f8cb6	Unwind@006f8cb6	lib	other
6f8cc1	Unwind@006f8cc1	lib	other
6f8ccc	Unwind@006f8ccc	lib	other
6f8cd4	Unwind@006f8cd4	lib	other
6f8cdc	Unwind@006f8cdc	lib	other
6f8ce4	Unwind@006f8ce4	lib	other
6f8cec	Unwind@006f8cec	lib	other
6f8d20	Unwind@006f8d20	lib	other
6f8d28	Unwind@006f8d28	lib	other
6f8d33	Unwind@006f8d33	lib	other
6f8d3b	Unwind@006f8d3b	lib	other
6f8d43	Unwind@006f8d43	lib	other
6f8d80	Unwind@006f8d80	lib	other
6f8d88	Unwind@006f8d88	lib	other
6f8dc0	Unwind@006f8dc0	lib	other
6f8dc8	Unwind@006f8dc8	lib	other
6f8dd0	Unwind@006f8dd0	lib	other
6f8dd8	Unwind@006f8dd8	lib	other
6f8de0	Unwind@006f8de0	lib	other
6f8e10	Unwind@006f8e10	lib	other
6f8e1b	Unwind@006f8e1b	lib	other
6f8e26	Unwind@006f8e26	lib	other
6f8e2e	Unwind@006f8e2e	lib	other
6f8e36	Unwind@006f8e36	lib	other
6f8e3e	Unwind@006f8e3e	lib	other
6f8e46	Unwind@006f8e46	lib	other
6f8e4e	Unwind@006f8e4e	lib	other
6f8e56	Unwind@006f8e56	lib	other
6f8e90	Unwind@006f8e90	lib	other
6f8e98	Unwind@006f8e98	lib	other
6f8ea3	Unwind@006f8ea3	lib	other
6f8eae	Unwind@006f8eae	lib	other
6f8eb6	Unwind@006f8eb6	lib	other
6f8ebe	Unwind@006f8ebe	lib	other
6f8ec6	Unwind@006f8ec6	lib	other
6f8ece	Unwind@006f8ece	lib	other
6f8f10	Unwind@006f8f10	lib	other
6f8f18	Unwind@006f8f18	lib	other
6f8f50	Unwind@006f8f50	lib	other
6f8f5b	Unwind@006f8f5b	lib	other
6f8f66	Unwind@006f8f66	lib	other
6f8f6e	Unwind@006f8f6e	lib	other
6f8f76	Unwind@006f8f76	lib	other
6f8f7e	Unwind@006f8f7e	lib	other
6f8f86	Unwind@006f8f86	lib	other
6f8fc0	Unwind@006f8fc0	lib	other
6f8fcb	Unwind@006f8fcb	lib	other
6f8fd6	Unwind@006f8fd6	lib	other
6f8fde	Unwind@006f8fde	lib	other
6f8fe6	Unwind@006f8fe6	lib	other
6f8fee	Unwind@006f8fee	lib	other
6f8ff6	Unwind@006f8ff6	lib	other
6f8ffe	Unwind@006f8ffe	lib	other
6f9006	Unwind@006f9006	lib	other
6f900e	Unwind@006f900e	lib	other
6f9016	Unwind@006f9016	lib	other
6f9050	Unwind@006f9050	lib	other
6f9058	Unwind@006f9058	lib	other
6f9063	Unwind@006f9063	lib	other
6f906b	Unwind@006f906b	lib	other
6f9073	Unwind@006f9073	lib	other
6f90b0	Unwind@006f90b0	lib	other
6f90b8	Unwind@006f90b8	lib	other
6f90f0	Unwind@006f90f0	lib	other
6f90f8	Unwind@006f90f8	lib	other
6f9100	Unwind@006f9100	lib	other
6f9108	Unwind@006f9108	lib	other
6f9140	Unwind@006f9140	lib	other
6f9148	Unwind@006f9148	lib	other
6f9170	Unwind@006f9170	lib	other
6f91a0	Unwind@006f91a0	lib	other
6f91a8	Unwind@006f91a8	lib	other
6f91b0	Unwind@006f91b0	lib	other
6f91bb	Unwind@006f91bb	lib	other
6f91f0	Unwind@006f91f0	lib	other
6f9220	Unwind@006f9220	lib	other
6f9228	Unwind@006f9228	lib	other
6f9260	Unwind@006f9260	lib	other
6f9268	Unwind@006f9268	lib	other
6f9276	Unwind@006f9276	lib	other
6f92a0	Unwind@006f92a0	lib	other
6f92a8	Unwind@006f92a8	lib	other
6f92b6	Unwind@006f92b6	lib	other
6f92c4	Unwind@006f92c4	lib	other
6f92f0	Unwind@006f92f0	lib	other
6f9320	Unwind@006f9320	lib	other
6f9350	Unwind@006f9350	lib	other
6f9380	Unwind@006f9380	lib	other
6f93b0	Unwind@006f93b0	lib	other
6f9450	FUN_006f9450	lib	other
6f9480	FUN_006f9480	lib	other
6f94b0	FUN_006f94b0	lib	other
6f94e0	FUN_006f94e0	lib	other
6f9510	FUN_006f9510	lib	other
6f9540	FUN_006f9540	lib	other
6f9570	FUN_006f9570	lib	other
6f95a0	FUN_006f95a0	lib	other
6f95d0	FUN_006f95d0	lib	other
6f9600	FUN_006f9600	lib	other
6f9630	FUN_006f9630	lib	other
6f9660	FUN_006f9660	lib	other
6f9690	FUN_006f9690	lib	other
6f96c0	FUN_006f96c0	lib	other
6f96f0	FUN_006f96f0	lib	other
6f9720	FUN_006f9720	lib	other
6f9750	FUN_006f9750	lib	other
6f9780	FUN_006f9780	lib	other
6f97b0	FUN_006f97b0	lib	other
6f97e0	FUN_006f97e0	lib	other
6f9810	FUN_006f9810	lib	other
6f9840	FUN_006f9840	lib	other
6f9870	FUN_006f9870	lib	other
6f98a0	FUN_006f98a0	lib	other
6f98d0	FUN_006f98d0	lib	other
6f9900	FUN_006f9900	lib	other
6f9930	FUN_006f9930	lib	other
6f9960	FUN_006f9960	lib	other
6f9990	FUN_006f9990	lib	other
6f99c0	FUN_006f99c0	lib	other
6f99f0	FUN_006f99f0	lib	other
6f9a20	FUN_006f9a20	lib	other
6f9a50	FUN_006f9a50	lib	other
6f9a80	FUN_006f9a80	lib	other
6f9ab0	FUN_006f9ab0	lib	other
6f9ae0	FUN_006f9ae0	lib	other
6f9b10	FUN_006f9b10	lib	other
6f9b40	FUN_006f9b40	lib	other
6f9b70	FUN_006f9b70	lib	other
6f9ba0	FUN_006f9ba0	lib	other
6f9bd0	FUN_006f9bd0	lib	other
6f9c00	FUN_006f9c00	lib	other
6f9c30	FUN_006f9c30	lib	other
6f9c60	FUN_006f9c60	lib	other
6f9c90	FUN_006f9c90	lib	other
6f9cc0	FUN_006f9cc0	lib	other
6f9cf0	FUN_006f9cf0	lib	other
6f9d20	FUN_006f9d20	lib	other
6f9d50	FUN_006f9d50	lib	other
6f9d80	FUN_006f9d80	lib	other
6f9db0	FUN_006f9db0	lib	other
6f9de0	FUN_006f9de0	lib	other
6f9e10	FUN_006f9e10	lib	other
6f9e40	FUN_006f9e40	lib	other
6f9ee0	FUN_006f9ee0	lib	other
6f9f20	FUN_006f9f20	lib	other
6f9f50	FUN_006f9f50	lib	other
6f9f80	FUN_006f9f80	lib	other
6f9fb0	FUN_006f9fb0	lib	other
6f9ff0	FUN_006f9ff0	lib	other
6fa020	FUN_006fa020	lib	other
6fa050	FUN_006fa050	lib	other
6fa080	FUN_006fa080	lib	other
6fa0b0	FUN_006fa0b0	lib	other
6fa0e0	FUN_006fa0e0	lib	other
6fa110	FUN_006fa110	lib	other
6fa140	FUN_006fa140	lib	other
6fa170	FUN_006fa170	lib	other
6fa1a0	FUN_006fa1a0	lib	other
6fa1d0	FUN_006fa1d0	lib	other
6fa200	FUN_006fa200	lib	other
6fa230	FUN_006fa230	lib	other
6fa260	FUN_006fa260	lib	other
6fa290	FUN_006fa290	lib	other
6fa2c0	FUN_006fa2c0	lib	other
6fa2f0	FUN_006fa2f0	lib	other
6fa320	FUN_006fa320	lib	other
6fa350	FUN_006fa350	lib	other
6fa380	FUN_006fa380	lib	other
6fa3b0	FUN_006fa3b0	lib	other
6fa3e0	FUN_006fa3e0	lib	other
6fa410	FUN_006fa410	lib	other
6fa440	FUN_006fa440	lib	other
6fa470	FUN_006fa470	lib	other
6fa4a0	FUN_006fa4a0	lib	other
6fa4d0	FUN_006fa4d0	lib	other
6fa500	FUN_006fa500	lib	other
6fa530	FUN_006fa530	lib	other
6fa560	FUN_006fa560	lib	other
6fa590	FUN_006fa590	lib	other
6fa5c0	FUN_006fa5c0	lib	other
6fa5f0	FUN_006fa5f0	lib	other
6fa620	FUN_006fa620	lib	other
6fa650	FUN_006fa650	lib	other
6fa680	FUN_006fa680	lib	other
6fa6b0	FUN_006fa6b0	lib	other
6fa6e0	FUN_006fa6e0	lib	other
6fa710	FUN_006fa710	lib	other
6fa740	FUN_006fa740	lib	other
6fa770	FUN_006fa770	lib	other
6fa7a0	FUN_006fa7a0	lib	other
6fa7d0	FUN_006fa7d0	lib	other
6fa800	FUN_006fa800	lib	other
6fa830	FUN_006fa830	lib	other
6fa860	FUN_006fa860	lib	other
6fa890	FUN_006fa890	lib	other
6fa8c0	FUN_006fa8c0	lib	other
6fa8f0	FUN_006fa8f0	lib	other
6fa920	FUN_006fa920	lib	other
6fa950	FUN_006fa950	lib	other
6fa980	FUN_006fa980	lib	other
6fa9b0	FUN_006fa9b0	lib	other
6fa9e0	FUN_006fa9e0	lib	other
6faa10	FUN_006faa10	lib	other
6faa40	FUN_006faa40	lib	other
6faa70	FUN_006faa70	lib	other
6faaa0	FUN_006faaa0	lib	other
6faad0	FUN_006faad0	lib	other
6fab00	FUN_006fab00	lib	other
6fab30	FUN_006fab30	lib	other
6fab60	FUN_006fab60	lib	other
6fab90	FUN_006fab90	lib	other
6fabc0	FUN_006fabc0	lib	other
6fabf0	FUN_006fabf0	lib	other
6fac20	FUN_006fac20	lib	other
6fac50	FUN_006fac50	lib	other
6fac80	FUN_006fac80	lib	other
6facb0	FUN_006facb0	lib	other
6face0	FUN_006face0	lib	other
6fad10	FUN_006fad10	lib	other
6fad40	FUN_006fad40	lib	other
6fad70	FUN_006fad70	lib	other
6fada0	FUN_006fada0	lib	other
6fadd0	FUN_006fadd0	lib	other
6fae00	FUN_006fae00	lib	other
6fae30	FUN_006fae30	lib	other
6fae60	FUN_006fae60	lib	other
6fae90	FUN_006fae90	lib	other
6faec0	FUN_006faec0	lib	other
6faef0	FUN_006faef0	lib	other
6faf20	FUN_006faf20	lib	other
6faf50	FUN_006faf50	lib	other
6faf80	FUN_006faf80	lib	other
6fafb0	FUN_006fafb0	lib	other
6faff0	FUN_006faff0	lib	other
6fb020	FUN_006fb020	lib	other
6fb050	FUN_006fb050	lib	other
6fb120	ctor_0	lib	crtstl
6fb130	ctor_1	lib	crtstl
6fb140	ctor_2	lib	crtstl
6fb150	FUN_006fb150	lib	other
6fb1b0	FUN_006fb1b0	lib	other
6fb270	FUN_006fb270	lib	other
6fb2d0	FUN_006fb2d0	lib	other
6fb330	FUN_006fb330	lib	other
6fb3b0	FUN_006fb3b0	lib	other
6fb430	FUN_006fb430	lib	other
6fb5f0	FUN_006fb5f0	lib	other
6fb9f0	FUN_006fb9f0	lib	other
6fbab5	FUN_006fbab5	lib	other
