addr	old	new
401000	FUN_00401000	OggPage_continued
401020	FUN_00401020	OggPage_bos
401040	FUN_00401040	OggPage_eos
401060	FUN_00401060	OggPage_granulepos
4010f0	FUN_004010f0	OggPage_serialno
401120	FUN_00401120	OggStream_init
4011e0	FUN_004011e0	OggStream_clear
401230	FUN_00401230	OggStream_lacingExpand
4012a0	FUN_004012a0	OggPage_checksumSet
401330	FUN_00401330	OggSync_reset
401360	FUN_00401360	OggBuffer_free
4013a0	FUN_004013a0	OggSync_buffer
401450	FUN_00401450	OggSync_wrote
401480	FUN_00401480	OggSync_pageseek
4015c0	FUN_004015c0	OggStream_pagein
4018f0	FUN_004018f0	OggSync_reset2
401930	FUN_00401930	OggStream_reset
4019c0	FUN_004019c0	OggStream_resetSerialno
4019f0	FUN_004019f0	OggStream_packetOut_impl
401b10	FUN_00401b10	OggStream_packetout
401b40	FUN_00401b40	OggStream_packetpeek
401c40	FUN_00401c40	oggpack_write
401d70	FUN_00401d70	oggpack_look
401e30	FUN_00401e30	oggpack_adv
401e80	FUN_00401e80	BitReader_getBits
401f80	FUN_00401f80	string_moveConstruct
401ff0	FUN_00401ff0	std_ostream_insert_string
40217e	FUN_0040217e	std_ostream_insert_cleanup
4021e0	FUN_004021e0	RBTreeNode_createString
402210	FUN_00402210	std_vector_char_insert_wrap
402280	FUN_00402280	std_vector_int_insert_wrap
4022f0	FUN_004022f0	std_destroy_ptr_range
402350	FUN_00402350	std_fputc_nofail
402370	FUN_00402370	std_vector_char_insert
402500	FUN_00402500	std_vector_int_insert
4026a0	FUN_004026a0	RBTree_insertRebalance
4028d0	FUN_004028d0	map_insertUnique
402ac0	FUN_00402ac0	map_insertHint
402d50	FUN_00402d50	std_rotate
402e20	FUN_00402e20	copyBytes
402e50	FUN_00402e50	std_copy_low_byte
402e80	FUN_00402e80	vectorString_popBack
402ed0	FUN_00402ed0	signal_dispatchArg
402f80	FUN_00402f80	uivm_pop_int
402fd0	FUN_00402fd0	uivm_pop_float
403030	FUN_00403030	uivm_push_int
4030c0	FUN_004030c0	swap_u32
4030e0	FUN_004030e0	std_locale_getfacet
4032e0	FUN_004032e0	string_moveConstruct2
403350	FUN_00403350	string_assignCStr
4033b0	FUN_004033b0	string_defaultInit
4034c0	FUN_004034c0	vectorString_copyElem
403eb0	FUN_00403eb0	string_dtor
403ee0	FUN_00403ee0	eh_cleanup_delete_node
404040	FUN_00404040	eh_cleanup_release
404060	FUN_00404060	std_ostream_sentry_dtor
404090	FUN_00404090	string_moveAssign
4040d0	FUN_004040d0	std_container_assign_range
4041c0	FUN_004041c0	map_insertOrAssignStr
4042e0	FUN_004042e0	map_findOrInsertEmpty
4043c0	FUN_004043c0	string_lessCompare
4043f0	FUN_004043f0	filebuf_dtor
4044f0	FUN_004044f0	std_filebuf_deleting_dtor
404650	FUN_00404650	uivm_op_index_add
404760	FUN_00404760	uivm_op_signed_combine
404890	FUN_00404890	uivm_op_binary_call
4049a0	FUN_004049a0	uivm_op_add
404ab0	FUN_00404ab0	uivm_op_scale
404be0	FUN_00404be0	uivm_op_logical_and
404cf0	FUN_00404cf0	uivm_op_bool_and
404e00	FUN_00404e00	uivm_op_masked_and
404f10	FUN_00404f10	uivm_op_cond_and
405060	FUN_00405060	string_move
4050c0	FUN_004050c0	RBTreeNode_alloc
405100	FUN_00405100	uivm_op_push_arg
405120	FUN_00405120	widget_checkbutton_ctor
4051b0	FUN_004051b0	uivm_op_push_or_zero
4051e0	FUN_004051e0	uivm_op_push_scaled
405210	FUN_00405210	uivm_dispatch_loop
405290	FUN_00405290	uivm_op_push_via_helper
4052b0	FUN_004052b0	uivm_op_store_state
4052e0	FUN_004052e0	widget_caption_format_cos
4053b0	FUN_004053b0	uivm_op_dispatch3
405420	FUN_00405420	string_fillAssign
405470	FUN_00405470	std_fill_n_bytes
4054b0	FUN_004054b0	vector_fillN
4054f0	FUN_004054f0	string_grow
405640	FUN_00405640	uivm_op_load_indexed
405700	FUN_00405700	uivm_op_idiv
405810	FUN_00405810	std_string_deleting_dtor
405850	FUN_00405850	uivm_op_ieq
405960	FUN_00405960	uivm_op_ieq_sqdiff
405a70	FUN_00405a70	uivm_op_ieq_scaled
405ba0	FUN_00405ba0	uivm_op_ieq_offset
405cc0	FUN_00405cc0	filebuf_endWrite
405e10	FUN_00405e10	RBTree_eraseRecursive
405e70	FUN_00405e70	uivm_op_fadd
405f90	FUN_00405f90	uivm_op_fdiv
4060b0	FUN_004060b0	uivm_op_feq
4061e0	FUN_004061e0	uivm_op_fle
406300	FUN_00406300	uivm_op_flt
406420	FUN_00406420	uivm_op_fge
406540	FUN_00406540	uivm_op_fgt
406660	FUN_00406660	uivm_op_push_const
4066f0	FUN_004066f0	uivm_op_ftoi
4067c0	FUN_004067c0	uivm_op_ftoi_scaled
4068b0	FUN_004068b0	uivm_op_series_sum
4069c0	FUN_004069c0	uivm_op_identity_wrap
4069e0	FUN_004069e0	uivm_op_fmul
406b00	FUN_00406b00	uivm_op_fne
406c30	FUN_00406c30	uivm_op_fsub
406d50	FUN_00406d50	uivm_list_push_depth
406dc0	FUN_00406dc0	uivm_list_push_depth_off
406e30	FUN_00406e30	uivm_list_push_cond
406ec0	FUN_00406ec0	uivm_list_push_depth2
406f30	FUN_00406f30	uivm_op_ile
407040	FUN_00407040	uivm_op_ile2
407170	FUN_00407170	uivm_op_ige
407290	FUN_00407290	uivm_op_ilt_flagged
4073d0	FUN_004073d0	uivm_op_icmp_special
407510	FUN_00407510	uivm_op_load_scaled_index
407570	FUN_00407570	uivm_op_load_scaled_index2
407620	FUN_00407620	uivm_op_load_index_ret
407680	FUN_00407680	uivm_op_load_index
4076d0	FUN_004076d0	uivm_op_igt
4077f0	FUN_004077f0	uivm_op_cmp_gt_adjusted
407910	FUN_00407910	uivm_op_cmp_scaled_lt
407a50	FUN_00407a50	uivm_op_less_dispatch
407c40	FUN_00407c40	uivm_op_cmp_range
407d50	FUN_00407d50	string_resize
407e00	FUN_00407e00	uivm_fold_add_helper
407e30	FUN_00407e30	uivm_op_push_int_identity
407ed0	FUN_00407ed0	uivm_op_push_folded
407f80	FUN_00407f80	uivm_op_push_computed_array
408080	FUN_00408080	uivm_op_int_to_float
408150	FUN_00408150	uivm_identity_int
408160	FUN_00408160	uivm_op_mod5_stub
4081b0	FUN_004081b0	uivm_map_small_int
4081e0	FUN_004081e0	uivm_identity_passthrough
408230	FUN_00408230	uivm_op_select_if_zero
408280	FUN_00408280	uivm_op_accumulate
4082f0	FUN_004082f0	uivm_op_zero_if_nonzero
408350	FUN_00408350	uivm_op_zero_if_nonzero_f
4083f0	FUN_004083f0	widget_btncheck_eval
408460	FUN_00408460	uivm_op_cmp_push_const
4085a0	FUN_004085a0	uivm_op_cmp_push_vec
4088a0	FUN_004088a0	uivm_op_series_compare
408a00	FUN_00408a00	uivm_op_le
408b10	FUN_00408b10	uivm_op_lt
408c20	FUN_00408c20	uivm_op_lt_double
408d50	FUN_00408d50	uivm_op_cmp_push_scaled
408eb0	FUN_00408eb0	uivm_op_lt_2
408fc0	FUN_00408fc0	map_lowerBound
4090b0	FUN_004090b0	uivm_op_mod
4091c0	FUN_004091c0	uivm_op_mul
4092e0	FUN_004092e0	uivm_op_mul_2
4093e0	FUN_004093e0	uivm_op_affine
409500	FUN_00409500	uivm_op_ne_offset
409620	FUN_00409620	uivm_op_diff
409730	FUN_00409730	widget_frame_text_eval
409860	FUN_00409860	uivm_op_abs_compare
409970	FUN_00409970	uivm_op_ne
409a80	FUN_00409a80	uivm_op_is_zero
409b50	FUN_00409b50	uivm_op_is_zero_scaled
409c20	FUN_00409c20	uivm_op_abs_le_zero
409cf0	FUN_00409cf0	uivm_op_cond_flag
409de0	FUN_00409de0	uivm_op_is_zero_409de0
409eb0	FUN_00409eb0	uivm_op_logical_or
409fc0	FUN_00409fc0	uivm_op_absum_positive
40a0e0	FUN_0040a0e0	uivm_op_logical_or2
40a200	FUN_0040a200	uivm_op_logical_or_call
40a350	FUN_0040a350	uivm_pop_n_operands
40a3a0	FUN_0040a3a0	uivm_pop_operands_alt
40a430	FUN_0040a430	uivm_op_push_zero_wrapper
40a4c0	FUN_0040a4c0	uivm_pop_operands_switch
40a560	FUN_0040a560	uivm_op_push_indexed
40a600	FUN_0040a600	uivm_op_push_int
40a690	FUN_0040a690	uivm_op_button_press_push
40a740	FUN_0040a740	uivm_op_push_repeat
40a860	FUN_0040a860	uivm_op_dispatch_or_push
40a9c0	FUN_0040a9c0	uivm_pop_and_process
40aa50	FUN_0040aa50	uivm_eval_and_emit
40aaf0	FUN_0040aaf0	uivm_eval_wrapper
40ab10	FUN_0040ab10	uivm_build_and_emit
40abf0	FUN_0040abf0	uivm_pop_and_emit
40ac80	FUN_0040ac80	uivm_compute_offsets
40ad70	FUN_0040ad70	uivm_op_build_buffer_push
40af30	FUN_0040af30	uivm_op_compute_push
40b0a0	FUN_0040b0a0	uivm_op_wrap_offset
40b0c0	FUN_0040b0c0	uivm_op_compute_eval_push
40b270	FUN_0040b270	uivm_op_sub
40b380	FUN_0040b380	uivm_op_sub_wrap
40b390	FUN_0040b390	uivm_op_sub2
40b4e0	FUN_0040b4e0	strstreambuf_tidy
40b550	FUN_0040b550	uivm_op_push_int2
40b5e0	FUN_0040b5e0	uivm_op_push_adjusted
40b680	FUN_0040b680	uivm_op_push_or_offset
40b730	FUN_0040b730	uivm_op_named_push
40b9f0	FUN_0040b9f0	uivm_op_float_to_int
40bac0	FUN_0040bac0	std_list_push_back
40bb30	FUN_0040bb30	uivm_operand_construct
40bb90	FUN_0040bb90	uivm_op_not_array
40bbb0	FUN_0040bbb0	add_int
40bbc0	FUN_0040bbc0	uivm_compute_pop_range
40bd50	FUN_0040bd50	uivm_op_sub_variant
40be60	FUN_0040be60	uivm_op_push_offset
40bef0	FUN_0040bef0	uivm_sum_scaled
40bfc0	FUN_0040bfc0	std_allocate
40bff0	FUN_0040bff0	string_appendFill
40c0a0	FUN_0040c0a0	string_assignSubstr
40c1c0	FUN_0040c1c0	string_assignFill
40c280	FUN_0040c280	string_assignPtrLen
40c380	FUN_0040c380	string_data
40c390	FUN_0040c390	uivm_map_lookup_pop
40c4c0	FUN_0040c4c0	filebuf_close
40c520	FUN_0040c520	string_compare
40c590	FUN_0040c590	memcmp_traits
40c600	FUN_0040c600	map_insertNode
40c790	FUN_0040c790	map_eraseRange
40c850	FUN_0040c850	RBTree_eraseNode
40cb00	FUN_0040cb00	string_erase
40cba0	FUN_0040cba0	fabs_f
40d010	FUN_0040d010	filebuf_openInstantiate
40d240	FUN_0040d240	std_filebuf_open
40d800	FUN_0040d800	uivm_pop_operand
40d860	FUN_0040d860	uivm_pop_and_list_erase
40d910	FUN_0040d910	vectorPOD_insertAt
40d9d0	FUN_0040d9d0	vectorInt_resize
40da70	FUN_0040da70	dispatch_callbackChain
40e030	FUN_0040e030	ostrstream_str
40e140	FUN_0040e140	ostrstream_str_wrap
40e420	FUN_0040e420	cosf_f
40e440	FUN_0040e440	wostream_insertNarrow
40e696	FUN_0040e696	wostream_insertNarrow_unwind
40e6f0	FUN_0040e6f0	wostream_insertWide
40e8d6	FUN_0040e8d6	wostream_insertWide_unwind
40e940	FUN_0040e940	useFacet_ctypeW
40ea30	FUN_0040ea30	setPair_a
40ea50	FUN_0040ea50	setPair_b
40ea70	FUN_0040ea70	setColor3b
40ea90	FUN_0040ea90	setVec3
40eac0	FUN_0040eac0	setVec4
40eaf0	FUN_0040eaf0	u16string_moveConstruct
40eb60	FUN_0040eb60	u16string_assignCStr
40ebc0	FUN_0040ebc0	u16string_defaultInit
40ee40	FUN_0040ee40	setColor4b
40ee70	FUN_0040ee70	entityState_copy
40ef20	FUN_0040ef20	std_basic_ostream_Osfx_unwind
40ef50	FUN_0040ef50	arrayElem0x11c
40ef70	FUN_0040ef70	ptrAt_0x4c_0x20x8
40ef80	FUN_0040ef80	vec2_scale
40f0d0	FUN_0040f0d0	repeatCall
40f110	FUN_0040f110	u16string_move
40f170	FUN_0040f170	u16string_grow
40f2d0	FUN_0040f2d0	u16string_setEos
40f300	FUN_0040f300	u16string_resize
40f3c0	FUN_0040f3c0	strstreambuf_init
40f490	FUN_0040f490	u16string_data
40f4a0	FUN_0040f4a0	std_wstring_Tidy
40f4f0	FUN_0040f4f0	computeLevelDiffBonus
40f570	FUN_0040f570	getTargetEntity
40f650	FUN_0040f650	std_wstring_Allocate
40f680	FUN_0040f680	u16string_replaceRange
40f7a0	FUN_0040f7a0	u16string_assignPtrLen
40f8a0	FUN_0040f8a0	std_char_traits_assign
40f8c0	FUN_0040f8c0	std_wstring_operator_delete_wrapper
40f8e0	FUN_0040f8e0	getField_0x3c
411270	FUN_00411270	u16string_erase
411320	FUN_00411320	getField_0x34
411340	FUN_00411340	proximityCheck
411400	FUN_00411400	getField_0x148
411740	FUN_00411740	GameController_get_field_0x8006d0
411750	FUN_00411750	GameController_get_field_ptr_0x800a1c
411a90	FUN_00411a90	setFlagAtSlot
411ab0	FUN_00411ab0	count_0x11c
411ad0	FUN_00411ad0	u16_ostrstream_str
411b90	FUN_00411b90	strstreambuf_initWrap
411bc0	FUN_00411bc0	u16_ostrstream_str_wrap
411be0	FUN_00411be0	math_mat3_transform_point2d
411c70	FUN_00411c70	getField_0x38
411cf0	FUN_00411cf0	getField_0x40
411d00	FUN_00411d00	get_field_ptr_0x2e4
411d10	FUN_00411d10	powf_f
411d40	FUN_00411d40	array_lerp
411df0	FUN_00411df0	vec2_copy
411e10	FUN_00411e10	copy16bytes
411e30	FUN_00411e30	vec3_copy
411e50	FUN_00411e50	Creature_init
412080	FUN_00412080	int_toFixed16
4120a0	FUN_004120a0	addInt
4120b0	FUN_004120b0	arrayElem_stride8
4120c0	FUN_004120c0	vectorU32_at
4120f0	FUN_004120f0	fixed16ToFloat
412120	FUN_00412120	vec4_mulComponent
412170	FUN_00412170	vec4_scale
4121c0	FUN_004121c0	vec3_sub
412200	FUN_00412200	int64_sub
412220	FUN_00412220	int64_subFn
412260	FUN_00412260	int64_negate
412280	FUN_00412280	vec3_add
4122c0	FUN_004122c0	int64_add
4122e0	FUN_004122e0	int64_addFn
412320	FUN_00412320	vec2_dot
412350	FUN_00412350	vec3_dot
412390	FUN_00412390	vec3_cross
412400	FUN_00412400	mat4_mulLeft
412780	FUN_00412780	vec3_scaleInPlace
4127c0	FUN_004127c0	vec4_mulInPlace
412810	FUN_00412810	math_vec4_scale
412850	FUN_00412850	vec3_addInPlace
412890	FUN_00412890	vec3_subInPlace
4128d0	FUN_004128d0	mat_elemPtr
4128f0	FUN_004128f0	Creature_drawModel
423e70	FUN_00423e70	mat4_identity
423ee0	FUN_00423ee0	vec2_length
423f20	FUN_00423f20	vec3_length
423f70	FUN_00423f70	computeYawFromDir
424090	FUN_00424090	vec2_normalize
4240f0	FUN_004240f0	vec3_normalize
424170	FUN_00424170	mat4_rotateAxisAngle_v
4241b0	FUN_004241b0	mat4_rotateAxisAngle
4243d0	FUN_004243d0	mat4_rotateX
4244f0	FUN_004244f0	mat4_rotateY
424610	FUN_00424610	mat4_rotateZ
424730	FUN_00424730	mat4_scaleAxes
424810	FUN_00424810	getField_0x44
424820	FUN_00424820	getField_0x48
424830	FUN_00424830	vec2_lengthSq
424860	FUN_00424860	vec3_lengthSq
4248a0	FUN_004248a0	mat4_transformPoint
424990	FUN_00424990	mat4_translateVec
424a60	FUN_00424a60	mat4_translate
424b30	FUN_00424b30	asinf_f
424b50	FUN_00424b50	sinf_f
424b70	FUN_00424b70	sqrtf_f
424ba0	FUN_00424ba0	wostream_insertU16string
424d40	FUN_00424d40	wostream_insertU16string_unwind
424da0	FUN_00424da0	u16string_assignCharRange
424f30	FUN_00424f30	mat4_mulRight
4252f0	FUN_004252f0	vec3_scaleOut
425330	FUN_00425330	u16string_fillAssign
425390	FUN_00425390	u16string_append
427870	FUN_00427870	vec3_normalizeOut
427910	FUN_00427910	mat4_perspective
4279e0	FUN_004279e0	getField_0x110
4279f0	FUN_004279f0	getField_0x10c
427a00	FUN_00427a00	u16string_equals
427a30	FUN_00427a30	copyVec4Array
427a80	FUN_00427a80	zeroVec3Array
427ab0	FUN_00427ab0	copyVec2Array
427af0	FUN_00427af0	copyVec4Array2
427b40	FUN_00427b40	Widget_connectRecursive
428750	FUN_00428750	Spawn_initDefaults
4288b0	FUN_004288b0	storeVec2At
4288e0	FUN_004288e0	storeVec4At
428920	FUN_00428920	copy3bytes
428940	FUN_00428940	color3_differs
428970	FUN_00428970	arrayElem_stride4
428980	FUN_00428980	arrayElem_stride16
428990	FUN_00428990	math_vec4_sub
4289e0	FUN_004289e0	vec4_addInPlace
428a60	FUN_00428a60	vectorGrowCap8
428aa0	FUN_00428aa0	RBTree_next
428ac0	FUN_00428ac0	vectorReserve8
428ba0	FUN_00428ba0	vectorReserve16
428c80	FUN_00428c80	vectorReserveCheck8
428d00	FUN_00428d00	vectorReserveCheck16
428d80	FUN_00428d80	loadFirstElem_0x2c
428da0	FUN_00428da0	getField_0x2c
428db0	FUN_00428db0	u16string_compare
42b7a0	FUN_0042b7a0	vectorErase8
42b800	FUN_0042b800	memberPtr_0xc
42b810	FUN_0042b810	CharCreation_cycle_hairstyle_prev
42b860	FUN_0042b860	CharCreation_cycle_hairstyle_next
42b8b0	FUN_0042b8b0	CharCreation_apply_color_set
42b910	FUN_0042b910	CharCreation_adjust_dec_0x198
42b950	FUN_0042b950	CharCreation_adjust_inc_0x198
42b990	FUN_0042b990	CharCreation_toggle_field_0x194
42b9e0	FUN_0042b9e0	CharCreation_adjust_dec_0x19c
42ba20	FUN_0042ba20	CharCreation_adjust_inc_0x19c
42ba60	FUN_0042ba60	CharCreation_cycle_prev_0x18c
42bab0	FUN_0042bab0	CharCreation_cycle_next_0x18c
42bd20	FUN_0042bd20	std_vector_push_back_16
42bd90	FUN_0042bd90	CharCreation_reset_defaults
42be00	FUN_0042be00	resizeChildBuffers_type8
42be50	FUN_0042be50	resizeChildBuffers_type16
42bea0	FUN_0042bea0	std_vector_resize
42bf80	FUN_0042bf80	std_vector_resize_42bf80
42c070	FUN_0042c070	std_vector_size
42c080	FUN_0042c080	CharCreation_refresh_model
42c460	FUN_0042c460	vec3i64_setFromGen
42c4a0	FUN_0042c4a0	vec3i64_toFloat
42c500	FUN_0042c500	vec3_set
42c520	FUN_0042c520	struct_clearFields
42c580	FUN_0042c580	int64_setFromGen
42c5b0	FUN_0042c5b0	vec6_copy
42c5e0	FUN_0042c5e0	Item_copyStruct
42c680	FUN_0042c680	mem_equal_24
42c6c0	FUN_0042c6c0	getPtrPlus8
42c6d0	FUN_0042c6d0	getFirstDword
42c6e0	FUN_0042c6e0	vec6_copyAndScale
42c720	FUN_0042c720	arena_allocSlot0x11c
42c740	FUN_0042c740	rbtree_iteratorIncrement
42c7a0	FUN_0042c7a0	vec3i64_copySub
42c800	FUN_0042c800	vec3i64_copyAdd
42c860	FUN_0042c860	int64_ltFixed16
42c890	FUN_0042c890	int64_ltGen
42c8d0	FUN_0042c8d0	int64_less
42c900	FUN_0042c900	vec3i64_scaleFixed
42c980	FUN_0042c980	vec3i64_add
42c9b0	FUN_0042c9b0	int64_add_42c9b0
42c9d0	FUN_0042c9d0	vec3i64_sub
42ca00	FUN_0042ca00	int64_sub_42ca00
42ca20	FUN_0042ca20	rbtree_destroyRec_buf
42ca80	FUN_0042ca80	rbtree_destroyRec_simple
42cac0	FUN_0042cac0	rbtree_rotate
42ef10	FUN_0042ef10	GameController_clearContainers
42f000	FUN_0042f000	map_valueAtOr0
42f030	FUN_0042f030	map_getRoot
42f040	FUN_0042f040	vec3i64_toIntFloor
42f100	FUN_0042f100	int64_toIntFloor
42f140	FUN_0042f140	counter_decrementClamp
42f160	FUN_0042f160	flags_setOrClear114
42f360	FUN_0042f360	state_initA
42f3e0	FUN_0042f3e0	state_initB
42f430	FUN_0042f430	buffer_freeAt0x11c
42f470	FUN_0042f470	color_copy4
42f4a0	FUN_0042f4a0	Item_equals
42f590	FUN_0042f590	computeCellOffset
42f5a0	FUN_0042f5a0	int64_subGen
42f640	FUN_0042f640	getTileCell32
42f720	FUN_0042f720	get_float_field_0x1000e78
42f730	FUN_0042f730	array_atChecked4
42f7e0	FUN_0042f7e0	world_getColumnData
42f860	FUN_0042f860	world_getColumnAtFixedPos
4347a0	FUN_004347a0	world_getChunkCell256
434870	FUN_00434870	block_isPassableType
4348b0	FUN_004348b0	getDword0x10
4348c0	FUN_004348c0	getFlagBit6
4348d0	FUN_004348d0	get_float_field_0xd4
4348e0	FUN_004348e0	get_float_field_0xd8
434a80	FUN_00434a80	getDword0x28
434a90	FUN_00434a90	region_getCell1024
434ad0	FUN_00434ad0	mat_scaleColumns
434b70	FUN_00434b70	getDword0x1c
434b80	FUN_00434b80	mat_translateByCols
434c10	FUN_00434c10	getBlockType5bits
434c20	FUN_00434c20	node_applyDamageColorFlash
434d10	FUN_00434d10	world_getRegionCell64
439110	FUN_00439110	math_round_to_tenth
439190	FUN_00439190	wstring_equalsCI
4391d0	FUN_004391d0	wstring_notEquals
439210	FUN_00439210	colorMap_allocNode
4392d0	FUN_004392d0	list_makeNode
439300	FUN_00439300	list_insertNodeAt
439510	FUN_00439510	std_wstring_Tidy_dtor_unwind
439530	FUN_00439530	ChatWidget_clearText
4395c0	FUN_004395c0	rbtree_allocNode24
439600	FUN_00439600	list_allocNode32
439640	FUN_00439640	wstring_dataPtr
439680	FUN_00439680	list_clear
4396d0	FUN_004396d0	textBuffer_eraseSelection
439fc0	FUN_00439fc0	std_wstring_erase_iter
43a010	FUN_0043a010	textInput_insertChar
43a0d0	FUN_0043a0d0	NameInput_handle_key
43a270	FUN_0043a270	wstring_replace
43a3f0	FUN_0043a3f0	std_map_lower_bound
43a450	FUN_0043a450	wstring_ctorFromRange
43a490	FUN_0043a490	getDword0xe8
43a4a0	FUN_0043a4a0	textBuffer_clampScroll
43a500	FUN_0043a500	text_layoutWordWrap
43ab30	FUN_0043ab30	text_drawColoredString
43abc0	FUN_0043abc0	int64_subFixed16
43abf0	FUN_0043abf0	int64_addFixed16
43ac20	FUN_0043ac20	vec3i64_dotFixed
43acb0	FUN_0043acb0	int64_gtFixed16
43b480	FUN_0043b480	block_isSolidType
43b4a0	FUN_0043b4a0	vec3i64_selfDotFixed
43b5e0	FUN_0043b5e0	std_wstring_dtor_free
43b610	FUN_0043b610	vec6_set
43b640	FUN_0043b640	listHead_initWithNode
43b660	FUN_0043b660	state_initFields10
43bc00	FUN_0043bc00	Spawn_initNameArrays
43c020	FUN_0043c020	struct_initWithBuf
43c0a0	FUN_0043c0a0	struct_initSmallWithBuf
43c100	FUN_0043c100	Creature_init_43c100
43c380	FUN_0043c380	std_map_dtor
43c3b0	FUN_0043c3b0	std_map_dtor_variant
43c3e0	FUN_0043c3e0	container_destroy
43c790	FUN_0043c790	Creature_partialDtor
43c820	FUN_0043c820	ptr_equalsFirst
43c870	FUN_0043c870	rbtree_allocHead24
43c8a0	FUN_0043c8a0	list_allocNode0x134
43c8e0	FUN_0043c8e0	list_allocNode20
43c920	FUN_0043c920	rbtree_destroyRec_str
43c980	FUN_0043c980	curve_diminishing01
43c9c0	FUN_0043c9c0	item_materialCategory
43ca60	FUN_0043ca60	curve_level05
43caa0	FUN_0043caa0	combat_getAttackWindup
43cf20	FUN_0043cf20	combat_updateBombFuse
43cff0	FUN_0043cff0	stat_calcArmor
43d1a0	FUN_0043d1a0	combat_getAttackTiming
43dc60	FUN_0043dc60	stat_calcWeaponDamage
43df60	FUN_0043df60	equipment_getActiveElement
43e190	FUN_0043e190	stat_calcSpellPower
43e2c0	FUN_0043e2c0	curve_diminishingx3p1
43e310	FUN_0043e310	creature_isSpecialForm
43e350	FUN_0043e350	combat_isReadyToStrike
43e420	FUN_0043e420	combat_rollBlockSuccess
43e4a0	FUN_0043e4a0	quest_checkItemThreshold
43e550	FUN_0043e550	ability_matchesId0x19
43e5a0	FUN_0043e5a0	ability_isUsable
43e630	FUN_0043e630	container_clear
43e660	FUN_0043e660	curve_diminishingN1
43e6a0	FUN_0043e6a0	ability_getManaCost
43e9e0	FUN_0043e9e0	Creature_compute_scale_factor
43ea40	FUN_0043ea40	stat_calcManaRegen
43ec90	FUN_0043ec90	lookup_float_by_id
43ed60	FUN_0043ed60	ability_getPowerFactor
43ede0	FUN_0043ede0	rbtree_eraseNode
43f040	FUN_0043f040	rbtree_eraseRange_str
43f100	FUN_0043f100	rbtree_eraseNode_str
43f3b0	FUN_0043f3b0	rbtree_eraseRange_buf
43f470	FUN_0043f470	rbtree_eraseNode_buf
43f720	FUN_0043f720	rbtree_lowerBound
43f770	FUN_0043f770	curve_diminishingx3p15
43f7c0	FUN_0043f7c0	creature_generateAppearance
443f10	FUN_00443f10	list_findByTypeByte
443f40	FUN_00443f40	drop_getCountRange1
444020	FUN_00444020	drop_getValueRange
4441a0	FUN_004441a0	combat_rollHitChance
444230	FUN_00444230	weapon_isSpecialRune
444270	FUN_00444270	combat_getStaminaCost
4444a0	FUN_004444a0	combat_rollElementProc
444520	FUN_00444520	creature_hasFireAffinity
444590	FUN_00444590	combat_canBlockNow
4445d0	FUN_004445d0	creature_isBossType
444610	FUN_00444610	creature_hasWaterAffinity
444650	FUN_00444650	physics_isLandingHard
444680	FUN_00444680	ability_isChanneled
444760	FUN_00444760	weapon_isMeleeType
444820	FUN_00444820	weapon_isSpecialRunePtr
444860	FUN_00444860	Ability_get_cooldown
444a90	FUN_00444a90	quest_hasActiveItemReq
444ae0	FUN_00444ae0	ability_getResourceCost
444bf0	FUN_00444bf0	combat_findTopThreat
444cb0	FUN_00444cb0	shield_getBlockDuration
444d60	FUN_00444d60	xp_getNextLevelCost
444db0	FUN_00444db0	stat_calcAttackDamage
444ff0	FUN_00444ff0	combat_getComboWindow
445020	FUN_00445020	combat_selectAttackAnim
4452a0	FUN_004452a0	combat_selectAttackVariant
4453b0	FUN_004453b0	rbtree_traverseInorder
445410	FUN_00445410	combat_advanceAttackTimer
4456a0	FUN_004456a0	CombatBehavior_chooseAttack
445f10	FUN_00445f10	stat_diminishing_returns_pct
445f60	FUN_00445f60	math_pow2Mul
445ff0	FUN_00445ff0	math_pow2Div
4460a0	FUN_004460a0	list_pushBack
4460f0	FUN_004460f0	creature_getScaleVec4
446150	FUN_00446150	Equipment_sum_slot_values
4462f0	FUN_004462f0	curve_inverse20p1
446330	FUN_00446330	Player_resetFull
4465c0	FUN_004465c0	Player_resetState
4467a0	FUN_004467a0	stat_calcSpirit
446950	FUN_00446950	set_vec3_offset_by_id
446aa0	FUN_00446aa0	curve_diminishingP1
446af0	FUN_00446af0	statusList_upsert
446bb0	FUN_00446bb0	projectile_getMuzzlePosition
446e80	FUN_00446e80	Creature_compute_stat_pow
447110	FUN_00447110	Player_resetCombatState
447270	FUN_00447270	Player_resetPhysics
447310	FUN_00447310	combat_getReloadFrames
4476a0	FUN_004476a0	curve_diminishingHalf
447700	FUN_00447700	combat_getEffectiveHaste
4478b0	FUN_004478b0	stat_calcHasteBonus
447b00	FUN_00447b00	xp_applyLevelUps
447d10	FUN_00447d10	render_bindNodeTransformA
447d50	FUN_00447d50	render_bindNodeTransformB
447d90	FUN_00447d90	render_bindNodeTransformC
447dd0	FUN_00447dd0	render_bindNodeTransformD
447e10	FUN_00447e10	Input_init_keybindings
447fb0	FUN_00447fb0	render_setVec3Uniform5c
448010	FUN_00448010	render_setVec3Uniform70
448070	FUN_00448070	render_setUniform34
448090	FUN_00448090	render_setFogUniform64
448100	FUN_00448100	render_setInvUniform60
448170	FUN_00448170	render_setLightDirUniform
448280	FUN_00448280	render_setUniform30
4482a0	FUN_004482a0	render_uploadModelViewMatrices
448f10	FUN_00448f10	render_uploadBoneMatrices
448fe0	FUN_00448fe0	render_setVec3Uniform58
449040	FUN_00449040	render_setThreeUniforms
449090	FUN_00449090	render_setVec3Uniform48
4490f0	FUN_004490f0	math_mat4_copy_transpose
449150	FUN_00449150	ostream_writePadded
44931a	FUN_0044931a	ostream_writeEpilogue
449400	FUN_00449400	handle_freeMember4
449420	FUN_00449420	obj_init_and_load_a
4494b0	FUN_004494b0	obj_init_and_inflate
449540	FUN_00449540	zlib_inflateBuffer
4496a0	FUN_004496a0	blob_deobfuscate
449720	FUN_00449720	db_delete_blob
4497a0	FUN_004497a0	handle_isOpen
4497b0	FUN_004497b0	db_openBlobStore
449810	FUN_00449810	db_loadBlobByKey
4498d0	FUN_004498d0	db_getBlobInto
449920	FUN_00449920	db_update_blob_key
4499c0	FUN_004499c0	db_storeBlobVec
4499f0	FUN_004499f0	db_storeBlob
449b70	FUN_00449b70	list_makeNodeWrapper
449ba0	FUN_00449ba0	WorldInfo_allocMapNodeCopyKey
449c00	FUN_00449c00	vector_uninitCopy_0x148
449cb0	FUN_00449cb0	vector_destroyRange_0xc
449ce0	FUN_00449ce0	vector_equal_0x148
449db0	FUN_00449db0	rbtree_insertRebalance_0x148node
449fe0	FUN_00449fe0	map_insertUnique_findPos
44a1a0	FUN_0044a1a0	map_lowerBoundInsert_strKey
44a3c0	FUN_0044a3c0	vector_uninitCopy_0x11c
44a410	FUN_0044a410	vector_destroyRange_0xc_seh
44a4b0	FUN_0044a4b0	vector_uninitCopy_0x11c_ee70
44a500	FUN_0044a500	vector_defaultInit_0x11c
44a580	FUN_0044a580	vector_uninitCopy_0x14
44a600	FUN_0044a600	vector_uninitCopy_0x11c_ee70b
44a650	FUN_0044a650	vector_uninitCopy_0x148_a8c0
44a690	FUN_0044a690	swapElem_0x11c
44a700	FUN_0044a700	vector_copyAssign_0x11c
44a7c0	FUN_0044a7c0	clearTwoFields
44a7e0	FUN_0044a7e0	ctor_ObjWithListMap
44a8a0	FUN_0044a8a0	refcount_initTo1
44a8c0	FUN_0044a8c0	copyAssign_0x148Fields
44a970	FUN_0044a970	reset_0x148Struct
44a9f0	FUN_0044a9f0	std_string_Tidy_unwind
44aa20	FUN_0044aa20	vector_assignFrom_0x11c
44abb0	FUN_0044abb0	vector_assignFrom_0x148
44ad30	FUN_0044ad30	vector_assignFrom_0xc
44af00	FUN_0044af00	dtor_13Strings_0x118
44aff0	FUN_0044aff0	copyCtor_ObjWithVec
44b040	FUN_0044b040	copyCtor_EntityLike
44b3b0	FUN_0044b3b0	copyAssign_0x148Fields_5e0
44b460	FUN_0044b460	WorldInfo_mapInsertUnique
44b560	FUN_0044b560	vector_at_0x188
44b580	FUN_0044b580	vector_pushBackSlot_0x148
44b5a0	FUN_0044b5a0	mapCompare_intStrKey
44b5f0	FUN_0044b5f0	vector_buyAlloc_0x11c
44b660	FUN_0044b660	vector_buyAlloc_0x148
44b6d0	FUN_0044b6d0	vector_buyAlloc_0xc
44b740	FUN_0044b740	list_allocSentinel_0x48
44b770	FUN_0044b770	allocNode_0x120
44b7b0	FUN_0044b7b0	allocNode_0x48_copyHead
44b7f0	FUN_0044b7f0	std_Tree_Freenode_str
44b830	FUN_0044b830	vector_growCap_0x148
44b880	FUN_0044b880	WorldInfo_mapLowerBound
44b920	FUN_0044b920	vector_reallocInsert_0x14
44ba10	FUN_0044ba10	vector_reallocInsert_0x11c
44bb10	FUN_0044bb10	vector_reallocInsert_0x148
44bc10	FUN_0044bc10	vector_reserveGrow_0x14
44bcc0	FUN_0044bcc0	vector_reserveGrow_0x11c
44bd30	FUN_0044bd30	vector_reserveGrow_0x148
44bde0	FUN_0044bde0	allocRawArray_0x148
44be20	FUN_0044be20	vector_clear
44be30	FUN_0044be30	isNonNegativeFlag
44be40	FUN_0044be40	cube::Creature::deserializeState
44cb50	FUN_0044cb50	deserialize_struct_0x28
44cce0	FUN_0044cce0	deserialize_struct_small
44cdb0	FUN_0044cdb0	deserializeRegionChunk
44d460	FUN_0044d460	list_pushBack_0x48
44d4b0	FUN_0044d4b0	vector_insertSelfaware_0x14
44d590	FUN_0044d590	vector_pushBack_0x148
44d620	FUN_0044d620	stream_readBytes
44d660	FUN_0044d660	vector_resize_0x11c
44d790	FUN_0044d790	GameWorld_serialize_state
44e120	FUN_0044e120	serialize_struct_0x28
44e280	FUN_0044e280	serialize_struct_small
44e340	FUN_0044e340	serialize_struct_creatures
44e700	FUN_0044e700	sparseArray_setAt
44e7a0	FUN_0044e7a0	tilemap_writeGlyphColumn
44e890	FUN_0044e890	vector_size_0x188
44e8d0	FUN_0044e8d0	buffer_append_bytes
450920	FUN_00450920	GameController_getSelectedCount
450960	FUN_00450960	GameController_getHoveredTilePtr
450a00	FUN_00450a00	GameController_isInFrontRange
450ab0	FUN_00450ab0	GameController_isNearTargetTile
450b70	FUN_00450b70	GameController_isHoveredTileType0e
450c50	FUN_00450c50	sparseArray_resize
450d90	FUN_00450d90	std_Func_class_Tidy
450dc0	FUN_00450dc0	releaseTwoRefPtrs
450e00	FUN_00450e00	std_function_invoke_and_delete
450e70	FUN_00450e70	spawnWorkerThread
450f00	FUN_00450f00	bytesToVec3Float
450f40	FUN_00450f40	bytesToUint2
450f60	FUN_00450f60	fixedToIntVec3
4511e0	FUN_004511e0	floatToIntVec3
451210	FUN_00451210	std_operator_wistream_wstring
451380	FUN_00451380	std_operator_wstring_unwind
4513f0	FUN_004513f0	adjustorThunkCall
451420	FUN_00451420	storeShortViaAdjust
451440	FUN_00451440	memEqual_0040c520
451470	FUN_00451470	strEqual_cstr
4514b0	FUN_004514b0	std_string_operator_cstr
4514e0	FUN_004514e0	wideMemCompare_ne
451510	FUN_00451510	vec3_scale
451550	FUN_00451550	std_string_ctor_cstr
4515f0	FUN_004515f0	string_ctorAppend
4516e0	FUN_004516e0	std_string_assign_cstr
4517d0	FUN_004517d0	string_assign
451800	FUN_00451800	wstring_assign
451850	FUN_00451850	wstring_ctorAppend
451940	FUN_00451940	heap_siftDown_0x128
451a60	FUN_00451a60	heap_sift_down_16
451b10	FUN_00451b10	heap_siftDown_0xc_float
451bf0	FUN_00451bf0	allocMapNode_ctorStrKey
451c70	FUN_00451c70	map_insertVal_5x64payload
451cc0	FUN_00451cc0	map_insertVal_strPayload
451d00	FUN_00451d00	map_insertVal_3x64payload
451d40	FUN_00451d40	map_insertVal_465c00
451d70	FUN_00451d70	map_insertVal_4594c0
451da0	FUN_00451da0	map_insertVal_4595b0
451dd0	FUN_00451dd0	std_map_insert_val_wstr
451e80	FUN_00451e80	map_insertVal_0x18payload
451ee0	FUN_00451ee0	map_insertVal_4599a0
451f10	FUN_00451f10	map_insertVal_1val
451f50	FUN_00451f50	map_insertVal_4591b0
451ff0	FUN_00451ff0	map_insertVal_12dword
452060	FUN_00452060	map_insertVal_00468670
4520a0	FUN_004520a0	map_insertVal_00465ce0
4520d0	FUN_004520d0	map_insertVal_00465e60
452100	FUN_00452100	map_insertVal_00466410
452190	FUN_00452190	map_insertVal_0044a8c0
4521c0	FUN_004521c0	map_insertVal_strKey
452260	FUN_00452260	node_ctor_2strings
4522a0	FUN_004522a0	node_ctor_3dword
4522e0	FUN_004522e0	std_map_insert_val_obj5
452320	FUN_00452320	wstring_assignFromShortRange
4523f0	FUN_004523f0	map_copyAssignTree
452470	FUN_00452470	vector_uninitCopy_0x11c_5e0
4524c0	FUN_004524c0	list_copyRange_004572c0
452500	FUN_00452500	string_copyRange_0x18
452540	FUN_00452540	rbtree_copyRecursive
452600	FUN_00452600	dtor_freePtrRange_0x128
452650	FUN_00452650	dtor_stringRange_0x18
452690	FUN_00452690	vector_insertRangeFromList_0x10
452840	FUN_00452840	vector_insertRangeFromList_0x148
452a10	FUN_00452a10	rbtree_insertRebalance_A
452c20	FUN_00452c20	rbtree_insertRebalance_mapset
452e30	FUN_00452e30	std_Tree_Insert_node
453040	FUN_00453040	map_insertHint_intKey
453230	FUN_00453230	map_insertHint_strKey
453420	FUN_00453420	map_insertHint_2intKey
453670	FUN_00453670	std_Tree_insert
4538c0	FUN_004538c0	map_lowerBoundInsert_intKey
4539e0	FUN_004539e0	map_lowerBoundInsert_strKey_4539e0
453b40	FUN_00453b40	map_lowerBoundInsert_2intKey
453c90	FUN_00453c90	std_Tree_Insert_hint
453de0	FUN_00453de0	map_findOrInsert_2intKey
453f20	FUN_00453f20	list_assignRange_00608a20
453ff0	FUN_00453ff0	list_assignRange_00451da0
4540c0	FUN_004540c0	list_assignRange_00451ee0
454190	FUN_00454190	std_list_Insert_range
454260	FUN_00454260	list_assignRange_004e0300
454330	FUN_00454330	list_assignRange_00452190
454400	FUN_00454400	list_assignRange_004cb5a0
4544d0	FUN_004544d0	list_assignRange_00451c70
4545a0	FUN_004545a0	list_assignRange_00451e80
454670	FUN_00454670	list_assignRange_00451f50
454740	FUN_00454740	list_assignRange_00451cc0
454810	FUN_00454810	list_assignRange_00451d40
4548e0	FUN_004548e0	list_assignRange_00452060
4549b0	FUN_004549b0	list_assignRange_004520d0
454a80	FUN_00454a80	list_assignRange_0058d860
454b50	FUN_00454b50	introsort_insertionPass_0x128
454d60	FUN_00454d60	std_Insertion_sort
454e30	FUN_00454e30	insertionSort_0xc_float
454ef0	FUN_00454ef0	makeHeap_0x128
454fe0	FUN_00454fe0	std_Make_heap
455070	FUN_00455070	makeHeap_0xc_float
4551b0	FUN_004551b0	sort3_0x128
455270	FUN_00455270	std_Med3
455340	FUN_00455340	sort3_0xc_float
4553c0	FUN_004553c0	medianOf9_0x128
455470	FUN_00455470	std_Guess_median
455510	FUN_00455510	medianOf9_0xc
4555c0	FUN_004555c0	std_Uninitialized_move
4556b0	FUN_004556b0	moveBackward_0x128
455710	FUN_00455710	std_Move_backward
455760	FUN_00455760	popHeap_sift_0x128
455860	FUN_00455860	pushHeap_siftUp_0x128
455940	FUN_00455940	std_Push_heap
4559c0	FUN_004559c0	rotate_0x10
455ac0	FUN_00455ac0	rotate_0x148
455c30	FUN_00455c30	introsort_0x128
455d80	FUN_00455d80	std_Sort
455e70	FUN_00455e70	introsort_0xc
455fb0	FUN_00455fb0	heapSort_0x128
456010	FUN_00456010	std_Sort_heap
4560c0	FUN_004560c0	heapSort_0xc
456160	FUN_00456160	quicksortPartition_0x128
4563d0	FUN_004563d0	std_Unguarded_partition
456710	FUN_00456710	quicksortPartition_0xc
4569f0	FUN_004569f0	vector_uninitCopy_0x11c_guarded
456a40	FUN_00456a40	vector_destroyRange_8_seh
456ae0	FUN_00456ae0	string_destroyRange_0x18
456ba0	FUN_00456ba0	list_copyNodesToArray_0x10
456bf0	FUN_00456bf0	vector_destroyListRange_0x148
456c30	FUN_00456c30	vector_uninitCopy_0x11c_g2
456c80	FUN_00456c80	vector_destroyRange_0xc_seh2
456d30	FUN_00456d30	std_Destroy_range
456d60	FUN_00456d60	list_copyNodesToVector_0x10
456dc0	FUN_00456dc0	vector_destroyRange_0x128_seh
456e90	FUN_00456e90	std_Copy
456ee0	FUN_00456ee0	std_Uninitialized_copy
456f20	FUN_00456f20	copyPackedRange_6to8
456f70	FUN_00456f70	copyRange_2dword
456fb0	FUN_00456fb0	moveStringRange_0x18
457040	FUN_00457040	moveVec3Range
4570a0	FUN_004570a0	list_assignReuse_005c03f0
4571d0	FUN_004571d0	list_assignReuse_00449b70
4572c0	FUN_004572c0	list_assignReuse_004e0300
4573d0	FUN_004573d0	GameController_interpTimeSum
457460	FUN_00457460	GameController_lerpVec3
4574f0	FUN_004574f0	GameController_popbackAndFormat
457600	FUN_00457600	GameController_writeTwoStrings
457800	FUN_00457800	string_moveCtorNode
4578a0	FUN_004578a0	std_Tidy_deallocate_catch
4578e0	FUN_004578e0	dtor_and_free_catch
457900	FUN_00457900	std_basic_string_Tidy
457930	FUN_00457930	GameController_collectTextShapes
4579c0	FUN_004579c0	map_eraseNode_004dc5b0
457a10	FUN_00457a10	map_eraseNode_004544d0
457a60	FUN_00457a60	vector_eraseElem_0x10
457a90	FUN_00457a90	map_eraseNode_004dc4e0
457ae0	FUN_00457ae0	std_list_insert_pos_first_last
457b30	FUN_00457b30	map_eraseNode_004545a0
457b80	FUN_00457b80	std_list_insert_pos_first_last_457b80
457bd0	FUN_00457bd0	map_eraseNode_00454670
457c20	FUN_00457c20	map_eraseNode_00454740
457c70	FUN_00457c70	map_eraseNode_00454810
457cc0	FUN_00457cc0	map_eraseNode_004548e0
457d10	FUN_00457d10	map_eraseNode_004549b0
457d60	FUN_00457d60	map_eraseNode_00454a80
457db0	FUN_00457db0	vector_eraseElem_0x148
457e00	FUN_00457e00	pair_assign_byteDword
457e20	FUN_00457e20	string_assignSwapTmp
457ea0	FUN_00457ea0	pair_assign_2dword
457ec0	FUN_00457ec0	stream_writeString
457f70	FUN_00457f70	std_list_Deserialize
458030	FUN_00458030	std_list_Deserialize_458030
458100	FUN_00458100	std_list_Deserialize_458100
4581d0	FUN_004581d0	std_list_Deserialize_4581d0
458310	FUN_00458310	std_list_Deserialize_458310
4583f0	FUN_004583f0	std_list_Deserialize_4583f0
458500	FUN_00458500	std_list_Deserialize_458500
458650	FUN_00458650	std_list_Deserialize_458650
458780	FUN_00458780	std_list_Deserialize_458780
458860	FUN_00458860	std_list_Deserialize_458860
458940	FUN_00458940	std_list_Deserialize_458940
458a20	FUN_00458a20	std_list_Deserialize_458a20
458b90	FUN_00458b90	storeShort
458ba0	FUN_00458ba0	sortEntry_introsort_0xc
458bd0	FUN_00458bd0	strcpy16
458bf0	FUN_00458bf0	swapDword
458c10	FUN_00458c10	swapElem_0x128
458ce0	FUN_00458ce0	storeDword
458d20	FUN_00458d20	storeRGBA
458d40	FUN_00458d40	std_list_list_const
458de0	FUN_00458de0	noop
458df0	FUN_00458df0	std_list_list_const_458df0
458e90	FUN_00458e90	std_list_copyConstruct_nodeSz18
458f30	FUN_00458f30	std_list_list_const_458f30
458fd0	FUN_00458fd0	std_list_list_const_458fd0
459070	FUN_00459070	std_list_list_const_459070
459110	FUN_00459110	std_list_copyConstruct_nodeSz30
4591b0	FUN_004591b0	std_list_copyConstruct_nodeSz150
459250	FUN_00459250	std_list_copyConstruct_nodeSz_ccbf0
4592f0	FUN_004592f0	std_vector_assign_stride11c
4593b0	FUN_004593b0	std_Tree_Tree
4593e0	FUN_004593e0	std_vector_assign_stride0c
459490	FUN_00459490	std_vector_ctor_fillFrom
4594c0	FUN_004594c0	Object_copyAssign_off118
459530	FUN_00459530	Struct_reset_with256buf
4595b0	FUN_004595b0	Struct_copy_1cDwords
459660	FUN_00459660	T_T
459800	FUN_00459800	Struct_copy_acBytes
4599a0	FUN_004599a0	Struct_copy_47Bytes
459a30	FUN_00459a30	Struct_reset_off14to46
459a90	FUN_00459a90	Struct_reset_4Dwords
459ab0	FUN_00459ab0	Struct_copy_skipIdx1
459b10	FUN_00459b10	T_T_const_T
459c00	FUN_00459c00	Store_ftol64_result
465ae0	FUN_00465ae0	T_T_const_T_465ae0
465b30	FUN_00465b30	std_vector_Tree_alloc
465b60	FUN_00465b60	T_T_465b60
465bb0	FUN_00465bb0	Struct_reset_10Dwords
465c00	FUN_00465c00	Struct_copy_0dDwords
465c70	FUN_00465c70	Struct_reset_0dDwords
465ce0	FUN_00465ce0	Struct_copy_2dDwords
465de0	FUN_00465de0	Struct_init_defaults_off2b
465e60	FUN_00465e60	Struct_copy_10Dwords
465ed0	FUN_00465ed0	Struct_init_off3c_3f
465ef0	FUN_00465ef0	T_T_const_T_465ef0
465fb0	FUN_00465fb0	Struct_init_off10_scale1
465fd0	FUN_00465fd0	T_T_465fd0
466050	FUN_00466050	T_T_const_T_466050
466410	FUN_00466410	Struct_copy_withStringInit
4664b0	FUN_004664b0	Struct_init_off4_defaults
466510	FUN_00466510	Struct_init_withFactory78
466590	FUN_00466590	Struct_reset_1cDwords_flag
466650	FUN_00466650	setQuadFaceFromNormal
466880	FUN_00466880	Struct_ctor_allocListHeads
466aa0	FUN_00466aa0	operator_delete_unwind
466ab0	FUN_00466ab0	dtor_free_unwind
466ad0	FUN_00466ad0	dtor_free_unwind_466ad0
466af0	FUN_00466af0	dtor_free_unwind_466af0
466b10	FUN_00466b10	tree_dtor_free_unwind
466b40	FUN_00466b40	string_tidy_unwind
466b90	FUN_00466b90	vector_dtor_free_unwind
467a70	FUN_00467a70	list_dtor_freeHeadAt8
467ab0	FUN_00467ab0	dtor_free_unwind_467ab0
467af0	FUN_00467af0	tree_dtor_free_unwind_467af0
467b40	FUN_00467b40	dtor_free_unwind_467b40
467b60	FUN_00467b60	list_dtor_freeHeadAt51a0
467c40	FUN_00467c40	u16string_clear_off38
467c70	FUN_00467c70	list_dtor_freeHeadAt60
467f10	FUN_00467f10	Vector_storeElementAt20
467f30	FUN_00467f30	Object_dtor_composite
467f60	FUN_00467f60	Vector_end_stride18_freeStr
467fa0	FUN_00467fa0	u16string_moveClear
467fe0	FUN_00467fe0	String_freeIfNotSelf
468000	FUN_00468000	u16string_assignFromWide
468050	FUN_00468050	std_vector_copyAssign_stride11c
4681e0	FUN_004681e0	std_vector_copyAssign_vecElem8
468310	FUN_00468310	std_vector_copyAssign_elem8_b
468430	FUN_00468430	std_vector_copyAssign_stride18
4685e0	FUN_004685e0	Object_copyAssign_off118_vec
468620	FUN_00468620	Struct_copy_10Dwords_bytes
468670	FUN_00468670	Struct_copy_skipIdx1_11
4686e0	FUN_004686e0	Object_copyCtor_withSubobjects
468790	FUN_00468790	Struct_copy_1cDwords_b
468840	FUN_00468840	operator_eq_2ints
468870	FUN_00468870	operator_eq_3ints
4688a0	FUN_004688a0	operator_ne_2ints
4688d0	FUN_004688d0	operator_ne_int
4688f0	FUN_004688f0	predicate_notFUN_2f4a0
468910	FUN_00468910	rbtree_findOrInsert_intKey
4689a0	FUN_004689a0	rbtree_eraseByStringKey
468ad0	FUN_00468ad0	rbtree_findOrInsert_pairKey
468b70	FUN_00468b70	std_map_operator
468c60	FUN_00468c60	vector_at_stride4
468c70	FUN_00468c70	vector_at_stride8
468c80	FUN_00468c80	iterator_prev_0xc
468c90	FUN_00468c90	iterator_at_0x10
468ca0	FUN_00468ca0	fixedMul_16_16
468cf0	FUN_00468cf0	ftol64_ofFloat
468d30	FUN_00468d30	list_popFront_node
468d50	FUN_00468d50	iterator_postInc_2
468d70	FUN_00468d70	iterator_deref_advance
468d90	FUN_00468d90	iterator_postInc_4
468db0	FUN_00468db0	iterator_postInc_0xc
468dd0	FUN_00468dd0	iterator_postDec_0xc
468df0	FUN_00468df0	vec2_sub
468e20	FUN_00468e20	vec3_negateSwapYZ
468e70	FUN_00468e70	Struct_copy6_thenReset
468eb0	FUN_00468eb0	fixed_sub_scaled_64
468ee0	FUN_00468ee0	fixed_sub_ftol_64
468f20	FUN_00468f20	vec2_add
468f50	FUN_00468f50	vec4_add
468fa0	FUN_00468fa0	std_vector_operator
468fc0	FUN_00468fc0	fixed_sub_ftol_rev64
469000	FUN_00469000	vec2i_divScalar
469020	FUN_00469020	vec3_divScalar
469060	FUN_00469060	int64_divScalar_double
4690a0	FUN_004690a0	cube::World::updateNearbyEntities
469590	FUN_00469590	World_streamChunksAroundPlayer
469c10	FUN_00469c10	cube::World::updateActiveChunks
46b740	FUN_0046b740	cube::GameController::networkReceiveThread
46d1c0	FUN_0046d1c0	less_pair_int
46d1f0	FUN_0046d1f0	less_stringKey_map
46d220	FUN_0046d220	vec3_mulInPlace
46d370	FUN_0046d370	Container_dtor_at78
46d440	FUN_0046d440	std_vector_reserveAlloc_stride8
46d4b0	FUN_0046d4b0	rbtree_allocHeaderNode_1c
46d4e0	FUN_0046d4e0	std_Tree_Buyheadnode
46d520	FUN_0046d520	rbtree_allocHeaderNode_28
46d550	FUN_0046d550	list_buyNode_0c
46d590	FUN_0046d590	list_buyNode_18
46d5d0	FUN_0046d5d0	list_buyNode_78
46d610	FUN_0046d610	list_buyNode_28
46d650	FUN_0046d650	list_buyNode_1c
46d690	FUN_0046d690	list_buyNode_124
46d6d0	FUN_0046d6d0	list_buyNode_128
46d710	FUN_0046d710	list_buyNode_38
46d750	FUN_0046d750	list_buyNode_40
46d790	FUN_0046d790	list_buyNode_60
46d7d0	FUN_0046d7d0	list_buyNode_c0
46d810	FUN_0046d810	list_buyNode_50
46d850	FUN_0046d850	list_buyNode_30
46d890	FUN_0046d890	list_buyNode_68
46d8d0	FUN_0046d8d0	list_buyNode_150
46d910	FUN_0046d910	rbtree_buyNode_copyKey20
46d950	FUN_0046d950	std_Tree_Buyheadnode_46d950
46d990	FUN_0046d990	rbtree_buyNode_copyKey18
46d9d0	FUN_0046d9d0	Node_alloc_thenInit
46da00	FUN_0046da00	vector_fill_pairElem
46dac0	FUN_0046dac0	vector_destroyRange_strings
46daf0	FUN_0046daf0	std_Destroy_range_catch
46db10	FUN_0046db10	Node_dtor_2strings
46dbc0	FUN_0046dbc0	rbtree_destroyRecursive
46dc50	FUN_0046dc50	std_list_Tidy
46dcb0	FUN_0046dcb0	identity_getter_thunk
46dcc0	FUN_0046dcc0	vector_growCap_stride4
46dd00	FUN_0046dd00	vector_growCap_stride16
46dd40	FUN_0046dd40	vector_growCap_stride128
46dd90	FUN_0046dd90	std_vector_Calculate_growth
46dde0	FUN_0046dde0	vector_growCap_stride18
46de30	FUN_0046de30	vector_insertN_stride4
46e150	FUN_0046e150	vector_reallocInsert_stride128
46e250	FUN_0046e250	std_vector_Reallocate
46e330	FUN_0046e330	vector_reallocInsert_strElem8
46e430	FUN_0046e430	std_vector_Reallocate_46e430
46e530	FUN_0046e530	vector_reallocInsert_stride8
46e610	FUN_0046e610	std_vector_Reallocate_46e610
46e710	FUN_0046e710	vector_resizeGrow_stride128
46e780	FUN_0046e780	std_vector_reserve
46e800	FUN_0046e800	vector_reserve_stride8
46e880	FUN_0046e880	std_vector_Reserve_grow
46e8f0	FUN_0046e8f0	vector_reserve_stride8_b
46e970	FUN_0046e970	std_vector_reserve_46e970
46ea70	FUN_0046ea70	vector_destroy_stringElems
46eac0	FUN_0046eac0	std_list_Unlink
46eaf0	FUN_0046eaf0	std_list_erase
46eb20	FUN_0046eb20	std_list_erase_46eb20
46eb80	FUN_0046eb80	GameController_set_field_1b4
46eb90	FUN_0046eb90	tree_setVisibilityFlagRecursive
46ebe0	FUN_0046ebe0	GameController_addItemToInventory
46eeb0	FUN_0046eeb0	ChunkBuffer_pushQuadFaces
46ef20	FUN_0046ef20	array_alloc_stride18
46ef60	FUN_0046ef60	std_string_replace_char
46f050	FUN_0046f050	std_string_append_char
46f170	FUN_0046f170	std_u16string_replace
46f270	FUN_0046f270	std_u16string_append
46f390	FUN_0046f390	GameController_set_camera_transform
46f430	FUN_0046f430	iterator_backMinus4
46f440	FUN_0046f440	deref_frontValue
46f450	FUN_0046f450	GameController_acquire_render_locks
46f490	FUN_0046f490	GameController_check_tile_walkable
46f620	FUN_0046f620	GameController_reloadServerList
46f870	FUN_0046f870	list_clearSingleNode
46f8b0	FUN_0046f8b0	std_list_clear
46f910	FUN_0046f910	list_clearNestedList
46f990	FUN_0046f990	listNode_free_ownsString
46f9f0	FUN_0046f9f0	std_list_clear_46f9f0
46fa50	FUN_0046fa50	list_eraseTail_stringNode
46fa90	FUN_0046fa90	ios_setstateFailIfZero
46fac0	FUN_0046fac0	findNearestEntityDistSq
4709c0	FUN_004709c0	GameController_onItemPickup
470d80	FUN_00470d80	voxelRaycast_modelPick
4718b0	FUN_004718b0	map_getTileLightOrHeight
471910	FUN_00471910	getter_field80015c
471920	FUN_00471920	GameController_modifyBlockAtWorld
4719f0	FUN_004719f0	GameController_disconnect
471b60	FUN_00471b60	renderEntityLabelBillboard
471d50	FUN_00471d50	drawOrientedModelOrTrail
4758c0	FUN_004758c0	drawBillboardModelRotated
476660	FUN_00476660	drawModelAtProjectedPos
477220	FUN_00477220	isZero_off10
477230	FUN_00477230	isZero_off4
477240	FUN_00477240	vector_empty
477250	FUN_00477250	u16string_endIterator
477280	FUN_00477280	GameController_release_render_locks
4772b0	FUN_004772b0	GameController_start_game_mode
4777f0	FUN_004777f0	Zone_rbtree_eraseRange
4778b0	FUN_004778b0	Zone_rbtree_eraseNode
477b80	FUN_00477b80	list_eraseNode_front
477bf0	FUN_00477bf0	list_eraseRange
477c60	FUN_00477c60	list_eraseNode
477cb0	FUN_00477cb0	list_eraseNode_stringField
477d20	FUN_00477d20	std_list_Erase_node
477d90	FUN_00477d90	rbtree_lowerBound_pairKey
477e10	FUN_00477e10	findNearestEntityInGrid
4787f0	FUN_004787f0	getter_field800164
47ae10	FUN_0047ae10	collectFilledInventorySlots
47b010	FUN_0047b010	getHoveredWorldItem
47b1b0	FUN_0047b1b0	getEquipmentSlotPtr
47b340	FUN_0047b340	getTargetedItemName
47b3e0	FUN_0047b3e0	getInteractTargetName
47b450	FUN_0047b450	getSelectedSlotCoords
47b550	FUN_0047b550	getSelectedItemPtr
47b5f0	FUN_0047b5f0	getter_off4c
47f000	FUN_0047f000	map_getPairValue
47f030	FUN_0047f030	hasNearbyAllyEntity
47f1c0	FUN_0047f1c0	getter_byte3c4
47f3b0	FUN_0047f3b0	getter_flagBit0_f4
47f3c0	FUN_0047f3c0	testAABBvsFrustum_fixed
47f760	FUN_0047f760	testSphereVsFrustum_fixed
47f940	FUN_0047f940	GameController_validate_selected_zone
47f9f0	FUN_0047f9f0	isInteractableTileType
47fa10	FUN_0047fa10	hasActiveWorldChunk
47fa30	FUN_0047fa30	getItemTypeCategory
47faa0	FUN_0047faa0	getChunkCellAt
47fae0	FUN_0047fae0	spawnItemAffixDrops
480d90	FUN_00480d90	getVelocityX
480db0	FUN_00480db0	getVelocityY
480dd0	FUN_00480dd0	getPositionXY
480df0	FUN_00480df0	getPtr_off94
480e00	FUN_00480e00	lookupNestedStringMap
4814f0	FUN_004814f0	GameController_cycle_active_tab
4815c0	FUN_004815c0	GameController_on_tab_selected
4815e0	FUN_004815e0	GameController_create_edit_textbox
481d30	FUN_00481d30	GameController_delete_selected_world_saves
481fe0	FUN_00481fe0	GameController_show_rename_dialog
4821a0	FUN_004821a0	cube::GameController::enterEditMode
483e70	FUN_00483e70	GameController_load_or_new_character
484170	FUN_00484170	GameController_reset_editor_camera
484230	FUN_00484230	GameController_toggle_sp_mp_worlds
484320	FUN_00484320	playSoundAtPlayer
484350	FUN_00484350	playHitSoundAtPos
486030	FUN_00486030	list_popFront
486050	FUN_00486050	std_list_pop_back
486080	FUN_00486080	list_clearFrontNode
4860b0	FUN_004860b0	list_pushBack_via583cb0
486100	FUN_00486100	list_pushBack_via451d70
486150	FUN_00486150	list_pushBack_via451d00
4861a0	FUN_004861a0	list_pushBack_via451da0
4861f0	FUN_004861f0	std_list_push_back_4861f0
486240	FUN_00486240	list_pushBack_via451e80
486290	FUN_00486290	list_pushBack_via451ee0
4862e0	FUN_004862e0	list_pushBack_via5c03f0
486330	FUN_00486330	list_pushBack_via451f50
486380	FUN_00486380	std_list_push_back_486380
4863d0	FUN_004863d0	list_pushBack_via451ff0
486420	FUN_00486420	list_pushBack_via451d40
486470	FUN_00486470	list_pushBack_via4520d0
4864c0	FUN_004864c0	std_list_insert_node_32
486510	FUN_00486510	std_list_insert_node_a
486560	FUN_00486560	std_list_insert_node_b
4865b0	FUN_004865b0	std_list_push_back_4865b0
486600	FUN_00486600	std_vector_insert_one_296
486700	FUN_00486700	std_vector_insert_one_284
486780	FUN_00486780	std_vector_insert_one_8_seh
486830	FUN_00486830	ChunkBuffer_vector_insert_8
4868d0	FUN_004868d0	std_vector_insert_one_8b
486950	FUN_00486950	std_vector_insert
4869d0	FUN_004869d0	std_list_insert_node_c
486a20	FUN_00486a20	GameController_saveKeyedString
486b60	FUN_00486b60	net_send_all
486ba0	FUN_00486ba0	WorldInfo_clearUnderLock
486d00	FUN_00486d00	std_wstring_replace
4870c0	FUN_004870c0	std_wstring_resize_shrink
4870f0	FUN_004870f0	std_list_resize
4871e0	FUN_004871e0	std_vector_resize_erase_4
487250	FUN_00487250	std_vector_resize_487250
487380	FUN_00487380	std_vector_resize_12
487490	FUN_00487490	GameController_getField_b4
4874a0	FUN_004874a0	math_round_to_hundredths
487da0	FUN_00487da0	GameController_getVoxelColumn8
487e30	FUN_00487e30	GameController_get_selected_char_ptr
487e60	FUN_00487e60	GameController_getPair_18c_190
487e80	FUN_00487e80	GameController_set_1ec
487e90	FUN_00487e90	GameController_set_b8
487ea0	FUN_00487ea0	GameController_emitFormattedString
487f50	FUN_00487f50	std_vector_size_4
487f60	FUN_00487f60	std_vector_size_8
487f70	FUN_00487f70	vec2_lengthSquared_int
487f80	FUN_00487f80	fixed16_vec_lengthSquared
487fe0	FUN_00487fe0	GameController_getSub_8000f0
487ff0	FUN_00487ff0	std_string_ctor_wrap
488030	FUN_00488030	GameController_interactSpecialObject
4882e0	FUN_004882e0	GameController_interactNpc
4889e0	FUN_004889e0	GameController_updateSelectedEntity
488b80	FUN_00488b80	GameController_get_8000bc
488b90	FUN_00488b90	GameController_asType2Object
488bb0	FUN_00488bb0	GameController_asType3Object
488bd0	FUN_00488bd0	GameController_toggle_widget_8008c0
488c00	FUN_00488c00	GameController_toggle_widget_8008bc
488c70	FUN_00488c70	GameController_apply_editor_settings
488d00	FUN_00488d00	GameController_toggle_widget_800910
488d60	FUN_00488d60	mat4_transformPointProjective
488e50	FUN_00488e50	mat3_transformVector
49d650	FUN_0049d650	GameController_buildCharacterList
4a14c0	FUN_004a14c0	GameController_loadInventoryItems
4a19d0	FUN_004a19d0	GameController_computeCraftPrices
4a1e50	FUN_004a1e50	GameController_equipStarterGear
4a2300	FUN_004a2300	GameController_rebuildCraftState
4a23d0	FUN_004a23d0	GameController_buildWorldList
4a2780	FUN_004a2780	GameController_handleObjectAction
4a2870	FUN_004a2870	GameController_voxelAt3D
4a5710	FUN_004a5710	GameController_load_skill_tooltip
4a62c0	FUN_004a62c0	GameController_load_specialization_text
4a6ad0	FUN_004a6ad0	GameController_getField16
4a6b50	FUN_004a6b50	GameController_renderCreature
4a8ef0	FUN_004a8ef0	vec3_floatToByte3
4a8f20	FUN_004a8f20	int_notEqual
4a8f40	FUN_004a8f40	vec4_scale_4a8f40
4a8f90	FUN_004a8f90	push_heap_ptr_key6c
4a9030	FUN_004a9030	push_heap_12_key4
4a9110	FUN_004a9110	push_heap_16_key8
4a9200	FUN_004a9200	adjust_heap_48_key28
4a9320	FUN_004a9320	insertion_sort_ptr_key6c
4a93c0	FUN_004a93c0	insertion_sort_12_key4
4a9470	FUN_004a9470	insertion_sort_16_key8
4a9520	FUN_004a9520	insertion_sort_48_key2c
4a96b0	FUN_004a96b0	make_heap_ptr_key6c
4a9790	FUN_004a9790	make_heap_12_key4
4a98d0	FUN_004a98d0	make_heap_16_key8
4a9a00	FUN_004a9a00	make_heap_48_key28
4a9ad0	FUN_004a9ad0	median3_12_key4
4a9b50	FUN_004a9b50	median3_16_key8
4a9bf0	FUN_004a9bf0	guess_median_ptr_key6c
4a9db0	FUN_004a9db0	guess_median_12
4a9e60	FUN_004a9e60	guess_median_16
4a9f00	FUN_004a9f00	guess_median_48
4aa0d0	FUN_004aa0d0	move_backward_48
4aa160	FUN_004aa160	push_heap_up_48
4aa260	FUN_004aa260	introsort_ptr_key6c
4aa350	FUN_004aa350	introsort_12_key4
4aa490	FUN_004aa490	introsort_16_key8
4aa580	FUN_004aa580	introsort_48_key2c
4aa6c0	FUN_004aa6c0	heapsort_finish_ptr
4aa720	FUN_004aa720	heapsort_finish_12
4aa7c0	FUN_004aa7c0	heapsort_finish_16
4aa840	FUN_004aa840	heapsort_finish_48
4aa980	FUN_004aa980	partition_ptr_key6c
4aabd0	FUN_004aabd0	partition_12_key4
4aaeb0	FUN_004aaeb0	partition_16_key8
4ab190	FUN_004ab190	partition_48_key2c
4ab870	FUN_004ab870	uninitialized_copy_16
4ab8b0	FUN_004ab8b0	uninitialized_copy_48
4ab940	FUN_004ab940	std_list_assign
4aba20	FUN_004aba20	float_lerp_smooth
4aba70	FUN_004aba70	std_sort_ptr_key6c
4aba90	FUN_004aba90	std_sort_12_key4
4abac0	FUN_004abac0	std_sort_16_key8
4abae0	FUN_004abae0	std_sort_48_key2c
4abb10	FUN_004abb10	swap_48
4abc00	FUN_004abc00	pair_zeroInit
4abc10	FUN_004abc10	vector_at_48
4abc30	FUN_004abc30	iter_prev_4
4abc40	FUN_004abc40	iter_postinc_188
4abc60	FUN_004abc60	iter_postinc_10
4abc80	FUN_004abc80	iter_postinc_30
4abca0	FUN_004abca0	iter_postdec_4
4abcc0	FUN_004abcc0	std_vector_realloc_12
4abdb0	FUN_004abdb0	std_vector_realloc_16
4abe90	FUN_004abe90	std_vector_realloc_48
4abf80	FUN_004abf80	std_vector_reserve_12
4ac020	FUN_004ac020	std_vector_reserve_16
4ac0a0	FUN_004ac0a0	std_vector_reserve_48
4ac150	FUN_004ac150	iterated_lerp_toward1
4bbd80	FUN_004bbd80	GameController_spawnRibbonEffect
4bc760	FUN_004bc760	GameController_spawnRibbonEffect2
4bd160	FUN_004bd160	GameController_spawnEffectMesh
4be760	FUN_004be760	GameController_renderDroppedItem
4c04c0	FUN_004c04c0	render_build_projectile_mesh
4c0ec0	FUN_004c0ec0	GameController_getFlag30_bit0
4c0ed0	FUN_004c0ed0	GameController_isTimerZero_1cc
4c0ef0	FUN_004c0ef0	perlinNoise2D_cosInterp
4c1100	FUN_004c1100	std_vector_pushback_12
4c1190	FUN_004c1190	std_vector_pushback_16
4c11f0	FUN_004c11f0	std_vector_pushback_48
4c12f0	FUN_004c12f0	vec3_rotateTowardAngle
4c14d0	FUN_004c14d0	std_vector_size_48
4c14f0	FUN_004c14f0	acosf_wrap
4c1510	FUN_004c1510	ChunkBuffer_sampleVoxelColorAO
4c1a10	FUN_004c1a10	InventoryWidget_dispatchEvent
4c1f80	FUN_004c1f80	InventoryWidget_dtor
4c5a00	FUN_004c5a00	GameController_increment_tab_value
4c5a60	FUN_004c5a60	GameController_navigate_next_tab
4c5bb0	FUN_004c5bb0	GameController_set_slider_from_mouse
4c60f0	FUN_004c60f0	GameController_decrement_tab_value
4c6140	FUN_004c6140	InventoryWidget_rebuildItemList
4c6350	FUN_004c6350	InventoryWidget_updateScroll
4c64c0	FUN_004c64c0	InventoryWidget_drawScrollbar
4c6610	FUN_004c6610	InventoryWidget_handleSlotHover
4c67b0	FUN_004c67b0	uninitialized_fill_copy_280
4c67f0	FUN_004c67f0	vector_growCapacity_280
4c6840	FUN_004c6840	std_vector_realloc_280
4c6940	FUN_004c6940	std_vector_reserveGrow_280
4c69b0	FUN_004c69b0	GameState_addOrUpdateHitEntry
4c6a90	FUN_004c6a90	item_computeBlockValue
4c6b80	FUN_004c6b80	GameController_itemCooldown
4c6ba0	FUN_004c6ba0	item_computeStat_regen
4c6cc0	FUN_004c6cc0	GameController_avgEquippedColor
4c6e10	FUN_004c6e10	item_computeValue
4c6f20	FUN_004c6f20	item_classifyRecursive
4c70b0	FUN_004c70b0	item_computeStat_armor
4c71c0	FUN_004c71c0	item_glowColor
4c7250	FUN_004c7250	material_toColor
4c7660	FUN_004c7660	Item_get_stack_or_grid_size
4c76a0	FUN_004c76a0	item_rarityScaled
4c76e0	FUN_004c76e0	item_valueByType
4c7830	FUN_004c7830	std_vector_eraseResize_280
4c78c0	FUN_004c78c0	Item_compute_value
4c79b0	FUN_004c79b0	GameState_removeHitEntry
4c7a90	FUN_004c7a90	item_computeStat_ranged
4c7af0	FUN_004c7af0	item_computeStat_variant2
4c7be0	FUN_004c7be0	item_hasSpecialAbility
4c7c00	FUN_004c7c00	item_computeStat_variant3
4c7d20	FUN_004c7d20	Item_get_type_color
4c7e80	FUN_004c7e80	item_rerollStackCount
4c7ed0	FUN_004c7ed0	Creature_roll_random_stat
4c7f60	FUN_004c7f60	item_weaponDamage
4c83f0	FUN_004c83f0	CubeWndProc
4c85f0	FUN_004c85f0	App_render_frame
4c8720	FUN_004c8720	App_init_direct3d
4c8940	FUN_004c8940	App_reset_device
4c8ae0	FUN_004c8ae0	WinMain
4c9550	FUN_004c9550	fseeki64_wrapper
4c9580	FUN_004c9580	rbtree_insertValueNode
4c9640	FUN_004c9640	rbtree_allocNode_14
4cb080	FUN_004cb080	move_range_3
4cb0c0	FUN_004cb0c0	uninitialized_copy_3
4cb290	FUN_004cb290	std_basic_filebuf_basic_filebuf
4cb2c0	FUN_004cb2c0	std_basic_filebuf_scalar_deleting_dtor
4cb310	FUN_004cb310	std_vector_realloc_3
4cb3f0	FUN_004cb3f0	std_vector_reserve_3
4cb490	FUN_004cb490	AdaptionWidget_vector_resize_3
4cb5a0	FUN_004cb5a0	rbtree_insertPairNode
4cb5d0	FUN_004cb5d0	net_Connection_write_delta_i8
4cb670	FUN_004cb670	net_Connection_write_delta_i16
4cb710	FUN_004cb710	net_Connection_write_delta_i32
4cb7b0	FUN_004cb7b0	net_Connection_write_delta_f32
4cb850	FUN_004cb850	net_Connection_write_delta_vec5f
4cb930	FUN_004cb930	net_Connection_write_delta_struct_ac
4cb9d0	FUN_004cb9d0	net_Connection_write_delta_struct_e38
4cba70	FUN_004cba70	net_Connection_write_delta_creature
4cbb10	FUN_004cbb10	net_Connection_write_delta_vec3i
4cbbc0	FUN_004cbbc0	net_Connection_write_delta_vec3f
4cbc80	FUN_004cbc80	net_Connection_write_delta_vec6i
4cbd40	FUN_004cbd40	net_Connection_write_delta_i64
4cbde0	FUN_004cbde0	net_Connection_read_delta_i8
4cbe50	FUN_004cbe50	net_Connection_recv_delta_i8
4cbed0	FUN_004cbed0	net_Connection_read_delta_i16
4cbf40	FUN_004cbf40	net_Connection_recv_delta_i16
4cbfc0	FUN_004cbfc0	net_Connection_read_delta_i32
4cc030	FUN_004cc030	net_Connection_recv_delta_i32
4cc0b0	FUN_004cc0b0	net_Connection_read_delta_struct20
4cc140	FUN_004cc140	net_Connection_recv_delta_struct20
4cc1c0	FUN_004cc1c0	EntityState_deserializeField_size0xAC
4cc240	FUN_004cc240	EntityState_recvField_size0xAC
4cc2c0	FUN_004cc2c0	EntityState_deserializeField_size0xE38
4cc340	FUN_004cc340	EntityState_recvField_size0xE38
4cc3c0	FUN_004cc3c0	EntityState_deserializeField_size0x118
4cc440	FUN_004cc440	EntityState_recvField_size0x118
4cc4c0	FUN_004cc4c0	EntityState_recvField_size0x0C
4cc540	FUN_004cc540	EntityState_deserializeField_size0x0C
4cc5c0	FUN_004cc5c0	EntityState_deserializeField_size0x18
4cc650	FUN_004cc650	EntityState_recvField_size0x18
4cc6d0	FUN_004cc6d0	EntityState_deserializeField_size0x08
4cc750	FUN_004cc750	EntityState_recvField_size0x08
4cc7d0	FUN_004cc7d0	int3_notEqual
4cc800	FUN_004cc800	std_compare_float3_ne
4cc840	FUN_004cc840	EntityAppearance_compareEqual
4ccaa0	FUN_004ccaa0	compareEqual_array13
4ccbf0	FUN_004ccbf0	rbtree_allocNode_10
4ccc30	FUN_004ccc30	std_list_push_serializeField_string
4cccf0	FUN_004cccf0	std_list_push_serializeField_0x2C
4ccda0	FUN_004ccda0	EntityState_deserializeField_size0x10
4cce20	FUN_004cce20	EntityState_recvField_size0x10
4ccea0	FUN_004ccea0	EntityState_deserializeField_size0x2C
4ccf20	FUN_004ccf20	EntityState_recvField_size0x2C
4ccfa0	FUN_004ccfa0	EntityState_deserializeFromBuffer
4cd3e0	FUN_004cd3e0	EntityState_recvFromSocket
4cdaa0	FUN_004cdaa0	EntityState_serializeToBuffer
4ce2a0	FUN_004ce2a0	std_operator_istream_string
4ce3f9	FUN_004ce3f9	std_operator_istream_string_unwind
4ce460	FUN_004ce460	std_use_facet_ctype_char
4ce660	FUN_004ce660	OptionsWidget_initDefaults
4ce6c0	FUN_004ce6c0	std_istream_sentry_unwind_thunk
4ce6e0	FUN_004ce6e0	Options_loadFromCfg
4cef80	FUN_004cef80	Options_saveToCfg
4cf220	FUN_004cf220	OptionsWidget_dispatchEvent
4d4650	FUN_004d4650	OptionsMenu_applyAndClearSelection
4d4cb0	FUN_004d4cb0	UiCarousel_selectPrev
4d4d20	FUN_004d4d20	UiCarousel_selectNext
4d4de0	FUN_004d4de0	GameController_pickSpawnPoint
4d5010	FUN_004d5010	PreviewWidget_dtor
4d6c20	FUN_004d6c20	xml_malloc_thunk
4d6c40	FUN_004d6c40	utf32le_to_utf16_alloc
4d6cb0	FUN_004d6cb0	utf32be_to_utf16_alloc
4d6d10	FUN_004d6d10	xml_memoryPool_ctor
4d6d40	FUN_004d6d40	xml_iterator_notEqual
4d6d60	FUN_004d6d60	xml_iterator_isValid
4d6d70	FUN_004d6d70	xml_iterator_deref_advance
4d6d90	FUN_004d6d90	xml_memoryPool_allocateBlock
4d6e20	FUN_004d6e20	xml_node_allocate
4d6ea0	FUN_004d6ea0	xml_memoryPool_allocateArena
4d6f10	FUN_004d6f10	utf16_appendCodepoint
4d6f60	FUN_004d6f60	xml_attribute_allocate
4d6fe0	FUN_004d6fe0	xml_node_appendChild
4d7020	FUN_004d7020	xml_node_findChildByName
4d70a0	FUN_004d70a0	xml_node_firstChild
4d70d0	FUN_004d70d0	xml_node_findAttributeByName
4d7150	FUN_004d7150	xml_document_firstElementNode
4d7190	FUN_004d7190	xml_transcode_dispatch
4d7240	FUN_004d7240	utf16_byteswapCopy
4d72a0	FUN_004d72a0	utf8_to_utf16_alloc
4d72f0	FUN_004d72f0	xml_memoryPool_initArena
4d73a0	FUN_004d73a0	utf16_countUnits_fromUtf32be
4d7400	FUN_004d7400	utf32le_to_utf16_write
4d7460	FUN_004d7460	utf32be_to_utf16_write
4d74f0	FUN_004d74f0	utf8_countCodepoints
4d75f0	FUN_004d75f0	utf8_to_utf16_write
4d77d0	FUN_004d77d0	xml_memoryPool_freeAll
4d7840	FUN_004d7840	xml_node_ctor_setParent
4d7860	FUN_004d7860	xml_document_firstNode
4d78a0	FUN_004d78a0	xml_detectEncoding
4d79f0	FUN_004d79f0	utf16_copy_passthrough
4d7a60	FUN_004d7a60	xml_selectAttrValueScanner
4d7b00	FUN_004d7b00	xml_document_parseWithEncoding
4d7bc0	FUN_004d7bc0	xml_document_root
4d7be0	FUN_004d7be0	xml_skipToTag_plain
4d7c30	FUN_004d7c30	xml_parseText_entityDecode
4d7ce0	FUN_004d7ce0	xml_parseText_entityAndNewlineNorm
4d7dc0	FUN_004d7dc0	xml_parseText_newlineNorm
4d7e70	FUN_004d7e70	xml_parseNodeTree
4d8410	FUN_004d8410	xml_parse_setjmpWrapper
4d8510	FUN_004d8510	xml_skipElement
4d85c0	FUN_004d85c0	xml_skipCDATA
4d8630	FUN_004d8630	xml_skipQuotedOrPIComment
4d8750	FUN_004d8750	xml_parseAttrValue_plain
4d8810	FUN_004d8810	xml_parseAttrValue_entityDecode
4d8900	FUN_004d8900	xml_parseBang_commentCData_doctype
4d8c70	FUN_004d8c70	xml_parsePI_or_xmlDecl
4d8ef0	FUN_004d8ef0	xml_scanAttrValue_variant0
4d8f40	FUN_004d8f40	xml_scanAttrValue_variant1
4d9000	FUN_004d9000	xml_scanAttrValue_variant2
4d90d0	FUN_004d90d0	xml_scanAttrValue_variant3
4d91d0	FUN_004d91d0	xml_scanAttrValue_variant4
4d9340	FUN_004d9340	xml_scanAttrValue_variant5
4d94e0	FUN_004d94e0	xml_appendDecodedChar
4d9520	FUN_004d9520	xml_scanCDATA_withEntities
4d9600	FUN_004d9600	xml_scanComment_withEntities
4d96f0	FUN_004d96f0	xml_decodeEntityRef
4d9950	FUN_004d9950	std_wstring_findSubstr
4d9a40	FUN_004d9a40	QuestText_cloneNode
4d9ae0	FUN_004d9ae0	std_Tree_buynode
4d9b10	FUN_004d9b10	QuestText_copyTree
4d9b90	FUN_004d9b90	QuestText_copyTreeNode
4d9c50	FUN_004d9c50	std_Tree_insert_rebalance
4d9e50	FUN_004d9e50	std_Tree_insert_rebalance_v2
4da050	FUN_004da050	std_map_insert_unique
4da1a0	FUN_004da1a0	std_map_insert_unique_v2
4da2f0	FUN_004da2f0	std_Tree_destroy_subtree
4da480	FUN_004da480	std_list_clear_4da480
4da730	FUN_004da730	rbtree_allocNode_28
4da770	FUN_004da770	cube_QuestTextNode_destroyTree
4da800	FUN_004da800	QuestText_isPunctuation
4da850	FUN_004da850	cube::QuestText::parseTemplate
4db110	FUN_004db110	vector_at_12
4dc470	FUN_004dc470	list_copyAll_328
4dc4e0	FUN_004dc4e0	list_appendRange_a
4dc5b0	FUN_004dc5b0	list_appendRange_b
4dc680	FUN_004dc680	list_appendRange_20
4dc750	FUN_004dc750	list_appendRange_328
4dc820	FUN_004dc820	GameController_snapshotEntityLists
4dc8b0	FUN_004dc8b0	struct_copy3_andCall
4dc8e0	FUN_004dc8e0	GameController_copyEntityState
4dd5e0	FUN_004dd5e0	GameController_clearListLocked_3c
4dd640	FUN_004dd640	GameController_clearListLocked_44
4dd6a0	FUN_004dd6a0	GameController_clearListLocked_34
4dd700	FUN_004dd700	std_list_insert_node_d
4df760	FUN_004df760	GameController_terrainStateChanged
4df880	FUN_004df880	GameController_questStateChanged
4df9c0	FUN_004df9c0	GameController_computeQuestScore
4dfac0	FUN_004dfac0	vector_at_32
4e0070	FUN_004e0070	std_vector_size_32
4e0080	FUN_004e0080	QuestText_allocNode_2str
4e0150	FUN_004e0150	rbtree_allocNode_copyStr
4e0190	FUN_004e0190	rbtree_allocNode_strKey
4e0300	FUN_004e0300	rbtree_allocNode_strVec
4e03c0	FUN_004e03c0	QuestText_copyTree_b
4e0440	FUN_004e0440	rbtree_copyTreeNode_b
4e0500	FUN_004e0500	rbtree_insertRebalance_int
4e0730	FUN_004e0730	rbtree_insertRebalance_b
4e0940	FUN_004e0940	QuestText_insertRebalance
4e0bc0	FUN_004e0bc0	rbtree_insertHint_int
4e0df0	FUN_004e0df0	rbtree_insertHint_str
4e0fe0	FUN_004e0fe0	QuestText_insertHint_str
4e11d0	FUN_004e11d0	rbtree_insertUnique_int
4e1310	FUN_004e1310	rbtree_insertUnique_str
4e1480	FUN_004e1480	QuestText_insertUnique_str
4e15e0	FUN_004e15e0	std_list_assign_range
4e16b0	FUN_004e16b0	std_list_resize_insert
4e1790	FUN_004e1790	Container_ctor_default
4e1830	FUN_004e1830	QuestText_member_ctor
4e18d0	FUN_004e18d0	std_list_copy_ctor
4e29a0	FUN_004e29a0	node_erase_and_free
4e29d0	FUN_004e29d0	node_erase_and_free_v2
4e2a00	FUN_004e2a00	unwind_delete_member
4e2a70	FUN_004e2a70	object_dtor
4e2aa0	FUN_004e2aa0	object_dtor_v2
4e2d90	FUN_004e2d90	container_operation
4e2df0	FUN_004e2df0	World_map_find_or_insert_int
4e2f00	FUN_004e2f00	map_insert_string_key
4e3060	FUN_004e3060	map_insert_string_key2
4e31e0	FUN_004e31e0	map_string_operation
4e3480	FUN_004e3480	node_alloc
4e34b0	FUN_004e34b0	rbtree_alloc_node
4e34f0	FUN_004e34f0	node_free
4e3530	FUN_004e3530	node_release_free
4e3550	FUN_004e3550	QuestText_delete_node
4e35d0	FUN_004e35d0	rbtree_destroy_recursive
4e3630	FUN_004e3630	tree_free_recursive_v2
4e36e0	FUN_004e36e0	rbtree_destroy_recursive_qt
4e3790	FUN_004e3790	map_lower_bound_string
4e37e0	FUN_004e37e0	rbtree_rotate_left
4e3840	FUN_004e3840	Speech_map_erase_range
4e3900	FUN_004e3900	Speech_map_erase_node
4e3bb0	FUN_004e3bb0	map_erase_node
4e3c70	FUN_004e3c70	std_Tree_erase
4e3f40	FUN_004e3f40	Speech_map_erase_range2
4e4000	FUN_004e4000	Speech_map_erase_node_qt
4e42c0	FUN_004e42c0	std_list_erase_range
4e4350	FUN_004e4350	QuestText_substitute_placeholders
4e4a20	FUN_004e4a20	GameController_build_quest_text
4e5320	FUN_004e5320	GameController_show_region_name
4e5590	FUN_004e5590	GameController_format_region_singular
4e5a20	FUN_004e5a20	format_object_singular_name
4e5c10	FUN_004e5c10	GameController_show_object_name
4e5e70	FUN_004e5e70	object_dtor_v3
4e5ec0	FUN_004e5ec0	SpeechWidget_dtor
4e6530	FUN_004e6530	GameController_speech_text_fits
4e6550	FUN_004e6550	GameController_measure_speech_height
4e65a0	FUN_004e65a0	SpeechWidget_render_text
4e6af0	FUN_004e6af0	object_dtor_v4
4e6bd0	FUN_004e6bd0	color_equals3
4e6c00	FUN_004e6c00	vec3_divide_scalar
4e6c60	FUN_004e6c60	rbtree_destroy_recursive_list
4e6ce0	FUN_004e6ce0	rbtree_min_node
4e6d00	FUN_004e6d00	vector_u16_reallocate
4e6d80	FUN_004e6d80	vector_u16_grow_to
4e6df0	FUN_004e6df0	GameController_draw_mesh
4e6e60	FUN_004e6e60	Sprite_map_erase_range
4e6f20	FUN_004e6f20	Sprite_map_erase_node
4e71d0	FUN_004e71d0	GameController_match_transparent_color
4e7290	FUN_004e7290	VoxelModel_load_from_file_or_buffer
4e7520	FUN_004e7520	vector_u16_resize
4e75c0	FUN_004e75c0	VoxelModel_allocate
4e7650	FUN_004e7650	VoxelModel_set_data
4e7870	FUN_004e7870	VoxelModel_build_mesh
4eb8d0	FUN_004eb8d0	VoxelModel_compute_ao
4eba80	FUN_004eba80	map_alloc_node_swap
4ebb40	FUN_004ebb40	map_insert_rebalance
4ebd50	FUN_004ebd50	map_insert_with_hint
4ebf80	FUN_004ebf80	map_insert_unique
4ec0d0	FUN_004ec0d0	std_list_clear_free
4ec1b0	FUN_004ec1b0	string_assign_cstr
4ec1f0	FUN_004ec1f0	map_subscript_int
4ec370	FUN_004ec370	GameController_class_icon_id
4ec400	FUN_004ec400	GameController_item_icon_id
4ee230	FUN_004ee230	GameController_load_game_assets
51be60	FUN_0051be60	GameController_item_name_string_id
51c760	FUN_0051c760	sqlite3_value_bytes
51c7a0	FUN_0051c7a0	sqlite3VdbeRealValue
51c810	FUN_0051c810	sqlite3VdbeIntValue
51c890	FUN_0051c890	sqlite3VdbeIntValue64
51c950	FUN_0051c950	sqlite3_value_text
51c970	FUN_0051c970	sqlite3_value_text16
51c990	FUN_0051c990	sqlite3_value_text16_v3
51c9b0	FUN_0051c9b0	sqlite3_value_type
51c9c0	FUN_0051c9c0	sqlite3_value_numeric_type
51ca20	FUN_0051ca20	likeFunc
51cbf0	FUN_0051cbf0	winShmMap
51ce10	FUN_0051ce10	sqlite3_aggregate_context
51ce90	FUN_0051ce90	sqlite3_user_data
51cea0	FUN_0051cea0	sqlite3_context_db_handle
51ceb0	FUN_0051ceb0	sqlite3_get_auxdata
51cee0	FUN_0051cee0	sqlite3_set_auxdata
51cf90	FUN_0051cf90	sqlite3_result_value
51cfd0	FUN_0051cfd0	sqlite3_result_blob
51d010	FUN_0051d010	sqlite3_result_double
51d040	FUN_0051d040	sqlite3_result_text
51d070	FUN_0051d070	sqlite3_versionFunc
51d0b0	FUN_0051d0b0	sqlite3_result_text16le
51d0e0	FUN_0051d0e0	sqlite3_result_error_toobig
51d110	FUN_0051d110	sqlite3_result_null
51d170	FUN_0051d170	sqlite3_result_error_code
51d1d0	FUN_0051d1d0	sqlite3_result_text_const
51d210	FUN_0051d210	sqlite3VdbeMemSetInt
51d270	FUN_0051d270	sqlite3VdbeMemSetInt64
51d2d0	FUN_0051d2d0	sqlite3VdbeMemSetNull
51d320	FUN_0051d320	sqlite3_scalarFunc_intValue
51d350	FUN_0051d350	sqlite3_result_text_dtor
51d390	FUN_0051d390	sqlite3_result_text16le_dtor
51d3d0	FUN_0051d3d0	sqlite3_scalarFunc_length
51d400	FUN_0051d400	winSetSystemCall
51d4d0	FUN_0051d4d0	sqlite3_result_text16be_dtor
51d510	FUN_0051d510	sqlite3_result_error_thunk
51d520	FUN_0051d520	sqlite3_scalarFunc_lookupConst
51d580	FUN_0051d580	sqlite3_result_zeroblob
51d5e0	FUN_0051d5e0	winGetSystemCall
51d650	FUN_0051d650	sqlite3_quoteFunc
51d9c0	FUN_0051d9c0	sqlite3LockAndPrepare
51da30	FUN_0051da30	winNextSystemCall
51dac0	FUN_0051dac0	sqlite3_prepare_v2
51db30	FUN_0051db30	sqlite3_prepare16
51dbd0	FUN_0051dbd0	sqlite3_progress_handler
51dc20	FUN_0051dc20	sqlite3_set_hook
51dc70	FUN_0051dc70	sqlite3_hexFunc
51dde0	FUN_0051dde0	sqlite3_busy_timeout
51de20	FUN_0051de20	sqlite3_value_flag_byte
51de30	FUN_0051de30	sqlite3SafeDeref_u32
51de50	FUN_0051de50	sqlite3_result_length_check
51df10	FUN_0051df10	sqlite3_context_db_handle_51df10
51df50	FUN_0051df50	sqlite3_commit_hook
51dfa0	FUN_0051dfa0	sqlite3_rollback_hook
51dff0	FUN_0051dff0	replaceFunc
51e270	FUN_0051e270	memjrnlRead
51e340	FUN_0051e340	sqlite3_update_hook
51e390	FUN_0051e390	attachFunc
51e950	FUN_0051e950	sqlite3_global_state_set
51e960	FUN_0051e960	sqlite3_soft_heap_limit64
51ea40	FUN_0051ea40	sqlite3_soft_heap_limit
51ea60	FUN_0051ea60	memjrnlWrite
51eb70	FUN_0051eb70	juliandayFunc
51ec50	FUN_0051ec50	trimFunc
51f1f0	FUN_0051f1f0	datetimeFunc
51f310	FUN_0051f310	sqlite3MallocStatusObj_init
51f3c0	FUN_0051f3c0	timeFunc
51f4c0	FUN_0051f4c0	detachFunc
51f6b0	FUN_0051f6b0	memjrnlTruncate
51f790	FUN_0051f790	dateFunc
51f890	FUN_0051f890	pcache1SetCachesize
51f900	FUN_0051f900	memjrnlClose
51f920	FUN_0051f920	pcache1_flush
51f970	FUN_0051f970	strftimeFunc
51ff10	FUN_0051ff10	sqlite3_status_get
51ff50	FUN_0051ff50	sqlite3PcacheGetXY
51ff80	FUN_0051ff80	pcache1Fetch
5201b0	FUN_005201b0	winAccess
5203c0	FUN_005203c0	sqlite3TempStoreOptMatch
5204d0	FUN_005204d0	sqlite3TempStoreName
5204f0	FUN_005204f0	sqlite3_pathResultFunc
520620	FUN_00520620	sqlite3_close
520640	FUN_00520640	sumStep
520760	FUN_00520760	sqlite3_exec
520c70	FUN_00520c70	pcache1PinUnpin
520d30	FUN_00520d30	sumFinalize
520e20	FUN_00520e20	avgFinalize
520ea0	FUN_00520ea0	winFullPathname
5211a0	FUN_005211a0	timeFunc_noarg
5211c0	FUN_005211c0	totalFinalize
521220	FUN_00521220	pcache1Rekey
5212a0	FUN_005212a0	dateFunc_noarg
5212c0	FUN_005212c0	countStep
521320	FUN_00521320	datetimeFunc_noarg
521340	FUN_00521340	pcache1Truncate
521390	FUN_00521390	sqlite3VdbeMemFinalizeMove
521440	FUN_00521440	sqlite3_create_function
521460	FUN_00521460	pcache1Destroy
5214d0	FUN_005214d0	minmaxStep
5215b0	FUN_005215b0	sqlite3_create_function16
5215c0	FUN_005215c0	sqlite3Reprepare
521770	FUN_00521770	sqlite3_exec_single
521820	FUN_00521820	sqlite3VdbeMemRelease_helper
5218b0	FUN_005218b0	winDlOpen
521950	FUN_00521950	sqlite3ValueText16
521a60	FUN_00521a60	sqlite3_blob_open
522240	FUN_00522240	sqlite3_clear_bindings
522310	FUN_00522310	sqlite3_finalize_wrap
522370	FUN_00522370	sqlite3_vfs_stub_a
522390	FUN_00522390	sqlite3_value_wrap_a
5223b0	FUN_005223b0	sqlite3VdbeMemResultText
522460	FUN_00522460	sqlite3_value_wrap_b
522480	FUN_00522480	winDlSym
5224a0	FUN_005224a0	sqlite3_vfs_find
522540	FUN_00522540	sqlite3PagerHelper_a
5225c0	FUN_005225c0	sqlite3_leaf_stub_a
522640	FUN_00522640	sqlite3_mutex_guard_b
522660	FUN_00522660	sqlite3_leaf_stub_b
522680	FUN_00522680	winDlClose
522690	FUN_00522690	winClose
522700	FUN_00522700	sqlite3_mutex_enter_maybe
522720	FUN_00522720	winSectorSize_stub
522740	FUN_00522740	sqlite3_mutex_leave_maybe
522760	FUN_00522760	winRandomness
522820	FUN_00522820	winSleep_or_charstub
522830	FUN_00522830	winRead
522940	FUN_00522940	sqlite3BtreeHelper_a
5229f0	FUN_005229f0	sqlite3_midsize_helper_a
522bc0	FUN_00522bc0	winSleep
522bf0	FUN_00522bf0	sqlite3MisuseError
522c50	FUN_00522c50	winCurrentTimeInt64
522ca0	FUN_00522ca0	sqlite3_helper_548d00
522d40	FUN_00522d40	winShmMethod_or_hash
523050	FUN_00523050	sqlite3_leaf_stub_c
523070	FUN_00523070	winWrite
5231c0	FUN_005231c0	winCurrentTime
523220	FUN_00523220	winShm_stub
523260	FUN_00523260	winGetLastErrorHelper
523280	FUN_00523280	win_stub_d
523290	FUN_00523290	win_stub_e
5232a0	FUN_005232a0	win_stub_f
5232b0	FUN_005232b0	win_stub_g
5232d0	FUN_005232d0	sqlite3_complete
523720	FUN_00523720	sqlite3_complete16
5237f0	FUN_005237f0	sqlite3_leaf_stub_d
523850	FUN_00523850	sqlite3_leaf_stub_e
523900	FUN_00523900	renameQuoteFunc_a
5239d0	FUN_005239d0	winTruncate
523a80	FUN_00523a80	sqlite3_get_table
523c30	FUN_00523c30	sqlite3_free_table
523d10	FUN_00523d10	sqlite3_log
523d40	FUN_00523d40	sqlite3_log_impl
523dd0	FUN_00523dd0	sqlite3VdbeValueCopyHelper
5240c0	FUN_005240c0	sqlite3_str_appendf
524120	FUN_00524120	winSync
524160	FUN_00524160	sqlite3Malloc_helper_a
524180	FUN_00524180	sqlite3Malloc_helper_b
5241a0	FUN_005241a0	renameQuoteFunc_b
524410	FUN_00524410	sqlite3_free
5244c0	FUN_005244c0	sqlite3_leaf_stub_f
5244e0	FUN_005244e0	sqlite3_result_type_integer
524570	FUN_00524570	winFileSize
5245e0	FUN_005245e0	sqlite3_randomness
524640	FUN_00524640	sqlite3_leaf_stub_g
5246a0	FUN_005246a0	sqlite3Btree_helper_b
5247b0	FUN_005247b0	sqlite3_leaf_stub_h
524800	FUN_00524800	sqlite3_backup_init
524910	FUN_00524910	renameTriggerFunc
524a00	FUN_00524a00	sqlite3_backup_step
5253b0	FUN_005253b0	sqlite3_leaf_stub_i
525400	FUN_00525400	sqlite3_backup_finish
525500	FUN_00525500	sqlite3_leaf_stub_j
525510	FUN_00525510	sqlite3_leaf_stub_k
525580	FUN_00525580	sqlite3_leaf_stub_l
525590	FUN_00525590	sqlite3_open
5255b0	FUN_005255b0	sqlite3VdbeSetResultErr
5256b0	FUN_005256b0	cdate_int_helper
525800	FUN_00525800	winLock
5259c0	FUN_005259c0	sqlite3_leaf_stub_m
525a20	FUN_00525a20	sqlite3_errcode_helper_b
525a30	FUN_00525a30	sqlite3_error_log
525a50	FUN_00525a50	sqlite3_leaf_stub_n
525aa0	FUN_00525aa0	sqlite3_bind_text_helper
525c40	FUN_00525c40	sqlite3_leaf_stub_o
525cb0	FUN_00525cb0	sqlite3SafetyCheckOk
525d20	FUN_00525d20	sqlite3_extended_errcode
525d90	FUN_00525d90	sqlite3_db_filename
525e30	FUN_00525e30	sqlite3_errmsg
525f10	FUN_00525f10	sqlite3_errmsg16
525ff0	FUN_00525ff0	sqlite3_leaf_stub_p
526030	FUN_00526030	sqlite3_extended_result_codes
5260c0	FUN_005260c0	sqlite3_leaf_stub_q
5260e0	FUN_005260e0	sqlite3_bind_blob
526410	FUN_00526410	winGetReadLock
526480	FUN_00526480	sqlite3_prepare_v2_526480
5264a0	FUN_005264a0	sqlite3_prepare
5264c0	FUN_005264c0	winUnlock
526590	FUN_00526590	sqlite3PagerHelper_b
5265b0	FUN_005265b0	sqlite3PagerHelper_c
5265d0	FUN_005265d0	sqlite3_leaf_stub_r
5265f0	FUN_005265f0	sqlite3_midsize_helper_b
5267a0	FUN_005267a0	sqlite3_bind_text
5267c0	FUN_005267c0	mallocWithAlarm
526810	FUN_00526810	sqlite3_context_result_a
526870	FUN_00526870	sqlite3_context_result_b
5268d0	FUN_005268d0	sqlite3_leaf_stub_s
5268e0	FUN_005268e0	sqlite3_context_result_c
526940	FUN_00526940	sqlite3_bind_double
526b00	FUN_00526b00	sqlite3_context_helper_d
526b40	FUN_00526b40	sqlite3_leaf_stub_t
526b60	FUN_00526b60	sqlite3_bind_blob_526b60
526b80	FUN_00526b80	sqlite3MemRealloc
526be0	FUN_00526be0	sqlite3MemSize_b
526c00	FUN_00526c00	sqlite3_context_helper_e
526d60	FUN_00526d60	sqlite3_context_helper_f
526db0	FUN_00526db0	sqlite3_leaf_stub_u
526dc0	FUN_00526dc0	sqlite3_leaf_stub_v
526df0	FUN_00526df0	sqlite3_leaf_stub_w
526e20	FUN_00526e20	sqlite3_leaf_stub_x
526e40	FUN_00526e40	sqlite3_bind_null
526e80	FUN_00526e80	sqlite3_column_value
526f90	FUN_00526f90	sqlite3_leaf_stub_y
526fb0	FUN_00526fb0	sqlite3_result_text_sized
527080	FUN_00527080	sqlite3_column_value_527080
5270f0	FUN_005270f0	sqlite3_value_bytes_5270f0
527160	FUN_00527160	sqlite3_result_blob_sized
527220	FUN_00527220	sqlite3_value_text_527220
527290	FUN_00527290	sqlite3_value_text_b
527300	FUN_00527300	sqlite3_step
527570	FUN_00527570	sqlite3_leaf_stub_z
527590	FUN_00527590	sqlite3_column_int
527610	FUN_00527610	sqlite3_column_int_offset
527670	FUN_00527670	sqlite3_column_name
527740	FUN_00527740	winOpen
527b00	FUN_00527b00	sqlite3_column_bytes
527b60	FUN_00527b60	winDelete
527d50	FUN_00527d50	sqlite3_column_int64
527dd0	FUN_00527dd0	sqlite3_column_int_527dd0
527e00	FUN_00527e00	sqlite3_column_text16
527ea0	FUN_00527ea0	sqlite3_column_double
527f30	FUN_00527f30	sqlite3_column_blob16_a
527f60	FUN_00527f60	sqlite3_column_blob16_b
527f90	FUN_00527f90	sqlite3_column_type
527fc0	FUN_00527fc0	sqlite3_column_bytes16
528030	FUN_00528030	sqlite3_column_type_b
528070	FUN_00528070	sqlite3_finalize
5280f0	FUN_005280f0	sqlite3_reset
5281b0	FUN_005281b0	sqlite3_column_decltype
528270	FUN_00528270	sqlite3VdbeMemReleaseSetInt
528320	FUN_00528320	sqlite3_create_function_528320
528350	FUN_00528350	sqlite3_mutex_alloc_win
5283b0	FUN_005283b0	sqlite3BtreeClose_sharedUnlink
528470	FUN_00528470	sqlite3_mutex_free_win
528490	FUN_00528490	sqlite3_create_function16_528490
528530	FUN_00528530	sqlite3_mutex_enter_win
528550	FUN_00528550	sqlite3_win_lock_region
528710	FUN_00528710	sqlite3_mutex_leave_win
528720	FUN_00528720	sqlite3CreateFunc_v2
528800	FUN_00528800	sqlite3_stmt_get_db_ptr
528810	FUN_00528810	sqlite3_expr_is_flag_helper
528830	FUN_00528830	sqlite3ExprCompare_helper
528890	FUN_00528890	sqlite3BtreeFetchPayload
5288e0	FUN_005288e0	sqlite3BtreeCellSize
528920	FUN_00528920	btree_access_payload
528c60	FUN_00528c60	sqlite3FkActionName
528cb0	FUN_00528cb0	sqlite3VdbeDupErrMsg
528d20	FUN_00528d20	sqlite3DbPtrArrayAppend
528db0	FUN_00528db0	pager_add_to_savepoint_bitvecs
529020	FUN_00529020	sqlite3ExprBuildAndAppend
5290e0	FUN_005290e0	sqlite3AllSpaces
529110	FUN_00529110	btree_allocate_page
529890	FUN_00529890	sqlite3VdbeAllocateCursor
529970	FUN_00529970	sqlite3WhereAllocateIndexInfo
529ae0	FUN_00529ae0	sqlite3BtreeFreeSpace
529cd0	FUN_00529cd0	sqlite3LazyInitField
529cf0	FUN_00529cf0	sqlite3DecodeIntArray
529de0	FUN_00529de0	sqlite3AnalyzeAggregate
52a0c0	FUN_0052a0c0	sqlite3FkGenerateChildScan
52a250	FUN_0052a250	sqlite3FkScanChildren
52b4f0	FUN_0052b4f0	sqlite3FkLookupParent
52b5d0	FUN_0052b5d0	sqlite3VdbeMemFinalizeType
52b630	FUN_0052b630	sqlite3VdbeMemExpandBlob
52b6b0	FUN_0052b6b0	sqlite3BtreeReassemblePage
52b750	FUN_0052b750	sqlite3ParseRegisterCache
52b7d0	FUN_0052b7d0	sqlite3VdbeCodeOffset
52b7f0	FUN_0052b7f0	btree_incr_vacuum_truncate
52ba20	FUN_0052ba20	btree_copy_overflow_pages
52bbb0	FUN_0052bbb0	sqlite3BtreeBalance
52bd40	FUN_0052bd40	sqlite3BtreeBalanceDeeper
52be70	FUN_0052be70	sqlite3BtreeBalanceNonroot
52cd80	FUN_0052cd80	sqlite3BtreeBalanceQuick
52cf10	FUN_0052cf10	sqlite3WhereEstimateFullScanCost
52d020	FUN_0052d020	sqlite3WhereBestBtreeIndex
52d990	FUN_0052d990	sqlite3WhereOrTermCost
52d9f0	FUN_0052d9f0	sqlite3WhereBestOrIndex
52dd50	FUN_0052dd50	sqlite3WhereBestVirtualIndex
52df70	FUN_0052df70	sqlite3RtrimBinCollCompare
52e030	FUN_0052e030	sqlite3VdbeMemReleaseIfB
52e070	FUN_0052e070	sqlite3_bind_impl
52e130	FUN_0052e130	sqlite3BlobReadWrite
52e230	FUN_0052e230	blobSeekToRow
52e3b0	FUN_0052e3b0	sqlite3BtreeAllocatePage
52e610	FUN_0052e610	sqlite3BtreeCursor_init
52e690	FUN_0052e690	sqlite3BtreeIncrVacuumStep
52e890	FUN_0052e890	btree_release_cursor_page
52e950	FUN_0052e950	btree_get_and_init_page
52e9b0	FUN_0052e9b0	btree_init_page
52ebe0	FUN_0052ebe0	sqlite3ProgressCheck
52ec30	FUN_0052ec30	sqlite3BtreeMovetoUnpacked
52ed40	FUN_0052ed40	sqlite3_btree_page_from_dbpage
52eda0	FUN_0052eda0	btree_parse_cell_ptr
52eee0	FUN_0052eee0	sqlite3BtreeRestoreCursorPosition
52ef30	FUN_0052ef30	sqlite3_pager_has_content_check
52efa0	FUN_0052efa0	sqlite3_invoke_rollback_update_hooks
52f080	FUN_0052f080	sqlite3VdbeDeleteAuxData
52f130	FUN_0052f130	sqlite3BtreeCellSizePtr
52f200	FUN_0052f200	sqlite3_pragma_temp_store
52f2b0	FUN_0052f2b0	sqlite3_integck_append_msg
52f320	FUN_0052f320	sqlite3_column_lists_overlap
52f410	FUN_0052f410	checkList
52f610	FUN_0052f610	checkPtrmap
52f6a0	FUN_0052f6a0	checkRef
52f720	FUN_0052f720	checkTreePage
52ff10	FUN_0052ff10	btree_unlink_cursor
530010	FUN_00530010	sqlite3BtreeClearCell
530200	FUN_00530200	sqlite3ClearDatabasePage
5303a0	FUN_005303a0	expr_delete_recursive
530420	FUN_00530420	sqlite3VdbeCloseAllCursors
530580	FUN_00530580	sqlite3_select_result_codegen
530850	FUN_00530850	sqlite3_apply_affinity_codegen
5308c0	FUN_005308c0	sqlite3_codegen_ternary_func
530a70	FUN_00530a70	sqlite3_code_compare
530be0	FUN_00530be0	sqlite3_codegen_subroutine
530cf0	FUN_00530cf0	sqlite3_codegen_result_column
530e20	FUN_00530e20	sqlite3ExprCodeInteger
530f00	FUN_00530f00	sqlite3_expr_codegen_helper
530f60	FUN_00530f60	sqlite3WhereCodeOneLoopStart
532120	FUN_00532120	sqlite3ExprCodeInt64
532250	FUN_00532250	sqlite3_codegen_op_list
532390	FUN_00532390	sqlite3_code_trigger_program
532570	FUN_00532570	sqlite3_name_in_column_list
5325f0	FUN_005325f0	sqlite3ColumnIndex
532670	FUN_00532670	sqlite3_stmt_api_exit
5326d0	FUN_005326d0	sqlite3_column_mem
532740	FUN_00532740	sqlite3_column_type_origin
5328e0	FUN_005328e0	sqlite3_comparison_affinity
532980	FUN_00532980	sqlite3_date_compute_hms
532a40	FUN_00532a40	sqlite3_date_compute_jd
532b80	FUN_00532b80	sqlite3_computeLimitRegisters
532d10	FUN_00532d10	sqlite3_computeYMD
532e30	FUN_00532e30	sqlite3_pager_has_content
532e80	FUN_00532e80	sqlite3_constructAutomaticIndex
5336b0	FUN_005336b0	sqlite3_vdbeMemGrowCheck
533710	FUN_00533710	msvc_crt_osver_dispatch_helper
5337c0	FUN_005337c0	sqlite3_btreeCopyNodePayload
533880	FUN_00533880	util_copy_buffer_cond
5338d0	FUN_005338d0	corruptSchema
533960	FUN_00533960	sqlite3_create_collation
533b00	FUN_00533b00	sqlite3_createModule
533c50	FUN_00533c50	sqlite3_createTableStmt
533ea0	FUN_00533ea0	btree_decode_page_flags
533f40	FUN_00533f40	sqlite3_defragmentPage
534100	FUN_00534100	sqlite3_destroyRootPage
534210	FUN_00534210	sqlite3_destroyTable
5342a0	FUN_005342a0	sqlite3_vdbeExprDecRef
5342f0	FUN_005342f0	sqlite3_vtabClearRefs
5343b0	FUN_005343b0	sqlite3_step_5343b0
534680	FUN_00534680	sqlite3_call_collation_needed
534710	FUN_00534710	sqlite3_doubleToInt64
534780	FUN_00534780	sqlite3_btreeDropCell
534860	FUN_00534860	sqlite3_dupedExprNodeSize
5348d0	FUN_005348d0	sqlite3_dupedExprSize
534920	FUN_00534920	sqlite3_estLog10
534970	FUN_00534970	sqlite3_evalConstExpr
534a60	FUN_00534a60	sqlite3_execExecSql
534bc0	FUN_00534bc0	sqlite3_execSql
534c40	FUN_00534c40	sqlite3_explainComposite
534d70	FUN_00534d70	sqlite3_explainIndexRange
534f70	FUN_00534f70	explainOneScan
5351c0	FUN_005351c0	sqlite3_explainScanTable
5352d0	FUN_005352d0	sqlite3_explainTempTable
5353c0	FUN_005353c0	sqlite3_btreeCursorIsEmpty
535400	FUN_00535400	sqlite3_exprAnalyze
535b00	FUN_00535b00	sqlite3_exprAnalyzeOrTerm
536090	FUN_00536090	sqlite3_codeExprVectorTerm
5361d0	FUN_005361d0	sqlite3_exprCommute
536250	FUN_00536250	sqlite3_exprDup
536480	FUN_00536480	sqlite3_exprListTableUsage
536500	FUN_00536500	sqlite3_exprNodeIsConstant
5365e0	FUN_005365e0	sqlite3_exprSelectTableUsage
536750	FUN_00536750	sqlite3_exprSetHeightAndFlags
5367f0	FUN_005367f0	sqlite3_analyzeAggWalker
536850	FUN_00536850	sqlite3_exprTableUsage
5368e0	FUN_005368e0	sqlite3_btreeCellPayloadPtr
536970	FUN_00536970	sqlite3_memjrnlFlushClose
536a00	FUN_00536a00	sqlite3_memjrnlCreateChunk
536a90	FUN_00536a90	sqlite3_memjrnlWrite
536b50	FUN_00536b50	sqlite3_accessPayload
536ea0	FUN_00536ea0	sqlite3_vdbe_code_exprlist_helper
536fb0	FUN_00536fb0	sqlite3_find_db_by_name
537090	FUN_00537090	sqlite3_find_coll_seq
537190	FUN_00537190	sqlite3_hash_find
537230	FUN_00537230	sqlite3_exprlist_find_index
5372f0	FUN_005372f0	sqlite3_where_find_term
537450	FUN_00537450	sqlite3_fk_gen_constraint_expr
537e40	FUN_00537e40	sqlite3_fk_lookup_parent
538660	FUN_00538660	sqlite3_fk_scan_children
538be0	FUN_00538be0	sqlite3_fk_trigger_step_delete
538c40	FUN_00538c40	sqlite3_pragma_flag_handler
538dd0	FUN_00538dd0	sqlite3_flatten_subquery
539320	FUN_00539320	vdbe_release_p4_value
539430	FUN_00539430	sqlite3_btree_lazy_get_page
539460	FUN_00539460	sqlite3_btree_allocate_page
539780	FUN_00539780	sqlite3_btree_free_space
5399e0	FUN_005399e0	pager_free_tmp_space
539a00	FUN_00539a00	func_destroy_ref
539a30	FUN_00539a30	sqlite3_hash_find_ci
539ac0	FUN_00539ac0	sqlite3_generate_column_names
539c70	FUN_00539c70	sqlite3_generate_column_types
539da0	FUN_00539da0	sqlite3_fk_action_codegen
53a0f0	FUN_0053a0f0	sqlite3_codegen_compare_jump
53a6a0	FUN_0053a6a0	sqlite3_btree_get_and_init_page
53a730	FUN_0053a730	sqlite3_pragma_get_auto_vacuum
53a7f0	FUN_0053a7f0	btree_get_cell_info
53a850	FUN_0053a850	sqlite3_date_get_digits
53a8f0	FUN_0053a8f0	sqlite3_win_get_last_error_msg
53aa70	FUN_0053aa70	sqlite3_pragma_get_locking_mode
53aab0	FUN_0053aab0	sqlite3_where_get_mask
53ab00	FUN_0053ab00	btree_next_overflow_page
53ac70	FUN_0053ac70	sqlite3_pager_write_journal_nonce
53ad90	FUN_0053ad90	sqlite3_code_row_trigger
53b110	FUN_0053b110	sqlite3_get_boolean
53b1b0	FUN_0053b1b0	getTempname
53b4b0	FUN_0053b4b0	sqlite3_vdbe_grow_op_array
53b530	FUN_0053b530	sqlite3_grow_array_by_5
53b5a0	FUN_0053b5a0	pager_commit_phase_one
53b730	FUN_0053b730	sqlite3_expr_list_height
53b770	FUN_0053b770	sqlite3_expr_height
53b7f0	FUN_0053b7f0	sqlite3_ident_put_quoted
53b8a0	FUN_0053b8a0	sqlite3_dup_string_field
53b920	FUN_0053b920	sqlite3_expr_walk_agg_cb
53b920	FUN_53b920	sqlite3_expr_walk_agg_cb_53b920
53b940	FUN_0053b940	sqlite3_walk_exprlist_agg
53b980	FUN_0053b980	btree_free_page
53bd90	FUN_0053bd90	sqlite3_btree_insert_cell
53bf40	FUN_0053bf40	pcache_manage_dirty_list
53bfb0	FUN_0053bfb0	sqlite3_pragma_temp_store_reset
53c010	FUN_0053c010	sqlite3_expr_is_constant
53c0e0	FUN_0053c0e0	sqlite3_select_is_simple_count
53c140	FUN_0053c140	isDate
53c270	FUN_0053c270	fkLocateIndexMatch
53c3f0	FUN_0053c3f0	fkChildIsModified
53c4e0	FUN_0053c4e0	sqlite3FkCheck
53c6d0	FUN_0053c6d0	winGetVersion
53c730	FUN_0053c730	sqlite3ExprSkipCollate
53c7e0	FUN_0053c7e0	sqlite3ExprAffinity
53c840	FUN_0053c840	whereClauseInsert
53cb90	FUN_0053cb90	isAlterableTable
53cc30	FUN_0053cc30	journal_hdr_offset
53cc90	FUN_0053cc90	sqlite3ExprDup
53cd40	FUN_0053cd40	sqlite3ExprListFlags
53ce20	FUN_0053ce20	localtimeOffset
53d040	FUN_0053d040	fkLocateIndex
53d2a0	FUN_0053d2a0	btree_lock_and_read_page1
53d620	FUN_0053d620	lookupName
53dcf0	FUN_0053dcf0	sqlite3_mem_malloc
53dde0	FUN_0053dde0	winMbcsToUnicode
53de70	FUN_0053de70	sqlite3ErrorWithMsg
53dee0	FUN_0053dee0	btree_modify_page_pointer
53e110	FUN_0053e110	sqlite3ValueNew
53e1b0	FUN_0053e1b0	valueNewWrap
53e230	FUN_0053e230	sqlite3BtreeXXX
53e280	FUN_0053e280	valueNewWrap2
53e310	FUN_0053e310	sqlite3VdbeMemFromBtree
53e4b0	FUN_0053e4b0	multiSelect
53ec80	FUN_0053ec80	multiSelectCollSeq
53ecd0	FUN_0053ecd0	multiSelectOrderBy
540990	FUN_00540990	sqlite3ExprIsInteger
540a20	FUN_00540a20	newDatabase
540b00	FUN_00540b00	sqlite3PagerRefcount
540b30	FUN_00540b30	pager_pagecount_from_size
540b70	FUN_00540b70	openDatabase
540ff0	FUN_00540ff0	openStatTable
5411b0	FUN_005411b0	pager_zero_journal_header
541210	FUN_00541210	sqlite3PagerFilename
541240	FUN_00541240	sqlite3PagerJournalMode
541270	FUN_00541270	pager_flush_wal_frames
5412e0	FUN_005412e0	pager_lock_exclusive
541340	FUN_00541340	pager_lock_db
541390	FUN_00541390	pager_write_journal_hdr
5413e0	FUN_005413e0	pager_unlock_if_unused
541470	FUN_00541470	pager_pagecount
541500	FUN_00541500	pager_playback_journal
5417c0	FUN_005417c0	pager_undo_all_dirty
541820	FUN_00541820	pagerWalFrames
541900	FUN_00541900	pager_sync_file_size
541940	FUN_00541940	pager_playback_one_page
541a10	FUN_00541a10	pcache_release_page
541a70	FUN_00541a70	pager_unlock_db_vfs
541ab0	FUN_00541ab0	pager_wal_frames
541b50	FUN_00541b50	pager_cksum
541bd0	FUN_00541bd0	pager_delete_master_journal
541e00	FUN_00541e00	pager_end_transaction
541fd0	FUN_00541fd0	pager_set_error_state
542000	FUN_00542000	pager_acquire_page1
542180	FUN_00542180	pcache_fetch_no_create
5421b0	FUN_005421b0	pager_open_journal
5422c0	FUN_005422c0	pager_playback_savepoint
542600	FUN_00542600	pager_playback_or_backup_page
5428f0	FUN_005428f0	pager_invalidate_cursors
542920	FUN_00542920	pager_truncate_file
542a20	FUN_00542a20	pager_unlock
542b40	FUN_00542b40	pager_lock_db_busy
542bc0	FUN_00542bc0	pager_write_page
542d70	FUN_00542d70	pager_incr_change_counter
542df0	FUN_00542df0	pager_write_dirty_to_wal
542f30	FUN_00542f30	parseDateOrTime
542ff0	FUN_00542ff0	parseHhMmSs
543120	FUN_00543120	isDate_543120
543a20	FUN_00543a20	parseYyyyMmDd
543b00	FUN_00543b00	parseDateOrTimeInner
543be0	FUN_00543be0	sqlite3ExprDelete
543f40	FUN_00543f40	pcache1_alloc
544050	FUN_00544050	sqlite3MallocZero
5440c0	FUN_005440c0	sqlite3DbMallocZero
544190	FUN_00544190	pcache1_free
544290	FUN_00544290	sqlite3DbFreeNN
5442c0	FUN_005442c0	sqlite3MallocSize
544320	FUN_00544320	sqlite3DbMallocSize
544360	FUN_00544360	dbReallocFinish
544470	FUN_00544470	sqlite3DbFreeVec
544540	FUN_00544540	sqlite3HeapNearlyFull
544570	FUN_00544570	pcache_remove_from_hash
5445e0	FUN_005445e0	btree_ptrmap_get
544710	FUN_00544710	btree_ptrmap_pageno
544760	FUN_00544760	btree_ptrmap_put
544870	FUN_00544870	sqlite3PagerGet
5448e0	FUN_005448e0	sqlite3ExprCodeTarget
544bb0	FUN_00544bb0	sqlite3PagerGetExtra2
544c20	FUN_00544c20	prng_rc4_next_byte
544d30	FUN_00544d30	file_read32_be
544d80	FUN_00544d80	pager_read_db_page
544e80	FUN_00544e80	wal_read_frame_or_journal
5450a0	FUN_005450a0	pager_read_master_journal_name
5451e0	FUN_005451e0	sqlite3VdbeAddOp
5452d0	FUN_005452d0	hash_rehash
545420	FUN_00545420	sqlite3ValueText
545520	FUN_00545520	sqlite3ValueText2
5455d0	FUN_005455d0	pager_reset_pcache
545650	FUN_00545650	vdbe_release_mem_array
545740	FUN_00545740	btree_release_page
545780	FUN_00545780	reloadTableSchema
545a20	FUN_00545a20	btree_overwrite_cell
545b50	FUN_00545b50	pcache1_remove_page
545bb0	FUN_00545bb0	btree_shared_cache_unref
545c40	FUN_00545c40	sqlite3_log_message
545ce0	FUN_00545ce0	analyzeAggregate
545f00	FUN_00545f00	sqlite3ExprCodeAndCache
546090	FUN_00546090	sqlite3ResolveExprNames
546130	FUN_00546130	sqlite3CheckObjectName
5461b0	FUN_005461b0	resolveOrderByTermToExprList
546470	FUN_00546470	sqlite3ExprListDup
5467e0	FUN_005467e0	resolveOutOfRangeError
546890	FUN_00546890	resolveCompoundOrderBy
5469d0	FUN_005469d0	sqlite3ExprIsConstantOrFunction
546ad0	FUN_00546ad0	resolveSelectStep
546df0	FUN_00546df0	sqlite3ExprCodeConstants
546f70	FUN_00546f70	sqlite3VdbeMemRelease
546fe0	FUN_00546fe0	sqlite3VdbeMemSetNull_546fe0
547100	FUN_00547100	sqlite3VdbeMemShallowCopy
5471b0	FUN_005471b0	sqlite3VdbeMemMove
547210	FUN_00547210	sqlite3VdbeMemCopy
547260	FUN_00547260	sqlite3VdbeMemMakeWriteable
5472b0	FUN_005472b0	btree_save_cursor_position
5473d0	FUN_005473d0	vdbe_commit_all_btrees
5476b0	FUN_005476b0	seekWinFile
547720	FUN_00547720	sqlite3ExprCode
547860	FUN_00547860	sqlite3ExprCodeCopy
5478e0	FUN_005478e0	sqlite3CreateColumnExpr
547b70	FUN_00547b70	selectExpander
548280	FUN_00548280	generateOutputSubroutine
548960	FUN_00548960	sqlite3SelectOpName
548980	FUN_00548980	selectOpName
5489b0	FUN_005489b0	btree_free_cell_overflows
548b20	FUN_00548b20	setDateTimeToCurrent
548ba0	FUN_00548ba0	clearSelect
548bd0	FUN_00548bd0	pager_set_sector_size
548c40	FUN_00548c40	sqlite3DbMallocRaw2
548d00	FUN_00548d00	sqlite3_setup_lookaside
548e20	FUN_00548e20	sqlite3ExprListSetName
548e60	FUN_00548e60	sqlite3ExprFunction
548ec0	FUN_00548ec0	sqlite3PExprAnd
548f50	FUN_00548f50	sqlite3PExprOr
548fe0	FUN_00548fe0	util_abs_int
549000	FUN_00549000	sqlite3ExprListAppend
549060	FUN_00549060	sqlite3SrcListAppend
5490f0	FUN_005490f0	sqlite3AddColumn
549230	FUN_00549230	sqlite3AddColumnType
549280	FUN_00549280	sqlite3AddDefaultValue
549380	FUN_00549380	sqlite3AddCollateType
549420	FUN_00549420	sqlite3AddPrimaryKey
549610	FUN_00549610	sqlite3AffinityType
5496d0	FUN_005496d0	sqlite3AlterBeginAddColumn
5498e0	FUN_005498e0	sqlite3AlterFinishAddColumn
549b00	FUN_00549b00	sqlite3_register_builtin_functions
549b90	FUN_00549b90	sqlite3AlterRenameTable
549ed0	FUN_00549ed0	sqlite3AnalysisLoad
549fd0	FUN_00549fd0	sqlite3EndTable
54a110	FUN_0054a110	sqlite3ApiExit
54a160	FUN_0054a160	strAccum_append_spaces
54a2b0	FUN_0054a2b0	sqlite3KeyInfoAlloc
54a330	FUN_0054a330	computeYMD
54a970	FUN_0054a970	sqlite3VtabXXX
54a9a0	FUN_0054a9a0	sqlite3Atoi64
54ab50	FUN_0054ab50	sqlite3AuthContextPush
54abe0	FUN_0054abe0	sqlite3AuthRead
54acc0	FUN_0054acc0	sqlite3AuthReadCol
54ad90	FUN_0054ad90	sqlite3_run_auto_extensions
54ae60	FUN_0054ae60	sqlite3AttachXXX
54b260	FUN_0054b260	codeAttach
54b6e0	FUN_0054b6e0	btree_update_cursors_after_move
54b750	FUN_0054b750	sqlite3BeginTransaction
54b890	FUN_0054b890	sqlite3Parser
54bc80	FUN_0054bc80	sqlite3FinishCoding
54bcc0	FUN_0054bcc0	sqlite3ExprDupSel
54bd10	FUN_0054bd10	sqlite3PagerOpenSavepoint
54bf60	FUN_0054bf60	bitvec_clear
54c040	FUN_0054c040	bitvec_destroy
54c100	FUN_0054c100	bitvec_set
54c2e0	FUN_0054c2e0	bitvec_test
54c3a0	FUN_0054c3a0	sqlite3PagerXXX2
54c3f0	FUN_0054c3f0	sqlite3BtreeBeginTrans
54c670	FUN_0054c670	sqlite3PagerFree
54c690	FUN_0054c690	sqlite3PagerCommit
54c710	FUN_0054c710	btree_close
54c7f0	FUN_0054c7f0	btree_close_cursor
54c930	FUN_0054c930	sqlite3PagerSetPagesize
54c990	FUN_0054c990	btree_commit_phase_two
54ca30	FUN_0054ca30	btree_rollback
54cac0	FUN_0054cac0	sqlite3PagerReadFileheader
54cbd0	FUN_0054cbd0	pagerSyncHotJournal
54cde0	FUN_0054cde0	sqlite3PagerGetJournalMode2
54ce30	FUN_0054ce30	sqlite3PagerSetJournalMode
54ce80	FUN_0054ce80	sqlite3PagerJournalSizeLimit
54cf10	FUN_0054cf10	sqlite3PagerBackupPtr
54cf50	FUN_0054cf50	sqlite3PagerSetCodec
54cf70	FUN_0054cf70	sqlite3PagerVfs
54cfd0	FUN_0054cfd0	sqlite3PagerOpen2
54d210	FUN_0054d210	sqlite3PagerSetBusyhandler
54d260	FUN_0054d260	btree_enter
54d340	FUN_0054d340	btree_enter_all
54d460	FUN_0054d460	sqlite3_fn_54d460
54d4a0	FUN_0054d4a0	sqlite3_fn_54d4a0
54d4f0	FUN_0054d4f0	sqlite3_fn_54d4f0
54d510	FUN_0054d510	sqlite3_fn_54d510
54d580	FUN_0054d580	sqlite3_fn_54d580
54d5c0	FUN_0054d5c0	sqlite3_fn_54d5c0
54d680	FUN_0054d680	sqlite3_fn_54d680
54d880	FUN_0054d880	sqlite3BtreeIntegrityCheck
54dce0	FUN_0054dce0	sqlite3_fn_54dce0
54dd50	FUN_0054dd50	sqlite3_fn_54dd50
54dd90	FUN_0054dd90	sqlite3_fn_54dd90
54ddf0	FUN_0054ddf0	btree_leave_lock
54de20	FUN_0054de20	btree_leave_all
54de80	FUN_0054de80	lib_fn_54de80
54deb0	FUN_0054deb0	sqlite3_fn_54deb0
54df20	FUN_0054df20	sqlite3_fn_54df20
54df80	FUN_0054df80	lib_fn_54df80
54e330	FUN_0054e330	lib_fn_54e330
54e4a0	FUN_0054e4a0	btree_open
54eaf0	FUN_0054eaf0	lib_fn_54eaf0
54ecc0	FUN_0054ecc0	lib_fn_54ecc0
54ed50	FUN_0054ed50	btree_begin_trans
54efb0	FUN_0054efb0	sqlite3_fn_54efb0
54f060	FUN_0054f060	btree_check_read_conflicts
54f0e0	FUN_0054f0e0	sqlite3_fn_54f0e0
54f150	FUN_0054f150	sqlite3_fn_54f150
54f1d0	FUN_0054f1d0	sqlite3_fn_54f1d0
54f260	FUN_0054f260	sqlite3_fn_54f260
54f2a0	FUN_0054f2a0	lib_fn_54f2a0
54f380	FUN_0054f380	sqlite3_fn_54f380
54f3d0	FUN_0054f3d0	sqlite3_fn_54f3d0
54f5b0	FUN_0054f5b0	sqlite3_fn_54f5b0
54f600	FUN_0054f600	btree_trip_all_cursors
54f6e0	FUN_0054f6e0	sqlite3_fn_54f6e0
54f780	FUN_0054f780	pager_report_cantopen
54f7b0	FUN_0054f7b0	sqlite3_fn_54f7b0
54f8c0	FUN_0054f8c0	sqlite3_fn_54f8c0
54f920	FUN_0054f920	lib_fn_54f920
54fa40	FUN_0054fa40	sqlite3_fn_54fa40
54fc20	FUN_0054fc20	sqlite3_fn_54fc20
54fcf0	FUN_0054fcf0	vdbe_delete_aux_data
54fdb0	FUN_0054fdb0	vdbe_free_cursor_list
54fe80	FUN_0054fe80	lib_fn_54fe80
5500b0	FUN_005500b0	sqlite3_fn_5500b0
550380	FUN_00550380	lib_fn_550380
550410	FUN_00550410	lib_fn_550410
550470	FUN_00550470	lib_fn_550470
5505a0	FUN_005505a0	sqlite3CodeSubselect
550a00	FUN_00550a00	sqlite3_fn_550a00
550aa0	FUN_00550aa0	lib_fn_550aa0
550b60	FUN_00550b60	schema_compact_hash
550cd0	FUN_00550cd0	lib_fn_550cd0
550d90	FUN_00550d90	sqlite3_fn_550d90
550df0	FUN_00550df0	lib_fn_550df0
550e30	FUN_00550e30	lib_fn_550e30
551190	FUN_00551190	sqlite3_report_corrupt
5511c0	FUN_005511c0	sqlite3_fn_5511c0
551270	FUN_00551270	sqlite3CreateForeignKey
5515c0	FUN_005515c0	sqlite3_create_function_5515c0
551790	FUN_00551790	sqlite3CreateIndex
552000	FUN_00552000	sqlite3_fn_552000
5521a0	FUN_005521a0	sqlite3DbFree
552230	FUN_00552230	sqlite3DbMallocRaw
552230	FUN_552230	sqlite3DbMallocRaw_552230
5522c0	FUN_005522c0	lib_fn_5522c0
5522f0	FUN_005522f0	sqlite3_fn_5522f0
552390	FUN_00552390	sqlite3DbRealloc
552450	FUN_00552450	sqlite3_DbStrDup
5524a0	FUN_005524a0	lib_fn_5524a0
5524e0	FUN_005524e0	sqlite3_fn_5524e0
552540	FUN_00552540	sqlite3_fn_552540
552560	FUN_00552560	lib_fn_552560
5529a0	FUN_005529a0	sqlite3_DeleteTrigger
552b20	FUN_00552b20	sqlite3_DeleteIndexList
552be0	FUN_00552be0	lib_fn_552be0
552ca0	FUN_00552ca0	sqlite3DropIndex
552e90	FUN_00552e90	sqlite3DropTable
5530e0	FUN_005530e0	sqlite3_fn_5530e0
553260	FUN_00553260	sqlite3_fn_553260
553490	FUN_00553490	sqlite3EndTable_553490
553860	FUN_00553860	sqlite3_fn_553860
553890	FUN_00553890	sqlite3_ErrorWithMsg
553950	FUN_00553950	lib_fn_553950
553a10	FUN_00553a10	sqlite3_MarkAllCursorsInvalid
553a30	FUN_00553a30	lib_fn_553a30
553a80	FUN_00553a80	sqlite3_fn_553a80
553ae0	FUN_00553ae0	sqlite3_fn_553ae0
553b20	FUN_00553b20	lib_fn_553b20
553bb0	FUN_00553bb0	lib_fn_553bb0
553cb0	FUN_00553cb0	sqlite3_fn_553cb0
553d20	FUN_00553d20	sqlite3_fn_553d20
553d70	FUN_00553d70	lib_fn_553d70
553e40	FUN_00553e40	sqlite3ExprAssignVarNumber
5540d0	FUN_005540d0	lib_fn_5540d0
554130	FUN_00554130	lib_fn_554130
554340	FUN_00554340	lib_fn_554340
5543e0	FUN_005543e0	lib_fn_5543e0
554430	FUN_00554430	lib_fn_554430
554490	FUN_00554490	lib_fn_554490
5545d0	FUN_005545d0	lib_fn_5545d0
554630	FUN_00554630	lib_fn_554630
5546b0	FUN_005546b0	sqlite3_fn_5546b0
554760	FUN_00554760	lib_fn_554760
554810	FUN_00554810	lib_fn_554810
5548c0	FUN_005548c0	lib_fn_5548c0
554c60	FUN_00554c60	lib_fn_554c60
554ca0	FUN_00554ca0	sqlite3_fn_554ca0
554e20	FUN_00554e20	sqlite3ExprCodeTarget_554e20
555b10	FUN_00555b10	lib_fn_555b10
555b70	FUN_00555b70	lib_fn_555b70
555cb0	FUN_00555cb0	lib_fn_555cb0
555e30	FUN_00555e30	sqlite3_ExprDelete
555ed0	FUN_00555ed0	sqlite3_fn_555ed0
555f40	FUN_00555f40	lib_fn_555f40
556200	FUN_00556200	lib_fn_556200
5564b0	FUN_005564b0	sqlite3_fn_5564b0
5564f0	FUN_005564f0	lib_fn_5564f0
556530	FUN_00556530	lib_fn_556530
5565a0	FUN_005565a0	lib_fn_5565a0
556650	FUN_00556650	sqlite3_fn_556650
556680	FUN_00556680	lib_fn_556680
556700	FUN_00556700	sqlite3_ExprListDelete
5567e0	FUN_005567e0	lib_fn_5567e0
556980	FUN_00556980	sqlite3_fn_556980
556a00	FUN_00556a00	sqlite3_fn_556a00
556a80	FUN_00556a80	lib_fn_556a80
556b40	FUN_00556b40	sqlite3_fn_556b40
556b70	FUN_00556b70	lib_fn_556b70
556ba0	FUN_00556ba0	sqlite3_ColumnDefault
556be0	FUN_00556be0	lib_fn_556be0
556c60	FUN_00556c60	sqlite3_FindCollSeq
556e50	FUN_00556e50	lib_fn_556e50
557190	FUN_00557190	lib_fn_557190
5572d0	FUN_005572d0	lib_fn_5572d0
557410	FUN_00557410	sqlite3_fn_557410
5576f0	FUN_005576f0	sqlite3_fn_5576f0
557950	FUN_00557950	lib_fn_557950
5579f0	FUN_005579f0	sqlite3_fn_5579f0
557a40	FUN_00557a40	lib_fn_557a40
557ad0	FUN_00557ad0	sqlite3_fn_557ad0
557bd0	FUN_00557bd0	sqlite3_fn_557bd0
557c50	FUN_00557c50	lib_fn_557c50
557cc0	FUN_00557cc0	lib_fn_557cc0
5581b0	FUN_005581b0	sqlite3_DeleteColumnNames
5582f0	FUN_005582f0	sqlite3_fn_5582f0
5583e0	FUN_005583e0	lib_fn_5583e0
558520	FUN_00558520	lib_fn_558520
558580	FUN_00558580	sqlite3_fn_558580
5587a0	FUN_005587a0	sqlite3_HashInsertNoResize
558820	FUN_00558820	lib_fn_558820
558890	FUN_00558890	sqlite3GenerateConstraintChecks
559920	FUN_00559920	lib_fn_559920
559bc0	FUN_00559bc0	lib_fn_559bc0
559f10	FUN_00559f10	lib_fn_559f10
559fd0	FUN_00559fd0	sqlite3_Get4byte
55a000	FUN_0055a000	sqlite3_fn_55a000
55a020	FUN_0055a020	lib_fn_55a020
55a0e0	FUN_0055a0e0	lib_fn_55a0e0
55a1b0	FUN_0055a1b0	sqlite3_fn_55a1b0
55a1f0	FUN_0055a1f0	lib_fn_55a1f0
55a220	FUN_0055a220	lib_fn_55a220
55a900	FUN_0055a900	lib_fn_55a900
55a920	FUN_0055a920	sqlite3_GetVarint
55a920	FUN_55a920	sqlite3_GetVarint_55a920
55aaf0	FUN_0055aaf0	sqlite3_GetVarint32
55ab80	FUN_0055ab80	lib_fn_55ab80
55abc0	FUN_0055abc0	lib_fn_55abc0
55ac70	FUN_0055ac70	sqlite3_HashClear
55ad50	FUN_0055ad50	sqlite3_HashFind
55ada0	FUN_0055ada0	sqlite3_HashInsert
55aeb0	FUN_0055aeb0	lib_fn_55aeb0
55af40	FUN_0055af40	sqlite3_fn_55af40
55afc0	FUN_0055afc0	sqlite3_KeyInfoOrIdListFree
55b080	FUN_0055b080	lib_fn_55b080
55b160	FUN_0055b160	sqlite3_fn_55b160
55b1e0	FUN_0055b1e0	lib_fn_55b1e0
55b220	FUN_0055b220	lib_fn_55b220
55b2a0	FUN_0055b2a0	lib_fn_55b2a0
55b3c0	FUN_0055b3c0	lib_fn_55b3c0
55b460	FUN_0055b460	sqlite3_fn_55b460
55b540	FUN_0055b540	sqlite3_fn_55b540
55b750	FUN_0055b750	sqlite3InitOne
55bc20	FUN_0055bc20	sqlite3Insert
55cd50	FUN_0055cd50	lib_fn_55cd50
55ce30	FUN_0055ce30	lib_fn_55ce30
55cec0	FUN_0055cec0	lib_fn_55cec0
55cf00	FUN_0055cf00	sqlite3IsReadOnly
55cf90	FUN_0055cf90	lib_fn_55cf90
55d020	FUN_0055d020	sqlite3JoinType
55d180	FUN_0055d180	sqlite3_LeaveSchemaAndClose
55d490	FUN_0055d490	sqlite3LoadExtension
55d6b0	FUN_0055d6b0	sqlite3_fn_55d6b0
55d730	FUN_0055d730	sqlite3LocateTable
55d7d0	FUN_0055d7d0	lib_fn_55d7d0
55d830	FUN_0055d830	sqlite3_LockAndPrepare
55d8f0	FUN_0055d8f0	sqlite3_fn_55d8f0
55d980	FUN_0055d980	lib_fn_55d980
55da00	FUN_0055da00	sqlite3_Malloc
55da70	FUN_0055da70	sqlite3_MallocAlarm
55daf0	FUN_0055daf0	sqlite3_PcacheBufferSetup
55dc20	FUN_0055dc20	lib_fn_55dc20
55dc60	FUN_0055dc60	lib_fn_55dc60
55ddd0	FUN_0055ddd0	lib_fn_55ddd0
55e010	FUN_0055e010	sqlite3_StrAccumInitStatic
55e040	FUN_0055e040	lib_fn_55e040
55e0d0	FUN_0055e0d0	sqlite3_fn_55e0d0
55e2a0	FUN_0055e2a0	sqlite3_fn_55e2a0
55e380	FUN_0055e380	sqlite3_MutexInit
55e3f0	FUN_0055e3f0	lib_fn_55e3f0
55e450	FUN_0055e450	sqlite3_fn_55e450
55e4f0	FUN_0055e4f0	sqlite3_fn_55e4f0
55e5f0	FUN_0055e5f0	lib_fn_55e5f0
55e6e0	FUN_0055e6e0	lib_fn_55e6e0
55e870	FUN_0055e870	sqlite3_fn_55e870
55e900	FUN_0055e900	sqlite3_OsClose
55e930	FUN_0055e930	sqlite3_OsCurrentTimeInt64
55e990	FUN_0055e990	sqlite3_fn_55e990
55ea00	FUN_0055ea00	sqlite3_OsSectorSizeCall
55ea20	FUN_0055ea20	sqlite3_OsMethod0x10
55ea40	FUN_0055ea40	sqlite3_OsMethod0xc
55ea60	FUN_0055ea60	sqlite3_Pcache1BufferInit
55eaf0	FUN_0055eaf0	lib_fn_55eaf0
55eb70	FUN_0055eb70	sqlite3_PagerGet
55ed20	FUN_0055ed20	sqlite3_fn_55ed20
55ee10	FUN_0055ee10	sqlite3_fn_55ee10
55ee50	FUN_0055ee50	sqlite3_PagerClose
55ef90	FUN_0055ef90	sqlite3_fn_55ef90
55f050	FUN_0055f050	sqlite3_PagerCommitPhaseOne
55f260	FUN_0055f260	sqlite3_PagerSync
55f2b0	FUN_0055f2b0	sqlite3_fn_55f2b0
55f310	FUN_0055f310	sqlite3_fn_55f310
55f340	FUN_0055f340	lib_fn_55f340
55f390	FUN_0055f390	sqlite3_PagerWrite
55f550	FUN_0055f550	sqlite3_PagerOpen
55f9c0	FUN_0055f9c0	sqlite3_fn_55f9c0
55faf0	FUN_0055faf0	sqlite3_PagerBegin
55fb70	FUN_0055fb70	sqlite3_PagerReadFileHeader
55fbc0	FUN_0055fbc0	sqlite3_PagerSyncJournal
55fc70	FUN_0055fc70	sqlite3_PagerSavepoint
55fd60	FUN_0055fd60	sqlite3_PagerSetBusyhandler
55fda0	FUN_0055fda0	sqlite3_fn_55fda0
55fe80	FUN_0055fe80	sqlite3_PagerSetPagesize
55ffb0	FUN_0055ffb0	sqlite3_fn_55ffb0
560030	FUN_00560030	sqlite3_PagerPlaybackOrCommit
560280	FUN_00560280	sqlite3_PagerFileSync
5602d0	FUN_005602d0	sqlite3_PagerUnrefPageOne
560300	FUN_00560300	sqlite3_fn_560300
560330	FUN_00560330	sqlite3_PagerWritePagelist
560540	FUN_00560540	sqlite3ParseUri
560af0	FUN_00560af0	sqlite3_fn_560af0
560c30	FUN_00560c30	sqlite3_fn_560c30
560c70	FUN_00560c70	sqlite3_PcacheCleanAll
560cd0	FUN_00560cd0	sqlite3_PcacheSortDirtyList
560e50	FUN_00560e50	sqlite3_PcacheMakeClean
560e90	FUN_00560e90	sqlite3_PcacheFetch
561000	FUN_00561000	sqlite3_PcacheMakeCleanB
561050	FUN_00561050	sqlite3_PcacheMakeDirty
5610a0	FUN_005610a0	sqlite3_PcacheMove
561110	FUN_00561110	sqlite3_PcacheErrorCallback
561130	FUN_00561130	sqlite3_PcacheRelease
5611b0	FUN_005611b0	sqlite3_PcacheTruncate
561270	FUN_00561270	sqlite3Pragma
5631b0	FUN_005631b0	sqlite3Prepare
5631b0	FUN_5631b0	sqlite3Prepare_5631b0
563550	FUN_00563550	lib_fn_563550
563650	FUN_00563650	sqlite3_Put4byte
563680	FUN_00563680	sqlite3_fn_563680
563780	FUN_00563780	sqlite3_fn_563780
5637c0	FUN_005637c0	sqlite3_fn_5637c0
563800	FUN_00563800	sqlite3_Realloc
563950	FUN_00563950	sqlite3_fn_563950
563bf0	FUN_00563bf0	sqlite3_RegisterDateTimeFuncs
563c80	FUN_00563c80	sqlite3_RegisterBuiltinFuncs
563d20	FUN_00563d20	sqlite3_fn_563d20
563e10	FUN_00563e10	sqlite3_fn_563e10
563f80	FUN_00563f80	sqlite3_fn_563f80
563fb0	FUN_00563fb0	lib_fn_563fb0
564000	FUN_00564000	lib_fn_564000
564060	FUN_00564060	sqlite3_fn_564060
5640a0	FUN_005640a0	lib_fn_5640a0
564180	FUN_00564180	sqlite3_fn_564180
564230	FUN_00564230	lib_fn_564230
564270	FUN_00564270	lib_fn_564270
564340	FUN_00564340	sqlite3_fn_564340
564420	FUN_00564420	sqlite3_fn_564420
564480	FUN_00564480	sqlite3_fn_564480
5644e0	FUN_005644e0	sqlite3_VdbeMemReleaseChain
564590	FUN_00564590	sqlite3_fn_564590
564630	FUN_00564630	sqlite3_fn_564630
564690	FUN_00564690	sqlite3_fn_564690
564800	FUN_00564800	sqlite3RunParser
564bb0	FUN_00564bb0	sqlite3_fn_564bb0
564f10	FUN_00564f10	sqlite3_SafetyCheckOk
564f90	FUN_00564f90	sqlite3_fn_564f90
565020	FUN_00565020	sqlite3_SchemaClear
565140	FUN_00565140	sqlite3_SchemaGet
565260	FUN_00565260	lib_fn_565260
5652a0	FUN_005652a0	sqlite3_ScratchFree
5653d0	FUN_005653d0	sqlite3_ScratchMalloc
5654f0	FUN_005654f0	sqlite3Select
566d10	FUN_00566d10	sqlite3_SelectDelete
566d40	FUN_00566d40	lib_fn_566d40
566e60	FUN_00566e60	sqlite3_fn_566e60
566e90	FUN_00566e90	lib_fn_566e90
567060	FUN_00567060	lib_fn_567060
5670f0	FUN_005670f0	sqlite3_MPrintf
567180	FUN_00567180	sqlite3_fn_567180
567240	FUN_00567240	sqlite3SrcListAppendFromTerm
567310	FUN_00567310	lib_fn_567310
567370	FUN_00567370	sqlite3_SrcListDelete
567420	FUN_00567420	lib_fn_567420
567680	FUN_00567680	lib_fn_567680
5677a0	FUN_005677a0	sqlite3_fn_5677a0
5677f0	FUN_005677f0	lib_fn_5677f0
567840	FUN_00567840	sqlite3_fn_567840
567880	FUN_00567880	sqlite3StartTable
567c40	FUN_00567c40	sqlite3_StatusAdd
567c70	FUN_00567c70	sqlite3_StatusSet
567ca0	FUN_00567ca0	sqlite3_Step
567e70	FUN_00567e70	sqlite3_StrAccumAppend
567fb0	FUN_00567fb0	sqlite3_StrAccumFinish
568030	FUN_00568030	sqlite3_StrAccumReset
568070	FUN_00568070	sqlite3_Strlen30
5680a0	FUN_005680a0	sqlite3_fn_5680a0
568100	FUN_00568100	lib_fn_568100
5681e0	FUN_005681e0	lib_fn_5681e0
5682d0	FUN_005682d0	sqlite3_VdbeReprepareSwap
568420	FUN_00568420	sqlite3_fn_568420
5684e0	FUN_005684e0	sqlite3_fn_5684e0
568560	FUN_00568560	sqlite3_fn_568560
568620	FUN_00568620	lib_fn_568620
568690	FUN_00568690	sqlite3_fn_568690
568700	FUN_00568700	sqlite3_fn_568700
5687a0	FUN_005687a0	lib_fn_5687a0
568810	FUN_00568810	sqlite3TwoPartName
5688b0	FUN_005688b0	sqlite3_fn_5688b0
568990	FUN_00568990	sqlite3_fn_568990
568a40	FUN_00568a40	sqlite3_fn_568a40
568b40	FUN_00568b40	sqlite3Update
56a810	FUN_0056a810	lib_fn_56a810
56a850	FUN_0056a850	lib_fn_56a850
56a8f0	FUN_0056a8f0	lib_fn_56a8f0
56a940	FUN_0056a940	lib_fn_56a940
56a9b0	FUN_0056a9b0	sqlite3_VMPrintfInto
56aa30	FUN_0056aa30	sqlite3VXPrintf
56b870	FUN_0056b870	sqlite3_fn_56b870
56b910	FUN_0056b910	sqlite3_VdbeMemFreeAndDestroy
56b960	FUN_0056b960	lib_fn_56b960
56bc90	FUN_0056bc90	sqlite3_VdbeAllocErrMem
56bce0	FUN_0056bce0	sqlite3_ValueText
56bd90	FUN_0056bd90	sqlite3_fn_56bd90
56bdc0	FUN_0056bdc0	lib_fn_56bdc0
56be30	FUN_0056be30	lib_fn_56be30
56be90	FUN_0056be90	lib_fn_56be90
56bef0	FUN_0056bef0	lib_fn_56bef0
56bf50	FUN_0056bf50	lib_fn_56bf50
56bfc0	FUN_0056bfc0	lib_fn_56bfc0
56c070	FUN_0056c070	sqlite3_fn_56c070
56c120	FUN_0056c120	sqlite3_fn_56c120
56c220	FUN_0056c220	sqlite3_fn_56c220
56c290	FUN_0056c290	sqlite3_VdbeChangeEncoding
56c2c0	FUN_0056c2c0	sqlite3_fn_56c2c0
56c2e0	FUN_0056c2e0	sqlite3_fn_56c2e0
56c300	FUN_0056c300	sqlite3_fn_56c300
56c320	FUN_0056c320	lib_fn_56c320
56c490	FUN_0056c490	lib_fn_56c490
56c4b0	FUN_0056c4b0	lib_fn_56c4b0
56c500	FUN_0056c500	sqlite3_fn_56c500
56c560	FUN_0056c560	sqlite3_VdbeFreeResources
56c6b0	FUN_0056c6b0	sqlite3_fn_56c6b0
56c7b0	FUN_0056c7b0	lib_fn_56c7b0
56c810	FUN_0056c810	sqlite3_fn_56c810
56c8b0	FUN_0056c8b0	lib_fn_56c8b0
56c910	FUN_0056c910	sqlite3_VdbeDeleteAuxData
56c960	FUN_0056c960	sqlite3_fn_56c960
56c9c0	FUN_0056c9c0	sqlite3VdbeExec
573170	FUN_00573170	sqlite3VdbeExpandSql
5734d0	FUN_005734d0	sqlite3_VdbeDelete
573540	FUN_00573540	sqlite3_fn_573540
5735f0	FUN_005735f0	sqlite3_fn_5735f0
573650	FUN_00573650	sqlite3_fn_573650
5736b0	FUN_005736b0	sqlite3_fn_5736b0
5736e0	FUN_005736e0	lib_fn_5736e0
573740	FUN_00573740	sqlite3_fn_573740
573a20	FUN_00573a20	sqlite3_fn_573a20
573ae0	FUN_00573ae0	sqlite3_fn_573ae0
573c40	FUN_00573c40	sqlite3_fn_573c40
573cb0	FUN_00573cb0	lib_fn_573cb0
573d80	FUN_00573d80	lib_fn_573d80
573db0	FUN_00573db0	sqlite3_fn_573db0
573e30	FUN_00573e30	sqlite3_VdbeListExec
5741e0	FUN_005741e0	lib_fn_5741e0
574250	FUN_00574250	sqlite3_fn_574250
574570	FUN_00574570	lib_fn_574570
574600	FUN_00574600	sqlite3_VdbeMemExpandBlob
574670	FUN_00574670	sqlite3_VdbeMemFinalize
574710	FUN_00574710	sqlite3_fn_574710
5748c0	FUN_005748c0	sqlite3_VdbeMemGrow
5749e0	FUN_005749e0	sqlite3_VdbeMemHandleBom
574a70	FUN_00574a70	sqlite3_fn_574a70
574af0	FUN_00574af0	sqlite3_VdbeMemNulTerminate
574b60	FUN_00574b60	sqlite3_fn_574b60
574bf0	FUN_00574bf0	sqlite3_VdbeMemMakeWriteable
574c50	FUN_00574c50	lib_fn_574c50
574cd0	FUN_00574cd0	sqlite3_fn_574cd0
574d40	FUN_00574d40	sqlite3_VdbeMemReleaseExternal
574d80	FUN_00574d80	sqlite3_VdbeMemRelease
574df0	FUN_00574df0	lib_fn_574df0
574ec0	FUN_00574ec0	lib_fn_574ec0
574f20	FUN_00574f20	sqlite3_VdbeFrameRelease
574f70	FUN_00574f70	sqlite3_fn_574f70
575040	FUN_00575040	sqlite3_VdbeMemSetStr
575240	FUN_00575240	lib_fn_575240
5752a0	FUN_005752a0	lib_fn_5752a0
575310	FUN_00575310	lib_fn_575310
575350	FUN_00575350	sqlite3_VdbeMemStringify
5753f0	FUN_005753f0	sqlite3_fn_5753f0
575420	FUN_00575420	sqlite3_VdbeMemTranslate
5758f0	FUN_005758f0	lib_fn_5758f0
5759b0	FUN_005759b0	lib_fn_5759b0
575a10	FUN_00575a10	lib_fn_575a10
575bc0	FUN_00575bc0	lib_fn_575bc0
575ca0	FUN_00575ca0	sqlite3_VdbeHalt
575e10	FUN_00575e10	lib_fn_575e10
575e30	FUN_00575e30	lib_fn_575e30
576090	FUN_00576090	sqlite3_fn_576090
576140	FUN_00576140	sqlite3_fn_576140
576250	FUN_00576250	sqlite3_fn_576250
576270	FUN_00576270	lib_fn_576270
5762b0	FUN_005762b0	sqlite3_VdbeSetNumCols
576330	FUN_00576330	lib_fn_576330
576360	FUN_00576360	sqlite3_fn_576360
576430	FUN_00576430	sqlite3_fn_576430
5764e0	FUN_005764e0	sqlite3_fn_5764e0
5765a0	FUN_005765a0	sqlite3_fn_5765a0
576660	FUN_00576660	sqlite3_fn_576660
576940	FUN_00576940	sqlite3_fn_576940
5769c0	FUN_005769c0	sqlite3_fn_5769c0
576a80	FUN_00576a80	sqlite3_VdbeTransferError
576ba0	FUN_00576ba0	sqlite3_fn_576ba0
576bd0	FUN_00576bd0	lib_fn_576bd0
576d10	FUN_00576d10	sqlite3_fn_576d10
576d50	FUN_00576d50	sqlite3_fn_576d50
576df0	FUN_00576df0	sqlite3_fn_576df0
576ed0	FUN_00576ed0	lib_fn_576ed0
576fe0	FUN_00576fe0	sqlite3_fn_576fe0
577100	FUN_00577100	sqlite3_fn_577100
577190	FUN_00577190	sqlite3_DeleteTriggerAux
5771f0	FUN_005771f0	sqlite3VtabFinishParse
577380	FUN_00577380	lib_fn_577380
577410	FUN_00577410	sqlite3_fn_577410
577550	FUN_00577550	sqlite3_fn_577550
5775d0	FUN_005775d0	sqlite3_fn_5775d0
5776a0	FUN_005776a0	sqlite3_KeyInfoUnref
5776d0	FUN_005776d0	sqlite3_SchemaResetCursors
577740	FUN_00577740	sqlite3_WalTryBeginRead
577a60	FUN_00577a60	sqlite3_fn_577a60
577b00	FUN_00577b00	sqlite3_WalCheckpoint
577c80	FUN_00577c80	sqlite3_WalClose
577d90	FUN_00577d90	lib_fn_577d90
577dd0	FUN_00577dd0	sqlite3_WalEndReadTransaction
577e30	FUN_00577e30	sqlite3_WalFrames
5782f0	FUN_005782f0	sqlite3_WalOpen
578400	FUN_00578400	sqlite3_WalFindFrame
5785a0	FUN_005785a0	sqlite3_WalUndo
578680	FUN_00578680	lib_fn_578680
578710	FUN_00578710	lib_fn_578710
578760	FUN_00578760	lib_fn_578760
578810	FUN_00578810	lib_fn_578810
5788a0	FUN_005788a0	sqlite3WhereBegin
5794a0	FUN_005794a0	lib_fn_5794a0
579a80	FUN_00579a80	sqlite3_fn_579a80
579aa0	FUN_00579aa0	sqlite3_Config
579d80	FUN_00579d80	sqlite3_fn_579d80
579e10	FUN_00579e10	sqlite3_fn_579e10
579f80	FUN_00579f80	sqlite3_Initialize
57a1b0	FUN_0057a1b0	lib_fn_57a1b0
57a220	FUN_0057a220	sqlite3_PcacheInitialize
57a2c0	FUN_0057a2c0	lib_fn_57a2c0
57a310	FUN_0057a310	lib_fn_57a310
57a3c0	FUN_0057a3c0	lib_fn_57a3c0
57a3f0	FUN_0057a3f0	sqlite3_fn_57a3f0
57a410	FUN_0057a410	lib_fn_57a410
57a480	FUN_0057a480	sqlite3_DeleteTriggerStepList
57a580	FUN_0057a580	sqlite3_fn_57a580
57a790	FUN_0057a790	sqlite3_fn_57a790
57a870	FUN_0057a870	sqlite3_StrHash
57a8b0	FUN_0057a8b0	sqlite3_PagerPageInJournal
57a9b0	FUN_0057a9b0	sqlite3_SubjournalPage
57aa80	FUN_0057aa80	lib_fn_57aa80
57ab40	FUN_0057ab40	lib_fn_57ab40
57ab80	FUN_0057ab80	lib_fn_57ab80
57ac30	FUN_0057ac30	sqlite3_PagerOpenJournal
57ae20	FUN_0057ae20	lib_fn_57ae20
57af50	FUN_0057af50	sqlite3_fn_57af50
57b020	FUN_0057b020	sqlite3_fn_57b020
57b080	FUN_0057b080	lib_fn_57b080
57b180	FUN_0057b180	lib_fn_57b180
57b1e0	FUN_0057b1e0	lib_fn_57b1e0
57b270	FUN_0057b270	lib_fn_57b270
57b2f0	FUN_0057b2f0	lib_fn_57b2f0
57b3b0	FUN_0057b3b0	sqlite3_fn_57b3b0
57b9f0	FUN_0057b9f0	sqlite3_fn_57b9f0
57c220	FUN_0057c220	lib_fn_57c220
57c2a0	FUN_0057c2a0	sqlite3VdbeHalt
57c9c0	FUN_0057c9c0	sqlite3_fn_57c9c0
57ca80	FUN_0057ca80	sqlite3_fn_57ca80
57cb20	FUN_0057cb20	sqlite3_fn_57cb20
57cc30	FUN_0057cc30	sqlite3_fn_57cc30
57ccb0	FUN_0057ccb0	lib_fn_57ccb0
57ce10	FUN_0057ce10	sqlite3_fn_57ce10
57ced0	FUN_0057ced0	sqlite3_fn_57ced0
57d000	FUN_0057d000	sqlite3_fn_57d000
57d0a0	FUN_0057d0a0	sqlite3_fn_57d0a0
57d110	FUN_0057d110	sqlite3_fn_57d110
57d1b0	FUN_0057d1b0	sqlite3_fn_57d1b0
57d290	FUN_0057d290	sqlite3_VdbeUnbind
57d3f0	FUN_0057d3f0	sqlite3_PcacheGroupUnlink
57d440	FUN_0057d440	sqlite3_fn_57d440
57d530	FUN_0057d530	vtabCallConstructor
57d830	FUN_0057d830	sqlite3_WalDetachPagers
57d880	FUN_0057d880	sqlite3_WalBusyLock
57d8d0	FUN_0057d8d0	sqlite3_WalCheckpointCopy
57dc30	FUN_0057dc30	sqlite3_WalChecksumBytes
57dcf0	FUN_0057dcf0	sqlite3_WalCleanupHash
57dda0	FUN_0057dda0	sqlite3_WalDecodeFrame
57deb0	FUN_0057deb0	sqlite3_WalEncodeFrame
57df70	FUN_0057df70	sqlite3_WalIndexAppend
57e060	FUN_0057e060	sqlite3_WalIndexClose
57e140	FUN_0057e140	sqlite3_WalIndexPage
57e260	FUN_0057e260	sqlite3_WalIndexReadHdr
57e3a0	FUN_0057e3a0	sqlite3_WalIndexRecover
57e710	FUN_0057e710	sqlite3_WalIndexTryHdr
57e910	FUN_0057e910	sqlite3_WalIndexWriteHdr
57e9f0	FUN_0057e9f0	sqlite3_WalIteratorInit
57eb80	FUN_0057eb80	sqlite3_WalIteratorNext
57ec20	FUN_0057ec20	sqlite3_WalLimitSize
57eca0	FUN_0057eca0	sqlite3_WalMerge
57ed80	FUN_0057ed80	sqlite3_WalMergesort
57efa0	FUN_0057efa0	sqlite3_WalRestartLog
57f130	FUN_0057f130	sqlite3_WalTryBeginReadB
57f400	FUN_0057f400	sqlite3_WalUnlockShared
57f430	FUN_0057f430	sqlite3_WalWriteToLog
57f4e0	FUN_0057f4e0	lib_fn_57f4e0
57f560	FUN_0057f560	lib_fn_57f560
57f660	FUN_0057f660	sqlite3_fn_57f660
57f6d0	FUN_0057f6d0	lib_fn_57f6d0
57f770	FUN_0057f770	lib_fn_57f770
57f7c0	FUN_0057f7c0	sqlite3_fn_57f7c0
57f890	FUN_0057f890	lib_fn_57f890
57f980	FUN_0057f980	lib_fn_57f980
57fa50	FUN_0057fa50	lib_fn_57fa50
57fb10	FUN_0057fb10	lib_fn_57fb10
57fb50	FUN_0057fb50	lib_fn_57fb50
57fe70	FUN_0057fe70	lib_fn_57fe70
57ff40	FUN_0057ff40	lib_fn_57ff40
580010	FUN_00580010	sqlite3_PagerWrite32
580050	FUN_00580050	sqlite3_WriteJournalHdr
580270	FUN_00580270	sqlite3_WriteMasterJournal
580420	FUN_00580420	lib_fn_580420
580450	FUN_00580450	lib_fn_580450
5804f0	FUN_005804f0	lib_fn_5804f0
580a70	FUN_00580a70	sqlite3_fn_580a70
580ac0	FUN_00580ac0	sqlite3_fn_580ac0
580b00	FUN_00580b00	sqlite3_fn_580b00
580c40	FUN_00580c40	sqlite3_fn_580c40
580cd0	FUN_00580cd0	sqlite3_fn_580cd0
5830c0	FUN_005830c0	sqlite3_PagerTruncateFile
583190	FUN_00583190	lib_fn_583190
583bf0	FUN_00583bf0	lib_fn_583bf0
583cb0	FUN_00583cb0	IntMap_SetScalar
583cd0	FUN_00583cd0	std_string_AssignRange
583da0	FUN_00583da0	lib_fn_583da0
583e80	FUN_00583e80	lib_fn_583e80
584240	FUN_00584240	lib_fn_584240
5842d0	FUN_005842d0	Vector_ConstructResize
584eb0	FUN_00584eb0	lib_fn_584eb0
584fb0	FUN_00584fb0	lib_fn_584fb0
5856b0	FUN_005856b0	lib_fn_5856b0
585760	FUN_00585760	Vector_Reallocate
5857d0	FUN_005857d0	Vector_Reserve
585840	FUN_00585840	lib_fn_585840
585870	FUN_00585870	lib_fn_585870
585880	FUN_00585880	lib_fn_585880
5859f0	FUN_005859f0	lib_fn_5859f0
585af0	FUN_00585af0	lib_fn_585af0
585ef0	FUN_00585ef0	lib_fn_585ef0
585fa0	FUN_00585fa0	lib_fn_585fa0
586090	FUN_00586090	lib_fn_586090
5861b0	FUN_005861b0	lib_fn_5861b0
586250	FUN_00586250	lib_fn_586250
586340	FUN_00586340	lib_fn_586340
5864c0	FUN_005864c0	lib_fn_5864c0
5865b0	FUN_005865b0	lib_fn_5865b0
5866a0	FUN_005866a0	lib_fn_5866a0
586730	FUN_00586730	lib_fn_586730
586780	FUN_00586780	lib_fn_586780
5868a0	FUN_005868a0	lib_fn_5868a0
586980	FUN_00586980	lib_fn_586980
586a80	FUN_00586a80	lib_fn_586a80
586b90	FUN_00586b90	lib_fn_586b90
586bb0	FUN_00586bb0	lib_fn_586bb0
586bc0	FUN_00586bc0	lib_fn_586bc0
586be0	FUN_00586be0	lib_fn_586be0
586c00	FUN_00586c00	lib_fn_586c00
586c20	FUN_00586c20	lib_fn_586c20
586c40	FUN_00586c40	lib_fn_586c40
586c60	FUN_00586c60	lib_fn_586c60
586c80	FUN_00586c80	lib_fn_586c80
586ca0	FUN_00586ca0	lib_fn_586ca0
586cd0	FUN_00586cd0	lib_fn_586cd0
586ce0	FUN_00586ce0	lib_fn_586ce0
586d70	FUN_00586d70	lib_fn_586d70
586e00	FUN_00586e00	lib_fn_586e00
587020	FUN_00587020	lib_fn_587020
587070	FUN_00587070	lib_fn_587070
5870c0	FUN_005870c0	Vector_Resize
587140	FUN_00587140	lib_fn_587140
587160	FUN_00587160	lib_fn_587160
587180	FUN_00587180	lib_fn_587180
5871f0	FUN_005871f0	lib_fn_5871f0
587290	FUN_00587290	lib_fn_587290
587350	FUN_00587350	lib_fn_587350
587f30	FUN_00587f30	Vec3_IntToFloat
588250	FUN_00588250	GameController_MatchInputBinding
58c440	FUN_0058c440	Matrix4_Invert
58ce20	FUN_0058ce20	GameController_ClearSelection
58ce40	FUN_0058ce40	GameController_ToggleSelection
58ce60	FUN_0058ce60	WalkPath_CopyNodes
58ceb0	FUN_0058ceb0	WalkPath_CopyConstructVector
58cfe0	FUN_0058cfe0	Vector_AllocCapacity18
58d6c0	FUN_0058d6c0	Vec2_DoubleToInt
58d6f0	FUN_0058d6f0	Pair_CopyFromRefs
58d710	FUN_0058d710	Pair_Copy2
58d7a0	FUN_0058d7a0	WString_Concat
58d860	FUN_0058d860	Map_InsertVec6
58d8b0	FUN_0058d8b0	MapNode_CreateXY
58d8f0	FUN_0058d8f0	MapNode_CreateA
58d930	FUN_0058d930	MapNode_CreateB
58d970	FUN_0058d970	Zone_DestroyObjectRange
58d9f0	FUN_0058d9f0	RBTree_InsertRebalance
58dc20	FUN_0058dc20	RBTree_InsertRebalanceB
58de50	FUN_0058de50	RBTree_InsertRebalanceC
58e080	FUN_0058e080	RBTree_InsertHintXY
58e2d0	FUN_0058e2d0	RBTree_InsertHintKeyed
58e4c0	FUN_0058e4c0	RBTree_InsertUniqueXY
58e640	FUN_0058e640	RBTree_InsertUniqueKeyed
58e7d0	FUN_0058e7d0	RBTree_LowerBoundInsertUint
58e8e0	FUN_0058e8e0	Array_CopyStructs188
58e990	FUN_0058e990	lib_fn_58e990
58e9e0	FUN_0058e9e0	Identity_ReturnArg
58e9f0	FUN_0058e9f0	Struct_InitScaleDefaults
58ea10	FUN_0058ea10	Entity_CopyState
58eaa0	FUN_0058eaa0	Struct_InitDefaults
593df0	FUN_00593df0	lib_fn_593df0
593e50	FUN_00593e50	std_string_FreeMember
593e80	FUN_00593e80	Member_Destroy
5943b0	FUN_005943b0	World_MapInsertChunk
5944c0	FUN_005944c0	World_MapInsertKeyed
5945b0	FUN_005945b0	lib_fn_5945b0
5945d0	FUN_005945d0	Vec3_Add
594600	FUN_00594600	Array_ElementPtr12
594620	FUN_00594620	Float_FromRef
594660	FUN_00594660	Vec2_Less
594690	FUN_00594690	Vec2_LessEqual
5946f0	FUN_005946f0	Map_AllocSentinelNode
594720	FUN_00594720	MapNode_Alloc30
594760	FUN_00594760	lib_fn_594760
5947a0	FUN_005947a0	lib_fn_5947a0
5947e0	FUN_005947e0	lib_fn_5947e0
594840	FUN_00594840	std_vector_Calculate_growth_594840
594890	FUN_00594890	std_Tree_lower_bound_xy
5948d0	FUN_005948d0	std_vector_Reallocate_grow_11c
5949d0	FUN_005949d0	std_vector_Reallocate_grow_188
594ad0	FUN_00594ad0	std_vector_Emplace_reallocate_11c
594b40	FUN_00594b40	std_vector_Reserve_grow_188
594bf0	FUN_00594bf0	lib_fn_594bf0
5957c0	FUN_005957c0	CombatBehavior_pushHitEntry
595850	FUN_00595850	lib_fn_595850
595a60	FUN_00595a60	CombatBehavior_applyMeleeHit
596ca0	FUN_00596ca0	CombatBehavior_isHostileTo
596d30	FUN_00596d30	CombatBehavior_spawnProjectileHit
598840	FUN_00598840	World_findObjectById
5988a0	FUN_005988a0	World_areEntitiesHostile
598930	FUN_00598930	VoxelChunk_cellAt
5989d0	FUN_005989d0	Terrain_sampleHeightAtWorldXY
59a0e0	FUN_0059a0e0	VoxelChunk_propagateSunlight
59a800	FUN_0059a800	CombatBehavior_spawnHitParticles
59a9b0	FUN_0059a9b0	Terrain_blockTypeAtTime
59aa60	FUN_0059aa60	World_getObjectName
59aaf0	FUN_0059aaf0	VoxelColumn_at
59aba0	FUN_0059aba0	Terrain_fillCuboid
59aeb0	FUN_0059aeb0	Terrain_spawnFallingBlock
59b180	FUN_0059b180	Creature_spawnDeathEffects
59c480	FUN_0059c480	World_enterCriticalSection
59c490	FUN_0059c490	lib_fn_59c490
59c550	FUN_0059c550	stl_fn_59c550
59c800	FUN_0059c800	std_list_eraseNode_148
59c840	FUN_0059c840	std_vector_eraseShift_c
59c890	FUN_0059c890	Terrain_paintDisk
59cbf0	FUN_0059cbf0	Terrain_paintSphere
59cff0	FUN_0059cff0	GameController_playItemActionSound
59d640	FUN_0059d640	Terrain_computeBiomeColor
59ed30	FUN_0059ed30	RandomInteractionBehavior_pickObjectAt
59ee90	FUN_0059ee90	Entity_stepToward
59f070	FUN_0059f070	Terrain_getBlockPacked
59f0a0	FUN_0059f0a0	WalkPathBehavior_isAreaWalkable
59f850	FUN_0059f850	WalkPathBehavior_sampleStepCollision
59fb90	FUN_0059fb90	World_getChunkEntity
59fc90	FUN_0059fc90	Terrain_sampleHeightNoise
59fe70	FUN_0059fe70	Terrain_sampleBlockAt_fwd
59fea0	FUN_0059fea0	Terrain_sampleBlockBrightness
59ff50	FUN_0059ff50	getField14
5a03d0	FUN_005a03d0	World_findNearestSpawnPoint
5a0910	FUN_005a0910	resolveVectorElementByHandle
5a0970	FUN_005a0970	CombatController_acquireNearbyTargets
5a0bf0	FUN_005a0bf0	GameController_updateHeldObjectOnMove
5a0d80	FUN_005a0d80	std_vector_pushBack_0x11c
5a0e00	FUN_005a0e00	std_vector_pushBack_0x188
5a0ed0	FUN_005a0ed0	NameGen_initFirstNameTables
5a35d0	FUN_005a35d0	World_raycastVoxels
5a4780	FUN_005a4780	WorldGrid_freeCellPtr
5a4800	FUN_005a4800	WorldGrid_destroyCellObject
5a4890	FUN_005a4890	WorldGrid_destroyBlockObjectAt
5a4980	FUN_005a4980	lib_fn_5a4980
5a5240	FUN_005a5240	WorldMap_lookupTileValue
5a58e0	FUN_005a58e0	Entity_onStateChangeEmitEffect
5a5a10	FUN_005a5a10	Structure_getWidthByRotation
5a5a30	FUN_005a5a30	Structure_getHeightByRotation
5a5a50	FUN_005a5a50	getField_0x6c
5a5a60	FUN_005a5a60	lib_fn_5a5a60
5a5af0	FUN_005a5af0	lib_fn_5a5af0
5a5b10	FUN_005a5b10	vec2_lengthSquared
5a5b40	FUN_005a5b40	transformCoordsByRotation
5a5bc0	FUN_005a5bc0	terrainNoiseDensityAt
5a5cb0	FUN_005a5cb0	collectSolidBlocksInBox
5a5f60	FUN_005a5f60	lib_fn_5a5f60
5a6270	FUN_005a6270	randomizeVec3
5a64b0	FUN_005a64b0	WorldMap_lookupTileValue2
5a6550	FUN_005a6550	NameGen_generateRegionName
5a6a00	FUN_005a6a00	moveConstruct9Field
5a6a70	FUN_005a6a70	vec3ToFixed64
5a6ab0	FUN_005a6ab0	rbTree_cloneNode
5a6b60	FUN_005a6b60	allocObjectWithVec3
5a6ba0	FUN_005a6ba0	rbTree_cloneNodeVariant
5a6c30	FUN_005a6c30	allocNodeMovePayload
5a6c60	FUN_005a6c60	rbTree_copyAssign
5a6ce0	FUN_005a6ce0	rbTree_copyRecursive
5a6da0	FUN_005a6da0	rbTree_copyRecursiveVariant
5a6e60	FUN_005a6e60	rbTree_insertFixup
5a7090	FUN_005a7090	rbTree_insertFixup_setKey
5a7290	FUN_005a7290	map_insertUniqueWithHint
5a7520	FUN_005a7520	map_findInsertPos
5a7700	FUN_005a7700	map_insertUnique_5a7700
5a78a0	FUN_005a78a0	lexicographicalLess
5a7900	FUN_005a7900	map_copyRange
5a7990	FUN_005a7990	std_vector_copyConstruct
5a7a40	FUN_005a7a40	initStruct6Fields
5a7a70	FUN_005a7a70	PathNodeMap_insertOrUpdate
5a7b50	FUN_005a7b50	AStar_coordExceedsBound
5a7b90	FUN_005a7b90	PathNode_allocFromKey
5a7bd0	FUN_005a7bd0	lib_fn_5a7bd0
5a7c10	FUN_005a7c10	std_Tree_lowerBound_vecKey
5a7c90	FUN_005a7c90	Pathfinding_reconstructPath
5a7e60	FUN_005a7e60	std_Tree_lowerBound_u32
5a7eb0	FUN_005a7eb0	Creature_findPathToTarget
5a9ca0	FUN_005a9ca0	PathMap_probeClosedSet
5a9d40	FUN_005a9d40	AStar_octileHeuristic
5a9da0	FUN_005a9da0	PathMap_findInOpenSet
5a9e50	FUN_005a9e50	AStar_pushOpenNode
5a9f90	FUN_005a9f90	Creature_expandNeighbors
5aaab0	FUN_005aaab0	Creature_runPathfindingLoop
5ad320	FUN_005ad320	Region_scatterProps
5adde0	FUN_005adde0	vec4_floatToInt
5ade10	FUN_005ade10	std_uninitializedCopy_T24
5ade60	FUN_005ade60	std_vector_reallocate
5adf50	FUN_005adf50	std_vector_reserveGrow
5ae000	FUN_005ae000	fixedPointToInt_xy
5ae040	FUN_005ae040	std_AdjustHeap_siftDown
5ae0d0	FUN_005ae0d0	std_destroyRange_T24
5ae140	FUN_005ae140	std_InsertionSort_byKey
5ae240	FUN_005ae240	std_MakeHeap_byKey
5ae310	FUN_005ae310	std_Med3_byKey
5ae3c0	FUN_005ae3c0	std_MedianGuess
5ae460	FUN_005ae460	std_uninitializedCopy_T28
5ae4a0	FUN_005ae4a0	std_PushHeap_byIndex
5ae540	FUN_005ae540	std_introSort
5ae630	FUN_005ae630	std_SortHeap
5ae690	FUN_005ae690	std_PartitionByMedian
5ae8c0	FUN_005ae8c0	std_uninitializedCopy_T12
5ae900	FUN_005ae900	initZero_T28
5ae950	FUN_005ae950	std_uninitializedCopy_T28_guarded
5ae9a0	FUN_005ae9a0	std_uninitializedCopy_T32
5ae9f0	FUN_005ae9f0	lib_fn_5ae9f0
5aea50	FUN_005aea50	setVec4_5aea50
5aea70	FUN_005aea70	std_vector_initEmpty
5aea90	FUN_005aea90	std_vector_assignCopy
5aec90	FUN_005aec90	structConstruct7Dword
5aecd0	FUN_005aecd0	std_vector_destructor
5aedf0	FUN_005aedf0	std_vector_elementAt
5aee40	FUN_005aee40	std_vector_Calculate_growth_5aee40
5aee90	FUN_005aee90	std_vector_Reallocate_grow
5aef90	FUN_005aef90	std_vector_Reallocate_grow_5aef90
5af070	FUN_005af070	std_vector_Reserve_grow_5af070
5af0e0	FUN_005af0e0	std_vector_Reserve_grow_5af0e0
5af160	FUN_005af160	std_vector_Last_minus_one
5af170	FUN_005af170	Chunk_generateObjects
5bf470	FUN_005bf470	std_vector_push_back
5bf4f0	FUN_005bf4f0	std_vector_push_back_5bf4f0
5bf5b0	FUN_005bf5b0	spawnRandomObject7
5bf7c0	FUN_005bf7c0	spawnRandomObjectPositioned
5bfd70	FUN_005bfd70	spawnRandomObject4
5bff10	FUN_005bff10	spawnRandomObject3
5bffd0	FUN_005bffd0	std_vector_resize_5bffd0
5c0100	FUN_005c0100	std_vector_size_5c0100
5c0120	FUN_005c0120	packWorldCoord64
5c0150	FUN_005c0150	copyByteTripleToInts
5c0210	FUN_005c0210	heap_sift_down_int
5c0350	FUN_005c0350	heap_sift_down_float
5c03f0	FUN_005c03f0	ChunkBuffer_loadAndNotify
5c0420	FUN_005c0420	rbtree_insert_rebalance_3key
5c0630	FUN_005c0630	rbtree_insert_hint_2key
5c0880	FUN_005c0880	rbtree_insert_hint_3key
5c0b10	FUN_005c0b10	rbtree_lower_bound_insert_2key
5c0c70	FUN_005c0c70	rbtree_lower_bound_insert_3key
5c0ef0	FUN_005c0ef0	insertion_sort_int
5c1060	FUN_005c1060	insertion_sort_float
5c1260	FUN_005c1260	make_heap_int
5c14e0	FUN_005c14e0	make_heap_float
5c1600	FUN_005c1600	median_of_3_int
5c1690	FUN_005c1690	median_of_3_float
5c1ab0	FUN_005c1ab0	guess_median_int
5c1ef0	FUN_005c1ef0	guess_median_float
5c1fa0	FUN_005c1fa0	uninitialized_copy_280
5c20f0	FUN_005c20f0	push_heap_int
5c21f0	FUN_005c21f0	push_heap_float
5c23b0	FUN_005c23b0	introsort_int
5c2630	FUN_005c2630	introsort_float
5c2830	FUN_005c2830	sort_heap_int
5c29a0	FUN_005c29a0	sort_heap_float
5c2da0	FUN_005c2da0	std_sort_unguarded_partition_vec3i
5c3360	FUN_005c3360	std_sort_unguarded_partition_vec3f
5c36a0	FUN_005c36a0	std_uninitialized_copy_stride0x140
5c36e0	FUN_005c36e0	std_uninitialized_copy_stride0x18_eh
5c3790	FUN_005c3790	std_uninitialized_copy_vec3i
5c3820	FUN_005c3820	copy2_helper
5c3840	FUN_005c3840	copy3_helper
5c3860	FUN_005c3860	init_call_46d4b0
5c3880	FUN_005c3880	init_call_65ae80
5c38a0	FUN_005c38a0	set4
5c3950	FUN_005c3950	copyctor_obj0x140
5c39e0	FUN_005c39e0	ctor_obj0x140
5c3a90	FUN_005c3a90	ctor_zero6i
5c3b70	FUN_005c3b70	ctor_from_two_vec3
5c3bb0	FUN_005c3bb0	Region_ctor
5c3c70	FUN_005c3c70	dtor_free_two_buffers
5c3d60	FUN_005c3d60	GameController_chunkMap2i_at
5c3de0	FUN_005c3de0	map3i_at
5c3e80	FUN_005c3e80	array24_at
5c3ea0	FUN_005c3ea0	rbtree_iterator_increment
5c3ef0	FUN_005c3ef0	uint128_sub
5c3f30	FUN_005c3f30	vec3i_greater_pred
5c3fe0	FUN_005c3fe0	rbtree_lower_bound_vec3i
5c4040	FUN_005c4040	std_vector_reallocate_stride0x140
5c4130	FUN_005c4130	std_vector_reallocate_stride0x18
5c4320	FUN_005c4320	std_vector_reserve_grow_stride0x140
5c43d0	FUN_005c43d0	std_vector_reserve_grow_stride0x18
5c4520	FUN_005c4520	terrain_biomeColorFromNoise
5c46f0	FUN_005c46f0	voxelVolume_at
5c4770	FUN_005c4770	clampRGB
5c4800	FUN_005c4800	GameController_sampleTemperatureGrid
5c4dd0	FUN_005c4dd0	GameController_sampleHumidityGrid
5c52a0	FUN_005c52a0	dungeon_splitRegion_recursive
5c56e0	FUN_005c56e0	terrain_surfaceColor_blend
5c5e20	FUN_005c5e20	terrain_generateColumnColor
5c7140	FUN_005c7140	terrain_rockColor_blend
5c7730	FUN_005c7730	creature_initBehaviorByType
5c8310	FUN_005c8310	getTemperatureAt
5c8350	FUN_005c8350	getHumidityAt
5c8390	FUN_005c8390	loot_generateItemTable
5c9b30	FUN_005c9b30	World_generateMonsterSpawnList
5c9f90	FUN_005c9f90	World_applyDropTableToEntities
5ca0a0	FUN_005ca0a0	World_generateNpcSpawnList
5cade0	FUN_005cade0	World_findNearestObjectAtLevel
5cb0d0	FUN_005cb0d0	World_findNearestObjectRegion2
5cb3b0	FUN_005cb3b0	World_computeStructurePlacement
5cb550	FUN_005cb550	World_fillVoxelBox
5cb600	FUN_005cb600	World_carveTerrainFeatureA
5cbe00	FUN_005cbe00	World_carveTerrainFeatureB
5cc510	FUN_005cc510	World_populateRegionDecorations
5d6040	FUN_005d6040	World_buildStructureMesh
5d7f60	FUN_005d7f60	World_generateFoliageBlob
5d8750	FUN_005d8750	World_generateVegetationCluster
5d9460	FUN_005d9460	World_generateTreeRecursive
5d9ad0	FUN_005d9ad0	World_generateTreeRoot
5dc6e0	FUN_005dc6e0	World_buildPropInstance
5df600	FUN_005df600	World_fillVoxelColumnTyped
5df960	FUN_005df960	World_generateWaterOrPathFeature
5e4850	FUN_005e4850	WorldInfo_generateBiomeContent
5ee0f0	FUN_005ee0f0	World_resolveStructureFootprint
5ee4b0	FUN_005ee4b0	assign_two_dwords
5ee540	FUN_005ee540	World_getColumnDataAt
5ee7a0	FUN_005ee7a0	World_appendMeshBatch
5eea40	FUN_005eea40	get_bool_flag
5eea60	FUN_005eea60	World_findNearestObject
5eeee0	FUN_005eeee0	fixedpoint_vec_subtract
5eefa0	FUN_005eefa0	World_getColumnDataAt2
5ef040	FUN_005ef040	World_getRegionCellPtr
5ef5a0	FUN_005ef5a0	vec3_dot_or_distance
5ef6d0	FUN_005ef6d0	World_copyCellRecord
5ef8f0	FUN_005ef8f0	vector_assign_range
5efdb0	FUN_005efdb0	noise2d_sample
5effa0	FUN_005effa0	World_placeObjectWithSpacing
5f0720	FUN_005f0720	World_getRegionCellPtr2
5f0c80	FUN_005f0c80	get_zero_or_stub
5f0ce0	FUN_005f0ce0	WorldInfo_placeStructure
5f4b50	FUN_005f4b50	WorldInfo_mapInsertEntry
5f4ba0	FUN_005f4ba0	WorldInfo_lookupCell
5f4c30	FUN_005f4c30	World_getOrCreateEntry
5f4da0	FUN_005f4da0	World_scaleFixedByLevel
5f51e0	FUN_005f51e0	GameController_buildDecalMesh
5f56c0	FUN_005f56c0	WorldInfo_scatterObjectsInArea
5f6d50	FUN_005f6d50	World_emitDecalOrParticle
5f6e20	FUN_005f6e20	World_serializeCellData
5f7400	FUN_005f7400	dtor_geometryBuffer
5f77b0	FUN_005f77b0	init_struct_memset
5f7820	FUN_005f7820	dtor_listBuffer
5f79e0	FUN_005f79e0	init_struct_memset2
5f7a60	FUN_005f7a60	World_buildParticleBatch
5f8530	FUN_005f8530	WorldInfo_vectorElementAt
5f8590	FUN_005f8590	WorldInfo_vectorAppend
5f8750	FUN_005f8750	Item_generateStats
5f8960	FUN_005f8960	vector_insert_element
5f8ad0	FUN_005f8ad0	GameController_buildDecalMesh2
5f8e10	FUN_005f8e10	vec3_distanceSquared
5f9340	FUN_005f9340	WorldInfo_sampleTerrainHeight
5f9620	FUN_005f9620	vec3_store4
5f9bc0	FUN_005f9bc0	vec3_computeNoiseOffset
5f9e10	FUN_005f9e10	get_const_dword_a
5f9e30	FUN_005f9e30	get_const_dword_b
5f9e50	FUN_005f9e50	vec2_store
5f9f70	FUN_005f9f70	WorldInfo_rotateAndPlace
5fa170	FUN_005fa170	vec3_store4_b
5fa3c0	FUN_005fa3c0	swap_two_int_ptrs
5fa440	FUN_005fa440	copy_two_int_ptrs
5fa4c0	FUN_005fa4c0	GameController_entityDistanceSq
5fa500	FUN_005fa500	octree_leafOp
5fa5b0	FUN_005fa5b0	octree_nodeVisitA
5fa650	FUN_005fa650	octree_nodeVisitB
5fa750	FUN_005fa750	octree_nodeSplit
5fa9e0	FUN_005fa9e0	octree_recursiveTraverse
5faad0	FUN_005faad0	octree_applyLeaf
5fab40	FUN_005fab40	octree_applySplit
5fb860	FUN_005fb860	unwind_free_object
5fbb30	FUN_005fbb30	vector_reallocate
5fbc10	FUN_005fbc10	vector_reserveGrow
5fbed0	FUN_005fbed0	lib_fn_5fbed0
5fc160	FUN_005fc160	GameController_tryLockAndProcess
5fc1b0	FUN_005fc1b0	GameController_processNetworkTick
601cb0	FUN_00601cb0	enter_critical_section
601cc0	FUN_00601cc0	locked_pair_update
601e90	FUN_00601e90	leave_critical_section
601ea0	FUN_00601ea0	leave_critical_section_b
601eb0	FUN_00601eb0	list_pushBack_601eb0
601f00	FUN_00601f00	vector_pushWithGrow
601f80	FUN_00601f80	WorldMap_ctor
6022d0	FUN_006022d0	lib_fn_6022d0
602440	FUN_00602440	hash_or_index_compute
605950	FUN_00605950	vec3_lerp
6089c0	FUN_006089c0	copy_two_words
608a20	FUN_00608a20	map_insertVec4Node
608a60	FUN_00608a60	map_insertPairNode
608a90	FUN_00608a90	map_insertNodeSEH
608b30	FUN_00608b30	map_insertFromField
608ba0	FUN_00608ba0	tree_insertRecursive
608c20	FUN_00608c20	list_copyNode
608c80	FUN_00608c80	tree_cloneRecursive
608d40	FUN_00608d40	vec3_copy_608d40
608db0	FUN_00608db0	map_insertVec4
608e80	FUN_00608e80	tree_insertEntry
608f20	FUN_00608f20	object_release
608f40	FUN_00608f40	forward_to_678520
608f60	FUN_00608f60	tree_build
608ff0	FUN_00608ff0	tree_populate
609080	FUN_00609080	list_buildAndFree
6091a0	FUN_006091a0	get_int_stub
6091b0	FUN_006091b0	setter_stub
6091d0	FUN_006091d0	get_rng_dword
609210	FUN_00609210	buffer_allocate
609280	FUN_00609280	compute_index_pair
609320	FUN_00609320	lib_fn_609320
609400	FUN_00609400	lib_fn_609400
609480	FUN_00609480	vec_normalize_or_distance
60a9f0	FUN_0060a9f0	store_object_ref
60aa00	FUN_0060aa00	build_and_link
60aa50	FUN_0060aa50	get_int_stub_b
60aa60	FUN_0060aa60	get_byte_flag
60aa70	FUN_0060aa70	map_insertViaSub
60aac0	FUN_0060aac0	lib_fn_60aac0
60ab30	FUN_0060ab30	direction_from_angle
60c510	FUN_0060c510	GameController_updateSubsystems
622d40	FUN_00622d40	exp_decay_factor
623100	FUN_00623100	riff_findChunkInMemory
6231e0	FUN_006231e0	riff_findChunkInFile
623340	FUN_00623340	riff_readFromMemory
6233a0	FUN_006233a0	riff_readFromFile
623710	FUN_00623710	XAudio2_loadSound
623ee0	FUN_00623ee0	XAudio2_decodeStream
6240d0	FUN_006240d0	lib_fn_6240d0
624340	FUN_00624340	lib_fn_624340
624790	FUN_00624790	codec_bitreaderInit
6247f0	FUN_006247f0	codec_readBits
624900	FUN_00624900	codec_decodeCodebook
624a70	FUN_00624a70	codec_decodeResidueA
624c70	FUN_00624c70	codec_decodeFloor
624f80	FUN_00624f80	codec_decodeResidueB
625130	FUN_00625130	codec_decodePacketRecursive
6255d0	FUN_006255d0	codec_setupHelperA
625640	FUN_00625640	codec_setupHelperB
625670	FUN_00625670	codec_synthesizeWindow
625a30	FUN_00625a30	lib_fn_625a30
625a60	FUN_00625a60	XAudio2_resetDecoder
625b70	FUN_00625b70	codec_recursiveSum
625c00	FUN_00625c00	codec_decodeMapping
6260c0	FUN_006260c0	codec_decodeSetup
626740	FUN_00626740	XAudio2_decodeFrame
626a70	FUN_00626a70	codec_readHeaderFields
626ab0	FUN_00626ab0	codec_windowOverlapAdd
626de0	FUN_00626de0	XAudio2_initDecodeState
626e10	FUN_00626e10	codec_decodeInit
626f90	FUN_00626f90	codec_setupHeaders
627120	FUN_00627120	codec_decodeStreamEntry
6271b0	FUN_006271b0	XAudio2_setupDecoder
627670	FUN_00627670	lib_fn_627670
627810	FUN_00627810	lib_fn_627810
6278a0	FUN_006278a0	AdaptionWidget_clampScrollToContent
627c00	FUN_00627c00	SpeechWidget_setBounds
627cb0	FUN_00627cb0	lib_fn_627cb0
627ce0	FUN_00627ce0	security_cookie_guard_a
627d50	FUN_00627d50	security_cookie_guard_b
6290d0	FUN_006290d0	tree_eraseRecursive
629140	FUN_00629140	tree_clear
6291d0	FUN_006291d0	Widget_measure
629200	FUN_00629200	lib_fn_629200
629220	FUN_00629220	lib_fn_629220
629240	FUN_00629240	lib_fn_629240
629280	FUN_00629280	lib_fn_629280
629300	FUN_00629300	AdaptionWidget_layoutRecursive
6294c0	FUN_006294c0	GameController_updateWidgetLayout
6294d0	FUN_006294d0	Widget_computeBoundsFloat
6295a0	FUN_006295a0	AdaptionWidget_applyScrollLayout
62a650	FUN_0062a650	Widget_setScroll
62b400	FUN_0062b400	AdaptionWidget_onContentResized
62b430	FUN_0062b430	AdaptionWidget_getScrollFlag
62b510	FUN_0062b510	AdaptionWidget_getContentSize
62b920	FUN_0062b920	AdaptionWidget_setCaption
62ba50	FUN_0062ba50	Widget_measureChildrenRecursive
62baf0	FUN_0062baf0	Widget_layoutChildren
62bb20	FUN_0062bb20	Widget_layoutChildrenGuarded
62bb90	FUN_0062bb90	AdaptionWidget_measureContent
62c570	FUN_0062c570	Widget_measureContentEntry
62c5b0	FUN_0062c5b0	AdaptionWidget_computeBoundsUnion
62cfd0	FUN_0062cfd0	AdaptionWidget_accumulateChildBounds
62d7f0	FUN_0062d7f0	AdaptionWidget_computeLayoutBounds
62dc20	FUN_0062dc20	GameController_setWidgetBounds
62dcd0	FUN_0062dcd0	GameController_setWidgetBounds2
62ddc0	FUN_0062ddc0	Widget_updateCaption
62ddf0	FUN_0062ddf0	lib_fn_62ddf0
62de20	FUN_0062de20	get_widget_field
62de40	FUN_0062de40	lib_fn_62de40
62de60	FUN_0062de60	AdaptionWidget_getBoundsRect
62f2d0	FUN_0062f2d0	Widget_applyBoundsAndRefresh
62f5d0	FUN_0062f5d0	lib_fn_62f5d0
62f600	FUN_0062f600	Widget_measureGuarded
62f630	FUN_0062f630	GameController_getWidgetSize
62f660	FUN_0062f660	GameController_getWidgetSize2
62f690	FUN_0062f690	tree_nodeInsertLeaf
62f720	FUN_0062f720	get_widget_child
62f750	FUN_0062f750	tree_allocNode
62f820	FUN_0062f820	tree_findOrInsert
62f8c0	FUN_0062f8c0	tree_allocLeaf
62f8f0	FUN_0062f8f0	tree_cloneSubtree
62f9b0	FUN_0062f9b0	map_insertRebalance
62fbc0	FUN_0062fbc0	map_insertUnique_62fbc0
62fdc0	FUN_0062fdc0	map_findOrInsert
62ffb0	FUN_0062ffb0	map_lowerBoundInsert
630220	FUN_00630220	string_appendGrow
6302f0	FUN_006302f0	tree_insertPair
6303d0	FUN_006303d0	object_buildWithRefcount
630690	FUN_00630690	lib_fn_630690
6306b0	FUN_006306b0	lib_fn_6306b0
630850	FUN_00630850	tree_buildFromData
630970	FUN_00630970	get_widget_state
630a10	FUN_00630a10	object_alloc
630a40	FUN_00630a40	tree_nodeAlloc
630a80	FUN_00630a80	tree_nodeFree
630ae0	FUN_00630ae0	compute_pair_field
630b60	FUN_00630b60	tree_destroyRecursive
630be0	FUN_00630be0	Widget_setPositionFloat
631460	FUN_00631460	AdaptionWidget_rebuildLayoutRecursive
631520	FUN_00631520	lib_fn_631520
631db0	FUN_00631db0	lib_fn_631db0
632640	FUN_00632640	std_list_clear_nodes
6326a0	FUN_006326a0	Node_is_ancestor_chain
6326d0	FUN_006326d0	Node_clone_subtree
632870	FUN_00632870	Node_dtor_release_children
632910	FUN_00632910	Widget_render_subtree
633900	FUN_00633900	lib_fn_633900
6339c0	FUN_006339c0	stl_fn_6339c0
633c90	FUN_00633c90	Node_get_first_child_id
633ce0	FUN_00633ce0	std_list_erase_range_633ce0
633d70	FUN_00633d70	Node_find_child_by_name_recursive
633dd0	FUN_00633dd0	Node_collect_matching_children
633e70	FUN_00633e70	Node_project_bounds_recursive
634940	FUN_00634940	Node_get_first_material_name
634a70	FUN_00634a70	Node_transform_pair_to_screen
634dd0	FUN_00634dd0	Node_compute_screen_aabb_recursive
635550	FUN_00635550	Node_find_child_name_by_string
635700	FUN_00635700	Node_propagate_resolved_value
635760	FUN_00635760	Node_attach_transform_multiply
635fe0	FUN_00635fe0	Node_detach_or_remove_child
636040	FUN_00636040	Node_clone_subtree_v2
636190	FUN_00636190	Node_frustum_visibility_test
6364f0	FUN_006364f0	Node_any_child_active
636560	FUN_00636560	Node_hit_test_point_recursive
636810	FUN_00636810	AdaptionWidget_apply_to_attributes
636870	FUN_00636870	Node_remove_child_from_list
6368e0	FUN_006368e0	Node_set_font_slot
636950	FUN_00636950	Node_detach_from_parent
636990	FUN_00636990	Node_set_shape_slot
636a00	FUN_00636a00	Node_pick_link_by_name
636ad0	FUN_00636ad0	Node_select_glyph_by_name
636b70	FUN_00636b70	Node_set_style_slot
636be0	FUN_00636be0	Node_clear_dirty_flag_2e
636c40	FUN_00636c40	Node_clear_layout_flag_2d
636cb0	FUN_00636cb0	AdaptionWidget_relayout
636cd0	FUN_00636cd0	AdaptionWidget_layout_recursive
636db0	FUN_00636db0	std_list_insert_unique_sorted
636ef0	FUN_00636ef0	Node_set_adaption_slot
636f10	FUN_00636f10	AdaptionWidget_apply_attributes_v2
636f70	FUN_00636f70	AdaptionWidget_compute_max_content_width
637120	FUN_00637120	Node_detach_all_slots_recursive
6371b0	FUN_006371b0	AdaptionWidget_compute_local_transform
637260	FUN_00637260	AdaptionWidget_recompute_transforms_recursive
6372a0	FUN_006372a0	AdaptionWidget_full_layout_pass
6374d0	FUN_006374d0	AdaptionWidget_layout_pass_child
637850	FUN_00637850	lib_fn_637850
638610	FUN_00638610	lib_fn_638610
638b60	FUN_00638b60	lib_fn_638b60
638cf0	FUN_00638cf0	lib_fn_638cf0
638db0	FUN_00638db0	std_map_insert_hint_string
639060	FUN_00639060	lib_fn_639060
6391e0	FUN_006391e0	std_list_alloc_sentinel_0x34
639210	FUN_00639210	std_map_equal_range_string
639300	FUN_00639300	lib_fn_639300
6393e0	FUN_006393e0	Registry_foreach_node_locked
639460	FUN_00639460	lib_fn_639460
639470	FUN_00639470	lib_fn_639470
639530	FUN_00639530	stl_fn_639530
639800	FUN_00639800	FontCache_find_or_create_scalable
639a60	FUN_00639a60	lib_fn_639a60
639a70	FUN_00639a70	std_string_rfind_substr
639b30	FUN_00639b30	AdaptionWidget_draw_text_locked
639be0	FUN_00639be0	Node_make_vec3_node
639c50	FUN_00639c50	std_uninitialized_copy_pair
639c80	FUN_00639c80	std_uninitialized_copy_triple
639cc0	FUN_00639cc0	std_destroy_relocate_0xc
639cf0	FUN_00639cf0	std_vector_destroy_ptr_elems_stride3
639d30	FUN_00639d30	std_map_rb_insert_rebalance_vec2
639f40	FUN_00639f40	std_map_insert_unique_hint_uint2
63a190	FUN_0063a190	std_set_insert_unique_hint_uint
63a380	FUN_0063a380	std_map_insert_at_pos_vec2
63a4e0	FUN_0063a4e0	std_set_insert_at_pos_uint
63a600	FUN_0063a600	std_uninitialized_copy_records_0xd
63a690	FUN_0063a690	std_vector_move_assign_stride3
63a710	FUN_0063a710	std_copy_int_range
63a740	FUN_0063a740	std_uninitialized_copy_matrix
63a780	FUN_0063a780	std_uninitialized_copy_0xc_guarded
63a820	FUN_0063a820	std_uninitialized_copy_dword
63a850	FUN_0063a850	std_uninitialized_copy_2dword
63a890	FUN_0063a890	std_uninitialized_copy_4dword
63a8e0	FUN_0063a8e0	std_uninitialized_copy_records_0xd_v2
63c000	FUN_0063c000	std_vector_assign_range_stride1
63c0b0	FUN_0063c0b0	std_vector_assign_range_stride2
63c160	FUN_0063c160	std_vector_assign_range_stride4
63c680	FUN_0063c680	lib_fn_63c680
63cd20	FUN_0063cd20	lib_fn_63cd20
63ce30	FUN_0063ce30	lib_fn_63ce30
63cf40	FUN_0063cf40	lib_fn_63cf40
63d050	FUN_0063d050	lib_fn_63d050
63d170	FUN_0063d170	lib_fn_63d170
63d290	FUN_0063d290	lib_fn_63d290
63d400	FUN_0063d400	lib_fn_63d400
63d520	FUN_0063d520	std_vector_assign_range_stride0xc
63d730	FUN_0063d730	std_map_subscript
63d7c0	FUN_0063d7c0	Vector2u_greater_comparator
63d850	FUN_0063d850	lib_fn_63d850
63d8c0	FUN_0063d8c0	std_vector_allocate_stride0x10
63d930	FUN_0063d930	lib_fn_63d930
63d960	FUN_0063d960	lib_fn_63d960
63d990	FUN_0063d990	lib_fn_63d990
63da20	FUN_0063da20	std_vector_grow_realloc_stride4
63daa0	FUN_0063daa0	std_vector_grow_realloc_stride0x34
63db90	FUN_0063db90	std_vector_grow_realloc_stride0xc
63dc90	FUN_0063dc90	std_vector_reserve_stride4
63dd10	FUN_0063dd10	std_vector_reserve_stride0x34
63ddc0	FUN_0063ddc0	std_vector_reserve_stride0xc
63fe80	FUN_0063fe80	std_allocator_allocate_stride0xc
63fec0	FUN_0063fec0	SmoothMeshShape_rebuild_buffers
641180	FUN_00641180	StaticMeshShape_build_from_buffers
6413b0	FUN_006413b0	std_vector_erase_range_stride0xc
642610	FUN_00642610	std_vector_insert_one_stride0xc
642700	FUN_00642700	lib_fn_642700
642770	FUN_00642770	lib_fn_642770
6427e0	FUN_006427e0	lib_fn_6427e0
6428a0	FUN_006428a0	std_vector_default_construct_range4
6428f0	FUN_006428f0	std_vector_resize_stride0x34
642a20	FUN_00642a20	CharacterStyleWidget_rebuild_mesh
642a50	FUN_00642a50	CharacterStyleWidget_set_lod_level
642ab0	FUN_00642ab0	std_vector_size_stride0xc
64ac00	FUN_0064ac00	GameController_update_render_targets
64aec0	FUN_0064aec0	WorldInfo_move_string
64af30	FUN_0064af30	NamedValue_move_two_strings
64b000	FUN_0064b000	NamedValue_move_construct_pair
64b0d0	FUN_0064b0d0	lib_fn_64b0d0
64b2e0	FUN_0064b2e0	lib_fn_64b2e0
64b3d0	FUN_0064b3d0	std_list_make_node_copy_pair
64b460	FUN_0064b460	lib_fn_64b460
64b490	FUN_0064b490	std_list_make_node_worldinfo
64b4c0	FUN_0064b4c0	std_list_make_node_copy_pair_v2
64b4f0	FUN_0064b4f0	std_move_backward_stride4
64b540	FUN_0064b540	std_map_rb_insert_rebalance_int
64b770	FUN_0064b770	stl_fn_64b770
64b970	FUN_0064b970	std_map_insert_unique_hint_int
64bba0	FUN_0064bba0	std_map_insert_at_pos_int
64bce0	FUN_0064bce0	lib_fn_64bce0
64bdf0	FUN_0064bdf0	std_transform_toupper_u16
64be40	FUN_0064be40	std_uninitialized_fill_n_stride4
64be80	FUN_0064be80	std_uninitialized_fill_stride4
64bec0	FUN_0064bec0	NamedValue_assign_pair_free
64bf40	FUN_0064bf40	Attribute_deserialize_int_keyframes
64c150	FUN_0064c150	Attribute_deserialize_keyframes_v2
64c360	FUN_0064c360	Attribute_deserialize_keyframes_v3
64c570	FUN_0064c570	Attribute_deserialize_matrix_keyframes
64c710	FUN_0064c710	Attribute_deserialize_double_keyframes
64c8a0	FUN_0064c8a0	Attribute_deserialize_vec3_keyframes
64ca40	FUN_0064ca40	Attribute_deserialize_vec4_keyframes
64cbe0	FUN_0064cbe0	Attribute_deserialize_scalar_keyframes
64cd70	FUN_0064cd70	istream_read_u32
64d0c0	FUN_0064d0c0	std_vector_init_fill
64d770	FUN_0064d770	WorldInfo_copy_record
64d810	FUN_0064d810	lib_fn_64d810
64dd20	FUN_0064dd20	lib_fn_64dd20
64dd90	FUN_0064dd90	NamedValue_dtor_free_strings
64de80	FUN_0064de80	Node_dtor_free_vectors
64dfb0	FUN_0064dfb0	std_map_ensure_key
64e0f0	FUN_0064e0f0	std_map_ensure_key_v2
64e310	FUN_0064e310	std_vector_allocate
64e370	FUN_0064e370	std_list_alloc_sentinel_0x2c
64e3d0	FUN_0064e3d0	std_list_alloc_sentinel_0x44
64e410	FUN_0064e410	lib_fn_64e410
64e450	FUN_0064e450	std_vector_assign_fill
64e490	FUN_0064e490	lib_fn_64e490
64e520	FUN_0064e520	std_vector_insert_n_stride0x10
64e790	FUN_0064e790	Widget_set_flag_bit8_0x128
64e7b0	FUN_0064e7b0	Widget_set_flag_bit4_0x128
64e7d0	FUN_0064e7d0	Registry_push_node_locked_0x8c
64e850	FUN_0064e850	lib_fn_64e850
64e8f0	FUN_0064e8f0	lib_fn_64e8f0
64e9b0	FUN_0064e9b0	lib_fn_64e9b0
64eae0	FUN_0064eae0	Registry_push_node_locked_0x94
64eb60	FUN_0064eb60	Registry_push_node_locked_0x08
64ebd0	FUN_0064ebd0	Registry_push_node_locked_0x74
64ec40	FUN_0064ec40	lib_fn_64ec40
64ecc0	FUN_0064ecc0	Registry_push_node_locked_0x84
64ed40	FUN_0064ed40	Registry_push_node_locked_0x7c
64edb0	FUN_0064edb0	Widget_ensure_frame_subwidget
64ef70	FUN_0064ef70	Node_traverse_invoke_callback
64efe0	FUN_0064efe0	Widget_set_flags_word
64eff0	FUN_0064eff0	Widget_fit_content_and_set
64f080	FUN_0064f080	Button_new_instance
64f100	FUN_0064f100	lib_fn_64f100
64f180	FUN_0064f180	DiscreteAttributeInt_new_instance
64f200	FUN_0064f200	Edit_new_instance
64f280	FUN_0064f280	GenericShape_new_instance
64f300	FUN_0064f300	ListWidget_new_instance
64f380	FUN_0064f380	lib_fn_64f380
64f400	FUN_0064f400	NamedObject_find_or_create
64f4e0	FUN_0064f4e0	NamedObject_create_with_defaults
64fd30	FUN_0064fd30	lib_fn_64fd30
64fda0	FUN_0064fda0	lib_fn_64fda0
6500d0	FUN_006500d0	PopUpButton_new_instance
650160	FUN_00650160	ScrollButton_new_instance
6501e0	FUN_006501e0	ScrollSlider_new_instance
650260	FUN_00650260	SmoothMeshShape_new_instance
6502e0	FUN_006502e0	TextShape_new_instance
650360	FUN_00650360	ContinuousAttributeVec3_new_instance
6503e0	FUN_006503e0	NamedObject_new_instance_0x160
650460	FUN_00650460	FontNode_unregister_and_release
6504c0	FUN_006504c0	Object_release_if_nonnull
6504e0	FUN_006504e0	Node_destroy_and_unregister
6507c0	FUN_006507c0	ShapeNode_unregister_and_release
650810	FUN_00650810	Node_unregister_notify_release
650890	FUN_00650890	StyleNode_unregister_and_release
6508f0	FUN_006508f0	Widget_unregister_and_release
650980	FUN_00650980	Widget_render_pass
6509f0	FUN_006509f0	Widget_pop_render_layer
650a20	FUN_00650a20	istream_read_chunk_header
650a90	FUN_00650a90	lib_fn_650a90
650ae0	FUN_00650ae0	GameController_hittest_if_no_capture
650b00	FUN_00650b00	FontCache_load_font_by_name
650e0b	FUN_00650e0b	ehepilogue_restore_cookie
6526b0	FUN_006526b0	GameController_notify_all_widgets
652710	FUN_00652710	lib_fn_652710
652730	FUN_00652730	lib_fn_652730
652790	FUN_00652790	lib_fn_652790
6527f0	FUN_006527f0	GameController_on_mouse_down
652940	FUN_00652940	GameController_on_mouse_up
652a70	FUN_00652a70	GameController_on_button2_down
652b60	FUN_00652b60	GameController_on_button2_up
652c10	FUN_00652c10	GameController_set_hover_widget
6531e0	FUN_006531e0	GameController_get_tooltip_widget
6531f0	FUN_006531f0	lib_fn_6531f0
653210	FUN_00653210	lib_fn_653210
653320	FUN_00653320	lib_fn_653320
653360	FUN_00653360	GameController_position_popup
653620	FUN_00653620	Widget_dispatch_event_callback
653680	FUN_00653680	lib_fn_653680
6536d0	FUN_006536d0	std_list_append_node_pair
653720	FUN_00653720	std_list_append_node_worldinfo
653770	FUN_00653770	GameController_load_widget_file
653ad0	FUN_00653ad0	Widget_deserialize_children_tree
654000	FUN_00654000	Button_deserialize
654240	FUN_00654240	SmoothMeshShape_deserialize
654700	FUN_00654700	Edit_deserialize
654900	FUN_00654900	GenericShape_deserialize
654df0	FUN_00654df0	ListWidget_deserialize
654ff0	FUN_00654ff0	PopUpButton_deserialize
6555d0	FUN_006555d0	GameController_deserialize_widget_tree
6570c0	FUN_006570c0	FontCache_create_font_from_path
657a00	FUN_00657a00	ScrollButton_deserialize
657c00	FUN_00657c00	ScrollButton_read_field
657ce0	FUN_00657ce0	ScrollSlider_deserialize
657ee0	FUN_00657ee0	ScrollSlider_read_field
657f80	FUN_00657f80	SmoothMeshShape_deserialize_v2
658530	FUN_00658530	istream_read_string
658630	FUN_00658630	TextShape_deserialize
658c40	FUN_00658c40	Texture_load_from_file_freeimage
658fa0	FUN_00658fa0	Texture_load_from_memory_freeimage
659320	FUN_00659320	ContinuousAttributeVec3_deserialize
659670	FUN_00659670	istream_read_wstring
659740	FUN_00659740	NamedObject_deserialize
659940	FUN_00659940	Widget_deserialize_common_field
659cf0	FUN_00659cf0	AdaptionWidget_clear_hover
659df0	FUN_00659df0	lib_fn_659df0
659e80	FUN_00659e80	istream_skipRecordByLength
659ef0	FUN_00659ef0	std_map_findValue
659f50	FUN_00659f50	std_string_assignFromString
659fb0	FUN_00659fb0	Font_advancePenX
659fe0	FUN_00659fe0	makeTextureRefWrapper
65a010	FUN_0065a010	std_map_storeGlyphAt
65a040	FUN_0065a040	std_map_insertOrAssignGuardedValue
65a0e0	FUN_0065a0e0	lib_fn_65a0e0
65a110	FUN_0065a110	std_map_createNode16
65a150	FUN_0065a150	std_map_createNodeMoveVector
65a1c0	FUN_0065a1c0	RBTree_insertNodeRebalance
65a3f0	FUN_0065a3f0	std_map_insertWithHint
65a650	FUN_0065a650	std_map_insertUnique
65a860	FUN_0065a860	std_copyRange
65a890	FUN_0065a890	Pair_constructMoveKeyString
65a8e0	FUN_0065a8e0	std_list_initSentinel
65aa90	FUN_0065aa90	lib_fn_65aa90
65aab0	FUN_0065aab0	lib_fn_65aab0
65aae0	FUN_0065aae0	lib_fn_65aae0
65ac70	FUN_0065ac70	std_map_insertOrAssignMoveVal
65ad80	FUN_0065ad80	TupleKey_less
65ae10	FUN_0065ae10	std_vector_allocateN
65ae80	FUN_0065ae80	RBTree_allocSentinelNode
65aeb0	FUN_0065aeb0	lib_fn_65aeb0
65aef0	FUN_0065aef0	std_map_equalRange3Key
65afd0	FUN_0065afd0	std_map_equalRangeVectorKey
65b180	FUN_0065b180	RBTree_destroyRecursive
65b1e0	FUN_0065b1e0	std_map_findLowerBoundVecKey
65b2a0	FUN_0065b2a0	GameController_rebuildEntityLists
65b890	FUN_0065b890	std_list_clearNodes
65b8f0	FUN_0065b8f0	GameController_clearAllEntities
65bc70	FUN_0065bc70	Font_drawTextTransformed
65c040	FUN_0065c040	Font_layoutAndDrawGlyphs
65d060	FUN_0065d060	std_map_eraseRange
65d120	FUN_0065d120	RBTree_eraseNodeRebalance
65d3d0	FUN_0065d3d0	std_map_find3KeyNode
65d440	FUN_0065d440	std_map_findVecKeyNode
65d4c0	FUN_0065d4c0	std_map_findStringKeyNode
65d530	FUN_0065d530	Font_measureTextLine
65ded0	FUN_0065ded0	Font_measureTextBlock
65e340	FUN_0065e340	Font_rasterizeGlyphBitmap
65e6b0	FUN_0065e6b0	Font_findCachedGlyph3D
65e720	FUN_0065e720	Font_measureTextScaled
65e8d0	FUN_0065e8d0	ChatWidget_measureChatText
65ea80	FUN_0065ea80	Font_rasterizeGlyph3D
65f260	FUN_0065f260	Font_loadByFileExtension
65fb80	FUN_0065fb80	Font_loadFaceFromFile
65fef0	FUN_0065fef0	Font_loadFaceFromMemory
660240	FUN_00660240	lib_fn_660240
660270	FUN_00660270	Font_setPixelSizeAndCacheGlyphs
6605c0	FUN_006605c0	TextRender_configureSize
6606f0	FUN_006606f0	TextRender_setTransform
660b60	FUN_00660b60	TextRender_computeScaledSize
660d50	FUN_00660d50	TextRender_layoutAndWrap
661260	FUN_00661260	Image_setPixelData
6612d0	FUN_006612d0	Image_reallocFromFields
6612f0	FUN_006612f0	std_map_lowerBoundInsertHint
661540	FUN_00661540	lib_fn_661540
661680	FUN_00661680	std_map_copyAssign
661830	FUN_00661830	std_map_getOrInsertByKey
661940	FUN_00661940	std_map_eraseTreeRec
6619a0	FUN_006619a0	Container_resetAndInsert
661a20	FUN_00661a20	std_map_eraseRange_661a20
661ae0	FUN_00661ae0	std_rbtree_eraseNode
661d90	FUN_00661d90	AnimMap_findValueByKey
661df0	FUN_00661df0	Anim_playTrackByName
661f80	FUN_00661f80	Anim_removeTrackReferences
6621e0	FUN_006621e0	Anim_removeEntryByKey
662300	FUN_00662300	Spline_evaluateAtTime
662690	FUN_00662690	Spline_setTimeAndEvaluate
6626b0	FUN_006626b0	Spline_resetTime
6626d0	FUN_006626d0	Spline_advanceTime
662860	FUN_00662860	Widget_layoutAspectFit
662dd0	FUN_00662dd0	lib_fn_662dd0
662e10	FUN_00662e10	lib_fn_662e10
662f00	FUN_00662f00	Widget_applyAlignmentOffset
662fb0	FUN_00662fb0	Widget_setAspectFitEnabled
662fc0	FUN_00662fc0	vector_moveConstructBackward
663000	FUN_00663000	vector_moveAssignStringRange
6630a0	FUN_006630a0	vector_fillDefaultStrings
663150	FUN_00663150	vector_destroyStringRange
663510	FUN_00663510	lib_fn_663510
6637a0	FUN_006637a0	vector_insertN
663eb0	FUN_00663eb0	Widget_destroyTailSlot
663ee0	FUN_00663ee0	vector_erase
664ba0	FUN_00664ba0	list_pushFrontNode
664bf0	FUN_00664bf0	list_sumFieldAcrossNodes
664c10	FUN_00664c10	Widget_triggerTracksByName
664c60	FUN_00664c60	Widget_updateAnimations
664cc0	FUN_00664cc0	Widget_resetAnimations
664cf0	FUN_00664cf0	Container_updateChildren
6653a0	FUN_006653a0	lib_fn_6653a0
665bd0	FUN_00665bd0	std_list_Buynode_splice
665c90	FUN_00665c90	std_Move_backward_0x40
665cc0	FUN_00665cc0	std_Move_backward_8byte
665cf0	FUN_00665cf0	std_Move_backward_0xc
665d30	FUN_00665d30	std_Rb_tree_Insert_rebalance
665f30	FUN_00665f30	std_map_Insert_hint
666080	FUN_00666080	std_Uninitialized_fill_n_0x40
6660b0	FUN_006660b0	std_Uninitialized_fill_n_8byte
6660e0	FUN_006660e0	std_Uninitialized_fill_n_0xc
666110	FUN_00666110	std_Uninitialized_copy_0xc
666150	FUN_00666150	std_Fill_0x40
666180	FUN_00666180	std_Fill_0xc
667a90	FUN_00667a90	std_map_operator_667a90
667be0	FUN_00667be0	lib_fn_667be0
667c90	FUN_00667c90	lib_fn_667c90
667dd0	FUN_00667dd0	std_map_equal_range
667e50	FUN_00667e50	std_vector_Calc_growth_0x40
667e90	FUN_00667e90	std_vector_Calc_growth_0xc
667ee0	FUN_00667ee0	std_vector_Insert_n_4byte
668110	FUN_00668110	std_vector_Insert_n_0x40
668360	FUN_00668360	std_vector_Insert_n_8byte
6685d0	FUN_006685d0	std_vector_Insert_n_0xc
668870	FUN_00668870	lib_fn_668870
668950	FUN_00668950	std_vector_Reallocate_0xc
668a40	FUN_00668a40	lib_fn_668a40
668ac0	FUN_00668ac0	lib_fn_668ac0
669250	FUN_00669250	std_vector_Move_range_0x40
6692c0	FUN_006692c0	lib_fn_6692c0
66add0	FUN_0066add0	std_vector_push_back_4byte
66ae40	FUN_0066ae40	lib_fn_66ae40
66aed0	FUN_0066aed0	std_vector_push_back_move_0xc
66b110	FUN_0066b110	std_vector_resize_4byte
66b180	FUN_0066b180	std_vector_resize_0xc
66b200	FUN_0066b200	CharacterStyleWidget_buildEdgeGraph
66cd10	FUN_0066cd10	lib_fn_66cd10
66cd20	FUN_0066cd20	lib_fn_66cd20
66cd30	FUN_0066cd30	lib_fn_66cd30
66cd40	FUN_0066cd40	lib_fn_66cd40
66cd50	FUN_0066cd50	lib_fn_66cd50
66e1b0	FUN_0066e1b0	lib_fn_66e1b0
66e970	FUN_0066e970	lib_fn_66e970
66eb80	FUN_0066eb80	lib_fn_66eb80
66ec20	FUN_0066ec20	lib_fn_66ec20
671290	FUN_00671290	lib_fn_671290
6712c0	FUN_006712c0	lib_fn_6712c0
671340	FUN_00671340	lib_fn_671340
671450	FUN_00671450	AdaptionWidget_buildMeshIndices
671750	FUN_00671750	AdaptionWidget_buildTopology
672e80	FUN_00672e80	std_vector_Reallocate_0xc_v2
672f70	FUN_00672f70	std_vector_Reserve_0xc
673010	FUN_00673010	lib_fn_673010
674690	FUN_00674690	lib_fn_674690
6747f0	FUN_006747f0	lib_fn_6747f0
674970	FUN_00674970	lib_fn_674970
674ee0	FUN_00674ee0	std_vector_push_back_0xc
674f80	FUN_00674f80	lib_fn_674f80
6751d0	FUN_006751d0	lib_fn_6751d0
675670	FUN_00675670	lib_fn_675670
6758f0	FUN_006758f0	lib_fn_6758f0
677630	FUN_00677630	std_Uninitialized_copy_0xc_v2
677660	FUN_00677660	std_Rotate_0xc
677760	FUN_00677760	std_Uninitialized_copy_0xc_v3
677790	FUN_00677790	std_vector_Copy_assign_ctor
677800	FUN_00677800	std_vector_Assign_range_0xc
677970	FUN_00677970	std_vector_assign_0xc
677990	FUN_00677990	std_vector_Erase_shift_0xc
6779e0	FUN_006779e0	std_vector_insertSortedKeyframe
677ac0	FUN_00677ac0	std_vector_destroyRange
677b00	FUN_00677b00	std_vector_uninitializedCopy
677c60	FUN_00677c60	lib_fn_677c60
677d10	FUN_00677d10	std_vector_reallocate_677d10
677e20	FUN_00677e20	std_vector_growIfNeeded
677e90	FUN_00677e90	std_vector_findOrAppendNamed
677fa0	FUN_00677fa0	std_vector_insertAt
678520	FUN_00678520	std_Tree_allocHeadSentinel
679570	FUN_00679570	lib_fn_679570
679740	FUN_00679740	lib_fn_679740
679a40	FUN_00679a40	lib_fn_679a40
67a7b0	FUN_0067a7b0	std_vector_assignRange
67aa70	FUN_0067aa70	lib_fn_67aa70
67bcc0	FUN_0067bcc0	Widget_setFieldAndClamp388
67bd00	FUN_0067bd00	Widget_setByteField380
67bd10	FUN_0067bd10	Widget_setClampedField388
67bd40	FUN_0067bd40	thunk_vector_int_assign
67d8a0	FUN_0067d8a0	lib_fn_67d8a0
67d8e0	FUN_0067d8e0	lib_fn_67d8e0
67d9e0	FUN_0067d9e0	setField240
67dbf0	FUN_0067dbf0	lib_fn_67dbf0
67dec0	FUN_0067dec0	lib_fn_67dec0
67def0	FUN_0067def0	lib_fn_67def0
67e0f0	FUN_0067e0f0	lib_fn_67e0f0
67e340	FUN_0067e340	lib_fn_67e340
67e480	FUN_0067e480	std_list_clear_67e480
67e4d0	FUN_0067e4d0	lib_fn_67e4d0
67eb10	FUN_0067eb10	std_Tree_eraseRange
67f1b0	FUN_0067f1b0	lib_fn_67f1b0
67f980	FUN_0067f980	lib_fn_67f980
67fa50	FUN_0067fa50	lib_fn_67fa50
67fa60	FUN_0067fa60	std_map_insertWithHint_67fa60
67fc90	FUN_0067fc90	std_map_insertUnique_67fc90
67fdb0	FUN_0067fdb0	uninitializedCopy_8byte
67fde0	FUN_0067fde0	ArrayAttribute_readInts
6800d0	FUN_006800d0	ArrayAttribute_readVariant2
6803c0	FUN_006803c0	ArrayAttribute_readVariant3
6806b0	FUN_006806b0	Attribute_readScalar
6808f0	FUN_006808f0	Attribute_readMatrix64
680b40	FUN_00680b40	Attribute_readVec8
680d80	FUN_00680d80	Attribute_readVec3
680fd0	FUN_00680fd0	Attribute_readVec4
681220	FUN_00681220	istream_readValue
681240	FUN_00681240	istream_readFloat
681260	FUN_00681260	std_vector_copyConstructPairs
6816c0	FUN_006816c0	SceneLoader_ctor
681820	FUN_00681820	lib_fn_681820
681840	FUN_00681840	lib_fn_681840
681890	FUN_00681890	std_map_findOrInsert
6819e0	FUN_006819e0	std_list_allocNode
681a20	FUN_00681a20	std_Tree_destroyHead
681a70	FUN_00681a70	std_vector_reallocate8byte
681af0	FUN_00681af0	std_vector_growIfNeeded8byte
681b70	FUN_00681b70	std_list_clearNodesWithStrings
681bf0	FUN_00681bf0	std_vector_pushBack8byte
681c70	FUN_00681c70	PlasmaGraphics_loadDisplay
682a80	FUN_00682a80	Attribute_readSequence
683070	FUN_00683070	Button_deserializeProperties
683270	FUN_00683270	Display_deserializeProperties
683750	FUN_00683750	deserializeWidgetOnlyObject_0064f200
683870	FUN_00683870	GenericShape_deserializeProperties
683de0	FUN_00683de0	deserializeWidgetOnlyObject_0064f300
683f00	FUN_00683f00	Node_deserializeProperties
684770	FUN_00684770	Button_deserializeProperties_0065
684970	FUN_00684970	ScrollButton_deserializeProperties
684c30	FUN_00684c30	ScrollSlider_deserializeProperties
684ef0	FUN_00684ef0	SmoothMeshShape_deserializeProperties
685b10	FUN_00685b10	TextShape_deserializeProperties
686820	FUN_00686820	Texture_deserializeProperties
686ff0	FUN_00686ff0	Transformation_deserializeProperties
687440	FUN_00687440	deserializeWidgetOnlyObject_006503e0
687560	FUN_00687560	Widget_readProperty
687ad0	FUN_00687ad0	Widget_applyBindMatrix
687b10	FUN_00687b10	hashString_FNV
687f80	FUN_00687f80	lib_fn_687f80
687fd0	FUN_00687fd0	lib_fn_687fd0
688030	FUN_00688030	StreamReaderCtx_init
6880c0	FUN_006880c0	decodeScrambledBuffer
688180	FUN_00688180	StreamReader_readTaggedBlockAppend
688220	FUN_00688220	StreamReader_readToken
688490	FUN_00688490	StreamReader_endBlockCheckPos
688510	FUN_00688510	StreamReader_readString
688610	FUN_00688610	StreamReader_readWString
6886f0	FUN_006886f0	StreamReader_skipBlock
688770	FUN_00688770	lib_fn_688770
688b20	FUN_00688b20	list_allocNode
689f30	FUN_00689f30	lib_fn_689f30
68a910	FUN_0068a910	lib_fn_68a910
68d57e	FUN_0068d57e	lib_fn_68d57e
68d593	FUN_0068d593	Fac_tidy_reg_t_dtor
68d652	FUN_0068d652	operator_new_wrapper
68d74c	FUN_0068d74c	lib_fn_68d74c
68d85f	FUN_0068d85f	eh_vector_dtor_iterator_helper
68d910	FUN_0068d910	float_to_uint64_round_guarded
68d946	FUN_0068d946	ftol2
68db1c	FUN_0068db1c	eh_vector_ctor_iterator_helper
68e489	FUN_0068e489	except_handler4
68e604	FUN_0068e604	CxxUnhandledExceptionFilter
68e83b	FUN_0068e83b	lib_fn_68e83b
68e83e	FUN_0068e83e	RTC_Initialize
68e85e	FUN_0068e85e	RTC_Initialize_2
68e87e	FUN_0068e87e	setdefaultprecision
68e950	FUN_0068e950	lib_fn_68e950
68e970	FUN_0068e970	lib_fn_68e970
68e9a0	FUN_0068e9a0	umul32to64
68ea00	FUN_0068ea00	udiv64by32_bitwise
68ea40	FUN_0068ea40	uadd64
68ea60	FUN_0068ea60	fixedMulDiv
68eb30	FUN_0068eb30	lib_fn_68eb30
68ebc0	FUN_0068ebc0	fixedMul_16_16_68ebc0
68ec40	FUN_0068ec40	fixedDiv_16_16
68ecd0	FUN_0068ecd0	lib_fn_68ecd0
68ed60	FUN_0068ed60	lib_fn_68ed60
68ee50	FUN_0068ee50	lib_fn_68ee50
68eec0	FUN_0068eec0	lib_fn_68eec0
68ef00	FUN_0068ef00	lib_fn_68ef00
68efc0	FUN_0068efc0	lib_fn_68efc0
68f020	FUN_0068f020	copyMatrix9
68f040	FUN_0068f040	lib_fn_68f040
68f090	FUN_0068f090	lib_fn_68f090
68f0a0	FUN_0068f0a0	lib_fn_68f0a0
68f0c0	FUN_0068f0c0	lib_fn_68f0c0
68f110	FUN_0068f110	freetype_fn_68f110
68f170	FUN_0068f170	lib_fn_68f170
68f190	FUN_0068f190	lib_fn_68f190
68f1b0	FUN_0068f1b0	ChatWidget_setBindTransform
68f250	FUN_0068f250	game_misc_alignLayout64
68f2f0	FUN_0068f2f0	FT_Face_FindUnicodeCharmap
68f3b0	FUN_0068f3b0	FT_Match_BitmapStrike
68f4a0	FUN_0068f4a0	lib_fn_68f4a0
68f500	FUN_0068f500	ft_recompute_scaled_metrics
68f560	FUN_0068f560	ft_select_bitmap_strike_metrics
68f5f0	FUN_0068f5f0	FT_Request_Metrics
68f810	FUN_0068f810	ft_size_reset_bitmap
68f860	FUN_0068f860	FT_Request_Size_internal
68f8f0	FUN_0068f8f0	FT_Set_Pixel_Sizes
68f990	FUN_0068f990	lib_fn_68f990
68fa30	FUN_0068fa30	FT_Get_Kerning
68fb10	FUN_0068fb10	lib_fn_68fb10
68fb90	FUN_0068fb90	FT_Get_Char_Index
68fbb0	FUN_0068fbb0	lib_fn_68fbb0
68fc00	FUN_0068fc00	FT_Get_Postscript_Name
68fc70	FUN_0068fc70	lib_fn_68fc70
68fcc0	FUN_0068fcc0	lib_fn_68fcc0
68fce0	FUN_0068fce0	ft_find_charmap_by_encoding
68fd30	FUN_0068fd30	ft_reset_active_charmap_cache
68fd80	FUN_0068fd80	FT_Get_Module_By_Name
68fdf0	FUN_0068fdf0	lib_fn_68fdf0
68fe10	FUN_0068fe10	lib_fn_68fe10
68fe70	FUN_0068fe70	lib_fn_68fe70
68ff10	FUN_0068ff10	lib_fn_68ff10
68ff90	FUN_0068ff90	lib_fn_68ff90
690340	FUN_00690340	ft_validate_outline_contours
6903a0	FUN_006903a0	lib_fn_6903a0
690430	FUN_00690430	lib_fn_690430
6904c0	FUN_006904c0	FT_Outline_Translate
690500	FUN_00690500	FT_Vector_Transform
690560	FUN_00690560	FT_Outline_Transform
6905a0	FUN_006905a0	lib_fn_6905a0
690880	FUN_00690880	ft_glyphloader_node_init
6908a0	FUN_006908a0	ft_call_done_hook
6908c0	FUN_006908c0	FT_Stream_Seek
690900	FUN_00690900	FT_Stream_Skip_checked
690930	FUN_00690930	FT_Stream_Pos
690940	FUN_00690940	FT_Stream_Read_buffer
6909c0	FUN_006909c0	lib_fn_6909c0
690a20	FUN_00690a20	lib_fn_690a20
690a40	FUN_00690a40	lib_fn_690a40
690a70	FUN_00690a70	lib_fn_690a70
690aa0	FUN_00690aa0	lib_fn_690aa0
690ae0	FUN_00690ae0	lib_fn_690ae0
690b20	FUN_00690b20	lib_fn_690b20
690b80	FUN_00690b80	FT_Stream_ReadUShort
690bf0	FUN_00690bf0	lib_fn_690bf0
690c60	FUN_00690c60	lib_fn_690c60
690cd0	FUN_00690cd0	FT_Stream_ReadULong
690d40	FUN_00690d40	lib_fn_690d40
690db0	FUN_00690db0	ft_trig_downscale
690e10	FUN_00690e10	ft_trig_prenorm
690ea0	FUN_00690ea0	ft_trig_pseudo_rotate
690f80	FUN_00690f80	ft_trig_pseudo_polarize
691030	FUN_00691030	FT_Cos
691070	FUN_00691070	FT_Sin
691090	FUN_00691090	FT_Atan2
6910d0	FUN_006910d0	FT_Vector_Length_or_Rotate
691170	FUN_00691170	lib_fn_691170
6911e0	FUN_006911e0	FT_Vector_From_Angle
691200	FUN_00691200	FT_Angle_Diff
691240	FUN_00691240	ft_mem_alloc_raw
691290	FUN_00691290	FT_Mem_Free
6912b0	FUN_006912b0	lib_fn_6912b0
691310	FUN_00691310	lib_fn_691310
691360	FUN_00691360	lib_fn_691360
691390	FUN_00691390	ft_list_find_by_data
6913b0	FUN_006913b0	FT_List_Add
6913e0	FUN_006913e0	FT_List_Remove
691410	FUN_00691410	FT_List_Up
691460	FUN_00691460	FT_List_Finalize
6914c0	FUN_006914c0	lib_fn_6914c0
691540	FUN_00691540	ft_glyphslot_free_internal
6915b0	FUN_006915b0	ft_glyphslot_done
6915d0	FUN_006915d0	ft_size_destroy
691600	FUN_00691600	ft_glyphslot_clear_bitmap
691650	FUN_00691650	lib_fn_691650
691670	FUN_00691670	ft_glyphslot_clear_fields
6916f0	FUN_006916f0	ft_size_done_inner
691760	FUN_00691760	FT_Done_Size
6917d0	FUN_006917d0	lib_fn_6917d0
691820	FUN_00691820	lib_fn_691820
691840	FUN_00691840	T1_Read_PFB_Segments
6919d0	FUN_006919d0	lib_fn_6919d0
691a90	FUN_00691a90	lib_fn_691a90
691b00	FUN_00691b00	ft_charmap_node_done
691b90	FUN_00691b90	FT_CMap_Activate
691c20	FUN_00691c20	FT_Render_Glyph_Internal
691ce0	FUN_00691ce0	FT_Render_Glyph
691d10	FUN_00691d10	FT_Bitmap_Free
691da0	FUN_00691da0	FT_Bitmap_Done
691dc0	FUN_00691dc0	lib_fn_691dc0
691ec0	FUN_00691ec0	FT_Stream_Read_current
691ee0	FUN_00691ee0	lib_fn_691ee0
691f30	FUN_00691f30	lib_fn_691f30
691fe0	FUN_00691fe0	lib_fn_691fe0
692010	FUN_00692010	lib_fn_692010
692230	FUN_00692230	FT_Mem_QAlloc_Clear
692290	FUN_00692290	FT_Mem_QRealloc
6923a0	FUN_006923a0	ft_alloc_charmap_obj
6923d0	FUN_006923d0	ft_glyphloader_add_glyph
6924b0	FUN_006924b0	ft_glyphslot_internal_init
692520	FUN_00692520	lib_fn_692520
692580	FUN_00692580	FT_New_GlyphSlot
692620	FUN_00692620	FT_Load_Glyph
692920	FUN_00692920	FT_Load_Char
692960	FUN_00692960	ft_free_charmap_array
6929b0	FUN_006929b0	ft_face_destroy_inner
692aa0	FUN_00692aa0	ft_open_face_object
692be0	FUN_00692be0	ft_new_charmap_node
692c40	FUN_00692c40	ft_open_face_from_stream
692d00	FUN_00692d00	T1_Open_Face
692de0	FUN_00692de0	T1_Build_CharString_Table
693060	FUN_00693060	sfnt_Open_TrueType_CFF
693180	FUN_00693180	FT_Remove_GlyphSlot
6931e0	FUN_006931e0	FT_New_Size
6934d0	FUN_006934d0	lib_fn_6934d0
693580	FUN_00693580	TT_Load_TTC_SubHeader
693750	FUN_00693750	lib_fn_693750
6937b0	FUN_006937b0	lib_fn_6937b0
693840	FUN_00693840	lib_fn_693840
6938e0	FUN_006938e0	lib_fn_6938e0
693940	FUN_00693940	lib_fn_693940
693a30	FUN_00693a30	lib_fn_693a30
693a60	FUN_00693a60	FT_Mem_QRenew_Clear
693bf0	FUN_00693bf0	lib_fn_693bf0
693c40	FUN_00693c40	lib_fn_693c40
693db0	FUN_00693db0	lib_fn_693db0
693e10	FUN_00693e10	lib_fn_693e10
693ed0	FUN_00693ed0	lib_fn_693ed0
694170	FUN_00694170	FT_New_BitmapGlyph_Buffers
694250	FUN_00694250	FT_BitmapGlyph_Init_wrapper
694270	FUN_00694270	TT_Load_CMap_Subtable
6946d0	FUN_006946d0	ft_open_font_format_dispatch
6947e0	FUN_006947e0	ft_probe_type1_header
6948f0	FUN_006948f0	ft_probe_font_drivers_table
6949d0	FUN_006949d0	ft_try_open_all_formats
694b00	FUN_00694b00	ft_probe_and_open_font
694b60	FUN_00694b60	FT_Open_Face
694f00	FUN_00694f00	FT_New_Memory_Face
694f50	FUN_00694f50	FT_New_Face
694fa0	FUN_00694fa0	ft_bitmapglyph_copy_from_slot
695200	FUN_00695200	ft_new_glyph_obj
695240	FUN_00695240	FT_Glyph_Transform
6952a0	FUN_006952a0	FT_Done_Glyph
6952d0	FUN_006952d0	FT_Glyph_Copy
695360	FUN_00695360	FT_Get_Glyph
695420	FUN_00695420	FT_Glyph_To_Bitmap
695620	FUN_00695620	ft_int_abs
695630	FUN_00695630	gray_conic_is_flat
695710	FUN_00695710	gray_split_cubic
6957c0	FUN_006957c0	gray_cubic_is_flat
695970	FUN_00695970	ft_outline_grow_arrays
6959f0	FUN_006959f0	ft_outline_close_contour
695ab0	FUN_00695ab0	ft_outline_line_to
695b20	FUN_00695b20	ft_outline_conic_to
695b70	FUN_00695b70	ft_outline_cubic_to
695be0	FUN_00695be0	gray_render_arc_flatten
695d60	FUN_00695d60	ft_stroke_move_to
695d90	FUN_00695d90	ft_outline_builder_init
695db0	FUN_00695db0	ft_outline_builder_reset
695dd0	FUN_00695dd0	ft_outline_builder_done
695e10	FUN_00695e10	ft_outline_count_contours
695e80	FUN_00695e80	ft_outline_merge_points
695f10	FUN_00695f10	ft_new_outline_obj
695f60	FUN_00695f60	ft_stroker_reset_two
695f80	FUN_00695f80	ft_free_outline_obj
695fc0	FUN_00695fc0	gray_arc_segment_emit
696020	FUN_00696020	gray_render_cubic_arc
6961a0	FUN_006961a0	gray_render_conic_half
696270	FUN_00696270	gray_render_conic_full
696480	FUN_00696480	gray_render_arc_dispatch
6964d0	FUN_006964d0	ft_stroke_arc_both_sides
696550	FUN_00696550	ft_stroke_conic_to
696620	FUN_00696620	ft_stroke_conic_recursive
696830	FUN_00696830	ft_stroke_cubic_recursive
696af0	FUN_00696af0	ft_stroke_move_to_record
696b20	FUN_00696b20	ft_stroke_reverse_subpath
696bf0	FUN_00696bf0	ft_stroke_end_subpath
696ce0	FUN_00696ce0	ft_outline_get_counts
696d50	FUN_00696d50	ft_stroke_export_border
696d80	FUN_00696d80	ft_stroke_export_both
696db0	FUN_00696db0	TT_Decompose_Glyph_Outline
6970b0	FUN_006970b0	FT_Glyph_Stroke
6971a0	FUN_006971a0	ft_stroker_set_params
6971d0	FUN_006971d0	lib_fn_6971d0
697270	FUN_00697270	lib_fn_697270
697310	FUN_00697310	lib_fn_697310
697350	FUN_00697350	lib_fn_697350
6973a0	FUN_006973a0	lib_fn_6973a0
697430	FUN_00697430	lib_fn_697430
697440	FUN_00697440	lib_fn_697440
697460	FUN_00697460	lib_fn_697460
697490	FUN_00697490	lib_fn_697490
697500	FUN_00697500	lib_fn_697500
697540	FUN_00697540	lib_fn_697540
6975c0	FUN_006975c0	lib_fn_6975c0
6977d0	FUN_006977d0	lib_fn_6977d0
697a40	FUN_00697a40	lib_fn_697a40
697b00	FUN_00697b00	lib_fn_697b00
697be0	FUN_00697be0	lib_fn_697be0
697ce0	FUN_00697ce0	lib_fn_697ce0
697df0	FUN_00697df0	lib_fn_697df0
697e30	FUN_00697e30	lib_fn_697e30
697ea0	FUN_00697ea0	lib_fn_697ea0
698060	FUN_00698060	lib_fn_698060
698130	FUN_00698130	lib_fn_698130
698500	FUN_00698500	lib_fn_698500
698e00	FUN_00698e00	lib_fn_698e00
698ff0	FUN_00698ff0	lib_fn_698ff0
699130	FUN_00699130	lib_fn_699130
699320	FUN_00699320	lib_fn_699320
699490	FUN_00699490	lib_fn_699490
699f90	FUN_00699f90	lib_fn_699f90
69a1e0	FUN_0069a1e0	lib_fn_69a1e0
69a730	FUN_0069a730	lib_fn_69a730
69a7f0	FUN_0069a7f0	lib_fn_69a7f0
69a860	FUN_0069a860	lib_fn_69a860
69a890	FUN_0069a890	lib_fn_69a890
69a900	FUN_0069a900	lib_fn_69a900
69a950	FUN_0069a950	lib_fn_69a950
69aac0	FUN_0069aac0	lib_fn_69aac0
69ad50	FUN_0069ad50	gray_split_conic
69adb0	FUN_0069adb0	lib_fn_69adb0
69af60	FUN_0069af60	lib_fn_69af60
69b520	FUN_0069b520	lib_fn_69b520
69bc10	FUN_0069bc10	lib_fn_69bc10
69c020	FUN_0069c020	lib_fn_69c020
69c050	FUN_0069c050	lib_fn_69c050
69c090	FUN_0069c090	lib_fn_69c090
69c230	FUN_0069c230	lib_fn_69c230
69c400	FUN_0069c400	lib_fn_69c400
69c470	FUN_0069c470	lib_fn_69c470
69c5d0	FUN_0069c5d0	lib_fn_69c5d0
69c740	FUN_0069c740	lib_fn_69c740
69c7c0	FUN_0069c7c0	lib_fn_69c7c0
69cb00	FUN_0069cb00	lib_fn_69cb00
69cb40	FUN_0069cb40	lib_fn_69cb40
69cec0	FUN_0069cec0	lib_fn_69cec0
69d190	FUN_0069d190	lib_fn_69d190
69d340	FUN_0069d340	lib_fn_69d340
69d450	FUN_0069d450	lib_fn_69d450
69d600	FUN_0069d600	lib_fn_69d600
69d750	FUN_0069d750	lib_fn_69d750
69dd70	FUN_0069dd70	lib_fn_69dd70
69e3b0	FUN_0069e3b0	lib_fn_69e3b0
69e550	FUN_0069e550	lib_fn_69e550
69f380	FUN_0069f380	lib_fn_69f380
69f450	FUN_0069f450	lib_fn_69f450
69f670	FUN_0069f670	lib_fn_69f670
69f6a0	FUN_0069f6a0	lib_fn_69f6a0
69f720	FUN_0069f720	lib_fn_69f720
69fa90	FUN_0069fa90	lib_fn_69fa90
69fb00	FUN_0069fb00	lib_fn_69fb00
69fb90	FUN_0069fb90	lib_fn_69fb90
69fdc0	FUN_0069fdc0	lib_fn_69fdc0
69ff10	FUN_0069ff10	lib_fn_69ff10
69ff50	FUN_0069ff50	lib_fn_69ff50
69ffe0	FUN_0069ffe0	lib_fn_69ffe0
6a03d0	FUN_006a03d0	lib_fn_6a03d0
6a0860	FUN_006a0860	lib_fn_6a0860
6a0890	FUN_006a0890	lib_fn_6a0890
6a0a80	FUN_006a0a80	lib_fn_6a0a80
6a0b70	FUN_006a0b70	lib_fn_6a0b70
6a0da0	FUN_006a0da0	lib_fn_6a0da0
6a0dd0	FUN_006a0dd0	lib_fn_6a0dd0
6a1010	FUN_006a1010	lib_fn_6a1010
6a1820	FUN_006a1820	lib_fn_6a1820
6a1ab0	FUN_006a1ab0	lib_fn_6a1ab0
6a1c20	FUN_006a1c20	lib_fn_6a1c20
6a1c60	FUN_006a1c60	lib_fn_6a1c60
6a1d50	FUN_006a1d50	lib_fn_6a1d50
6a1e90	FUN_006a1e90	lib_fn_6a1e90
6a2240	FUN_006a2240	lib_fn_6a2240
6a22d0	FUN_006a22d0	lib_fn_6a22d0
6a23f0	FUN_006a23f0	lib_fn_6a23f0
6a2460	FUN_006a2460	lib_fn_6a2460
6a2530	FUN_006a2530	lib_fn_6a2530
6a26f0	FUN_006a26f0	lib_fn_6a26f0
6a2820	FUN_006a2820	lib_fn_6a2820
6a2b20	FUN_006a2b20	lib_fn_6a2b20
6a2c30	FUN_006a2c30	lib_fn_6a2c30
6a2e50	FUN_006a2e50	lib_fn_6a2e50
6a2f20	FUN_006a2f20	lib_fn_6a2f20
6a30a0	FUN_006a30a0	lib_fn_6a30a0
6a31d0	FUN_006a31d0	lib_fn_6a31d0
6a3210	FUN_006a3210	lib_fn_6a3210
6a33d0	FUN_006a33d0	lib_fn_6a33d0
6a3780	FUN_006a3780	lib_fn_6a3780
6a37c0	FUN_006a37c0	lib_fn_6a37c0
6a3840	FUN_006a3840	lib_fn_6a3840
6a38b0	FUN_006a38b0	lib_fn_6a38b0
6a3910	FUN_006a3910	lib_fn_6a3910
6a3970	FUN_006a3970	lib_fn_6a3970
6a3a20	FUN_006a3a20	lib_fn_6a3a20
6a3aa0	FUN_006a3aa0	lib_fn_6a3aa0
6a3b10	FUN_006a3b10	lib_fn_6a3b10
6a3bc0	FUN_006a3bc0	lib_fn_6a3bc0
6a3c20	FUN_006a3c20	lib_fn_6a3c20
6a3cb0	FUN_006a3cb0	lib_fn_6a3cb0
6a3e30	FUN_006a3e30	lib_fn_6a3e30
6a3e80	FUN_006a3e80	lib_fn_6a3e80
6a3ff0	FUN_006a3ff0	lib_fn_6a3ff0
6a4060	FUN_006a4060	lib_fn_6a4060
6a41a0	FUN_006a41a0	lib_fn_6a41a0
6a4300	FUN_006a4300	lib_fn_6a4300
6a4490	FUN_006a4490	lib_fn_6a4490
6a47f0	FUN_006a47f0	lib_fn_6a47f0
6a4910	FUN_006a4910	lib_fn_6a4910
6a4920	FUN_006a4920	lib_fn_6a4920
6a4950	FUN_006a4950	lib_fn_6a4950
6a4970	FUN_006a4970	lib_fn_6a4970
6a4a40	FUN_006a4a40	lib_fn_6a4a40
6a4eb0	FUN_006a4eb0	lib_fn_6a4eb0
6a51d0	FUN_006a51d0	lib_fn_6a51d0
6a52f0	FUN_006a52f0	lib_fn_6a52f0
6a5420	FUN_006a5420	lib_fn_6a5420
6a5430	FUN_006a5430	lib_fn_6a5430
6a54e0	FUN_006a54e0	lib_fn_6a54e0
6a5680	FUN_006a5680	lib_fn_6a5680
6a58a0	FUN_006a58a0	lib_fn_6a58a0
6a58c0	FUN_006a58c0	lib_fn_6a58c0
6a5900	FUN_006a5900	lib_fn_6a5900
6a5950	FUN_006a5950	lib_fn_6a5950
6a5970	FUN_006a5970	lib_fn_6a5970
6a59d0	FUN_006a59d0	lib_fn_6a59d0
6a59f0	FUN_006a59f0	lib_fn_6a59f0
6a5a10	FUN_006a5a10	lib_fn_6a5a10
6a5a60	FUN_006a5a60	lib_fn_6a5a60
6a5aa0	FUN_006a5aa0	lib_fn_6a5aa0
6a5ae0	FUN_006a5ae0	lib_fn_6a5ae0
6a5b30	FUN_006a5b30	lib_fn_6a5b30
6a5b70	FUN_006a5b70	lib_fn_6a5b70
6a5c00	FUN_006a5c00	lib_fn_6a5c00
6a5c60	FUN_006a5c60	lib_fn_6a5c60
6a5d80	FUN_006a5d80	lib_fn_6a5d80
6a5de0	FUN_006a5de0	lib_fn_6a5de0
6a5e10	FUN_006a5e10	lib_fn_6a5e10
6a5e20	FUN_006a5e20	lib_fn_6a5e20
6a5e40	FUN_006a5e40	lib_fn_6a5e40
6a5e60	FUN_006a5e60	lib_fn_6a5e60
6a5e90	FUN_006a5e90	lib_fn_6a5e90
6a5f50	FUN_006a5f50	lib_fn_6a5f50
6a6000	FUN_006a6000	lib_fn_6a6000
6a6020	FUN_006a6020	lib_fn_6a6020
6a6050	FUN_006a6050	lib_fn_6a6050
6a6070	FUN_006a6070	lib_fn_6a6070
6a60a0	FUN_006a60a0	lib_fn_6a60a0
6a6100	FUN_006a6100	lib_fn_6a6100
6a61f0	FUN_006a61f0	lib_fn_6a61f0
6a6250	FUN_006a6250	lib_fn_6a6250
6a6370	FUN_006a6370	lib_fn_6a6370
6a64e0	FUN_006a64e0	lib_fn_6a64e0
6a6560	FUN_006a6560	lib_fn_6a6560
6a66a0	FUN_006a66a0	lib_fn_6a66a0
6a67e0	FUN_006a67e0	lib_fn_6a67e0
6a69c0	FUN_006a69c0	lib_fn_6a69c0
6a6c10	FUN_006a6c10	lib_fn_6a6c10
6a6c90	FUN_006a6c90	lib_fn_6a6c90
6a6cb0	FUN_006a6cb0	lib_fn_6a6cb0
6a6cd0	FUN_006a6cd0	lib_fn_6a6cd0
6a6d10	FUN_006a6d10	lib_fn_6a6d10
6a6d30	FUN_006a6d30	lib_fn_6a6d30
6a6db0	FUN_006a6db0	lib_fn_6a6db0
6a6e00	FUN_006a6e00	lib_fn_6a6e00
6a6f10	FUN_006a6f10	lib_fn_6a6f10
6a6fd0	FUN_006a6fd0	lib_fn_6a6fd0
6a7040	FUN_006a7040	lib_fn_6a7040
6a7070	FUN_006a7070	lib_fn_6a7070
6a7310	FUN_006a7310	lib_fn_6a7310
6a7340	FUN_006a7340	lib_fn_6a7340
6a74e0	FUN_006a74e0	lib_fn_6a74e0
6a7520	FUN_006a7520	lib_fn_6a7520
6a7570	FUN_006a7570	lib_fn_6a7570
6a75c0	FUN_006a75c0	lib_fn_6a75c0
6a7610	FUN_006a7610	lib_fn_6a7610
6a7890	FUN_006a7890	lib_fn_6a7890
6a7990	FUN_006a7990	lib_fn_6a7990
6a7b70	FUN_006a7b70	lib_fn_6a7b70
6a7cc0	FUN_006a7cc0	lib_fn_6a7cc0
6a7dd0	FUN_006a7dd0	lib_fn_6a7dd0
6a7e80	FUN_006a7e80	lib_fn_6a7e80
6a8090	FUN_006a8090	lib_fn_6a8090
6a84c0	FUN_006a84c0	lib_fn_6a84c0
6a84f0	FUN_006a84f0	lib_fn_6a84f0
6a8560	FUN_006a8560	lib_fn_6a8560
6a8640	FUN_006a8640	lib_fn_6a8640
6a8770	FUN_006a8770	lib_fn_6a8770
6a87e0	FUN_006a87e0	lib_fn_6a87e0
6a8800	FUN_006a8800	lib_fn_6a8800
6a8b20	FUN_006a8b20	lib_fn_6a8b20
6a8c20	FUN_006a8c20	lib_fn_6a8c20
6a8cd0	FUN_006a8cd0	lib_fn_6a8cd0
6a8d00	FUN_006a8d00	lib_fn_6a8d00
6a8e80	FUN_006a8e80	lib_fn_6a8e80
6a8ed0	FUN_006a8ed0	lib_fn_6a8ed0
6a8ef0	FUN_006a8ef0	lib_fn_6a8ef0
6a8f40	FUN_006a8f40	lib_fn_6a8f40
6a9020	FUN_006a9020	lib_fn_6a9020
6a9080	FUN_006a9080	lib_fn_6a9080
6a9190	FUN_006a9190	lib_fn_6a9190
6a92c0	FUN_006a92c0	lib_fn_6a92c0
6a92d0	FUN_006a92d0	lib_fn_6a92d0
6a93f0	FUN_006a93f0	lib_fn_6a93f0
6a94c0	FUN_006a94c0	lib_fn_6a94c0
6a9560	FUN_006a9560	lib_fn_6a9560
6a95f0	FUN_006a95f0	lib_fn_6a95f0
6a9620	FUN_006a9620	lib_fn_6a9620
6a9660	FUN_006a9660	lib_fn_6a9660
6a96c0	FUN_006a96c0	lib_fn_6a96c0
6a9700	FUN_006a9700	lib_fn_6a9700
6a9770	FUN_006a9770	lib_fn_6a9770
6a97b0	FUN_006a97b0	lib_fn_6a97b0
6a9840	FUN_006a9840	lib_fn_6a9840
6a98d0	FUN_006a98d0	lib_fn_6a98d0
6a98e0	FUN_006a98e0	freetype_fn_6a98e0
6a99a0	FUN_006a99a0	lib_fn_6a99a0
6a9a00	FUN_006a9a00	lib_fn_6a9a00
6a9a90	FUN_006a9a90	lib_fn_6a9a90
6a9b80	FUN_006a9b80	lib_fn_6a9b80
6a9c50	FUN_006a9c50	lib_fn_6a9c50
6a9cc0	FUN_006a9cc0	lib_fn_6a9cc0
6a9d30	FUN_006a9d30	lib_fn_6a9d30
6a9d80	FUN_006a9d80	lib_fn_6a9d80
6a9e10	FUN_006a9e10	lib_fn_6a9e10
6a9eb0	FUN_006a9eb0	lib_fn_6a9eb0
6a9ed0	FUN_006a9ed0	lib_fn_6a9ed0
6a9f00	FUN_006a9f00	lib_fn_6a9f00
6a9f80	FUN_006a9f80	lib_fn_6a9f80
6aa020	FUN_006aa020	lib_fn_6aa020
6aa050	FUN_006aa050	lib_fn_6aa050
6aa1c0	FUN_006aa1c0	lib_fn_6aa1c0
6aa260	FUN_006aa260	lib_fn_6aa260
6aa2e0	FUN_006aa2e0	lib_fn_6aa2e0
6aa3e0	FUN_006aa3e0	lib_fn_6aa3e0
6aa4d0	FUN_006aa4d0	lib_fn_6aa4d0
6aa8b0	FUN_006aa8b0	lib_fn_6aa8b0
6aa8d0	FUN_006aa8d0	lib_fn_6aa8d0
6aa950	FUN_006aa950	lib_fn_6aa950
6aa970	FUN_006aa970	lib_fn_6aa970
6aa9a0	FUN_006aa9a0	lib_fn_6aa9a0
6aa9f0	FUN_006aa9f0	lib_fn_6aa9f0
6aabd0	FUN_006aabd0	lib_fn_6aabd0
6abbc0	FUN_006abbc0	lib_fn_6abbc0
6abd10	FUN_006abd10	lib_fn_6abd10
6abd50	FUN_006abd50	lib_fn_6abd50
6abf20	FUN_006abf20	lib_fn_6abf20
6ac110	FUN_006ac110	lib_fn_6ac110
6ac1e0	FUN_006ac1e0	lib_fn_6ac1e0
6ac4e0	FUN_006ac4e0	lib_fn_6ac4e0
6ac520	FUN_006ac520	lib_fn_6ac520
6ac550	FUN_006ac550	lib_fn_6ac550
6ac580	FUN_006ac580	lib_fn_6ac580
6ac770	FUN_006ac770	lib_fn_6ac770
6ac800	FUN_006ac800	lib_fn_6ac800
6ac880	FUN_006ac880	lib_fn_6ac880
6ac8a0	FUN_006ac8a0	lib_fn_6ac8a0
6ac920	FUN_006ac920	lib_fn_6ac920
6acc20	FUN_006acc20	lib_fn_6acc20
6acde0	FUN_006acde0	lib_fn_6acde0
6acfc0	FUN_006acfc0	lib_fn_6acfc0
6ad220	FUN_006ad220	lib_fn_6ad220
6ad370	FUN_006ad370	lib_fn_6ad370
6ad550	FUN_006ad550	lib_fn_6ad550
6ad990	FUN_006ad990	lib_fn_6ad990
6adad0	FUN_006adad0	lib_fn_6adad0
6adfd0	FUN_006adfd0	lib_fn_6adfd0
6ae030	FUN_006ae030	lib_fn_6ae030
6ae0f0	FUN_006ae0f0	lib_fn_6ae0f0
6af010	FUN_006af010	freetype_fn_6af010
6af030	FUN_006af030	lib_fn_6af030
6af100	FUN_006af100	lib_fn_6af100
6af140	FUN_006af140	lib_fn_6af140
6af1a0	FUN_006af1a0	lib_fn_6af1a0
6af220	FUN_006af220	lib_fn_6af220
6af310	FUN_006af310	lib_fn_6af310
6af450	FUN_006af450	lib_fn_6af450
6af480	FUN_006af480	lib_fn_6af480
6af4b0	FUN_006af4b0	lib_fn_6af4b0
6af5b0	FUN_006af5b0	lib_fn_6af5b0
6af8e0	FUN_006af8e0	lib_fn_6af8e0
6afcd0	FUN_006afcd0	lib_fn_6afcd0
6b00f0	FUN_006b00f0	lib_fn_6b00f0
6b0170	FUN_006b0170	lib_fn_6b0170
6b0370	FUN_006b0370	lib_fn_6b0370
6b03a0	FUN_006b03a0	lib_fn_6b03a0
6b04d0	FUN_006b04d0	lib_fn_6b04d0
6b0500	FUN_006b0500	lib_fn_6b0500
6b0770	FUN_006b0770	freetype_fn_6b0770
6b0a80	FUN_006b0a80	lib_fn_6b0a80
6b0b20	FUN_006b0b20	lib_fn_6b0b20
6b0b50	FUN_006b0b50	lib_fn_6b0b50
6b0b80	FUN_006b0b80	lib_fn_6b0b80
6b0bc0	FUN_006b0bc0	lib_fn_6b0bc0
6b0eb0	FUN_006b0eb0	lib_fn_6b0eb0
6b1050	FUN_006b1050	lib_fn_6b1050
6b1190	FUN_006b1190	lib_fn_6b1190
6b1650	FUN_006b1650	lib_fn_6b1650
6b1680	FUN_006b1680	lib_fn_6b1680
6b16c0	FUN_006b16c0	lib_fn_6b16c0
6b1730	FUN_006b1730	lib_fn_6b1730
6b1740	FUN_006b1740	lib_fn_6b1740
6b17a0	FUN_006b17a0	lib_fn_6b17a0
6b1830	FUN_006b1830	lib_fn_6b1830
6b1890	FUN_006b1890	lib_fn_6b1890
6b1960	FUN_006b1960	lib_fn_6b1960
6b1a80	FUN_006b1a80	lib_fn_6b1a80
6b1aa0	FUN_006b1aa0	lib_fn_6b1aa0
6b1e00	FUN_006b1e00	lib_fn_6b1e00
6b1e40	FUN_006b1e40	lib_fn_6b1e40
6b1f00	FUN_006b1f00	lib_fn_6b1f00
6b2000	FUN_006b2000	lib_fn_6b2000
6b20c0	FUN_006b20c0	lib_fn_6b20c0
6b21e0	FUN_006b21e0	lib_fn_6b21e0
6b2440	FUN_006b2440	lib_fn_6b2440
6b24c0	FUN_006b24c0	lib_fn_6b24c0
6b27b0	FUN_006b27b0	lib_fn_6b27b0
6b27c0	FUN_006b27c0	lib_fn_6b27c0
6b2a70	FUN_006b2a70	lib_fn_6b2a70
6b2f40	FUN_006b2f40	lib_fn_6b2f40
6b3230	FUN_006b3230	lib_fn_6b3230
6b33d0	FUN_006b33d0	lib_fn_6b33d0
6b3400	FUN_006b3400	lib_fn_6b3400
6b3740	FUN_006b3740	lib_fn_6b3740
6b3970	FUN_006b3970	lib_fn_6b3970
6b3c40	FUN_006b3c40	lib_fn_6b3c40
6b3c60	FUN_006b3c60	lib_fn_6b3c60
6b3c90	FUN_006b3c90	lib_fn_6b3c90
6b3d50	FUN_006b3d50	lib_fn_6b3d50
6b3f40	FUN_006b3f40	lib_fn_6b3f40
6b4090	FUN_006b4090	lib_fn_6b4090
6b43d0	FUN_006b43d0	lib_fn_6b43d0
6b43f0	FUN_006b43f0	lib_fn_6b43f0
6b4550	FUN_006b4550	lib_fn_6b4550
6b46c0	FUN_006b46c0	lib_fn_6b46c0
6b4700	FUN_006b4700	lib_fn_6b4700
6b4730	FUN_006b4730	lib_fn_6b4730
6b4930	FUN_006b4930	lib_fn_6b4930
6b4ba0	FUN_006b4ba0	lib_fn_6b4ba0
6b4c60	FUN_006b4c60	lib_fn_6b4c60
6b5520	FUN_006b5520	lib_fn_6b5520
6b5570	FUN_006b5570	lib_fn_6b5570
6b55b0	FUN_006b55b0	lib_fn_6b55b0
6b5650	FUN_006b5650	lib_fn_6b5650
6b5920	FUN_006b5920	lib_fn_6b5920
6b5950	FUN_006b5950	lib_fn_6b5950
6b5980	FUN_006b5980	lib_fn_6b5980
6b5bf0	FUN_006b5bf0	lib_fn_6b5bf0
6b5e50	FUN_006b5e50	lib_fn_6b5e50
6b5e70	FUN_006b5e70	lib_fn_6b5e70
6b5ec0	FUN_006b5ec0	lib_fn_6b5ec0
6b5fe0	FUN_006b5fe0	lib_fn_6b5fe0
6b6030	FUN_006b6030	lib_fn_6b6030
6b61b0	FUN_006b61b0	lib_fn_6b61b0
6b6310	FUN_006b6310	lib_fn_6b6310
6b6430	FUN_006b6430	lib_fn_6b6430
6b6450	FUN_006b6450	lib_fn_6b6450
6b64d0	FUN_006b64d0	lib_fn_6b64d0
6b64f0	FUN_006b64f0	lib_fn_6b64f0
6b6530	FUN_006b6530	lib_fn_6b6530
6b6560	FUN_006b6560	lib_fn_6b6560
6b6670	FUN_006b6670	lib_fn_6b6670
6b66f0	FUN_006b66f0	lib_fn_6b66f0
6b6700	FUN_006b6700	lib_fn_6b6700
6b6720	FUN_006b6720	lib_fn_6b6720
6b6750	FUN_006b6750	lib_fn_6b6750
6b6a70	FUN_006b6a70	lib_fn_6b6a70
6b6a80	FUN_006b6a80	lib_fn_6b6a80
6b6dd0	FUN_006b6dd0	lib_fn_6b6dd0
6b7000	FUN_006b7000	lib_fn_6b7000
6b7030	FUN_006b7030	lib_fn_6b7030
6b7420	FUN_006b7420	lib_fn_6b7420
6b7540	FUN_006b7540	lib_fn_6b7540
6b75d0	FUN_006b75d0	lib_fn_6b75d0
6b7880	FUN_006b7880	lib_fn_6b7880
6b7970	FUN_006b7970	lib_fn_6b7970
6b7b00	FUN_006b7b00	lib_fn_6b7b00
6b7b10	FUN_006b7b10	lib_fn_6b7b10
6b8400	FUN_006b8400	lib_fn_6b8400
6b8660	FUN_006b8660	lib_fn_6b8660
6b8690	FUN_006b8690	lib_fn_6b8690
6b86d0	FUN_006b86d0	lib_fn_6b86d0
6b8700	FUN_006b8700	lib_fn_6b8700
6b8760	FUN_006b8760	lib_fn_6b8760
6b8790	FUN_006b8790	lib_fn_6b8790
6b8820	FUN_006b8820	lib_fn_6b8820
6b8860	FUN_006b8860	lib_fn_6b8860
6b88c0	FUN_006b88c0	lib_fn_6b88c0
6b8910	FUN_006b8910	lib_fn_6b8910
6b8b40	FUN_006b8b40	lib_fn_6b8b40
6ba4b0	FUN_006ba4b0	lib_fn_6ba4b0
6bace0	FUN_006bace0	lib_fn_6bace0
6bad90	FUN_006bad90	lib_fn_6bad90
6bae00	FUN_006bae00	lib_fn_6bae00
6bae50	FUN_006bae50	lib_fn_6bae50
6bb130	FUN_006bb130	lib_fn_6bb130
6bb190	FUN_006bb190	lib_fn_6bb190
6bb260	FUN_006bb260	lib_fn_6bb260
6bb3c0	FUN_006bb3c0	lib_fn_6bb3c0
6bb400	FUN_006bb400	lib_fn_6bb400
6bb770	FUN_006bb770	lib_fn_6bb770
6bb970	FUN_006bb970	lib_fn_6bb970
6bb9e0	FUN_006bb9e0	lib_fn_6bb9e0
6bba60	FUN_006bba60	lib_fn_6bba60
6bbb20	FUN_006bbb20	lib_fn_6bbb20
6bbd60	FUN_006bbd60	lib_fn_6bbd60
6bbdf0	FUN_006bbdf0	lib_fn_6bbdf0
6bbf10	FUN_006bbf10	lib_fn_6bbf10
6bbf90	FUN_006bbf90	lib_fn_6bbf90
6bc0c0	FUN_006bc0c0	lib_fn_6bc0c0
6bc720	FUN_006bc720	lib_fn_6bc720
6bc830	FUN_006bc830	lib_fn_6bc830
6bc890	FUN_006bc890	lib_fn_6bc890
6bcd60	FUN_006bcd60	lib_fn_6bcd60
6bcfa0	FUN_006bcfa0	lib_fn_6bcfa0
6bd5a0	FUN_006bd5a0	lib_fn_6bd5a0
6bd950	FUN_006bd950	lib_fn_6bd950
6bd9a0	FUN_006bd9a0	lib_fn_6bd9a0
6bda20	FUN_006bda20	lib_fn_6bda20
6bdde0	FUN_006bdde0	lib_fn_6bdde0
6bde20	FUN_006bde20	lib_fn_6bde20
6bdea0	FUN_006bdea0	lib_fn_6bdea0
6bdf90	FUN_006bdf90	lib_fn_6bdf90
6bdff0	FUN_006bdff0	lib_fn_6bdff0
6be140	FUN_006be140	lib_fn_6be140
6be190	FUN_006be190	lib_fn_6be190
6be8e0	FUN_006be8e0	lib_fn_6be8e0
6be910	FUN_006be910	lib_fn_6be910
6be990	FUN_006be990	lib_fn_6be990
6beb80	FUN_006beb80	lib_fn_6beb80
6bed90	FUN_006bed90	lib_fn_6bed90
6bee10	FUN_006bee10	lib_fn_6bee10
6beeb0	FUN_006beeb0	lib_fn_6beeb0
6bf050	FUN_006bf050	freetype_fn_6bf050
6bf430	FUN_006bf430	lib_fn_6bf430
6bf480	FUN_006bf480	lib_fn_6bf480
6bf5b0	FUN_006bf5b0	lib_fn_6bf5b0
6bf680	FUN_006bf680	lib_fn_6bf680
6bf6a0	FUN_006bf6a0	lib_fn_6bf6a0
6bf6f0	FUN_006bf6f0	lib_fn_6bf6f0
6bf740	FUN_006bf740	lib_fn_6bf740
6bf8d0	FUN_006bf8d0	lib_fn_6bf8d0
6bf910	FUN_006bf910	lib_fn_6bf910
6bf970	FUN_006bf970	lib_fn_6bf970
6bf9b0	FUN_006bf9b0	lib_fn_6bf9b0
6bf9f0	FUN_006bf9f0	lib_fn_6bf9f0
6bfa80	FUN_006bfa80	lib_fn_6bfa80
6bfb20	FUN_006bfb20	lib_fn_6bfb20
6bfc40	FUN_006bfc40	lib_fn_6bfc40
6c0030	FUN_006c0030	lib_fn_6c0030
6c0280	FUN_006c0280	lib_fn_6c0280
6c02c0	FUN_006c02c0	lib_fn_6c02c0
6c0310	FUN_006c0310	lib_fn_6c0310
6c04a0	FUN_006c04a0	lib_fn_6c04a0
6c06f0	FUN_006c06f0	lib_fn_6c06f0
6c07c0	FUN_006c07c0	lib_fn_6c07c0
6c0820	FUN_006c0820	lib_fn_6c0820
6c0910	FUN_006c0910	lib_fn_6c0910
6c0950	FUN_006c0950	lib_fn_6c0950
6c0a20	FUN_006c0a20	lib_fn_6c0a20
6c0a40	FUN_006c0a40	lib_fn_6c0a40
6c0bb0	FUN_006c0bb0	lib_fn_6c0bb0
6c0be0	FUN_006c0be0	lib_fn_6c0be0
6c0c00	FUN_006c0c00	lib_fn_6c0c00
6c0c20	FUN_006c0c20	lib_fn_6c0c20
6c0c90	FUN_006c0c90	lib_fn_6c0c90
6c0d00	FUN_006c0d00	lib_fn_6c0d00
6c0d40	FUN_006c0d40	lib_fn_6c0d40
6c0f30	FUN_006c0f30	lib_fn_6c0f30
6c0fb0	FUN_006c0fb0	lib_fn_6c0fb0
6c1070	FUN_006c1070	lib_fn_6c1070
6c10c0	FUN_006c10c0	lib_fn_6c10c0
6c1110	FUN_006c1110	lib_fn_6c1110
6c11a0	FUN_006c11a0	lib_fn_6c11a0
6c11c0	FUN_006c11c0	lib_fn_6c11c0
6c1250	FUN_006c1250	lib_fn_6c1250
6c1290	FUN_006c1290	lib_fn_6c1290
6c12e0	FUN_006c12e0	lib_fn_6c12e0
6c1360	FUN_006c1360	lib_fn_6c1360
6c1390	FUN_006c1390	lib_fn_6c1390
6c13f0	FUN_006c13f0	lib_fn_6c13f0
6c1480	FUN_006c1480	lib_fn_6c1480
6c1590	FUN_006c1590	lib_fn_6c1590
6c1780	FUN_006c1780	lib_fn_6c1780
6c1810	FUN_006c1810	lib_fn_6c1810
6c1aa0	FUN_006c1aa0	lib_fn_6c1aa0
6c1c00	FUN_006c1c00	lib_fn_6c1c00
6c1d20	FUN_006c1d20	lib_fn_6c1d20
6c1d80	FUN_006c1d80	lib_fn_6c1d80
6c1dd0	FUN_006c1dd0	lib_fn_6c1dd0
6c1df0	FUN_006c1df0	lib_fn_6c1df0
6c1e80	FUN_006c1e80	lib_fn_6c1e80
6c1ed0	FUN_006c1ed0	lib_fn_6c1ed0
6c1f00	FUN_006c1f00	lib_fn_6c1f00
6c1fc0	FUN_006c1fc0	lib_fn_6c1fc0
6c2010	FUN_006c2010	lib_fn_6c2010
6c20d0	FUN_006c20d0	lib_fn_6c20d0
6c21a0	FUN_006c21a0	lib_fn_6c21a0
6c2260	FUN_006c2260	lib_fn_6c2260
6c22d0	FUN_006c22d0	lib_fn_6c22d0
6c2340	FUN_006c2340	lib_fn_6c2340
6c23a0	FUN_006c23a0	lib_fn_6c23a0
6c2400	FUN_006c2400	lib_fn_6c2400
6c2470	FUN_006c2470	lib_fn_6c2470
6c24f0	FUN_006c24f0	lib_fn_6c24f0
6c25f0	FUN_006c25f0	lib_fn_6c25f0
6c26a0	FUN_006c26a0	lib_fn_6c26a0
6c26f0	FUN_006c26f0	lib_fn_6c26f0
6c2740	FUN_006c2740	lib_fn_6c2740
6c2790	FUN_006c2790	lib_fn_6c2790
6c2810	FUN_006c2810	lib_fn_6c2810
6c2850	FUN_006c2850	lib_fn_6c2850
6c2910	FUN_006c2910	lib_fn_6c2910
6c2920	FUN_006c2920	lib_fn_6c2920
6c29a0	FUN_006c29a0	lib_fn_6c29a0
6c29f0	FUN_006c29f0	lib_fn_6c29f0
6c2a40	FUN_006c2a40	lib_fn_6c2a40
6c2b20	FUN_006c2b20	lib_fn_6c2b20
6c2b80	FUN_006c2b80	lib_fn_6c2b80
6c2c30	FUN_006c2c30	lib_fn_6c2c30
6c2d30	FUN_006c2d30	lib_fn_6c2d30
6c2e00	FUN_006c2e00	lib_fn_6c2e00
6c2eb0	FUN_006c2eb0	lib_fn_6c2eb0
6c2fb0	FUN_006c2fb0	lib_fn_6c2fb0
6c3030	FUN_006c3030	lib_fn_6c3030
6c3140	FUN_006c3140	lib_fn_6c3140
6c3320	FUN_006c3320	lib_fn_6c3320
6c3550	FUN_006c3550	lib_fn_6c3550
6c3620	FUN_006c3620	lib_fn_6c3620
6c3850	FUN_006c3850	lib_fn_6c3850
6c38e0	FUN_006c38e0	lib_fn_6c38e0
6c3b00	FUN_006c3b00	lib_fn_6c3b00
6c3b40	FUN_006c3b40	lib_fn_6c3b40
6c3b80	FUN_006c3b80	lib_fn_6c3b80
6c3cc0	FUN_006c3cc0	lib_fn_6c3cc0
6c3e60	FUN_006c3e60	lib_fn_6c3e60
6c3f50	FUN_006c3f50	lib_fn_6c3f50
6c4040	FUN_006c4040	lib_fn_6c4040
6c4090	FUN_006c4090	lib_fn_6c4090
6c4ee0	FUN_006c4ee0	lib_fn_6c4ee0
6c5010	FUN_006c5010	lib_fn_6c5010
6c5120	FUN_006c5120	lib_fn_6c5120
6c52d0	FUN_006c52d0	lib_fn_6c52d0
6c5520	FUN_006c5520	lib_fn_6c5520
6c5630	FUN_006c5630	lib_fn_6c5630
6c5a90	FUN_006c5a90	lib_fn_6c5a90
6c5e40	FUN_006c5e40	lib_fn_6c5e40
6c6340	FUN_006c6340	lib_fn_6c6340
6c63d0	FUN_006c63d0	lib_fn_6c63d0
6c6480	FUN_006c6480	lib_fn_6c6480
6c64d0	FUN_006c64d0	lib_fn_6c64d0
6c6540	FUN_006c6540	lib_fn_6c6540
6c6620	FUN_006c6620	lib_fn_6c6620
6c6890	FUN_006c6890	lib_fn_6c6890
6c6a90	FUN_006c6a90	lib_fn_6c6a90
6c6ce0	FUN_006c6ce0	lib_fn_6c6ce0
6c7400	FUN_006c7400	lib_fn_6c7400
6c7530	FUN_006c7530	lib_fn_6c7530
6c75e0	FUN_006c75e0	lib_fn_6c75e0
6c7700	FUN_006c7700	lib_fn_6c7700
6c77d0	FUN_006c77d0	lib_fn_6c77d0
6c7970	FUN_006c7970	lib_fn_6c7970
6c7ab0	FUN_006c7ab0	lib_fn_6c7ab0
6c7c30	FUN_006c7c30	lib_fn_6c7c30
6c7e30	FUN_006c7e30	lib_fn_6c7e30
6c8020	FUN_006c8020	lib_fn_6c8020
6c83c0	FUN_006c83c0	lib_fn_6c83c0
6c8670	FUN_006c8670	lib_fn_6c8670
6c8710	FUN_006c8710	lib_fn_6c8710
6c87f0	FUN_006c87f0	lib_fn_6c87f0
6c8850	FUN_006c8850	lib_fn_6c8850
6c8870	FUN_006c8870	lib_fn_6c8870
6c8910	FUN_006c8910	lib_fn_6c8910
6c8f80	FUN_006c8f80	lib_fn_6c8f80
6c9b20	FUN_006c9b20	lib_fn_6c9b20
6c9ca0	FUN_006c9ca0	lib_fn_6c9ca0
6ca150	FUN_006ca150	lib_fn_6ca150
6ca2c0	FUN_006ca2c0	lib_fn_6ca2c0
6ca2f0	FUN_006ca2f0	lib_fn_6ca2f0
6ca960	FUN_006ca960	lib_fn_6ca960
6cac40	FUN_006cac40	lib_fn_6cac40
6cb000	FUN_006cb000	lib_fn_6cb000
6cb050	FUN_006cb050	lib_fn_6cb050
6cb1a0	FUN_006cb1a0	lib_fn_6cb1a0
6cb1b0	FUN_006cb1b0	lib_fn_6cb1b0
6cb7b0	FUN_006cb7b0	lib_fn_6cb7b0
6cb7e0	FUN_006cb7e0	lib_fn_6cb7e0
6cb810	FUN_006cb810	lib_fn_6cb810
6cc020	FUN_006cc020	lib_fn_6cc020
6cc5a0	FUN_006cc5a0	lib_fn_6cc5a0
6cc610	FUN_006cc610	FT_Stream_Open_File
6cc6c0	FUN_006cc6c0	FT_Bitmap_Init
6cc700	FUN_006cc700	FT_Bitmap_Copy
6cc7e0	FUN_006cc7e0	lib_fn_6cc7e0
6cc850	FUN_006cc850	lib_fn_6cc850
6cc890	FUN_006cc890	lib_fn_6cc890
6cc8e0	FUN_006cc8e0	lib_fn_6cc8e0
6cc9b0	FUN_006cc9b0	lib_fn_6cc9b0
6cca10	FUN_006cca10	lib_fn_6cca10
6cca80	FUN_006cca80	lib_fn_6cca80
6ccab0	FUN_006ccab0	lib_fn_6ccab0
6ccb10	FUN_006ccb10	lib_fn_6ccb10
6ccb70	FUN_006ccb70	lib_fn_6ccb70
6cce10	FUN_006cce10	lib_fn_6cce10
6cce60	FUN_006cce60	lib_fn_6cce60
6cce80	FUN_006cce80	lib_fn_6cce80
6ccec0	FUN_006ccec0	lib_fn_6ccec0
6ccf00	FUN_006ccf00	lib_fn_6ccf00
6ccf70	FUN_006ccf70	lib_fn_6ccf70
6cd030	FUN_006cd030	lib_fn_6cd030
6cd080	FUN_006cd080	lib_fn_6cd080
6cd130	FUN_006cd130	lib_fn_6cd130
6cd620	FUN_006cd620	lib_fn_6cd620
6cd6c0	FUN_006cd6c0	lib_fn_6cd6c0
6cd850	FUN_006cd850	lib_fn_6cd850
6cd870	FUN_006cd870	lib_fn_6cd870
6cd960	FUN_006cd960	lib_fn_6cd960
6cd9a0	FUN_006cd9a0	lib_fn_6cd9a0
6cdf30	FUN_006cdf30	lib_fn_6cdf30
6cdf40	FUN_006cdf40	lib_fn_6cdf40
6cdfb0	FUN_006cdfb0	lib_fn_6cdfb0
6ce050	FUN_006ce050	lib_fn_6ce050
6cead0	FUN_006cead0	lib_fn_6cead0
6ceb10	FUN_006ceb10	lib_fn_6ceb10
6ceb50	FUN_006ceb50	lib_fn_6ceb50
6ceb90	FUN_006ceb90	inflate
6cef50	FUN_006cef50	lib_fn_6cef50
6cf090	FUN_006cf090	lib_fn_6cf090
6cf0e0	FUN_006cf0e0	lib_fn_6cf0e0
6cf230	FUN_006cf230	lib_fn_6cf230
6cf260	FUN_006cf260	lib_fn_6cf260
6cf2b0	FUN_006cf2b0	lib_fn_6cf2b0
6cf330	FUN_006cf330	lib_fn_6cf330
6cf3a0	FUN_006cf3a0	lib_fn_6cf3a0
6cf3f0	FUN_006cf3f0	lib_fn_6cf3f0
6cf4e0	FUN_006cf4e0	lib_fn_6cf4e0
6cf530	FUN_006cf530	lib_fn_6cf530
6cf620	FUN_006cf620	lib_fn_6cf620
6cf6b0	FUN_006cf6b0	lib_fn_6cf6b0
6cf8e0	FUN_006cf8e0	vorbis_read_setup_header
6cf9e0	FUN_006cf9e0	vorbis_validate_packet_crc
6cfa70	FUN_006cfa70	vorbis_read_setup_maps_modes
6cfd50	FUN_006cfd50	vorbis_read_residue_config
6cfea0	FUN_006cfea0	vorbis_read_info_header
6cffb0	FUN_006cffb0	vorbis_free_setup
6d0230	FUN_006d0230	vorbis_alloc_state
6d0270	FUN_006d0270	vorbis_get_serial_or_index
6d0290	FUN_006d0290	vorbis_free_residue_arrays
6d0300	FUN_006d0300	vorbis_init_pcm_struct
6d0320	FUN_006d0320	vorbis_read_bits_to_bytes
6d0420	FUN_006d0420	vorbis_get_codebook_dim_log
6d0440	FUN_006d0440	lib_fn_6d0440
6d0470	FUN_006d0470	vorbis_decode_mode_mapping
6d0500	FUN_006d0500	vorbis_start_packet_decode
6d0610	FUN_006d0610	vorbis_decode_packet_full
6d07c0	FUN_006d07c0	lib_fn_6d07c0
6d0800	FUN_006d0800	lib_fn_6d0800
6d0b20	FUN_006d0b20	vorbis_advance_read_pos
6d0b50	FUN_006d0b50	vorbis_get_channel_ptrs
6d0bb0	FUN_006d0bb0	vorbis_apply_window_overlap
6d1220	FUN_006d1220	vorbis_init_decoder
6d1260	FUN_006d1260	vorbis_reset_decode_state
6d12e0	FUN_006d12e0	vorbis_free_channel_state
6d1570	FUN_006d1570	vorbis_alloc_decode_buffers
6d1920	FUN_006d1920	vorbis_free_bitreader_state
6d19d0	FUN_006d19d0	vorbis_init_bitreader_state
6d1ab0	FUN_006d1ab0	vorbis_temp_bump_alloc
6d1b10	FUN_006d1b10	vorbis_temp_arena_flush
6d1b80	FUN_006d1b80	lib_fn_6d1b80
6d1c20	FUN_006d1c20	vorbis_floor0_synth_curve
6d1f00	FUN_006d1f00	vorbis_lookup1_values
6d1fa0	FUN_006d1fa0	vorbis_compute_huffman_codes
6d2140	FUN_006d2140	lib_fn_6d2140
6d21b0	FUN_006d21b0	vorbis_build_codebook_table
6d2870	FUN_006d2870	lib_fn_6d2870
6d29b0	FUN_006d29b0	vorbis_free_codebook_buf
6d2a00	FUN_006d2a00	lib_fn_6d2a00
6d2a60	FUN_006d2a60	lib_fn_6d2a60
6d2d60	FUN_006d2d60	lib_fn_6d2d60
6d30d0	FUN_006d30d0	lib_fn_6d30d0
6d3250	FUN_006d3250	lib_fn_6d3250
6d3600	FUN_006d3600	lib_fn_6d3600
6d3630	FUN_006d3630	lib_fn_6d3630
6d3790	FUN_006d3790	lib_fn_6d3790
6d3800	FUN_006d3800	lib_fn_6d3800
6d3840	FUN_006d3840	vorbis_read_codebook
6d3c20	FUN_006d3c20	lib_fn_6d3c20
6d4490	FUN_006d4490	lib_fn_6d4490
6d47e0	FUN_006d47e0	lib_fn_6d47e0
6d4870	FUN_006d4870	lib_fn_6d4870
6d48a0	FUN_006d48a0	lib_fn_6d48a0
6d49c0	FUN_006d49c0	lib_fn_6d49c0
6d4b20	FUN_006d4b20	lib_fn_6d4b20
6d4e80	FUN_006d4e80	lib_fn_6d4e80
6d54c0	FUN_006d54c0	lib_fn_6d54c0
6d55d0	FUN_006d55d0	lib_fn_6d55d0
6d5760	FUN_006d5760	lib_fn_6d5760
6d5910	FUN_006d5910	lib_fn_6d5910
6d59d0	FUN_006d59d0	lib_fn_6d59d0
6d6460	FUN_006d6460	lib_fn_6d6460
6d6490	FUN_006d6490	vorbis_free_mapping
6d6550	FUN_006d6550	lib_fn_6d6550
6d6e60	FUN_006d6e60	lib_fn_6d6e60
6d6eb0	FUN_006d6eb0	lib_fn_6d6eb0
6d70c0	FUN_006d70c0	lib_fn_6d70c0
6d7fc0	FUN_006d7fc0	lib_fn_6d7fc0
6d8420	FUN_006d8420	lib_fn_6d8420
6d8650	FUN_006d8650	lib_fn_6d8650
6d8670	FUN_006d8670	lib_fn_6d8670
6d8870	FUN_006d8870	lib_fn_6d8870
6d88c0	FUN_006d88c0	lib_fn_6d88c0
6d8900	FUN_006d8900	vorbis_free_floor
6d8990	FUN_006d8990	lib_fn_6d8990
6d8d10	FUN_006d8d10	lib_fn_6d8d10
6d8ec0	FUN_006d8ec0	lib_fn_6d8ec0
6d9130	FUN_006d9130	lib_fn_6d9130
6d9300	FUN_006d9300	lib_fn_6d9300
6d94c0	FUN_006d94c0	lib_fn_6d94c0
6d9c20	FUN_006d9c20	lib_fn_6d9c20
6d9e90	FUN_006d9e90	lib_fn_6d9e90
6d9f50	FUN_006d9f50	lib_fn_6d9f50
6da1b0	FUN_006da1b0	vorbis_free_residue_book
6da1f0	FUN_006da1f0	vorbis_imdct_setup_twiddles
6da4b0	FUN_006da4b0	lib_fn_6da4b0
6da4e0	FUN_006da4e0	lib_fn_6da4e0
6da730	FUN_006da730	lib_fn_6da730
6da8d0	FUN_006da8d0	lib_fn_6da8d0
6da9f0	FUN_006da9f0	lib_fn_6da9f0
6dac00	FUN_006dac00	lib_fn_6dac00
6dac60	FUN_006dac60	lib_fn_6dac60
6daee0	FUN_006daee0	lib_fn_6daee0
6daf40	FUN_006daf40	lib_fn_6daf40
6dafa0	FUN_006dafa0	lib_fn_6dafa0
6db230	FUN_006db230	lib_fn_6db230
6db470	FUN_006db470	lib_fn_6db470
6db650	FUN_006db650	lib_fn_6db650
6db8a0	FUN_006db8a0	lib_fn_6db8a0
6db930	FUN_006db930	lib_fn_6db930
6dbd20	FUN_006dbd20	lib_fn_6dbd20
6dbf30	FUN_006dbf30	lib_fn_6dbf30
6dc0f0	FUN_006dc0f0	lib_fn_6dc0f0
6dc210	FUN_006dc210	lib_fn_6dc210
6dc280	FUN_006dc280	lib_fn_6dc280
6dc2b0	FUN_006dc2b0	lib_fn_6dc2b0
6dc5c0	FUN_006dc5c0	lib_fn_6dc5c0
6dd4b0	FUN_006dd4b0	lib_fn_6dd4b0
6dd500	FUN_006dd500	lib_fn_6dd500
6dd730	FUN_006dd730	lib_fn_6dd730
6dd8b0	FUN_006dd8b0	lib_fn_6dd8b0
6dd8e0	FUN_006dd8e0	lib_fn_6dd8e0
6ddaa0	FUN_006ddaa0	lib_fn_6ddaa0
6dddb0	FUN_006dddb0	lib_fn_6dddb0
6ddde0	FUN_006ddde0	lib_fn_6ddde0
6de000	FUN_006de000	lib_fn_6de000
6de2c0	FUN_006de2c0	lib_fn_6de2c0
6de430	FUN_006de430	lib_fn_6de430
6de4d0	FUN_006de4d0	lib_fn_6de4d0
6de5c0	FUN_006de5c0	lib_fn_6de5c0
6de610	FUN_006de610	lib_fn_6de610
6de900	FUN_006de900	lib_fn_6de900
6dec50	FUN_006dec50	lib_fn_6dec50
6dec70	FUN_006dec70	lib_fn_6dec70
6dee70	FUN_006dee70	lib_fn_6dee70
6deea0	FUN_006deea0	lib_fn_6deea0
6deed0	FUN_006deed0	lib_fn_6deed0
6df4c0	FUN_006df4c0	lib_fn_6df4c0
6df570	FUN_006df570	lib_fn_6df570
6dfba0	FUN_006dfba0	lib_fn_6dfba0
6dfc30	FUN_006dfc30	lib_fn_6dfc30
6dfd70	FUN_006dfd70	lib_fn_6dfd70
6dfdb0	FUN_006dfdb0	lib_fn_6dfdb0
6dff90	FUN_006dff90	lib_fn_6dff90
6e0090	FUN_006e0090	lib_fn_6e0090
6e00f0	FUN_006e00f0	lib_fn_6e00f0
6e0120	FUN_006e0120	lib_fn_6e0120
6e0150	FUN_006e0150	lib_fn_6e0150
6e0390	FUN_006e0390	lib_fn_6e0390
6e03b0	FUN_006e03b0	lib_fn_6e03b0
6e0bd0	FUN_006e0bd0	lib_fn_6e0bd0
6e0ec0	FUN_006e0ec0	lib_fn_6e0ec0
6f9450	FUN_006f9450	lib_fn_6f9450
6f9480	FUN_006f9480	lib_fn_6f9480
6f94b0	FUN_006f94b0	lib_fn_6f94b0
6f94e0	FUN_006f94e0	lib_fn_6f94e0
6f9510	FUN_006f9510	lib_fn_6f9510
6f9540	FUN_006f9540	lib_fn_6f9540
6f9570	FUN_006f9570	lib_fn_6f9570
6f95a0	FUN_006f95a0	lib_fn_6f95a0
6f95d0	FUN_006f95d0	lib_fn_6f95d0
6f9600	FUN_006f9600	lib_fn_6f9600
6f9630	FUN_006f9630	lib_fn_6f9630
6f9660	FUN_006f9660	lib_fn_6f9660
6f9690	FUN_006f9690	lib_fn_6f9690
6f96c0	FUN_006f96c0	lib_fn_6f96c0
6f96f0	FUN_006f96f0	lib_fn_6f96f0
6f9720	FUN_006f9720	lib_fn_6f9720
6f9750	FUN_006f9750	lib_fn_6f9750
6f9780	FUN_006f9780	lib_fn_6f9780
6f97b0	FUN_006f97b0	lib_fn_6f97b0
6f97e0	FUN_006f97e0	lib_fn_6f97e0
6f9810	FUN_006f9810	lib_fn_6f9810
6f9840	FUN_006f9840	lib_fn_6f9840
6f9870	FUN_006f9870	lib_fn_6f9870
6f98a0	FUN_006f98a0	lib_fn_6f98a0
6f98d0	FUN_006f98d0	lib_fn_6f98d0
6f9900	FUN_006f9900	lib_fn_6f9900
6f9930	FUN_006f9930	lib_fn_6f9930
6f9960	FUN_006f9960	lib_fn_6f9960
6f9990	FUN_006f9990	lib_fn_6f9990
6f99c0	FUN_006f99c0	lib_fn_6f99c0
6f99f0	FUN_006f99f0	lib_fn_6f99f0
6f9a20	FUN_006f9a20	lib_fn_6f9a20
6f9a50	FUN_006f9a50	lib_fn_6f9a50
6f9a80	FUN_006f9a80	lib_fn_6f9a80
6f9ab0	FUN_006f9ab0	lib_fn_6f9ab0
6f9ae0	FUN_006f9ae0	lib_fn_6f9ae0
6f9b10	FUN_006f9b10	lib_fn_6f9b10
6f9b40	FUN_006f9b40	lib_fn_6f9b40
6f9b70	FUN_006f9b70	lib_fn_6f9b70
6f9ba0	FUN_006f9ba0	lib_fn_6f9ba0
6f9bd0	FUN_006f9bd0	lib_fn_6f9bd0
6f9c00	FUN_006f9c00	lib_fn_6f9c00
6f9c30	FUN_006f9c30	lib_fn_6f9c30
6f9c60	FUN_006f9c60	lib_fn_6f9c60
6f9c90	FUN_006f9c90	lib_fn_6f9c90
6f9cc0	FUN_006f9cc0	lib_fn_6f9cc0
6f9cf0	FUN_006f9cf0	lib_fn_6f9cf0
6f9d20	FUN_006f9d20	lib_fn_6f9d20
6f9d50	FUN_006f9d50	lib_fn_6f9d50
6f9d80	FUN_006f9d80	lib_fn_6f9d80
6f9db0	FUN_006f9db0	lib_fn_6f9db0
6f9de0	FUN_006f9de0	lib_fn_6f9de0
6f9e10	FUN_006f9e10	lib_fn_6f9e10
6f9e40	FUN_006f9e40	lib_fn_6f9e40
6f9ee0	FUN_006f9ee0	lib_fn_6f9ee0
6f9f20	FUN_006f9f20	lib_fn_6f9f20
6f9f50	FUN_006f9f50	lib_fn_6f9f50
6f9f80	FUN_006f9f80	lib_fn_6f9f80
6f9fb0	FUN_006f9fb0	lib_fn_6f9fb0
6f9ff0	FUN_006f9ff0	lib_fn_6f9ff0
6fa020	FUN_006fa020	lib_fn_6fa020
6fa050	FUN_006fa050	lib_fn_6fa050
6fa080	FUN_006fa080	lib_fn_6fa080
6fa0b0	FUN_006fa0b0	lib_fn_6fa0b0
6fa0e0	FUN_006fa0e0	lib_fn_6fa0e0
6fa110	FUN_006fa110	lib_fn_6fa110
6fa140	FUN_006fa140	lib_fn_6fa140
6fa170	FUN_006fa170	lib_fn_6fa170
6fa1a0	FUN_006fa1a0	lib_fn_6fa1a0
6fa1d0	FUN_006fa1d0	lib_fn_6fa1d0
6fa200	FUN_006fa200	lib_fn_6fa200
6fa230	FUN_006fa230	lib_fn_6fa230
6fa260	FUN_006fa260	lib_fn_6fa260
6fa290	FUN_006fa290	lib_fn_6fa290
6fa2c0	FUN_006fa2c0	lib_fn_6fa2c0
6fa2f0	FUN_006fa2f0	lib_fn_6fa2f0
6fa320	FUN_006fa320	lib_fn_6fa320
6fa350	FUN_006fa350	lib_fn_6fa350
6fa380	FUN_006fa380	lib_fn_6fa380
6fa3b0	FUN_006fa3b0	lib_fn_6fa3b0
6fa3e0	FUN_006fa3e0	lib_fn_6fa3e0
6fa410	FUN_006fa410	lib_fn_6fa410
6fa440	FUN_006fa440	lib_fn_6fa440
6fa470	FUN_006fa470	lib_fn_6fa470
6fa4a0	FUN_006fa4a0	lib_fn_6fa4a0
6fa4d0	FUN_006fa4d0	lib_fn_6fa4d0
6fa500	FUN_006fa500	lib_fn_6fa500
6fa530	FUN_006fa530	lib_fn_6fa530
6fa560	FUN_006fa560	lib_fn_6fa560
6fa590	FUN_006fa590	lib_fn_6fa590
6fa5c0	FUN_006fa5c0	lib_fn_6fa5c0
6fa5f0	FUN_006fa5f0	lib_fn_6fa5f0
6fa620	FUN_006fa620	lib_fn_6fa620
6fa650	FUN_006fa650	lib_fn_6fa650
6fa680	FUN_006fa680	lib_fn_6fa680
6fa6b0	FUN_006fa6b0	lib_fn_6fa6b0
6fa6e0	FUN_006fa6e0	lib_fn_6fa6e0
6fa710	FUN_006fa710	lib_fn_6fa710
6fa740	FUN_006fa740	lib_fn_6fa740
6fa770	FUN_006fa770	lib_fn_6fa770
6fa7a0	FUN_006fa7a0	lib_fn_6fa7a0
6fa7d0	FUN_006fa7d0	lib_fn_6fa7d0
6fa800	FUN_006fa800	lib_fn_6fa800
6fa830	FUN_006fa830	lib_fn_6fa830
6fa860	FUN_006fa860	lib_fn_6fa860
6fa890	FUN_006fa890	lib_fn_6fa890
6fa8c0	FUN_006fa8c0	lib_fn_6fa8c0
6fa8f0	FUN_006fa8f0	lib_fn_6fa8f0
6fa920	FUN_006fa920	lib_fn_6fa920
6fa950	FUN_006fa950	lib_fn_6fa950
6fa980	FUN_006fa980	lib_fn_6fa980
6fa9b0	FUN_006fa9b0	lib_fn_6fa9b0
6fa9e0	FUN_006fa9e0	lib_fn_6fa9e0
6faa10	FUN_006faa10	lib_fn_6faa10
6faa40	FUN_006faa40	lib_fn_6faa40
6faa70	FUN_006faa70	lib_fn_6faa70
6faaa0	FUN_006faaa0	lib_fn_6faaa0
6faad0	FUN_006faad0	lib_fn_6faad0
6fab00	FUN_006fab00	lib_fn_6fab00
6fab30	FUN_006fab30	lib_fn_6fab30
6fab60	FUN_006fab60	lib_fn_6fab60
6fab90	FUN_006fab90	lib_fn_6fab90
6fabc0	FUN_006fabc0	lib_fn_6fabc0
6fabf0	FUN_006fabf0	lib_fn_6fabf0
6fac20	FUN_006fac20	lib_fn_6fac20
6fac50	FUN_006fac50	lib_fn_6fac50
6fac80	FUN_006fac80	lib_fn_6fac80
6facb0	FUN_006facb0	lib_fn_6facb0
6face0	FUN_006face0	lib_fn_6face0
6fad10	FUN_006fad10	lib_fn_6fad10
6fad40	FUN_006fad40	lib_fn_6fad40
6fad70	FUN_006fad70	lib_fn_6fad70
6fada0	FUN_006fada0	lib_fn_6fada0
6fadd0	FUN_006fadd0	lib_fn_6fadd0
6fae00	FUN_006fae00	lib_fn_6fae00
6fae30	FUN_006fae30	lib_fn_6fae30
6fae60	FUN_006fae60	lib_fn_6fae60
6fae90	FUN_006fae90	lib_fn_6fae90
6faec0	FUN_006faec0	lib_fn_6faec0
6faef0	FUN_006faef0	lib_fn_6faef0
6faf20	FUN_006faf20	lib_fn_6faf20
6faf50	FUN_006faf50	lib_fn_6faf50
6faf80	FUN_006faf80	lib_fn_6faf80
6fafb0	FUN_006fafb0	lib_fn_6fafb0
6faff0	FUN_006faff0	lib_fn_6faff0
6fb020	FUN_006fb020	lib_fn_6fb020
6fb050	FUN_006fb050	lib_fn_6fb050
6fb150	FUN_006fb150	lib_fn_6fb150
6fb1b0	FUN_006fb1b0	lib_fn_6fb1b0
6fb270	FUN_006fb270	lib_fn_6fb270
6fb2d0	FUN_006fb2d0	lib_fn_6fb2d0
6fb330	FUN_006fb330	lib_fn_6fb330
6fb3b0	FUN_006fb3b0	lib_fn_6fb3b0
6fb430	FUN_006fb430	lib_fn_6fb430
6fb5f0	FUN_006fb5f0	lib_fn_6fb5f0
6fb9f0	FUN_006fb9f0	lib_fn_6fb9f0
6fbab5	FUN_006fbab5	lib_fn_6fbab5
5fae00	FUN_005fae00	cube::Zone::constructTileGrid
602160	FUN_00602160	cube::GameController::unloadZone
623530	FUN_00623530	cube::XAudio2Engine::initialize
63c700	FUN_0063c700	plasma::SmoothMeshShape::destroyLevelBuffers
671420	FUN_00671420	plasma::SmoothMeshShape::clearLevelBuffers
