old	new	count
Catch@00650dfb	eh_catch_00650dfb	1
Catch_All@0040215e	eh_catchall_0040215e	1
Catch_All@00402269	eh_catchall_00402269	1
Catch_All@004022d9	eh_catchall_004022d9	1
Catch_All@0040249e	eh_catchall_0040249e	1
Catch_All@00402633	eh_catchall_00402633	1
Catch_All@00402aa4	eh_catchall_00402aa4	1
Catch_All@00402d3b	eh_catchall_00402d3b	1
Catch_All@0040354c	eh_catchall_0040354c	1
Catch_All@00405586	eh_catchall_00405586	1
Catch_All@004055c3	eh_catchall_004055c3	1
Catch_All@0040e676	eh_catchall_0040e676	1
Catch_All@0040e8b6	eh_catchall_0040e8b6	1
Catch_All@0040f20f	eh_catchall_0040f20f	1
Catch_All@0040f24c	eh_catchall_0040f24c	1
Catch_All@00424d20	eh_catchall_00424d20	1
Catch_All@00424e30	eh_catchall_00424e30	1
Catch_All@00428b7d	eh_catchall_00428b7d	1
Catch_All@00428c5c	eh_catchall_00428c5c	1
Catch_All@0042bf63	eh_catchall_0042bf63	1
Catch_All@0042c04f	eh_catchall_0042c04f	1
Catch_All@004392af	eh_catchall_004392af	1
Catch_All@00439398	eh_catchall_00439398	1
Catch_All@004492fa	eh_catchall_004492fa	1
Catch_All@0044a17d	eh_catchall_0044a17d	1
Catch_All@0044a39e	eh_catchall_0044a39e	1
Catch_All@0044a476	eh_catchall_0044a476	1
Catch_All@0044a79f	eh_catchall_0044a79f	1
Catch_All@0044ab90	eh_catchall_0044ab90	1
Catch_All@0044ad13	eh_catchall_0044ad13	1
Catch_All@0044aee3	eh_catchall_0044aee3	1
Catch_All@0044b9f0	eh_catchall_0044b9f0	1
Catch_All@0044baee	eh_catchall_0044baee	1
Catch_All@0044bbec	eh_catchall_0044bbec	1
Catch_All@0044d77d	eh_catchall_0044d77d	1
Catch_All@00451360	eh_catchall_00451360	1
Catch_All@00451c57	eh_catchall_00451c57	1
Catch_All@00451e69	eh_catchall_00451e69	1
Catch_All@00451fd2	eh_catchall_00451fd2	1
Catch_All@00452171	eh_catchall_00452171	1
Catch_All@00452247	eh_catchall_00452247	1
Catch_All@004523ae	eh_catchall_004523ae	1
Catch_All@004525df	eh_catchall_004525df	1
Catch_All@004527d4	eh_catchall_004527d4	1
Catch_All@0045299d	eh_catchall_0045299d	1
Catch_All@004531e7	eh_catchall_004531e7	1
Catch_All@00453404	eh_catchall_00453404	1
Catch_All@0045361f	eh_catchall_0045361f	1
Catch_All@0045386f	eh_catchall_0045386f	1
Catch_All@0045399a	eh_catchall_0045399a	1
Catch_All@00453b24	eh_catchall_00453b24	1
Catch_All@00453c54	eh_catchall_00453c54	1
Catch_All@00453da4	eh_catchall_00453da4	1
Catch_All@00453ef7	eh_catchall_00453ef7	1
Catch_All@00453fa9	eh_catchall_00453fa9	1
Catch_All@00454079	eh_catchall_00454079	1
Catch_All@00454149	eh_catchall_00454149	1
Catch_All@00454219	eh_catchall_00454219	1
Catch_All@004542e9	eh_catchall_004542e9	1
Catch_All@004543b9	eh_catchall_004543b9	1
Catch_All@00454489	eh_catchall_00454489	1
Catch_All@00454559	eh_catchall_00454559	1
Catch_All@00454629	eh_catchall_00454629	1
Catch_All@004546f9	eh_catchall_004546f9	1
Catch_All@004547c9	eh_catchall_004547c9	1
Catch_All@00454899	eh_catchall_00454899	1
Catch_All@00454969	eh_catchall_00454969	1
Catch_All@00454a39	eh_catchall_00454a39	1
Catch_All@00454b09	eh_catchall_00454b09	1
Catch_All@00456aa6	eh_catchall_00456aa6	1
Catch_All@00456b5c	eh_catchall_00456b5c	1
Catch_All@00456ced	eh_catchall_00456ced	1
Catch_All@00456e4a	eh_catchall_00456e4a	1
Catch_All@004571be	eh_catchall_004571be	1
Catch_All@004572a2	eh_catchall_004572a2	1
Catch_All@00457392	eh_catchall_00457392	1
Catch_All@00458db6	eh_catchall_00458db6	1
Catch_All@00458e6f	eh_catchall_00458e6f	1
Catch_All@00458f0f	eh_catchall_00458f0f	1
Catch_All@00458faf	eh_catchall_00458faf	1
Catch_All@0045904f	eh_catchall_0045904f	1
Catch_All@004590ef	eh_catchall_004590ef	1
Catch_All@0045918f	eh_catchall_0045918f	1
Catch_All@0045922f	eh_catchall_0045922f	1
Catch_All@004592cf	eh_catchall_004592cf	1
Catch_All@0045938f	eh_catchall_0045938f	1
Catch_All@0045947c	eh_catchall_0045947c	1
Catch_All@004681c0	eh_catchall_004681c0	1
Catch_All@004682fe	eh_catchall_004682fe	1
Catch_All@00468419	eh_catchall_00468419	1
Catch_All@004685c8	eh_catchall_004685c8	1
Catch_All@0046e239	eh_catchall_0046e239	1
Catch_All@0046e30c	eh_catchall_0046e30c	1
Catch_All@0046e40e	eh_catchall_0046e40e	1
Catch_All@0046e50e	eh_catchall_0046e50e	1
Catch_All@0046e5ed	eh_catchall_0046e5ed	1
Catch_All@0046e6f1	eh_catchall_0046e6f1	1
Catch_All@00487179	eh_catchall_00487179	1
Catch_All@00487363	eh_catchall_00487363	1
Catch_All@00487470	eh_catchall_00487470	1
Catch_All@004aba0c	eh_catchall_004aba0c	1
Catch_All@004abd8f	eh_catchall_004abd8f	1
Catch_All@004abe6c	eh_catchall_004abe6c	1
Catch_All@004abf64	eh_catchall_004abf64	1
Catch_All@004c691e	eh_catchall_004c691e	1
Catch_All@004cb3d8	eh_catchall_004cb3d8	1
Catch_All@004cb583	eh_catchall_004cb583	1
Catch_All@004ce3d9	eh_catchall_004ce3d9	1
Catch_All@004d9ac7	eh_catchall_004d9ac7	1
Catch_All@004d9c2f	eh_catchall_004d9c2f	1
Catch_All@004da18f	eh_catchall_004da18f	1
Catch_All@004da2df	eh_catchall_004da2df	1
Catch_All@004dc4cc	eh_catchall_004dc4cc	1
Catch_All@004dc569	eh_catchall_004dc569	1
Catch_All@004dc639	eh_catchall_004dc639	1
Catch_All@004dc707	eh_catchall_004dc707	1
Catch_All@004dc7d9	eh_catchall_004dc7d9	1
Catch_All@004e0130	eh_catchall_004e0130	1
Catch_All@004e022d	eh_catchall_004e022d	1
Catch_All@004e02e5	eh_catchall_004e02e5	1
Catch_All@004e03a2	eh_catchall_004e03a2	1
Catch_All@004e04df	eh_catchall_004e04df	1
Catch_All@004e0d98	eh_catchall_004e0d98	1
Catch_All@004e0fc4	eh_catchall_004e0fc4	1
Catch_All@004e11b4	eh_catchall_004e11b4	1
Catch_All@004e12a8	eh_catchall_004e12a8	1
Catch_All@004e1460	eh_catchall_004e1460	1
Catch_All@004e15c4	eh_catchall_004e15c4	1
Catch_All@004e1669	eh_catchall_004e1669	1
Catch_All@004e175d	eh_catchall_004e175d	1
Catch_All@004e1806	eh_catchall_004e1806	1
Catch_All@004e18a6	eh_catchall_004e18a6	1
Catch_All@004e194f	eh_catchall_004e194f	1
Catch_All@004ebb21	eh_catchall_004ebb21	1
Catch_All@004ebf28	eh_catchall_004ebf28	1
Catch_All@004ec05d	eh_catchall_004ec05d	1
Catch_All@00583d5b	eh_catchall_00583d5b	1
Catch_All@0058cf4d	eh_catchall_0058cf4d	1
Catch_All@0058e27f	eh_catchall_0058e27f	1
Catch_All@0058e4a4	eh_catchall_0058e4a4	1
Catch_All@0058e628	eh_catchall_0058e628	1
Catch_All@0058e7ad	eh_catchall_0058e7ad	1
Catch_All@0058e8af	eh_catchall_0058e8af	1
Catch_All@0058e94c	eh_catchall_0058e94c	1
Catch_All@005949ae	eh_catchall_005949ae	1
Catch_All@00594ab7	eh_catchall_00594ab7	1
Catch_All@005a6b48	eh_catchall_005a6b48	1
Catch_All@005a6c11	eh_catchall_005a6c11	1
Catch_All@005a6d7f	eh_catchall_005a6d7f	1
Catch_All@005a6e3f	eh_catchall_005a6e3f	1
Catch_All@005a74cc	eh_catchall_005a74cc	1
Catch_All@005a7691	eh_catchall_005a7691	1
Catch_All@005a7876	eh_catchall_005a7876	1
Catch_All@005a7a1f	eh_catchall_005a7a1f	1
Catch_All@005adf30	eh_catchall_005adf30	1
Catch_All@005aeb2c	eh_catchall_005aeb2c	1
Catch_All@005aef74	eh_catchall_005aef74	1
Catch_All@005af04c	eh_catchall_005af04c	1
Catch_All@005c00e3	eh_catchall_005c00e3	1
Catch_All@005c082f	eh_catchall_005c082f	1
Catch_All@005c0ab5	eh_catchall_005c0ab5	1
Catch_All@005c0c4e	eh_catchall_005c0c4e	1
Catch_All@005c0dee	eh_catchall_005c0dee	1
Catch_All@005c3756	eh_catchall_005c3756	1
Catch_All@005c4114	eh_catchall_005c4114	1
Catch_All@005c4211	eh_catchall_005c4211	1
Catch_All@005c42ff	eh_catchall_005c42ff	1
Catch_All@005fbbed	eh_catchall_005fbbed	1
Catch_All@00608b12	eh_catchall_00608b12	1
Catch_All@00608b8c	eh_catchall_00608b8c	1
Catch_All@00608d1f	eh_catchall_00608d1f	1
Catch_All@00608e37	eh_catchall_00608e37	1
Catch_All@00608ef6	eh_catchall_00608ef6	1
Catch_All@00609189	eh_catchall_00609189	1
Catch_All@006093dc	eh_catchall_006093dc	1
Catch_All@0062f7fe	eh_catchall_0062f7fe	1
Catch_All@0062f8a6	eh_catchall_0062f8a6	1
Catch_All@0062f98f	eh_catchall_0062f98f	1
Catch_All@0062ff94	eh_catchall_0062ff94	1
Catch_All@00630207	eh_catchall_00630207	1
Catch_All@006302a9	eh_catchall_006302a9	1
Catch_All@0063039d	eh_catchall_0063039d	1
Catch_All@0063044f	eh_catchall_0063044f	1
Catch_All@00638f84	eh_catchall_00638f84	1
Catch_All@0063a13f	eh_catchall_0063a13f	1
Catch_All@0063a337	eh_catchall_0063a337	1
Catch_All@0063a4be	eh_catchall_0063a4be	1
Catch_All@0063a5ba	eh_catchall_0063a5ba	1
Catch_All@0063a7e6	eh_catchall_0063a7e6	1
Catch_All@0063c08f	eh_catchall_0063c08f	1
Catch_All@0063c13f	eh_catchall_0063c13f	1
Catch_All@0063c1ef	eh_catchall_0063c1ef	1
Catch_All@0063d153	eh_catchall_0063d153	1
Catch_All@0063d279	eh_catchall_0063d279	1
Catch_All@0063d3ea	eh_catchall_0063d3ea	1
Catch_All@0063d509	eh_catchall_0063d509	1
Catch_All@0063d6d3	eh_catchall_0063d6d3	1
Catch_All@0063db73	eh_catchall_0063db73	1
Catch_All@0063dc70	eh_catchall_0063dc70	1
Catch_All@00642a01	eh_catchall_00642a01	1
Catch_All@0064b251	eh_catchall_0064b251	1
Catch_All@0064b441	eh_catchall_0064b441	1
Catch_All@0064bb48	eh_catchall_0064bb48	1
Catch_All@0064bc78	eh_catchall_0064bc78	1
Catch_All@0064bdc4	eh_catchall_0064bdc4	1
Catch_All@0064e67d	eh_catchall_0064e67d	1
Catch_All@0065a0c2	eh_catchall_0065a0c2	1
Catch_All@0065a601	eh_catchall_0065a601	1
Catch_All@0065a83f	eh_catchall_0065a83f	1
Catch_All@0066145d	eh_catchall_0066145d	1
Catch_All@0066311a	eh_catchall_0066311a	1
Catch_All@00663953	eh_catchall_00663953	1
Catch_All@00663a79	eh_catchall_00663a79	1
Catch_All@00665c71	eh_catchall_00665c71	1
Catch_All@00666069	eh_catchall_00666069	1
Catch_All@0066826a	eh_catchall_0066826a	1
Catch_All@006684b8	eh_catchall_006684b8	1
Catch_All@0066874c	eh_catchall_0066874c	1
Catch_All@0066892c	eh_catchall_0066892c	1
Catch_All@00668a1f	eh_catchall_00668a1f	1
Catch_All@00672f4f	eh_catchall_00672f4f	1
Catch_All@0067795a	eh_catchall_0067795a	1
Catch_All@00677b82	eh_catchall_00677b82	1
Catch_All@00677e05	eh_catchall_00677e05	1
Catch_All@0067e0a5	eh_catchall_0067e0a5	1
Catch_All@0067e1cf	eh_catchall_0067e1cf	1
Catch_All@0067fc38	eh_catchall_0067fc38	1
Catch_All@0067fd6d	eh_catchall_0067fd6d	1
Catch_All@006812ef	eh_catchall_006812ef	1
Unwind@006e11d0	eh_unwind_006e11d0	1
Unwind@006e11d8	eh_unwind_006e11d8	1
Unwind@006e12c0	eh_unwind_006e12c0	1
Unwind@006e12dd	eh_unwind_006e12dd	1
Unwind@006e12e9	eh_unwind_006e12e9	1
Unwind@006e1330	eh_unwind_006e1330	1
Unwind@006e133b	eh_unwind_006e133b	1
Unwind@006e1346	eh_unwind_006e1346	1
Unwind@006e1351	eh_unwind_006e1351	1
Unwind@006e135c	eh_unwind_006e135c	1
Unwind@006e1367	eh_unwind_006e1367	1
Unwind@006e1372	eh_unwind_006e1372	1
Unwind@006e13a0	eh_unwind_006e13a0	1
Unwind@006e13d0	eh_unwind_006e13d0	1
Unwind@006e1400	eh_unwind_006e1400	1
Unwind@006e1450	eh_unwind_006e1450	1
Unwind@006e1480	eh_unwind_006e1480	1
Unwind@006e14b0	eh_unwind_006e14b0	1
Unwind@006e14e0	eh_unwind_006e14e0	1
Unwind@006e1510	eh_unwind_006e1510	1
Unwind@006e1540	eh_unwind_006e1540	1
Unwind@006e1548	eh_unwind_006e1548	1
Unwind@006e1559	eh_unwind_006e1559	1
Unwind@006e1590	eh_unwind_006e1590	1
Unwind@006e15c0	eh_unwind_006e15c0	1
Unwind@006e15f0	eh_unwind_006e15f0	1
Unwind@006e15f8	eh_unwind_006e15f8	1
Unwind@006e1620	eh_unwind_006e1620	1
Unwind@006e1628	eh_unwind_006e1628	1
Unwind@006e1650	eh_unwind_006e1650	1
Unwind@006e1680	eh_unwind_006e1680	1
Unwind@006e16b0	eh_unwind_006e16b0	1
Unwind@006e16b8	eh_unwind_006e16b8	1
Unwind@006e16e0	eh_unwind_006e16e0	1
Unwind@006e16e8	eh_unwind_006e16e8	1
Unwind@006e1710	eh_unwind_006e1710	1
Unwind@006e1718	eh_unwind_006e1718	1
Unwind@006e1720	eh_unwind_006e1720	1
Unwind@006e1728	eh_unwind_006e1728	1
Unwind@006e1739	eh_unwind_006e1739	1
Unwind@006e1770	eh_unwind_006e1770	1
Unwind@006e1778	eh_unwind_006e1778	1
Unwind@006e1780	eh_unwind_006e1780	1
Unwind@006e1791	eh_unwind_006e1791	1
Unwind@006e17c0	eh_unwind_006e17c0	1
Unwind@006e17f0	eh_unwind_006e17f0	1
Unwind@006e17f8	eh_unwind_006e17f8	1
Unwind@006e1830	eh_unwind_006e1830	1
Unwind@006e184a	eh_unwind_006e184a	1
Unwind@006e1856	eh_unwind_006e1856	1
Unwind@006e1862	eh_unwind_006e1862	1
Unwind@006e18a0	eh_unwind_006e18a0	1
Unwind@006e18a8	eh_unwind_006e18a8	1
Unwind@006e18b0	eh_unwind_006e18b0	1
Unwind@006e18c1	eh_unwind_006e18c1	1
Unwind@006e18f0	eh_unwind_006e18f0	1
Unwind@006e18fb	eh_unwind_006e18fb	1
Unwind@006e1930	eh_unwind_006e1930	1
Unwind@006e1960	eh_unwind_006e1960	1
Unwind@006e1990	eh_unwind_006e1990	1
Unwind@006e1998	eh_unwind_006e1998	1
Unwind@006e19a0	eh_unwind_006e19a0	1
Unwind@006e19d0	eh_unwind_006e19d0	1
Unwind@006e19d8	eh_unwind_006e19d8	1
Unwind@006e1a00	eh_unwind_006e1a00	1
Unwind@006e1a30	eh_unwind_006e1a30	1
Unwind@006e1a4d	eh_unwind_006e1a4d	1
Unwind@006e1a59	eh_unwind_006e1a59	1
Unwind@006e1a80	eh_unwind_006e1a80	1
Unwind@006e1a88	eh_unwind_006e1a88	1
Unwind@006e1ad0	eh_unwind_006e1ad0	1
Unwind@006e1af3	eh_unwind_006e1af3	1
Unwind@006e1aff	eh_unwind_006e1aff	1
Unwind@006e1b0b	eh_unwind_006e1b0b	1
Unwind@006e1b16	eh_unwind_006e1b16	1
Unwind@006e1b21	eh_unwind_006e1b21	1
Unwind@006e1b2c	eh_unwind_006e1b2c	1
Unwind@006e1b37	eh_unwind_006e1b37	1
Unwind@006e1b42	eh_unwind_006e1b42	1
Unwind@006e1b4d	eh_unwind_006e1b4d	1
Unwind@006e1b58	eh_unwind_006e1b58	1
Unwind@006e1b63	eh_unwind_006e1b63	1
Unwind@006e1b6e	eh_unwind_006e1b6e	1
Unwind@006e1b79	eh_unwind_006e1b79	1
Unwind@006e1b84	eh_unwind_006e1b84	1
Unwind@006e1b8f	eh_unwind_006e1b8f	1
Unwind@006e1b9a	eh_unwind_006e1b9a	1
Unwind@006e1ba5	eh_unwind_006e1ba5	1
Unwind@006e1bb0	eh_unwind_006e1bb0	1
Unwind@006e1bbb	eh_unwind_006e1bbb	1
Unwind@006e1bc6	eh_unwind_006e1bc6	1
Unwind@006e1bd1	eh_unwind_006e1bd1	1
Unwind@006e1bdc	eh_unwind_006e1bdc	1
Unwind@006e1be7	eh_unwind_006e1be7	1
Unwind@006e1bf2	eh_unwind_006e1bf2	1
Unwind@006e1bfd	eh_unwind_006e1bfd	1
Unwind@006e1c08	eh_unwind_006e1c08	1
Unwind@006e1c13	eh_unwind_006e1c13	1
Unwind@006e1c50	eh_unwind_006e1c50	1
Unwind@006e1c58	eh_unwind_006e1c58	1
Unwind@006e1ca0	eh_unwind_006e1ca0	1
Unwind@006e1cc3	eh_unwind_006e1cc3	1
Unwind@006e1ccf	eh_unwind_006e1ccf	1
Unwind@006e1cdb	eh_unwind_006e1cdb	1
Unwind@006e1ce6	eh_unwind_006e1ce6	1
Unwind@006e1cf1	eh_unwind_006e1cf1	1
Unwind@006e1cfc	eh_unwind_006e1cfc	1
Unwind@006e1d07	eh_unwind_006e1d07	1
Unwind@006e1d12	eh_unwind_006e1d12	1
Unwind@006e1d35	eh_unwind_006e1d35	1
Unwind@006e1d41	eh_unwind_006e1d41	1
Unwind@006e1d4d	eh_unwind_006e1d4d	1
Unwind@006e1d58	eh_unwind_006e1d58	1
Unwind@006e1d63	eh_unwind_006e1d63	1
Unwind@006e1d6e	eh_unwind_006e1d6e	1
Unwind@006e1d79	eh_unwind_006e1d79	1
Unwind@006e1d84	eh_unwind_006e1d84	1
Unwind@006e1d8f	eh_unwind_006e1d8f	1
Unwind@006e1d9a	eh_unwind_006e1d9a	1
Unwind@006e1da5	eh_unwind_006e1da5	1
Unwind@006e1db0	eh_unwind_006e1db0	1
Unwind@006e1dbb	eh_unwind_006e1dbb	1
Unwind@006e1dc6	eh_unwind_006e1dc6	1
Unwind@006e1dd1	eh_unwind_006e1dd1	1
Unwind@006e1ddc	eh_unwind_006e1ddc	1
Unwind@006e1de7	eh_unwind_006e1de7	1
Unwind@006e1df2	eh_unwind_006e1df2	1
Unwind@006e1dfd	eh_unwind_006e1dfd	1
Unwind@006e1e40	eh_unwind_006e1e40	1
Unwind@006e1e70	eh_unwind_006e1e70	1
Unwind@006e1e78	eh_unwind_006e1e78	1
Unwind@006e1e80	eh_unwind_006e1e80	1
Unwind@006e1e88	eh_unwind_006e1e88	1
Unwind@006e1e90	eh_unwind_006e1e90	1
Unwind@006e1e98	eh_unwind_006e1e98	1
Unwind@006e1ea0	eh_unwind_006e1ea0	1
Unwind@006e1ea8	eh_unwind_006e1ea8	1
Unwind@006e1eb0	eh_unwind_006e1eb0	1
Unwind@006e1eb8	eh_unwind_006e1eb8	1
Unwind@006e1ec0	eh_unwind_006e1ec0	1
Unwind@006e1ec8	eh_unwind_006e1ec8	1
Unwind@006e1ed0	eh_unwind_006e1ed0	1
Unwind@006e1ed8	eh_unwind_006e1ed8	1
Unwind@006e1ee0	eh_unwind_006e1ee0	1
Unwind@006e1ee8	eh_unwind_006e1ee8	1
Unwind@006e1f60	eh_unwind_006e1f60	1
Unwind@006e1f83	eh_unwind_006e1f83	1
Unwind@006e1f8f	eh_unwind_006e1f8f	1
Unwind@006e1f9b	eh_unwind_006e1f9b	1
Unwind@006e1fa6	eh_unwind_006e1fa6	1
Unwind@006e1fae	eh_unwind_006e1fae	1
Unwind@006e1fb6	eh_unwind_006e1fb6	1
Unwind@006e1fbe	eh_unwind_006e1fbe	1
Unwind@006e1fc6	eh_unwind_006e1fc6	1
Unwind@006e1fce	eh_unwind_006e1fce	1
Unwind@006e1fd6	eh_unwind_006e1fd6	1
Unwind@006e1fde	eh_unwind_006e1fde	1
Unwind@006e1fe6	eh_unwind_006e1fe6	1
Unwind@006e1fee	eh_unwind_006e1fee	1
Unwind@006e1ff6	eh_unwind_006e1ff6	1
Unwind@006e1ffe	eh_unwind_006e1ffe	1
Unwind@006e2006	eh_unwind_006e2006	1
Unwind@006e200e	eh_unwind_006e200e	1
Unwind@006e2016	eh_unwind_006e2016	1
Unwind@006e201e	eh_unwind_006e201e	1
Unwind@006e2026	eh_unwind_006e2026	1
Unwind@006e202e	eh_unwind_006e202e	1
Unwind@006e2036	eh_unwind_006e2036	1
Unwind@006e203e	eh_unwind_006e203e	1
Unwind@006e2046	eh_unwind_006e2046	1
Unwind@006e204e	eh_unwind_006e204e	1
Unwind@006e2056	eh_unwind_006e2056	1
Unwind@006e205e	eh_unwind_006e205e	1
Unwind@006e2066	eh_unwind_006e2066	1
Unwind@006e206e	eh_unwind_006e206e	1
Unwind@006e2076	eh_unwind_006e2076	1
Unwind@006e207e	eh_unwind_006e207e	1
Unwind@006e2086	eh_unwind_006e2086	1
Unwind@006e208e	eh_unwind_006e208e	1
Unwind@006e2096	eh_unwind_006e2096	1
Unwind@006e209e	eh_unwind_006e209e	1
Unwind@006e20a6	eh_unwind_006e20a6	1
Unwind@006e20ae	eh_unwind_006e20ae	1
Unwind@006e20b6	eh_unwind_006e20b6	1
Unwind@006e20be	eh_unwind_006e20be	1
Unwind@006e20c6	eh_unwind_006e20c6	1
Unwind@006e20ce	eh_unwind_006e20ce	1
Unwind@006e20d6	eh_unwind_006e20d6	1
Unwind@006e20de	eh_unwind_006e20de	1
Unwind@006e20e6	eh_unwind_006e20e6	1
Unwind@006e20ee	eh_unwind_006e20ee	1
Unwind@006e20f6	eh_unwind_006e20f6	1
Unwind@006e20fe	eh_unwind_006e20fe	1
Unwind@006e2106	eh_unwind_006e2106	1
Unwind@006e210e	eh_unwind_006e210e	1
Unwind@006e2116	eh_unwind_006e2116	1
Unwind@006e211e	eh_unwind_006e211e	1
Unwind@006e2126	eh_unwind_006e2126	1
Unwind@006e212e	eh_unwind_006e212e	1
Unwind@006e21a0	eh_unwind_006e21a0	1
Unwind@006e21ab	eh_unwind_006e21ab	1
Unwind@006e21b6	eh_unwind_006e21b6	1
Unwind@006e21c1	eh_unwind_006e21c1	1
Unwind@006e2200	eh_unwind_006e2200	1
Unwind@006e2208	eh_unwind_006e2208	1
Unwind@006e2210	eh_unwind_006e2210	1
Unwind@006e221e	eh_unwind_006e221e	1
Unwind@006e2250	eh_unwind_006e2250	1
Unwind@006e2273	eh_unwind_006e2273	1
Unwind@006e227f	eh_unwind_006e227f	1
Unwind@006e228b	eh_unwind_006e228b	1
Unwind@006e2296	eh_unwind_006e2296	1
Unwind@006e22a1	eh_unwind_006e22a1	1
Unwind@006e22ac	eh_unwind_006e22ac	1
Unwind@006e22b7	eh_unwind_006e22b7	1
Unwind@006e22c2	eh_unwind_006e22c2	1
Unwind@006e22cd	eh_unwind_006e22cd	1
Unwind@006e22f0	eh_unwind_006e22f0	1
Unwind@006e22fc	eh_unwind_006e22fc	1
Unwind@006e2308	eh_unwind_006e2308	1
Unwind@006e2313	eh_unwind_006e2313	1
Unwind@006e231e	eh_unwind_006e231e	1
Unwind@006e2329	eh_unwind_006e2329	1
Unwind@006e2334	eh_unwind_006e2334	1
Unwind@006e233f	eh_unwind_006e233f	1
Unwind@006e234a	eh_unwind_006e234a	1
Unwind@006e2355	eh_unwind_006e2355	1
Unwind@006e2360	eh_unwind_006e2360	1
Unwind@006e236b	eh_unwind_006e236b	1
Unwind@006e2376	eh_unwind_006e2376	1
Unwind@006e2381	eh_unwind_006e2381	1
Unwind@006e238c	eh_unwind_006e238c	1
Unwind@006e2397	eh_unwind_006e2397	1
Unwind@006e23a2	eh_unwind_006e23a2	1
Unwind@006e23ad	eh_unwind_006e23ad	1
Unwind@006e23b8	eh_unwind_006e23b8	1
Unwind@006e23c3	eh_unwind_006e23c3	1
Unwind@006e23ce	eh_unwind_006e23ce	1
Unwind@006e23d9	eh_unwind_006e23d9	1
Unwind@006e23e4	eh_unwind_006e23e4	1
Unwind@006e23ef	eh_unwind_006e23ef	1
Unwind@006e23fa	eh_unwind_006e23fa	1
Unwind@006e2405	eh_unwind_006e2405	1
Unwind@006e2410	eh_unwind_006e2410	1
Unwind@006e241b	eh_unwind_006e241b	1
Unwind@006e2426	eh_unwind_006e2426	1
Unwind@006e2431	eh_unwind_006e2431	1
Unwind@006e243c	eh_unwind_006e243c	1
Unwind@006e2447	eh_unwind_006e2447	1
Unwind@006e2452	eh_unwind_006e2452	1
Unwind@006e245d	eh_unwind_006e245d	1
Unwind@006e2468	eh_unwind_006e2468	1
Unwind@006e2473	eh_unwind_006e2473	1
Unwind@006e247e	eh_unwind_006e247e	1
Unwind@006e2489	eh_unwind_006e2489	1
Unwind@006e24d0	eh_unwind_006e24d0	1
Unwind@006e24f3	eh_unwind_006e24f3	1
Unwind@006e24ff	eh_unwind_006e24ff	1
Unwind@006e250b	eh_unwind_006e250b	1
Unwind@006e2516	eh_unwind_006e2516	1
Unwind@006e251e	eh_unwind_006e251e	1
Unwind@006e2526	eh_unwind_006e2526	1
Unwind@006e252e	eh_unwind_006e252e	1
Unwind@006e2536	eh_unwind_006e2536	1
Unwind@006e253e	eh_unwind_006e253e	1
Unwind@006e2546	eh_unwind_006e2546	1
Unwind@006e254e	eh_unwind_006e254e	1
Unwind@006e2556	eh_unwind_006e2556	1
Unwind@006e255e	eh_unwind_006e255e	1
Unwind@006e2566	eh_unwind_006e2566	1
Unwind@006e256e	eh_unwind_006e256e	1
Unwind@006e2576	eh_unwind_006e2576	1
Unwind@006e257e	eh_unwind_006e257e	1
Unwind@006e2586	eh_unwind_006e2586	1
Unwind@006e258e	eh_unwind_006e258e	1
Unwind@006e2596	eh_unwind_006e2596	1
Unwind@006e259e	eh_unwind_006e259e	1
Unwind@006e25a6	eh_unwind_006e25a6	1
Unwind@006e25ae	eh_unwind_006e25ae	1
Unwind@006e25b6	eh_unwind_006e25b6	1
Unwind@006e25be	eh_unwind_006e25be	1
Unwind@006e25c6	eh_unwind_006e25c6	1
Unwind@006e25ce	eh_unwind_006e25ce	1
Unwind@006e25d6	eh_unwind_006e25d6	1
Unwind@006e25de	eh_unwind_006e25de	1
Unwind@006e25e6	eh_unwind_006e25e6	1
Unwind@006e25ee	eh_unwind_006e25ee	1
Unwind@006e25f6	eh_unwind_006e25f6	1
Unwind@006e25fe	eh_unwind_006e25fe	1
Unwind@006e2606	eh_unwind_006e2606	1
Unwind@006e260e	eh_unwind_006e260e	1
Unwind@006e2616	eh_unwind_006e2616	1
Unwind@006e261e	eh_unwind_006e261e	1
Unwind@006e2626	eh_unwind_006e2626	1
Unwind@006e262e	eh_unwind_006e262e	1
Unwind@006e2636	eh_unwind_006e2636	1
Unwind@006e263e	eh_unwind_006e263e	1
Unwind@006e2646	eh_unwind_006e2646	1
Unwind@006e264e	eh_unwind_006e264e	1
Unwind@006e2656	eh_unwind_006e2656	1
Unwind@006e265e	eh_unwind_006e265e	1
Unwind@006e2666	eh_unwind_006e2666	1
Unwind@006e266e	eh_unwind_006e266e	1
Unwind@006e2676	eh_unwind_006e2676	1
Unwind@006e267e	eh_unwind_006e267e	1
Unwind@006e2686	eh_unwind_006e2686	1
Unwind@006e268e	eh_unwind_006e268e	1
Unwind@006e2696	eh_unwind_006e2696	1
Unwind@006e269e	eh_unwind_006e269e	1
Unwind@006e26a6	eh_unwind_006e26a6	1
Unwind@006e26ae	eh_unwind_006e26ae	1
Unwind@006e26b6	eh_unwind_006e26b6	1
Unwind@006e26be	eh_unwind_006e26be	1
Unwind@006e26c9	eh_unwind_006e26c9	1
Unwind@006e26d1	eh_unwind_006e26d1	1
Unwind@006e26dc	eh_unwind_006e26dc	1
Unwind@006e26e7	eh_unwind_006e26e7	1
Unwind@006e26f2	eh_unwind_006e26f2	1
Unwind@006e26fd	eh_unwind_006e26fd	1
Unwind@006e2708	eh_unwind_006e2708	1
Unwind@006e2713	eh_unwind_006e2713	1
Unwind@006e271e	eh_unwind_006e271e	1
Unwind@006e2729	eh_unwind_006e2729	1
Unwind@006e2734	eh_unwind_006e2734	1
Unwind@006e273f	eh_unwind_006e273f	1
Unwind@006e274a	eh_unwind_006e274a	1
Unwind@006e2755	eh_unwind_006e2755	1
Unwind@006e2760	eh_unwind_006e2760	1
Unwind@006e276b	eh_unwind_006e276b	1
Unwind@006e2776	eh_unwind_006e2776	1
Unwind@006e2781	eh_unwind_006e2781	1
Unwind@006e278c	eh_unwind_006e278c	1
Unwind@006e2797	eh_unwind_006e2797	1
Unwind@006e27a2	eh_unwind_006e27a2	1
Unwind@006e27ad	eh_unwind_006e27ad	1
Unwind@006e27b8	eh_unwind_006e27b8	1
Unwind@006e27c3	eh_unwind_006e27c3	1
Unwind@006e27ce	eh_unwind_006e27ce	1
Unwind@006e27d9	eh_unwind_006e27d9	1
Unwind@006e27e4	eh_unwind_006e27e4	1
Unwind@006e27ef	eh_unwind_006e27ef	1
Unwind@006e27fa	eh_unwind_006e27fa	1
Unwind@006e2805	eh_unwind_006e2805	1
Unwind@006e2810	eh_unwind_006e2810	1
Unwind@006e281b	eh_unwind_006e281b	1
Unwind@006e2826	eh_unwind_006e2826	1
Unwind@006e2831	eh_unwind_006e2831	1
Unwind@006e283c	eh_unwind_006e283c	1
Unwind@006e2847	eh_unwind_006e2847	1
Unwind@006e2852	eh_unwind_006e2852	1
Unwind@006e285d	eh_unwind_006e285d	1
Unwind@006e2868	eh_unwind_006e2868	1
Unwind@006e2873	eh_unwind_006e2873	1
Unwind@006e287e	eh_unwind_006e287e	1
Unwind@006e2889	eh_unwind_006e2889	1
Unwind@006e2894	eh_unwind_006e2894	1
Unwind@006e289f	eh_unwind_006e289f	1
Unwind@006e28aa	eh_unwind_006e28aa	1
Unwind@006e28b5	eh_unwind_006e28b5	1
Unwind@006e28c0	eh_unwind_006e28c0	1
Unwind@006e28cb	eh_unwind_006e28cb	1
Unwind@006e28d6	eh_unwind_006e28d6	1
Unwind@006e28e1	eh_unwind_006e28e1	1
Unwind@006e28ec	eh_unwind_006e28ec	1
Unwind@006e28f7	eh_unwind_006e28f7	1
Unwind@006e2930	eh_unwind_006e2930	1
Unwind@006e2960	eh_unwind_006e2960	1
Unwind@006e2990	eh_unwind_006e2990	1
Unwind@006e2998	eh_unwind_006e2998	1
Unwind@006e29a0	eh_unwind_006e29a0	1
Unwind@006e29ae	eh_unwind_006e29ae	1
Unwind@006e29bc	eh_unwind_006e29bc	1
Unwind@006e29f0	eh_unwind_006e29f0	1
Unwind@006e29f8	eh_unwind_006e29f8	1
Unwind@006e2a30	eh_unwind_006e2a30	1
Unwind@006e2a60	eh_unwind_006e2a60	1
Unwind@006e2a68	eh_unwind_006e2a68	1
Unwind@006e2a70	eh_unwind_006e2a70	1
Unwind@006e2a78	eh_unwind_006e2a78	1
Unwind@006e2a80	eh_unwind_006e2a80	1
Unwind@006e2a88	eh_unwind_006e2a88	1
Unwind@006e2a90	eh_unwind_006e2a90	1
Unwind@006e2a98	eh_unwind_006e2a98	1
Unwind@006e2ad0	eh_unwind_006e2ad0	1
Unwind@006e2ade	eh_unwind_006e2ade	1
Unwind@006e2aec	eh_unwind_006e2aec	1
Unwind@006e2afa	eh_unwind_006e2afa	1
Unwind@006e2b08	eh_unwind_006e2b08	1
Unwind@006e2b16	eh_unwind_006e2b16	1
Unwind@006e2b24	eh_unwind_006e2b24	1
Unwind@006e2b32	eh_unwind_006e2b32	1
Unwind@006e2b40	eh_unwind_006e2b40	1
Unwind@006e2b4e	eh_unwind_006e2b4e	1
Unwind@006e2b5c	eh_unwind_006e2b5c	1
Unwind@006e2b6a	eh_unwind_006e2b6a	1
Unwind@006e2b78	eh_unwind_006e2b78	1
Unwind@006e2b86	eh_unwind_006e2b86	1
Unwind@006e2b94	eh_unwind_006e2b94	1
Unwind@006e2ba2	eh_unwind_006e2ba2	1
Unwind@006e2bd0	eh_unwind_006e2bd0	1
Unwind@006e2c00	eh_unwind_006e2c00	1
Unwind@006e2c08	eh_unwind_006e2c08	1
Unwind@006e2c70	eh_unwind_006e2c70	1
Unwind@006e2cc0	eh_unwind_006e2cc0	1
Unwind@006e2d50	eh_unwind_006e2d50	1
Unwind@006e2de0	eh_unwind_006e2de0	1
Unwind@006e2dee	eh_unwind_006e2dee	1
Unwind@006e2df9	eh_unwind_006e2df9	1
Unwind@006e2e07	eh_unwind_006e2e07	1
Unwind@006e2e0f	eh_unwind_006e2e0f	1
Unwind@006e2e17	eh_unwind_006e2e17	1
Unwind@006e2e50	eh_unwind_006e2e50	1
Unwind@006e2e5b	eh_unwind_006e2e5b	1
Unwind@006e2eb0	eh_unwind_006e2eb0	1
Unwind@006e2eb8	eh_unwind_006e2eb8	1
Unwind@006e2ef0	eh_unwind_006e2ef0	1
Unwind@006e2ef8	eh_unwind_006e2ef8	1
Unwind@006e2f20	eh_unwind_006e2f20	1
Unwind@006e2f43	eh_unwind_006e2f43	1
Unwind@006e2f4f	eh_unwind_006e2f4f	1
Unwind@006e2f5b	eh_unwind_006e2f5b	1
Unwind@006e2f66	eh_unwind_006e2f66	1
Unwind@006e2f71	eh_unwind_006e2f71	1
Unwind@006e2f7c	eh_unwind_006e2f7c	1
Unwind@006e2f87	eh_unwind_006e2f87	1
Unwind@006e2f92	eh_unwind_006e2f92	1
Unwind@006e2f9d	eh_unwind_006e2f9d	1
Unwind@006e2fa8	eh_unwind_006e2fa8	1
Unwind@006e2fb3	eh_unwind_006e2fb3	1
Unwind@006e2fbe	eh_unwind_006e2fbe	1
Unwind@006e2fc9	eh_unwind_006e2fc9	1
Unwind@006e2fd4	eh_unwind_006e2fd4	1
Unwind@006e2fdf	eh_unwind_006e2fdf	1
Unwind@006e2fea	eh_unwind_006e2fea	1
Unwind@006e2ff5	eh_unwind_006e2ff5	1
Unwind@006e3000	eh_unwind_006e3000	1
Unwind@006e300b	eh_unwind_006e300b	1
Unwind@006e3016	eh_unwind_006e3016	1
Unwind@006e3021	eh_unwind_006e3021	1
Unwind@006e302c	eh_unwind_006e302c	1
Unwind@006e3037	eh_unwind_006e3037	1
Unwind@006e3042	eh_unwind_006e3042	1
Unwind@006e304d	eh_unwind_006e304d	1
Unwind@006e3058	eh_unwind_006e3058	1
Unwind@006e3063	eh_unwind_006e3063	1
Unwind@006e306e	eh_unwind_006e306e	1
Unwind@006e3079	eh_unwind_006e3079	1
Unwind@006e3084	eh_unwind_006e3084	1
Unwind@006e308f	eh_unwind_006e308f	1
Unwind@006e309a	eh_unwind_006e309a	1
Unwind@006e30a5	eh_unwind_006e30a5	1
Unwind@006e30b0	eh_unwind_006e30b0	1
Unwind@006e30bb	eh_unwind_006e30bb	1
Unwind@006e30c6	eh_unwind_006e30c6	1
Unwind@006e30d1	eh_unwind_006e30d1	1
Unwind@006e3110	eh_unwind_006e3110	1
Unwind@006e311b	eh_unwind_006e311b	1
Unwind@006e3140	eh_unwind_006e3140	1
Unwind@006e3170	eh_unwind_006e3170	1
Unwind@006e3178	eh_unwind_006e3178	1
Unwind@006e3180	eh_unwind_006e3180	1
Unwind@006e31b0	eh_unwind_006e31b0	1
Unwind@006e3210	eh_unwind_006e3210	1
Unwind@006e3240	eh_unwind_006e3240	1
Unwind@006e3270	eh_unwind_006e3270	1
Unwind@006e32a0	eh_unwind_006e32a0	1
Unwind@006e3650	eh_unwind_006e3650	1
Unwind@006e3690	eh_unwind_006e3690	1
Unwind@006e36d0	eh_unwind_006e36d0	1
Unwind@006e3700	eh_unwind_006e3700	1
Unwind@006e3730	eh_unwind_006e3730	1
Unwind@006e3760	eh_unwind_006e3760	1
Unwind@006e37f0	eh_unwind_006e37f0	1
Unwind@006e37f8	eh_unwind_006e37f8	1
Unwind@006e3800	eh_unwind_006e3800	1
Unwind@006e3830	eh_unwind_006e3830	1
Unwind@006e3838	eh_unwind_006e3838	1
Unwind@006e3860	eh_unwind_006e3860	1
Unwind@006e3890	eh_unwind_006e3890	1
Unwind@006e3898	eh_unwind_006e3898	1
Unwind@006e38c0	eh_unwind_006e38c0	1
Unwind@006e3900	eh_unwind_006e3900	1
Unwind@006e3930	eh_unwind_006e3930	1
Unwind@006e3960	eh_unwind_006e3960	1
Unwind@006e3990	eh_unwind_006e3990	1
Unwind@006e39c0	eh_unwind_006e39c0	1
Unwind@006e39f0	eh_unwind_006e39f0	1
Unwind@006e3a20	eh_unwind_006e3a20	1
Unwind@006e3a50	eh_unwind_006e3a50	1
Unwind@006e3a80	eh_unwind_006e3a80	1
Unwind@006e3af0	eh_unwind_006e3af0	1
Unwind@006e3afb	eh_unwind_006e3afb	1
Unwind@006e3b06	eh_unwind_006e3b06	1
Unwind@006e3b30	eh_unwind_006e3b30	1
Unwind@006e3b3b	eh_unwind_006e3b3b	1
Unwind@006e3b4c	eh_unwind_006e3b4c	1
Unwind@006e3b5d	eh_unwind_006e3b5d	1
Unwind@006e3b6e	eh_unwind_006e3b6e	1
Unwind@006e3b7f	eh_unwind_006e3b7f	1
Unwind@006e3b90	eh_unwind_006e3b90	1
Unwind@006e3ba1	eh_unwind_006e3ba1	1
Unwind@006e3bb2	eh_unwind_006e3bb2	1
Unwind@006e3bc3	eh_unwind_006e3bc3	1
Unwind@006e3bd4	eh_unwind_006e3bd4	1
Unwind@006e3be5	eh_unwind_006e3be5	1
Unwind@006e3bf6	eh_unwind_006e3bf6	1
Unwind@006e3c07	eh_unwind_006e3c07	1
Unwind@006e3c18	eh_unwind_006e3c18	1
Unwind@006e3c29	eh_unwind_006e3c29	1
Unwind@006e3c3a	eh_unwind_006e3c3a	1
Unwind@006e3c4b	eh_unwind_006e3c4b	1
Unwind@006e3c5c	eh_unwind_006e3c5c	1
Unwind@006e3c6d	eh_unwind_006e3c6d	1
Unwind@006e3c7e	eh_unwind_006e3c7e	1
Unwind@006e3c8f	eh_unwind_006e3c8f	1
Unwind@006e3ca0	eh_unwind_006e3ca0	1
Unwind@006e3cb1	eh_unwind_006e3cb1	1
Unwind@006e3cc2	eh_unwind_006e3cc2	1
Unwind@006e3cd3	eh_unwind_006e3cd3	1
Unwind@006e3ce4	eh_unwind_006e3ce4	1
Unwind@006e3cf5	eh_unwind_006e3cf5	1
Unwind@006e3d06	eh_unwind_006e3d06	1
Unwind@006e3d17	eh_unwind_006e3d17	1
Unwind@006e3d28	eh_unwind_006e3d28	1
Unwind@006e3d39	eh_unwind_006e3d39	1
Unwind@006e3d4a	eh_unwind_006e3d4a	1
Unwind@006e3d5b	eh_unwind_006e3d5b	1
Unwind@006e3d6c	eh_unwind_006e3d6c	1
Unwind@006e3d7d	eh_unwind_006e3d7d	1
Unwind@006e3d8e	eh_unwind_006e3d8e	1
Unwind@006e3d9f	eh_unwind_006e3d9f	1
Unwind@006e3db0	eh_unwind_006e3db0	1
Unwind@006e3dc1	eh_unwind_006e3dc1	1
Unwind@006e3dd2	eh_unwind_006e3dd2	1
Unwind@006e3de3	eh_unwind_006e3de3	1
Unwind@006e3df4	eh_unwind_006e3df4	1
Unwind@006e3e05	eh_unwind_006e3e05	1
Unwind@006e3e16	eh_unwind_006e3e16	1
Unwind@006e3e27	eh_unwind_006e3e27	1
Unwind@006e3e38	eh_unwind_006e3e38	1
Unwind@006e3e49	eh_unwind_006e3e49	1
Unwind@006e3e5a	eh_unwind_006e3e5a	1
Unwind@006e3e65	eh_unwind_006e3e65	1
Unwind@006e3e70	eh_unwind_006e3e70	1
Unwind@006e3e7b	eh_unwind_006e3e7b	1
Unwind@006e3e86	eh_unwind_006e3e86	1
Unwind@006e3e91	eh_unwind_006e3e91	1
Unwind@006e3e9c	eh_unwind_006e3e9c	1
Unwind@006e3ea7	eh_unwind_006e3ea7	1
Unwind@006e3eb2	eh_unwind_006e3eb2	1
Unwind@006e3ebd	eh_unwind_006e3ebd	1
Unwind@006e3ec8	eh_unwind_006e3ec8	1
Unwind@006e3ed0	eh_unwind_006e3ed0	1
Unwind@006e3ed8	eh_unwind_006e3ed8	1
Unwind@006e3ee3	eh_unwind_006e3ee3	1
Unwind@006e3eeb	eh_unwind_006e3eeb	1
Unwind@006e3ef6	eh_unwind_006e3ef6	1
Unwind@006e3f01	eh_unwind_006e3f01	1
Unwind@006e3f0c	eh_unwind_006e3f0c	1
Unwind@006e3f17	eh_unwind_006e3f17	1
Unwind@006e3f22	eh_unwind_006e3f22	1
Unwind@006e3f2d	eh_unwind_006e3f2d	1
Unwind@006e3f38	eh_unwind_006e3f38	1
Unwind@006e3f43	eh_unwind_006e3f43	1
Unwind@006e3f4e	eh_unwind_006e3f4e	1
Unwind@006e3f59	eh_unwind_006e3f59	1
Unwind@006e3f64	eh_unwind_006e3f64	1
Unwind@006e3f6f	eh_unwind_006e3f6f	1
Unwind@006e3f7a	eh_unwind_006e3f7a	1
Unwind@006e3f85	eh_unwind_006e3f85	1
Unwind@006e3f90	eh_unwind_006e3f90	1
Unwind@006e3f9b	eh_unwind_006e3f9b	1
Unwind@006e3fa6	eh_unwind_006e3fa6	1
Unwind@006e3fb1	eh_unwind_006e3fb1	1
Unwind@006e3fbc	eh_unwind_006e3fbc	1
Unwind@006e3fc7	eh_unwind_006e3fc7	1
Unwind@006e3fd2	eh_unwind_006e3fd2	1
Unwind@006e3fdd	eh_unwind_006e3fdd	1
Unwind@006e3fe8	eh_unwind_006e3fe8	1
Unwind@006e3ff3	eh_unwind_006e3ff3	1
Unwind@006e3ffe	eh_unwind_006e3ffe	1
Unwind@006e4009	eh_unwind_006e4009	1
Unwind@006e4014	eh_unwind_006e4014	1
Unwind@006e401f	eh_unwind_006e401f	1
Unwind@006e402a	eh_unwind_006e402a	1
Unwind@006e4035	eh_unwind_006e4035	1
Unwind@006e4040	eh_unwind_006e4040	1
Unwind@006e404b	eh_unwind_006e404b	1
Unwind@006e4056	eh_unwind_006e4056	1
Unwind@006e4061	eh_unwind_006e4061	1
Unwind@006e406c	eh_unwind_006e406c	1
Unwind@006e4077	eh_unwind_006e4077	1
Unwind@006e4082	eh_unwind_006e4082	1
Unwind@006e408d	eh_unwind_006e408d	1
Unwind@006e4098	eh_unwind_006e4098	1
Unwind@006e40a3	eh_unwind_006e40a3	1
Unwind@006e40ae	eh_unwind_006e40ae	1
Unwind@006e40b9	eh_unwind_006e40b9	1
Unwind@006e40c4	eh_unwind_006e40c4	1
Unwind@006e40cf	eh_unwind_006e40cf	1
Unwind@006e40dd	eh_unwind_006e40dd	1
Unwind@006e40e8	eh_unwind_006e40e8	1
Unwind@006e40f3	eh_unwind_006e40f3	1
Unwind@006e40fe	eh_unwind_006e40fe	1
Unwind@006e4109	eh_unwind_006e4109	1
Unwind@006e4114	eh_unwind_006e4114	1
Unwind@006e411f	eh_unwind_006e411f	1
Unwind@006e412a	eh_unwind_006e412a	1
Unwind@006e4135	eh_unwind_006e4135	1
Unwind@006e4140	eh_unwind_006e4140	1
Unwind@006e414b	eh_unwind_006e414b	1
Unwind@006e4156	eh_unwind_006e4156	1
Unwind@006e4161	eh_unwind_006e4161	1
Unwind@006e416c	eh_unwind_006e416c	1
Unwind@006e4177	eh_unwind_006e4177	1
Unwind@006e4182	eh_unwind_006e4182	1
Unwind@006e418d	eh_unwind_006e418d	1
Unwind@006e4198	eh_unwind_006e4198	1
Unwind@006e41a3	eh_unwind_006e41a3	1
Unwind@006e41ae	eh_unwind_006e41ae	1
Unwind@006e41b9	eh_unwind_006e41b9	1
Unwind@006e41c4	eh_unwind_006e41c4	1
Unwind@006e41cf	eh_unwind_006e41cf	1
Unwind@006e41da	eh_unwind_006e41da	1
Unwind@006e41e5	eh_unwind_006e41e5	1
Unwind@006e41f0	eh_unwind_006e41f0	1
Unwind@006e41fb	eh_unwind_006e41fb	1
Unwind@006e4206	eh_unwind_006e4206	1
Unwind@006e4211	eh_unwind_006e4211	1
Unwind@006e421c	eh_unwind_006e421c	1
Unwind@006e4227	eh_unwind_006e4227	1
Unwind@006e4232	eh_unwind_006e4232	1
Unwind@006e423d	eh_unwind_006e423d	1
Unwind@006e4248	eh_unwind_006e4248	1
Unwind@006e4253	eh_unwind_006e4253	1
Unwind@006e425e	eh_unwind_006e425e	1
Unwind@006e4269	eh_unwind_006e4269	1
Unwind@006e4274	eh_unwind_006e4274	1
Unwind@006e427f	eh_unwind_006e427f	1
Unwind@006e428a	eh_unwind_006e428a	1
Unwind@006e4295	eh_unwind_006e4295	1
Unwind@006e42a0	eh_unwind_006e42a0	1
Unwind@006e42ab	eh_unwind_006e42ab	1
Unwind@006e42b6	eh_unwind_006e42b6	1
Unwind@006e42c1	eh_unwind_006e42c1	1
Unwind@006e42cc	eh_unwind_006e42cc	1
Unwind@006e42d7	eh_unwind_006e42d7	1
Unwind@006e42e2	eh_unwind_006e42e2	1
Unwind@006e42ed	eh_unwind_006e42ed	1
Unwind@006e42f8	eh_unwind_006e42f8	1
Unwind@006e4303	eh_unwind_006e4303	1
Unwind@006e430e	eh_unwind_006e430e	1
Unwind@006e4319	eh_unwind_006e4319	1
Unwind@006e4324	eh_unwind_006e4324	1
Unwind@006e432f	eh_unwind_006e432f	1
Unwind@006e433a	eh_unwind_006e433a	1
Unwind@006e4345	eh_unwind_006e4345	1
Unwind@006e4350	eh_unwind_006e4350	1
Unwind@006e435b	eh_unwind_006e435b	1
Unwind@006e4366	eh_unwind_006e4366	1
Unwind@006e4371	eh_unwind_006e4371	1
Unwind@006e437c	eh_unwind_006e437c	1
Unwind@006e4387	eh_unwind_006e4387	1
Unwind@006e4392	eh_unwind_006e4392	1
Unwind@006e439d	eh_unwind_006e439d	1
Unwind@006e43a8	eh_unwind_006e43a8	1
Unwind@006e43b3	eh_unwind_006e43b3	1
Unwind@006e43be	eh_unwind_006e43be	1
Unwind@006e43c9	eh_unwind_006e43c9	1
Unwind@006e43d4	eh_unwind_006e43d4	1
Unwind@006e43df	eh_unwind_006e43df	1
Unwind@006e43ea	eh_unwind_006e43ea	1
Unwind@006e43f5	eh_unwind_006e43f5	1
Unwind@006e4400	eh_unwind_006e4400	1
Unwind@006e440b	eh_unwind_006e440b	1
Unwind@006e4416	eh_unwind_006e4416	1
Unwind@006e4421	eh_unwind_006e4421	1
Unwind@006e442c	eh_unwind_006e442c	1
Unwind@006e4437	eh_unwind_006e4437	1
Unwind@006e4442	eh_unwind_006e4442	1
Unwind@006e444d	eh_unwind_006e444d	1
Unwind@006e4458	eh_unwind_006e4458	1
Unwind@006e4463	eh_unwind_006e4463	1
Unwind@006e446e	eh_unwind_006e446e	1
Unwind@006e4479	eh_unwind_006e4479	1
Unwind@006e4481	eh_unwind_006e4481	1
Unwind@006e448f	eh_unwind_006e448f	1
Unwind@006e449a	eh_unwind_006e449a	1
Unwind@006e44a5	eh_unwind_006e44a5	1
Unwind@006e44b0	eh_unwind_006e44b0	1
Unwind@006e44bb	eh_unwind_006e44bb	1
Unwind@006e44c6	eh_unwind_006e44c6	1
Unwind@006e44d1	eh_unwind_006e44d1	1
Unwind@006e44dc	eh_unwind_006e44dc	1
Unwind@006e44e7	eh_unwind_006e44e7	1
Unwind@006e44f2	eh_unwind_006e44f2	1
Unwind@006e44fd	eh_unwind_006e44fd	1
Unwind@006e4508	eh_unwind_006e4508	1
Unwind@006e4513	eh_unwind_006e4513	1
Unwind@006e451e	eh_unwind_006e451e	1
Unwind@006e4529	eh_unwind_006e4529	1
Unwind@006e4534	eh_unwind_006e4534	1
Unwind@006e453f	eh_unwind_006e453f	1
Unwind@006e454a	eh_unwind_006e454a	1
Unwind@006e4555	eh_unwind_006e4555	1
Unwind@006e4560	eh_unwind_006e4560	1
Unwind@006e456b	eh_unwind_006e456b	1
Unwind@006e4576	eh_unwind_006e4576	1
Unwind@006e4581	eh_unwind_006e4581	1
Unwind@006e458c	eh_unwind_006e458c	1
Unwind@006e4597	eh_unwind_006e4597	1
Unwind@006e45a2	eh_unwind_006e45a2	1
Unwind@006e45ad	eh_unwind_006e45ad	1
Unwind@006e45b8	eh_unwind_006e45b8	1
Unwind@006e45c3	eh_unwind_006e45c3	1
Unwind@006e45ce	eh_unwind_006e45ce	1
Unwind@006e45d9	eh_unwind_006e45d9	1
Unwind@006e45e4	eh_unwind_006e45e4	1
Unwind@006e45ef	eh_unwind_006e45ef	1
Unwind@006e45fa	eh_unwind_006e45fa	1
Unwind@006e4605	eh_unwind_006e4605	1
Unwind@006e4610	eh_unwind_006e4610	1
Unwind@006e461b	eh_unwind_006e461b	1
Unwind@006e4626	eh_unwind_006e4626	1
Unwind@006e4631	eh_unwind_006e4631	1
Unwind@006e463c	eh_unwind_006e463c	1
Unwind@006e4647	eh_unwind_006e4647	1
Unwind@006e4652	eh_unwind_006e4652	1
Unwind@006e465d	eh_unwind_006e465d	1
Unwind@006e4668	eh_unwind_006e4668	1
Unwind@006e4673	eh_unwind_006e4673	1
Unwind@006e467e	eh_unwind_006e467e	1
Unwind@006e4689	eh_unwind_006e4689	1
Unwind@006e4694	eh_unwind_006e4694	1
Unwind@006e469f	eh_unwind_006e469f	1
Unwind@006e46aa	eh_unwind_006e46aa	1
Unwind@006e46b5	eh_unwind_006e46b5	1
Unwind@006e46c0	eh_unwind_006e46c0	1
Unwind@006e46cb	eh_unwind_006e46cb	1
Unwind@006e46d6	eh_unwind_006e46d6	1
Unwind@006e46e1	eh_unwind_006e46e1	1
Unwind@006e46ec	eh_unwind_006e46ec	1
Unwind@006e46f7	eh_unwind_006e46f7	1
Unwind@006e4702	eh_unwind_006e4702	1
Unwind@006e470d	eh_unwind_006e470d	1
Unwind@006e4718	eh_unwind_006e4718	1
Unwind@006e4723	eh_unwind_006e4723	1
Unwind@006e472e	eh_unwind_006e472e	1
Unwind@006e4739	eh_unwind_006e4739	1
Unwind@006e4744	eh_unwind_006e4744	1
Unwind@006e474f	eh_unwind_006e474f	1
Unwind@006e475a	eh_unwind_006e475a	1
Unwind@006e4765	eh_unwind_006e4765	1
Unwind@006e4770	eh_unwind_006e4770	1
Unwind@006e477b	eh_unwind_006e477b	1
Unwind@006e4786	eh_unwind_006e4786	1
Unwind@006e4791	eh_unwind_006e4791	1
Unwind@006e479c	eh_unwind_006e479c	1
Unwind@006e47a7	eh_unwind_006e47a7	1
Unwind@006e47b2	eh_unwind_006e47b2	1
Unwind@006e47bd	eh_unwind_006e47bd	1
Unwind@006e47c8	eh_unwind_006e47c8	1
Unwind@006e47d3	eh_unwind_006e47d3	1
Unwind@006e47de	eh_unwind_006e47de	1
Unwind@006e47e9	eh_unwind_006e47e9	1
Unwind@006e47f4	eh_unwind_006e47f4	1
Unwind@006e47ff	eh_unwind_006e47ff	1
Unwind@006e480a	eh_unwind_006e480a	1
Unwind@006e4815	eh_unwind_006e4815	1
Unwind@006e4820	eh_unwind_006e4820	1
Unwind@006e482b	eh_unwind_006e482b	1
Unwind@006e4836	eh_unwind_006e4836	1
Unwind@006e4841	eh_unwind_006e4841	1
Unwind@006e484c	eh_unwind_006e484c	1
Unwind@006e4857	eh_unwind_006e4857	1
Unwind@006e4862	eh_unwind_006e4862	1
Unwind@006e486d	eh_unwind_006e486d	1
Unwind@006e4878	eh_unwind_006e4878	1
Unwind@006e4883	eh_unwind_006e4883	1
Unwind@006e488e	eh_unwind_006e488e	1
Unwind@006e4899	eh_unwind_006e4899	1
Unwind@006e48a7	eh_unwind_006e48a7	1
Unwind@006e48b2	eh_unwind_006e48b2	1
Unwind@006e48bd	eh_unwind_006e48bd	1
Unwind@006e48c8	eh_unwind_006e48c8	1
Unwind@006e48d3	eh_unwind_006e48d3	1
Unwind@006e48de	eh_unwind_006e48de	1
Unwind@006e48e9	eh_unwind_006e48e9	1
Unwind@006e48f4	eh_unwind_006e48f4	1
Unwind@006e48ff	eh_unwind_006e48ff	1
Unwind@006e490a	eh_unwind_006e490a	1
Unwind@006e4915	eh_unwind_006e4915	1
Unwind@006e4920	eh_unwind_006e4920	1
Unwind@006e492b	eh_unwind_006e492b	1
Unwind@006e4936	eh_unwind_006e4936	1
Unwind@006e4941	eh_unwind_006e4941	1
Unwind@006e494c	eh_unwind_006e494c	1
Unwind@006e4957	eh_unwind_006e4957	1
Unwind@006e4965	eh_unwind_006e4965	1
Unwind@006e4970	eh_unwind_006e4970	1
Unwind@006e497b	eh_unwind_006e497b	1
Unwind@006e4986	eh_unwind_006e4986	1
Unwind@006e4991	eh_unwind_006e4991	1
Unwind@006e499c	eh_unwind_006e499c	1
Unwind@006e49a7	eh_unwind_006e49a7	1
Unwind@006e49b2	eh_unwind_006e49b2	1
Unwind@006e49bd	eh_unwind_006e49bd	1
Unwind@006e49c8	eh_unwind_006e49c8	1
Unwind@006e49d3	eh_unwind_006e49d3	1
Unwind@006e49de	eh_unwind_006e49de	1
Unwind@006e49e9	eh_unwind_006e49e9	1
Unwind@006e49f4	eh_unwind_006e49f4	1
Unwind@006e49ff	eh_unwind_006e49ff	1
Unwind@006e4a0a	eh_unwind_006e4a0a	1
Unwind@006e4a15	eh_unwind_006e4a15	1
Unwind@006e4a20	eh_unwind_006e4a20	1
Unwind@006e4a2b	eh_unwind_006e4a2b	1
Unwind@006e4a36	eh_unwind_006e4a36	1
Unwind@006e4a41	eh_unwind_006e4a41	1
Unwind@006e4a4c	eh_unwind_006e4a4c	1
Unwind@006e4a57	eh_unwind_006e4a57	1
Unwind@006e4a62	eh_unwind_006e4a62	1
Unwind@006e4a6d	eh_unwind_006e4a6d	1
Unwind@006e4a78	eh_unwind_006e4a78	1
Unwind@006e4a83	eh_unwind_006e4a83	1
Unwind@006e4a8e	eh_unwind_006e4a8e	1
Unwind@006e4a99	eh_unwind_006e4a99	1
Unwind@006e4aa4	eh_unwind_006e4aa4	1
Unwind@006e4aaf	eh_unwind_006e4aaf	1
Unwind@006e4aba	eh_unwind_006e4aba	1
Unwind@006e4ac5	eh_unwind_006e4ac5	1
Unwind@006e4ad0	eh_unwind_006e4ad0	1
Unwind@006e4adb	eh_unwind_006e4adb	1
Unwind@006e4ae6	eh_unwind_006e4ae6	1
Unwind@006e4af1	eh_unwind_006e4af1	1
Unwind@006e4afc	eh_unwind_006e4afc	1
Unwind@006e4b07	eh_unwind_006e4b07	1
Unwind@006e4b12	eh_unwind_006e4b12	1
Unwind@006e4b1d	eh_unwind_006e4b1d	1
Unwind@006e4b28	eh_unwind_006e4b28	1
Unwind@006e4b33	eh_unwind_006e4b33	1
Unwind@006e4b3e	eh_unwind_006e4b3e	1
Unwind@006e4b4c	eh_unwind_006e4b4c	1
Unwind@006e4b57	eh_unwind_006e4b57	1
Unwind@006e4b65	eh_unwind_006e4b65	1
Unwind@006e4b70	eh_unwind_006e4b70	1
Unwind@006e4b7e	eh_unwind_006e4b7e	1
Unwind@006e4b89	eh_unwind_006e4b89	1
Unwind@006e4b97	eh_unwind_006e4b97	1
Unwind@006e4ba2	eh_unwind_006e4ba2	1
Unwind@006e4bb0	eh_unwind_006e4bb0	1
Unwind@006e4bbb	eh_unwind_006e4bbb	1
Unwind@006e4bc6	eh_unwind_006e4bc6	1
Unwind@006e4bd4	eh_unwind_006e4bd4	1
Unwind@006e4be2	eh_unwind_006e4be2	1
Unwind@006e4bf0	eh_unwind_006e4bf0	1
Unwind@006e4bfe	eh_unwind_006e4bfe	1
Unwind@006e4c0c	eh_unwind_006e4c0c	1
Unwind@006e4c17	eh_unwind_006e4c17	1
Unwind@006e4c22	eh_unwind_006e4c22	1
Unwind@006e4c2d	eh_unwind_006e4c2d	1
Unwind@006e4c38	eh_unwind_006e4c38	1
Unwind@006e4c43	eh_unwind_006e4c43	1
Unwind@006e4c4e	eh_unwind_006e4c4e	1
Unwind@006e4c59	eh_unwind_006e4c59	1
Unwind@006e4c64	eh_unwind_006e4c64	1
Unwind@006e4c6f	eh_unwind_006e4c6f	1
Unwind@006e4c7a	eh_unwind_006e4c7a	1
Unwind@006e4c85	eh_unwind_006e4c85	1
Unwind@006e4c90	eh_unwind_006e4c90	1
Unwind@006e4c9b	eh_unwind_006e4c9b	1
Unwind@006e4ca6	eh_unwind_006e4ca6	1
Unwind@006e4cb1	eh_unwind_006e4cb1	1
Unwind@006e4cbc	eh_unwind_006e4cbc	1
Unwind@006e4cc7	eh_unwind_006e4cc7	1
Unwind@006e4cd2	eh_unwind_006e4cd2	1
Unwind@006e4cdd	eh_unwind_006e4cdd	1
Unwind@006e4ce8	eh_unwind_006e4ce8	1
Unwind@006e4cf3	eh_unwind_006e4cf3	1
Unwind@006e4cfe	eh_unwind_006e4cfe	1
Unwind@006e4d09	eh_unwind_006e4d09	1
Unwind@006e4d17	eh_unwind_006e4d17	1
Unwind@006e4d22	eh_unwind_006e4d22	1
Unwind@006e4d30	eh_unwind_006e4d30	1
Unwind@006e4d3b	eh_unwind_006e4d3b	1
Unwind@006e4d46	eh_unwind_006e4d46	1
Unwind@006e4d51	eh_unwind_006e4d51	1
Unwind@006e4d5f	eh_unwind_006e4d5f	1
Unwind@006e4d6a	eh_unwind_006e4d6a	1
Unwind@006e4d78	eh_unwind_006e4d78	1
Unwind@006e4d83	eh_unwind_006e4d83	1
Unwind@006e4d8e	eh_unwind_006e4d8e	1
Unwind@006e4d99	eh_unwind_006e4d99	1
Unwind@006e4da7	eh_unwind_006e4da7	1
Unwind@006e4dc9	eh_unwind_006e4dc9	1
Unwind@006e4dd4	eh_unwind_006e4dd4	1
Unwind@006e4de2	eh_unwind_006e4de2	1
Unwind@006e4ded	eh_unwind_006e4ded	1
Unwind@006e4dfb	eh_unwind_006e4dfb	1
Unwind@006e4e06	eh_unwind_006e4e06	1
Unwind@006e4e14	eh_unwind_006e4e14	1
Unwind@006e4e1f	eh_unwind_006e4e1f	1
Unwind@006e4e2a	eh_unwind_006e4e2a	1
Unwind@006e4e38	eh_unwind_006e4e38	1
Unwind@006e4e43	eh_unwind_006e4e43	1
Unwind@006e4e4e	eh_unwind_006e4e4e	1
Unwind@006e4e5c	eh_unwind_006e4e5c	1
Unwind@006e4e67	eh_unwind_006e4e67	1
Unwind@006e4e75	eh_unwind_006e4e75	1
Unwind@006e4e80	eh_unwind_006e4e80	1
Unwind@006e4e8b	eh_unwind_006e4e8b	1
Unwind@006e4e96	eh_unwind_006e4e96	1
Unwind@006e4ea4	eh_unwind_006e4ea4	1
Unwind@006e4eaf	eh_unwind_006e4eaf	1
Unwind@006e4eba	eh_unwind_006e4eba	1
Unwind@006e4ec5	eh_unwind_006e4ec5	1
Unwind@006e4ed0	eh_unwind_006e4ed0	1
Unwind@006e4ede	eh_unwind_006e4ede	1
Unwind@006e4ee9	eh_unwind_006e4ee9	1
Unwind@006e4ef7	eh_unwind_006e4ef7	1
Unwind@006e4f02	eh_unwind_006e4f02	1
Unwind@006e4f0d	eh_unwind_006e4f0d	1
Unwind@006e4f18	eh_unwind_006e4f18	1
Unwind@006e4f23	eh_unwind_006e4f23	1
Unwind@006e4f2e	eh_unwind_006e4f2e	1
Unwind@006e4f70	eh_unwind_006e4f70	1
Unwind@006e4f7b	eh_unwind_006e4f7b	1
Unwind@006e4fb0	eh_unwind_006e4fb0	1
Unwind@006e4fe0	eh_unwind_006e4fe0	1
Unwind@006e4fe8	eh_unwind_006e4fe8	1
Unwind@006e4ff3	eh_unwind_006e4ff3	1
Unwind@006e4ffe	eh_unwind_006e4ffe	1
Unwind@006e5009	eh_unwind_006e5009	1
Unwind@006e5014	eh_unwind_006e5014	1
Unwind@006e501f	eh_unwind_006e501f	1
Unwind@006e502a	eh_unwind_006e502a	1
Unwind@006e5035	eh_unwind_006e5035	1
Unwind@006e5040	eh_unwind_006e5040	1
Unwind@006e504b	eh_unwind_006e504b	1
Unwind@006e5056	eh_unwind_006e5056	1
Unwind@006e5080	eh_unwind_006e5080	1
Unwind@006e508b	eh_unwind_006e508b	1
Unwind@006e5096	eh_unwind_006e5096	1
Unwind@006e50a4	eh_unwind_006e50a4	1
Unwind@006e50d0	eh_unwind_006e50d0	1
Unwind@006e50d8	eh_unwind_006e50d8	1
Unwind@006e50e6	eh_unwind_006e50e6	1
Unwind@006e50f4	eh_unwind_006e50f4	1
Unwind@006e5102	eh_unwind_006e5102	1
Unwind@006e5110	eh_unwind_006e5110	1
Unwind@006e511e	eh_unwind_006e511e	1
Unwind@006e512c	eh_unwind_006e512c	1
Unwind@006e513a	eh_unwind_006e513a	1
Unwind@006e5148	eh_unwind_006e5148	1
Unwind@006e5156	eh_unwind_006e5156	1
Unwind@006e5164	eh_unwind_006e5164	1
Unwind@006e5172	eh_unwind_006e5172	1
Unwind@006e5180	eh_unwind_006e5180	1
Unwind@006e518e	eh_unwind_006e518e	1
Unwind@006e519c	eh_unwind_006e519c	1
Unwind@006e51aa	eh_unwind_006e51aa	1
Unwind@006e51b8	eh_unwind_006e51b8	1
Unwind@006e51c6	eh_unwind_006e51c6	1
Unwind@006e51d4	eh_unwind_006e51d4	1
Unwind@006e51e2	eh_unwind_006e51e2	1
Unwind@006e51f0	eh_unwind_006e51f0	1
Unwind@006e51fe	eh_unwind_006e51fe	1
Unwind@006e520c	eh_unwind_006e520c	1
Unwind@006e521a	eh_unwind_006e521a	1
Unwind@006e5228	eh_unwind_006e5228	1
Unwind@006e5236	eh_unwind_006e5236	1
Unwind@006e5244	eh_unwind_006e5244	1
Unwind@006e5252	eh_unwind_006e5252	1
Unwind@006e5260	eh_unwind_006e5260	1
Unwind@006e526e	eh_unwind_006e526e	1
Unwind@006e527c	eh_unwind_006e527c	1
Unwind@006e528a	eh_unwind_006e528a	1
Unwind@006e5298	eh_unwind_006e5298	1
Unwind@006e52a6	eh_unwind_006e52a6	1
Unwind@006e52b4	eh_unwind_006e52b4	1
Unwind@006e52c2	eh_unwind_006e52c2	1
Unwind@006e52d0	eh_unwind_006e52d0	1
Unwind@006e52de	eh_unwind_006e52de	1
Unwind@006e52ec	eh_unwind_006e52ec	1
Unwind@006e52fa	eh_unwind_006e52fa	1
Unwind@006e5308	eh_unwind_006e5308	1
Unwind@006e5316	eh_unwind_006e5316	1
Unwind@006e5324	eh_unwind_006e5324	1
Unwind@006e5332	eh_unwind_006e5332	1
Unwind@006e5340	eh_unwind_006e5340	1
Unwind@006e534e	eh_unwind_006e534e	1
Unwind@006e535c	eh_unwind_006e535c	1
Unwind@006e5410	eh_unwind_006e5410	1
Unwind@006e5440	eh_unwind_006e5440	1
Unwind@006e544b	eh_unwind_006e544b	1
Unwind@006e5456	eh_unwind_006e5456	1
Unwind@006e5461	eh_unwind_006e5461	1
Unwind@006e546c	eh_unwind_006e546c	1
Unwind@006e5474	eh_unwind_006e5474	1
Unwind@006e54b0	eh_unwind_006e54b0	1
Unwind@006e54bb	eh_unwind_006e54bb	1
Unwind@006e54c6	eh_unwind_006e54c6	1
Unwind@006e54ce	eh_unwind_006e54ce	1
Unwind@006e54d9	eh_unwind_006e54d9	1
Unwind@006e5510	eh_unwind_006e5510	1
Unwind@006e551b	eh_unwind_006e551b	1
Unwind@006e5526	eh_unwind_006e5526	1
Unwind@006e5549	eh_unwind_006e5549	1
Unwind@006e5555	eh_unwind_006e5555	1
Unwind@006e5561	eh_unwind_006e5561	1
Unwind@006e556c	eh_unwind_006e556c	1
Unwind@006e5574	eh_unwind_006e5574	1
Unwind@006e557f	eh_unwind_006e557f	1
Unwind@006e558d	eh_unwind_006e558d	1
Unwind@006e5598	eh_unwind_006e5598	1
Unwind@006e55a3	eh_unwind_006e55a3	1
Unwind@006e55b1	eh_unwind_006e55b1	1
Unwind@006e55bc	eh_unwind_006e55bc	1
Unwind@006e55c7	eh_unwind_006e55c7	1
Unwind@006e55d2	eh_unwind_006e55d2	1
Unwind@006e55e0	eh_unwind_006e55e0	1
Unwind@006e55e8	eh_unwind_006e55e8	1
Unwind@006e55f3	eh_unwind_006e55f3	1
Unwind@006e55fe	eh_unwind_006e55fe	1
Unwind@006e5606	eh_unwind_006e5606	1
Unwind@006e5640	eh_unwind_006e5640	1
Unwind@006e5730	eh_unwind_006e5730	1
Unwind@006e5738	eh_unwind_006e5738	1
Unwind@006e5770	eh_unwind_006e5770	1
Unwind@006e5793	eh_unwind_006e5793	1
Unwind@006e579f	eh_unwind_006e579f	1
Unwind@006e57ab	eh_unwind_006e57ab	1
Unwind@006e57b6	eh_unwind_006e57b6	1
Unwind@006e57c1	eh_unwind_006e57c1	1
Unwind@006e57cc	eh_unwind_006e57cc	1
Unwind@006e57d7	eh_unwind_006e57d7	1
Unwind@006e57e2	eh_unwind_006e57e2	1
Unwind@006e57ed	eh_unwind_006e57ed	1
Unwind@006e57f8	eh_unwind_006e57f8	1
Unwind@006e5803	eh_unwind_006e5803	1
Unwind@006e580e	eh_unwind_006e580e	1
Unwind@006e5819	eh_unwind_006e5819	1
Unwind@006e5827	eh_unwind_006e5827	1
Unwind@006e5835	eh_unwind_006e5835	1
Unwind@006e5840	eh_unwind_006e5840	1
Unwind@006e584b	eh_unwind_006e584b	1
Unwind@006e586e	eh_unwind_006e586e	1
Unwind@006e587a	eh_unwind_006e587a	1
Unwind@006e5886	eh_unwind_006e5886	1
Unwind@006e5891	eh_unwind_006e5891	1
Unwind@006e589c	eh_unwind_006e589c	1
Unwind@006e58bf	eh_unwind_006e58bf	1
Unwind@006e58cb	eh_unwind_006e58cb	1
Unwind@006e58d7	eh_unwind_006e58d7	1
Unwind@006e58e2	eh_unwind_006e58e2	1
Unwind@006e58ed	eh_unwind_006e58ed	1
Unwind@006e5920	eh_unwind_006e5920	1
Unwind@006e5950	eh_unwind_006e5950	1
Unwind@006e5980	eh_unwind_006e5980	1
Unwind@006e59c0	eh_unwind_006e59c0	1
Unwind@006e59cb	eh_unwind_006e59cb	1
Unwind@006e59d6	eh_unwind_006e59d6	1
Unwind@006e59e1	eh_unwind_006e59e1	1
Unwind@006e59e9	eh_unwind_006e59e9	1
Unwind@006e59f1	eh_unwind_006e59f1	1
Unwind@006e59f9	eh_unwind_006e59f9	1
Unwind@006e5a01	eh_unwind_006e5a01	1
Unwind@006e5a09	eh_unwind_006e5a09	1
Unwind@006e5a11	eh_unwind_006e5a11	1
Unwind@006e5a1c	eh_unwind_006e5a1c	1
Unwind@006e5a24	eh_unwind_006e5a24	1
Unwind@006e5a2f	eh_unwind_006e5a2f	1
Unwind@006e5a37	eh_unwind_006e5a37	1
Unwind@006e5a42	eh_unwind_006e5a42	1
Unwind@006e5a4d	eh_unwind_006e5a4d	1
Unwind@006e5a58	eh_unwind_006e5a58	1
Unwind@006e5a63	eh_unwind_006e5a63	1
Unwind@006e5a6e	eh_unwind_006e5a6e	1
Unwind@006e5a79	eh_unwind_006e5a79	1
Unwind@006e5a9c	eh_unwind_006e5a9c	1
Unwind@006e5aa8	eh_unwind_006e5aa8	1
Unwind@006e5ab4	eh_unwind_006e5ab4	1
Unwind@006e5af0	eh_unwind_006e5af0	1
Unwind@006e5b13	eh_unwind_006e5b13	1
Unwind@006e5b1f	eh_unwind_006e5b1f	1
Unwind@006e5b2b	eh_unwind_006e5b2b	1
Unwind@006e5b36	eh_unwind_006e5b36	1
Unwind@006e5b3e	eh_unwind_006e5b3e	1
Unwind@006e5b46	eh_unwind_006e5b46	1
Unwind@006e5b4e	eh_unwind_006e5b4e	1
Unwind@006e5b56	eh_unwind_006e5b56	1
Unwind@006e5b5e	eh_unwind_006e5b5e	1
Unwind@006e5b66	eh_unwind_006e5b66	1
Unwind@006e5b6e	eh_unwind_006e5b6e	1
Unwind@006e5b76	eh_unwind_006e5b76	1
Unwind@006e5b7e	eh_unwind_006e5b7e	1
Unwind@006e5b86	eh_unwind_006e5b86	1
Unwind@006e5b8e	eh_unwind_006e5b8e	1
Unwind@006e5b96	eh_unwind_006e5b96	1
Unwind@006e5b9e	eh_unwind_006e5b9e	1
Unwind@006e5ba6	eh_unwind_006e5ba6	1
Unwind@006e5bae	eh_unwind_006e5bae	1
Unwind@006e5bb6	eh_unwind_006e5bb6	1
Unwind@006e5bbe	eh_unwind_006e5bbe	1
Unwind@006e5bc6	eh_unwind_006e5bc6	1
Unwind@006e5bce	eh_unwind_006e5bce	1
Unwind@006e5bd6	eh_unwind_006e5bd6	1
Unwind@006e5bde	eh_unwind_006e5bde	1
Unwind@006e5be6	eh_unwind_006e5be6	1
Unwind@006e5bee	eh_unwind_006e5bee	1
Unwind@006e5bf6	eh_unwind_006e5bf6	1
Unwind@006e5bfe	eh_unwind_006e5bfe	1
Unwind@006e5c06	eh_unwind_006e5c06	1
Unwind@006e5c0e	eh_unwind_006e5c0e	1
Unwind@006e5c16	eh_unwind_006e5c16	1
Unwind@006e5c1e	eh_unwind_006e5c1e	1
Unwind@006e5c26	eh_unwind_006e5c26	1
Unwind@006e5c2e	eh_unwind_006e5c2e	1
Unwind@006e5c36	eh_unwind_006e5c36	1
Unwind@006e5c3e	eh_unwind_006e5c3e	1
Unwind@006e5c46	eh_unwind_006e5c46	1
Unwind@006e5c4e	eh_unwind_006e5c4e	1
Unwind@006e5c56	eh_unwind_006e5c56	1
Unwind@006e5c5e	eh_unwind_006e5c5e	1
Unwind@006e5c66	eh_unwind_006e5c66	1
Unwind@006e5c6e	eh_unwind_006e5c6e	1
Unwind@006e5c76	eh_unwind_006e5c76	1
Unwind@006e5c7e	eh_unwind_006e5c7e	1
Unwind@006e5c86	eh_unwind_006e5c86	1
Unwind@006e5c8e	eh_unwind_006e5c8e	1
Unwind@006e5c96	eh_unwind_006e5c96	1
Unwind@006e5ca1	eh_unwind_006e5ca1	1
Unwind@006e5cac	eh_unwind_006e5cac	1
Unwind@006e5cb7	eh_unwind_006e5cb7	1
Unwind@006e5cc2	eh_unwind_006e5cc2	1
Unwind@006e5ccd	eh_unwind_006e5ccd	1
Unwind@006e5cd8	eh_unwind_006e5cd8	1
Unwind@006e5ce3	eh_unwind_006e5ce3	1
Unwind@006e5cee	eh_unwind_006e5cee	1
Unwind@006e5cf9	eh_unwind_006e5cf9	1
Unwind@006e5d04	eh_unwind_006e5d04	1
Unwind@006e5d0f	eh_unwind_006e5d0f	1
Unwind@006e5d1a	eh_unwind_006e5d1a	1
Unwind@006e5d25	eh_unwind_006e5d25	1
Unwind@006e5d30	eh_unwind_006e5d30	1
Unwind@006e5d3b	eh_unwind_006e5d3b	1
Unwind@006e5d46	eh_unwind_006e5d46	1
Unwind@006e5d51	eh_unwind_006e5d51	1
Unwind@006e5d5c	eh_unwind_006e5d5c	1
Unwind@006e5d67	eh_unwind_006e5d67	1
Unwind@006e5d72	eh_unwind_006e5d72	1
Unwind@006e5d7d	eh_unwind_006e5d7d	1
Unwind@006e5d88	eh_unwind_006e5d88	1
Unwind@006e5d93	eh_unwind_006e5d93	1
Unwind@006e5d9e	eh_unwind_006e5d9e	1
Unwind@006e5da9	eh_unwind_006e5da9	1
Unwind@006e5db4	eh_unwind_006e5db4	1
Unwind@006e5dbf	eh_unwind_006e5dbf	1
Unwind@006e5dc7	eh_unwind_006e5dc7	1
Unwind@006e5dd2	eh_unwind_006e5dd2	1
Unwind@006e5dda	eh_unwind_006e5dda	1
Unwind@006e5de5	eh_unwind_006e5de5	1
Unwind@006e5df0	eh_unwind_006e5df0	1
Unwind@006e5dfb	eh_unwind_006e5dfb	1
Unwind@006e5e03	eh_unwind_006e5e03	1
Unwind@006e5e0e	eh_unwind_006e5e0e	1
Unwind@006e5e16	eh_unwind_006e5e16	1
Unwind@006e5e21	eh_unwind_006e5e21	1
Unwind@006e5e2c	eh_unwind_006e5e2c	1
Unwind@006e5e37	eh_unwind_006e5e37	1
Unwind@006e5e42	eh_unwind_006e5e42	1
Unwind@006e5e4d	eh_unwind_006e5e4d	1
Unwind@006e5e58	eh_unwind_006e5e58	1
Unwind@006e5e63	eh_unwind_006e5e63	1
Unwind@006e5e6e	eh_unwind_006e5e6e	1
Unwind@006e5e79	eh_unwind_006e5e79	1
Unwind@006e5e84	eh_unwind_006e5e84	1
Unwind@006e5e8f	eh_unwind_006e5e8f	1
Unwind@006e5e9a	eh_unwind_006e5e9a	1
Unwind@006e5ea5	eh_unwind_006e5ea5	1
Unwind@006e5eb0	eh_unwind_006e5eb0	1
Unwind@006e5ebb	eh_unwind_006e5ebb	1
Unwind@006e5ec6	eh_unwind_006e5ec6	1
Unwind@006e5ed1	eh_unwind_006e5ed1	1
Unwind@006e5edc	eh_unwind_006e5edc	1
Unwind@006e5ee7	eh_unwind_006e5ee7	1
Unwind@006e5ef2	eh_unwind_006e5ef2	1
Unwind@006e5efd	eh_unwind_006e5efd	1
Unwind@006e5f08	eh_unwind_006e5f08	1
Unwind@006e5f13	eh_unwind_006e5f13	1
Unwind@006e5f1e	eh_unwind_006e5f1e	1
Unwind@006e5f29	eh_unwind_006e5f29	1
Unwind@006e5f34	eh_unwind_006e5f34	1
Unwind@006e5f3f	eh_unwind_006e5f3f	1
Unwind@006e5f4a	eh_unwind_006e5f4a	1
Unwind@006e5f55	eh_unwind_006e5f55	1
Unwind@006e5f60	eh_unwind_006e5f60	1
Unwind@006e5f6b	eh_unwind_006e5f6b	1
Unwind@006e5f76	eh_unwind_006e5f76	1
Unwind@006e5f81	eh_unwind_006e5f81	1
Unwind@006e5f8c	eh_unwind_006e5f8c	1
Unwind@006e5f97	eh_unwind_006e5f97	1
Unwind@006e5fd0	eh_unwind_006e5fd0	1
Unwind@006e6010	eh_unwind_006e6010	1
Unwind@006e601b	eh_unwind_006e601b	1
Unwind@006e6026	eh_unwind_006e6026	1
Unwind@006e6031	eh_unwind_006e6031	1
Unwind@006e603c	eh_unwind_006e603c	1
Unwind@006e6070	eh_unwind_006e6070	1
Unwind@006e60a0	eh_unwind_006e60a0	1
Unwind@006e60c3	eh_unwind_006e60c3	1
Unwind@006e60cf	eh_unwind_006e60cf	1
Unwind@006e60d8	eh_unwind_006e60d8	1
Unwind@006e60e3	eh_unwind_006e60e3	1
Unwind@006e60eb	eh_unwind_006e60eb	1
Unwind@006e60f3	eh_unwind_006e60f3	1
Unwind@006e60fb	eh_unwind_006e60fb	1
Unwind@006e6103	eh_unwind_006e6103	1
Unwind@006e610b	eh_unwind_006e610b	1
Unwind@006e6140	eh_unwind_006e6140	1
Unwind@006e615d	eh_unwind_006e615d	1
Unwind@006e6169	eh_unwind_006e6169	1
Unwind@006e6175	eh_unwind_006e6175	1
Unwind@006e6180	eh_unwind_006e6180	1
Unwind@006e6188	eh_unwind_006e6188	1
Unwind@006e61c0	eh_unwind_006e61c0	1
Unwind@006e61dd	eh_unwind_006e61dd	1
Unwind@006e61e9	eh_unwind_006e61e9	1
Unwind@006e61f5	eh_unwind_006e61f5	1
Unwind@006e6200	eh_unwind_006e6200	1
Unwind@006e6208	eh_unwind_006e6208	1
Unwind@006e6210	eh_unwind_006e6210	1
Unwind@006e6218	eh_unwind_006e6218	1
Unwind@006e6220	eh_unwind_006e6220	1
Unwind@006e6260	eh_unwind_006e6260	1
Unwind@006e6268	eh_unwind_006e6268	1
Unwind@006e6276	eh_unwind_006e6276	1
Unwind@006e62a0	eh_unwind_006e62a0	1
Unwind@006e62a8	eh_unwind_006e62a8	1
Unwind@006e62b0	eh_unwind_006e62b0	1
Unwind@006e62b8	eh_unwind_006e62b8	1
Unwind@006e62c0	eh_unwind_006e62c0	1
Unwind@006e62e3	eh_unwind_006e62e3	1
Unwind@006e62ef	eh_unwind_006e62ef	1
Unwind@006e62fb	eh_unwind_006e62fb	1
Unwind@006e6306	eh_unwind_006e6306	1
Unwind@006e6311	eh_unwind_006e6311	1
Unwind@006e6319	eh_unwind_006e6319	1
Unwind@006e6321	eh_unwind_006e6321	1
Unwind@006e6329	eh_unwind_006e6329	1
Unwind@006e6331	eh_unwind_006e6331	1
Unwind@006e6339	eh_unwind_006e6339	1
Unwind@006e6370	eh_unwind_006e6370	1
Unwind@006e6378	eh_unwind_006e6378	1
Unwind@006e6380	eh_unwind_006e6380	1
Unwind@006e63b0	eh_unwind_006e63b0	1
Unwind@006e63b8	eh_unwind_006e63b8	1
Unwind@006e63c0	eh_unwind_006e63c0	1
Unwind@006e63dd	eh_unwind_006e63dd	1
Unwind@006e63e9	eh_unwind_006e63e9	1
Unwind@006e63f5	eh_unwind_006e63f5	1
Unwind@006e6400	eh_unwind_006e6400	1
Unwind@006e6408	eh_unwind_006e6408	1
Unwind@006e6425	eh_unwind_006e6425	1
Unwind@006e6431	eh_unwind_006e6431	1
Unwind@006e643d	eh_unwind_006e643d	1
Unwind@006e6448	eh_unwind_006e6448	1
Unwind@006e6465	eh_unwind_006e6465	1
Unwind@006e6471	eh_unwind_006e6471	1
Unwind@006e647d	eh_unwind_006e647d	1
Unwind@006e6488	eh_unwind_006e6488	1
Unwind@006e6490	eh_unwind_006e6490	1
Unwind@006e64c0	eh_unwind_006e64c0	1
Unwind@006e64c8	eh_unwind_006e64c8	1
Unwind@006e64d0	eh_unwind_006e64d0	1
Unwind@006e64d8	eh_unwind_006e64d8	1
Unwind@006e64e0	eh_unwind_006e64e0	1
Unwind@006e64e8	eh_unwind_006e64e8	1
Unwind@006e6520	eh_unwind_006e6520	1
Unwind@006e6528	eh_unwind_006e6528	1
Unwind@006e6530	eh_unwind_006e6530	1
Unwind@006e6538	eh_unwind_006e6538	1
Unwind@006e6570	eh_unwind_006e6570	1
Unwind@006e6578	eh_unwind_006e6578	1
Unwind@006e6580	eh_unwind_006e6580	1
Unwind@006e6588	eh_unwind_006e6588	1
Unwind@006e6590	eh_unwind_006e6590	1
Unwind@006e6598	eh_unwind_006e6598	1
Unwind@006e65a3	eh_unwind_006e65a3	1
Unwind@006e65e0	eh_unwind_006e65e0	1
Unwind@006e65eb	eh_unwind_006e65eb	1
Unwind@006e65f3	eh_unwind_006e65f3	1
Unwind@006e65fb	eh_unwind_006e65fb	1
Unwind@006e6603	eh_unwind_006e6603	1
Unwind@006e660b	eh_unwind_006e660b	1
Unwind@006e6613	eh_unwind_006e6613	1
Unwind@006e6630	eh_unwind_006e6630	1
Unwind@006e663c	eh_unwind_006e663c	1
Unwind@006e6648	eh_unwind_006e6648	1
Unwind@006e6680	eh_unwind_006e6680	1
Unwind@006e668b	eh_unwind_006e668b	1
Unwind@006e66c0	eh_unwind_006e66c0	1
Unwind@006e66c8	eh_unwind_006e66c8	1
Unwind@006e6700	eh_unwind_006e6700	1
Unwind@006e670b	eh_unwind_006e670b	1
Unwind@006e6716	eh_unwind_006e6716	1
Unwind@006e6721	eh_unwind_006e6721	1
Unwind@006e672c	eh_unwind_006e672c	1
Unwind@006e6734	eh_unwind_006e6734	1
Unwind@006e673f	eh_unwind_006e673f	1
Unwind@006e674a	eh_unwind_006e674a	1
Unwind@006e6755	eh_unwind_006e6755	1
Unwind@006e6760	eh_unwind_006e6760	1
Unwind@006e676b	eh_unwind_006e676b	1
Unwind@006e6776	eh_unwind_006e6776	1
Unwind@006e6781	eh_unwind_006e6781	1
Unwind@006e678c	eh_unwind_006e678c	1
Unwind@006e6797	eh_unwind_006e6797	1
Unwind@006e67a2	eh_unwind_006e67a2	1
Unwind@006e67ad	eh_unwind_006e67ad	1
Unwind@006e67b8	eh_unwind_006e67b8	1
Unwind@006e67c3	eh_unwind_006e67c3	1
Unwind@006e67ce	eh_unwind_006e67ce	1
Unwind@006e67d9	eh_unwind_006e67d9	1
Unwind@006e67e4	eh_unwind_006e67e4	1
Unwind@006e67ef	eh_unwind_006e67ef	1
Unwind@006e67fa	eh_unwind_006e67fa	1
Unwind@006e6805	eh_unwind_006e6805	1
Unwind@006e6810	eh_unwind_006e6810	1
Unwind@006e681b	eh_unwind_006e681b	1
Unwind@006e6826	eh_unwind_006e6826	1
Unwind@006e6831	eh_unwind_006e6831	1
Unwind@006e683c	eh_unwind_006e683c	1
Unwind@006e6847	eh_unwind_006e6847	1
Unwind@006e6852	eh_unwind_006e6852	1
Unwind@006e685d	eh_unwind_006e685d	1
Unwind@006e6868	eh_unwind_006e6868	1
Unwind@006e6873	eh_unwind_006e6873	1
Unwind@006e687e	eh_unwind_006e687e	1
Unwind@006e6889	eh_unwind_006e6889	1
Unwind@006e6891	eh_unwind_006e6891	1
Unwind@006e689c	eh_unwind_006e689c	1
Unwind@006e68a7	eh_unwind_006e68a7	1
Unwind@006e68b2	eh_unwind_006e68b2	1
Unwind@006e68bd	eh_unwind_006e68bd	1
Unwind@006e68c8	eh_unwind_006e68c8	1
Unwind@006e68d3	eh_unwind_006e68d3	1
Unwind@006e68de	eh_unwind_006e68de	1
Unwind@006e68e9	eh_unwind_006e68e9	1
Unwind@006e68f4	eh_unwind_006e68f4	1
Unwind@006e68ff	eh_unwind_006e68ff	1
Unwind@006e690a	eh_unwind_006e690a	1
Unwind@006e6915	eh_unwind_006e6915	1
Unwind@006e6920	eh_unwind_006e6920	1
Unwind@006e692b	eh_unwind_006e692b	1
Unwind@006e6936	eh_unwind_006e6936	1
Unwind@006e6941	eh_unwind_006e6941	1
Unwind@006e694c	eh_unwind_006e694c	1
Unwind@006e6957	eh_unwind_006e6957	1
Unwind@006e6962	eh_unwind_006e6962	1
Unwind@006e696d	eh_unwind_006e696d	1
Unwind@006e6978	eh_unwind_006e6978	1
Unwind@006e6983	eh_unwind_006e6983	1
Unwind@006e698e	eh_unwind_006e698e	1
Unwind@006e6999	eh_unwind_006e6999	1
Unwind@006e69a4	eh_unwind_006e69a4	1
Unwind@006e69af	eh_unwind_006e69af	1
Unwind@006e69ba	eh_unwind_006e69ba	1
Unwind@006e69c5	eh_unwind_006e69c5	1
Unwind@006e69d0	eh_unwind_006e69d0	1
Unwind@006e69db	eh_unwind_006e69db	1
Unwind@006e69e6	eh_unwind_006e69e6	1
Unwind@006e69f1	eh_unwind_006e69f1	1
Unwind@006e69fc	eh_unwind_006e69fc	1
Unwind@006e6a07	eh_unwind_006e6a07	1
Unwind@006e6a12	eh_unwind_006e6a12	1
Unwind@006e6a1d	eh_unwind_006e6a1d	1
Unwind@006e6a28	eh_unwind_006e6a28	1
Unwind@006e6a33	eh_unwind_006e6a33	1
Unwind@006e6a3e	eh_unwind_006e6a3e	1
Unwind@006e6a49	eh_unwind_006e6a49	1
Unwind@006e6a54	eh_unwind_006e6a54	1
Unwind@006e6a5f	eh_unwind_006e6a5f	1
Unwind@006e6a6a	eh_unwind_006e6a6a	1
Unwind@006e6a75	eh_unwind_006e6a75	1
Unwind@006e6a80	eh_unwind_006e6a80	1
Unwind@006e6a8b	eh_unwind_006e6a8b	1
Unwind@006e6a96	eh_unwind_006e6a96	1
Unwind@006e6aa1	eh_unwind_006e6aa1	1
Unwind@006e6aac	eh_unwind_006e6aac	1
Unwind@006e6ab7	eh_unwind_006e6ab7	1
Unwind@006e6ac2	eh_unwind_006e6ac2	1
Unwind@006e6acd	eh_unwind_006e6acd	1
Unwind@006e6ad8	eh_unwind_006e6ad8	1
Unwind@006e6ae3	eh_unwind_006e6ae3	1
Unwind@006e6aee	eh_unwind_006e6aee	1
Unwind@006e6af9	eh_unwind_006e6af9	1
Unwind@006e6b04	eh_unwind_006e6b04	1
Unwind@006e6b0f	eh_unwind_006e6b0f	1
Unwind@006e6b1a	eh_unwind_006e6b1a	1
Unwind@006e6b25	eh_unwind_006e6b25	1
Unwind@006e6b30	eh_unwind_006e6b30	1
Unwind@006e6b3b	eh_unwind_006e6b3b	1
Unwind@006e6b46	eh_unwind_006e6b46	1
Unwind@006e6b4e	eh_unwind_006e6b4e	1
Unwind@006e6b90	eh_unwind_006e6b90	1
Unwind@006e6ba1	eh_unwind_006e6ba1	1
Unwind@006e6bd0	eh_unwind_006e6bd0	1
Unwind@006e6bd8	eh_unwind_006e6bd8	1
Unwind@006e6be0	eh_unwind_006e6be0	1
Unwind@006e6c70	eh_unwind_006e6c70	1
Unwind@006e6c78	eh_unwind_006e6c78	1
Unwind@006e6c83	eh_unwind_006e6c83	1
Unwind@006e6c8e	eh_unwind_006e6c8e	1
Unwind@006e6c96	eh_unwind_006e6c96	1
Unwind@006e6cb3	eh_unwind_006e6cb3	1
Unwind@006e6cbf	eh_unwind_006e6cbf	1
Unwind@006e6ccb	eh_unwind_006e6ccb	1
Unwind@006e6cd6	eh_unwind_006e6cd6	1
Unwind@006e6d10	eh_unwind_006e6d10	1
Unwind@006e6d1b	eh_unwind_006e6d1b	1
Unwind@006e6d23	eh_unwind_006e6d23	1
Unwind@006e6d2b	eh_unwind_006e6d2b	1
Unwind@006e6d33	eh_unwind_006e6d33	1
Unwind@006e6d50	eh_unwind_006e6d50	1
Unwind@006e6d5c	eh_unwind_006e6d5c	1
Unwind@006e6d68	eh_unwind_006e6d68	1
Unwind@006e6d73	eh_unwind_006e6d73	1
Unwind@006e6db0	eh_unwind_006e6db0	1
Unwind@006e6de0	eh_unwind_006e6de0	1
Unwind@006e6e10	eh_unwind_006e6e10	1
Unwind@006e6e18	eh_unwind_006e6e18	1
Unwind@006e6e20	eh_unwind_006e6e20	1
Unwind@006e6e28	eh_unwind_006e6e28	1
Unwind@006e6e30	eh_unwind_006e6e30	1
Unwind@006e6e60	eh_unwind_006e6e60	1
Unwind@006e6e6b	eh_unwind_006e6e6b	1
Unwind@006e6e76	eh_unwind_006e6e76	1
Unwind@006e6e81	eh_unwind_006e6e81	1
Unwind@006e6e8c	eh_unwind_006e6e8c	1
Unwind@006e6e97	eh_unwind_006e6e97	1
Unwind@006e6ea2	eh_unwind_006e6ea2	1
Unwind@006e6ead	eh_unwind_006e6ead	1
Unwind@006e6eb8	eh_unwind_006e6eb8	1
Unwind@006e6ec3	eh_unwind_006e6ec3	1
Unwind@006e6ece	eh_unwind_006e6ece	1
Unwind@006e6ed9	eh_unwind_006e6ed9	1
Unwind@006e6ee4	eh_unwind_006e6ee4	1
Unwind@006e6eef	eh_unwind_006e6eef	1
Unwind@006e6efa	eh_unwind_006e6efa	1
Unwind@006e6f05	eh_unwind_006e6f05	1
Unwind@006e6f10	eh_unwind_006e6f10	1
Unwind@006e6f1b	eh_unwind_006e6f1b	1
Unwind@006e6f26	eh_unwind_006e6f26	1
Unwind@006e6f31	eh_unwind_006e6f31	1
Unwind@006e6f3c	eh_unwind_006e6f3c	1
Unwind@006e6f47	eh_unwind_006e6f47	1
Unwind@006e6f52	eh_unwind_006e6f52	1
Unwind@006e6f5d	eh_unwind_006e6f5d	1
Unwind@006e6f68	eh_unwind_006e6f68	1
Unwind@006e6f73	eh_unwind_006e6f73	1
Unwind@006e6f7e	eh_unwind_006e6f7e	1
Unwind@006e6f89	eh_unwind_006e6f89	1
Unwind@006e6f94	eh_unwind_006e6f94	1
Unwind@006e6f9f	eh_unwind_006e6f9f	1
Unwind@006e6faa	eh_unwind_006e6faa	1
Unwind@006e6fb5	eh_unwind_006e6fb5	1
Unwind@006e6fc0	eh_unwind_006e6fc0	1
Unwind@006e6fcb	eh_unwind_006e6fcb	1
Unwind@006e6fd6	eh_unwind_006e6fd6	1
Unwind@006e6fe1	eh_unwind_006e6fe1	1
Unwind@006e6fec	eh_unwind_006e6fec	1
Unwind@006e6ff7	eh_unwind_006e6ff7	1
Unwind@006e7002	eh_unwind_006e7002	1
Unwind@006e700d	eh_unwind_006e700d	1
Unwind@006e7018	eh_unwind_006e7018	1
Unwind@006e7023	eh_unwind_006e7023	1
Unwind@006e702e	eh_unwind_006e702e	1
Unwind@006e7039	eh_unwind_006e7039	1
Unwind@006e7044	eh_unwind_006e7044	1
Unwind@006e704f	eh_unwind_006e704f	1
Unwind@006e705a	eh_unwind_006e705a	1
Unwind@006e7065	eh_unwind_006e7065	1
Unwind@006e7070	eh_unwind_006e7070	1
Unwind@006e707b	eh_unwind_006e707b	1
Unwind@006e7086	eh_unwind_006e7086	1
Unwind@006e7091	eh_unwind_006e7091	1
Unwind@006e709c	eh_unwind_006e709c	1
Unwind@006e70a7	eh_unwind_006e70a7	1
Unwind@006e70b2	eh_unwind_006e70b2	1
Unwind@006e70bd	eh_unwind_006e70bd	1
Unwind@006e70c8	eh_unwind_006e70c8	1
Unwind@006e70d3	eh_unwind_006e70d3	1
Unwind@006e70de	eh_unwind_006e70de	1
Unwind@006e70e9	eh_unwind_006e70e9	1
Unwind@006e70f4	eh_unwind_006e70f4	1
Unwind@006e70ff	eh_unwind_006e70ff	1
Unwind@006e710a	eh_unwind_006e710a	1
Unwind@006e7115	eh_unwind_006e7115	1
Unwind@006e7120	eh_unwind_006e7120	1
Unwind@006e712b	eh_unwind_006e712b	1
Unwind@006e7136	eh_unwind_006e7136	1
Unwind@006e7141	eh_unwind_006e7141	1
Unwind@006e714c	eh_unwind_006e714c	1
Unwind@006e7157	eh_unwind_006e7157	1
Unwind@006e7162	eh_unwind_006e7162	1
Unwind@006e716d	eh_unwind_006e716d	1
Unwind@006e7178	eh_unwind_006e7178	1
Unwind@006e7183	eh_unwind_006e7183	1
Unwind@006e718e	eh_unwind_006e718e	1
Unwind@006e7199	eh_unwind_006e7199	1
Unwind@006e71a4	eh_unwind_006e71a4	1
Unwind@006e71af	eh_unwind_006e71af	1
Unwind@006e71ba	eh_unwind_006e71ba	1
Unwind@006e71c5	eh_unwind_006e71c5	1
Unwind@006e71d0	eh_unwind_006e71d0	1
Unwind@006e71db	eh_unwind_006e71db	1
Unwind@006e71e6	eh_unwind_006e71e6	1
Unwind@006e71f1	eh_unwind_006e71f1	1
Unwind@006e71fc	eh_unwind_006e71fc	1
Unwind@006e7207	eh_unwind_006e7207	1
Unwind@006e7212	eh_unwind_006e7212	1
Unwind@006e721d	eh_unwind_006e721d	1
Unwind@006e7228	eh_unwind_006e7228	1
Unwind@006e7233	eh_unwind_006e7233	1
Unwind@006e723e	eh_unwind_006e723e	1
Unwind@006e7249	eh_unwind_006e7249	1
Unwind@006e7254	eh_unwind_006e7254	1
Unwind@006e725f	eh_unwind_006e725f	1
Unwind@006e726a	eh_unwind_006e726a	1
Unwind@006e7275	eh_unwind_006e7275	1
Unwind@006e7280	eh_unwind_006e7280	1
Unwind@006e728b	eh_unwind_006e728b	1
Unwind@006e7296	eh_unwind_006e7296	1
Unwind@006e72a1	eh_unwind_006e72a1	1
Unwind@006e72ac	eh_unwind_006e72ac	1
Unwind@006e72b7	eh_unwind_006e72b7	1
Unwind@006e72c2	eh_unwind_006e72c2	1
Unwind@006e72cd	eh_unwind_006e72cd	1
Unwind@006e72d8	eh_unwind_006e72d8	1
Unwind@006e72e3	eh_unwind_006e72e3	1
Unwind@006e72ee	eh_unwind_006e72ee	1
Unwind@006e72f9	eh_unwind_006e72f9	1
Unwind@006e7304	eh_unwind_006e7304	1
Unwind@006e730f	eh_unwind_006e730f	1
Unwind@006e731a	eh_unwind_006e731a	1
Unwind@006e7325	eh_unwind_006e7325	1
Unwind@006e7330	eh_unwind_006e7330	1
Unwind@006e733b	eh_unwind_006e733b	1
Unwind@006e7346	eh_unwind_006e7346	1
Unwind@006e7351	eh_unwind_006e7351	1
Unwind@006e735c	eh_unwind_006e735c	1
Unwind@006e7367	eh_unwind_006e7367	1
Unwind@006e7372	eh_unwind_006e7372	1
Unwind@006e737d	eh_unwind_006e737d	1
Unwind@006e7388	eh_unwind_006e7388	1
Unwind@006e7393	eh_unwind_006e7393	1
Unwind@006e739e	eh_unwind_006e739e	1
Unwind@006e73a9	eh_unwind_006e73a9	1
Unwind@006e73b4	eh_unwind_006e73b4	1
Unwind@006e73bf	eh_unwind_006e73bf	1
Unwind@006e73ca	eh_unwind_006e73ca	1
Unwind@006e73d5	eh_unwind_006e73d5	1
Unwind@006e73e0	eh_unwind_006e73e0	1
Unwind@006e73eb	eh_unwind_006e73eb	1
Unwind@006e73f6	eh_unwind_006e73f6	1
Unwind@006e7401	eh_unwind_006e7401	1
Unwind@006e740c	eh_unwind_006e740c	1
Unwind@006e7417	eh_unwind_006e7417	1
Unwind@006e7422	eh_unwind_006e7422	1
Unwind@006e742d	eh_unwind_006e742d	1
Unwind@006e7438	eh_unwind_006e7438	1
Unwind@006e7443	eh_unwind_006e7443	1
Unwind@006e744e	eh_unwind_006e744e	1
Unwind@006e7459	eh_unwind_006e7459	1
Unwind@006e7464	eh_unwind_006e7464	1
Unwind@006e746f	eh_unwind_006e746f	1
Unwind@006e747a	eh_unwind_006e747a	1
Unwind@006e7485	eh_unwind_006e7485	1
Unwind@006e7490	eh_unwind_006e7490	1
Unwind@006e749b	eh_unwind_006e749b	1
Unwind@006e74a6	eh_unwind_006e74a6	1
Unwind@006e74b1	eh_unwind_006e74b1	1
Unwind@006e74bc	eh_unwind_006e74bc	1
Unwind@006e74c7	eh_unwind_006e74c7	1
Unwind@006e74d2	eh_unwind_006e74d2	1
Unwind@006e74dd	eh_unwind_006e74dd	1
Unwind@006e74e8	eh_unwind_006e74e8	1
Unwind@006e74f3	eh_unwind_006e74f3	1
Unwind@006e74fe	eh_unwind_006e74fe	1
Unwind@006e7509	eh_unwind_006e7509	1
Unwind@006e7514	eh_unwind_006e7514	1
Unwind@006e751f	eh_unwind_006e751f	1
Unwind@006e752a	eh_unwind_006e752a	1
Unwind@006e7535	eh_unwind_006e7535	1
Unwind@006e7540	eh_unwind_006e7540	1
Unwind@006e754b	eh_unwind_006e754b	1
Unwind@006e7556	eh_unwind_006e7556	1
Unwind@006e7561	eh_unwind_006e7561	1
Unwind@006e756c	eh_unwind_006e756c	1
Unwind@006e7577	eh_unwind_006e7577	1
Unwind@006e7582	eh_unwind_006e7582	1
Unwind@006e758d	eh_unwind_006e758d	1
Unwind@006e7598	eh_unwind_006e7598	1
Unwind@006e75a3	eh_unwind_006e75a3	1
Unwind@006e75ae	eh_unwind_006e75ae	1
Unwind@006e75b9	eh_unwind_006e75b9	1
Unwind@006e75c4	eh_unwind_006e75c4	1
Unwind@006e75cf	eh_unwind_006e75cf	1
Unwind@006e75da	eh_unwind_006e75da	1
Unwind@006e75e5	eh_unwind_006e75e5	1
Unwind@006e75f0	eh_unwind_006e75f0	1
Unwind@006e75fb	eh_unwind_006e75fb	1
Unwind@006e7606	eh_unwind_006e7606	1
Unwind@006e7611	eh_unwind_006e7611	1
Unwind@006e761c	eh_unwind_006e761c	1
Unwind@006e7627	eh_unwind_006e7627	1
Unwind@006e7632	eh_unwind_006e7632	1
Unwind@006e763d	eh_unwind_006e763d	1
Unwind@006e7648	eh_unwind_006e7648	1
Unwind@006e7653	eh_unwind_006e7653	1
Unwind@006e765e	eh_unwind_006e765e	1
Unwind@006e7669	eh_unwind_006e7669	1
Unwind@006e7674	eh_unwind_006e7674	1
Unwind@006e767f	eh_unwind_006e767f	1
Unwind@006e768a	eh_unwind_006e768a	1
Unwind@006e7695	eh_unwind_006e7695	1
Unwind@006e76a0	eh_unwind_006e76a0	1
Unwind@006e76ab	eh_unwind_006e76ab	1
Unwind@006e76b6	eh_unwind_006e76b6	1
Unwind@006e76c1	eh_unwind_006e76c1	1
Unwind@006e76cc	eh_unwind_006e76cc	1
Unwind@006e76d7	eh_unwind_006e76d7	1
Unwind@006e76e2	eh_unwind_006e76e2	1
Unwind@006e76ed	eh_unwind_006e76ed	1
Unwind@006e76f8	eh_unwind_006e76f8	1
Unwind@006e7703	eh_unwind_006e7703	1
Unwind@006e770e	eh_unwind_006e770e	1
Unwind@006e7719	eh_unwind_006e7719	1
Unwind@006e7724	eh_unwind_006e7724	1
Unwind@006e772f	eh_unwind_006e772f	1
Unwind@006e773a	eh_unwind_006e773a	1
Unwind@006e7745	eh_unwind_006e7745	1
Unwind@006e7750	eh_unwind_006e7750	1
Unwind@006e775b	eh_unwind_006e775b	1
Unwind@006e7766	eh_unwind_006e7766	1
Unwind@006e7771	eh_unwind_006e7771	1
Unwind@006e777c	eh_unwind_006e777c	1
Unwind@006e7787	eh_unwind_006e7787	1
Unwind@006e7792	eh_unwind_006e7792	1
Unwind@006e779d	eh_unwind_006e779d	1
Unwind@006e77a8	eh_unwind_006e77a8	1
Unwind@006e77b3	eh_unwind_006e77b3	1
Unwind@006e77be	eh_unwind_006e77be	1
Unwind@006e77c9	eh_unwind_006e77c9	1
Unwind@006e77d4	eh_unwind_006e77d4	1
Unwind@006e77df	eh_unwind_006e77df	1
Unwind@006e77ea	eh_unwind_006e77ea	1
Unwind@006e77f5	eh_unwind_006e77f5	1
Unwind@006e7800	eh_unwind_006e7800	1
Unwind@006e780b	eh_unwind_006e780b	1
Unwind@006e7816	eh_unwind_006e7816	1
Unwind@006e7821	eh_unwind_006e7821	1
Unwind@006e782c	eh_unwind_006e782c	1
Unwind@006e7837	eh_unwind_006e7837	1
Unwind@006e7842	eh_unwind_006e7842	1
Unwind@006e7880	eh_unwind_006e7880	1
Unwind@006e7888	eh_unwind_006e7888	1
Unwind@006e78b0	eh_unwind_006e78b0	1
Unwind@006e78bb	eh_unwind_006e78bb	1
Unwind@006e78c6	eh_unwind_006e78c6	1
Unwind@006e78d1	eh_unwind_006e78d1	1
Unwind@006e7910	eh_unwind_006e7910	1
Unwind@006e791b	eh_unwind_006e791b	1
Unwind@006e7926	eh_unwind_006e7926	1
Unwind@006e7931	eh_unwind_006e7931	1
Unwind@006e793c	eh_unwind_006e793c	1
Unwind@006e7947	eh_unwind_006e7947	1
Unwind@006e7952	eh_unwind_006e7952	1
Unwind@006e7990	eh_unwind_006e7990	1
Unwind@006e7998	eh_unwind_006e7998	1
Unwind@006e79d0	eh_unwind_006e79d0	1
Unwind@006e79e9	eh_unwind_006e79e9	1
Unwind@006e79f1	eh_unwind_006e79f1	1
Unwind@006e7a30	eh_unwind_006e7a30	1
Unwind@006e7a53	eh_unwind_006e7a53	1
Unwind@006e7a5f	eh_unwind_006e7a5f	1
Unwind@006e7a6b	eh_unwind_006e7a6b	1
Unwind@006e7a76	eh_unwind_006e7a76	1
Unwind@006e7a7e	eh_unwind_006e7a7e	1
Unwind@006e7a89	eh_unwind_006e7a89	1
Unwind@006e7a94	eh_unwind_006e7a94	1
Unwind@006e7a9c	eh_unwind_006e7a9c	1
Unwind@006e7aa7	eh_unwind_006e7aa7	1
Unwind@006e7aaf	eh_unwind_006e7aaf	1
Unwind@006e7ab7	eh_unwind_006e7ab7	1
Unwind@006e7abf	eh_unwind_006e7abf	1
Unwind@006e7ac7	eh_unwind_006e7ac7	1
Unwind@006e7acf	eh_unwind_006e7acf	1
Unwind@006e7ad7	eh_unwind_006e7ad7	1
Unwind@006e7adf	eh_unwind_006e7adf	1
Unwind@006e7ae7	eh_unwind_006e7ae7	1
Unwind@006e7af2	eh_unwind_006e7af2	1
Unwind@006e7afa	eh_unwind_006e7afa	1
Unwind@006e7b05	eh_unwind_006e7b05	1
Unwind@006e7b0d	eh_unwind_006e7b0d	1
Unwind@006e7b18	eh_unwind_006e7b18	1
Unwind@006e7b20	eh_unwind_006e7b20	1
Unwind@006e7b28	eh_unwind_006e7b28	1
Unwind@006e7b30	eh_unwind_006e7b30	1
Unwind@006e7b38	eh_unwind_006e7b38	1
Unwind@006e7b43	eh_unwind_006e7b43	1
Unwind@006e7b4b	eh_unwind_006e7b4b	1
Unwind@006e7b56	eh_unwind_006e7b56	1
Unwind@006e7b5e	eh_unwind_006e7b5e	1
Unwind@006e7b66	eh_unwind_006e7b66	1
Unwind@006e7b71	eh_unwind_006e7b71	1
Unwind@006e7b79	eh_unwind_006e7b79	1
Unwind@006e7b84	eh_unwind_006e7b84	1
Unwind@006e7b8c	eh_unwind_006e7b8c	1
Unwind@006e7b94	eh_unwind_006e7b94	1
Unwind@006e7b9f	eh_unwind_006e7b9f	1
Unwind@006e7ba7	eh_unwind_006e7ba7	1
Unwind@006e7bb2	eh_unwind_006e7bb2	1
Unwind@006e7bba	eh_unwind_006e7bba	1
Unwind@006e7bc2	eh_unwind_006e7bc2	1
Unwind@006e7bcd	eh_unwind_006e7bcd	1
Unwind@006e7bd5	eh_unwind_006e7bd5	1
Unwind@006e7be0	eh_unwind_006e7be0	1
Unwind@006e7be8	eh_unwind_006e7be8	1
Unwind@006e7bf0	eh_unwind_006e7bf0	1
Unwind@006e7bfb	eh_unwind_006e7bfb	1
Unwind@006e7c03	eh_unwind_006e7c03	1
Unwind@006e7c0e	eh_unwind_006e7c0e	1
Unwind@006e7c16	eh_unwind_006e7c16	1
Unwind@006e7c1e	eh_unwind_006e7c1e	1
Unwind@006e7c29	eh_unwind_006e7c29	1
Unwind@006e7c31	eh_unwind_006e7c31	1
Unwind@006e7c3c	eh_unwind_006e7c3c	1
Unwind@006e7c44	eh_unwind_006e7c44	1
Unwind@006e7c4c	eh_unwind_006e7c4c	1
Unwind@006e7c57	eh_unwind_006e7c57	1
Unwind@006e7c5f	eh_unwind_006e7c5f	1
Unwind@006e7c6a	eh_unwind_006e7c6a	1
Unwind@006e7c72	eh_unwind_006e7c72	1
Unwind@006e7c7a	eh_unwind_006e7c7a	1
Unwind@006e7c85	eh_unwind_006e7c85	1
Unwind@006e7c8d	eh_unwind_006e7c8d	1
Unwind@006e7c98	eh_unwind_006e7c98	1
Unwind@006e7ca0	eh_unwind_006e7ca0	1
Unwind@006e7cab	eh_unwind_006e7cab	1
Unwind@006e7cb3	eh_unwind_006e7cb3	1
Unwind@006e7cbe	eh_unwind_006e7cbe	1
Unwind@006e7cc9	eh_unwind_006e7cc9	1
Unwind@006e7cd4	eh_unwind_006e7cd4	1
Unwind@006e7cdf	eh_unwind_006e7cdf	1
Unwind@006e7cea	eh_unwind_006e7cea	1
Unwind@006e7cf5	eh_unwind_006e7cf5	1
Unwind@006e7cfd	eh_unwind_006e7cfd	1
Unwind@006e7d30	eh_unwind_006e7d30	1
Unwind@006e7d38	eh_unwind_006e7d38	1
Unwind@006e7d43	eh_unwind_006e7d43	1
Unwind@006e7d4e	eh_unwind_006e7d4e	1
Unwind@006e7d59	eh_unwind_006e7d59	1
Unwind@006e7d61	eh_unwind_006e7d61	1
Unwind@006e7d69	eh_unwind_006e7d69	1
Unwind@006e7d71	eh_unwind_006e7d71	1
Unwind@006e7d79	eh_unwind_006e7d79	1
Unwind@006e7d81	eh_unwind_006e7d81	1
Unwind@006e7d89	eh_unwind_006e7d89	1
Unwind@006e7d91	eh_unwind_006e7d91	1
Unwind@006e7d99	eh_unwind_006e7d99	1
Unwind@006e7dd0	eh_unwind_006e7dd0	1
Unwind@006e7dd8	eh_unwind_006e7dd8	1
Unwind@006e7de3	eh_unwind_006e7de3	1
Unwind@006e7dee	eh_unwind_006e7dee	1
Unwind@006e7df9	eh_unwind_006e7df9	1
Unwind@006e7e04	eh_unwind_006e7e04	1
Unwind@006e7e0f	eh_unwind_006e7e0f	1
Unwind@006e7e17	eh_unwind_006e7e17	1
Unwind@006e7e1f	eh_unwind_006e7e1f	1
Unwind@006e7e27	eh_unwind_006e7e27	1
Unwind@006e7e32	eh_unwind_006e7e32	1
Unwind@006e7e3d	eh_unwind_006e7e3d	1
Unwind@006e7ef0	eh_unwind_006e7ef0	1
Unwind@006e7efb	eh_unwind_006e7efb	1
Unwind@006e7f06	eh_unwind_006e7f06	1
Unwind@006e7f11	eh_unwind_006e7f11	1
Unwind@006e7f1c	eh_unwind_006e7f1c	1
Unwind@006e7f27	eh_unwind_006e7f27	1
Unwind@006e7f32	eh_unwind_006e7f32	1
Unwind@006e7f70	eh_unwind_006e7f70	1
Unwind@006e7f78	eh_unwind_006e7f78	1
Unwind@006e7f80	eh_unwind_006e7f80	1
Unwind@006e7f8e	eh_unwind_006e7f8e	1
Unwind@006e7f9c	eh_unwind_006e7f9c	1
Unwind@006e7fa4	eh_unwind_006e7fa4	1
Unwind@006e7fac	eh_unwind_006e7fac	1
Unwind@006e7ff0	eh_unwind_006e7ff0	1
Unwind@006e8013	eh_unwind_006e8013	1
Unwind@006e801f	eh_unwind_006e801f	1
Unwind@006e802b	eh_unwind_006e802b	1
Unwind@006e8036	eh_unwind_006e8036	1
Unwind@006e8041	eh_unwind_006e8041	1
Unwind@006e804c	eh_unwind_006e804c	1
Unwind@006e8057	eh_unwind_006e8057	1
Unwind@006e8062	eh_unwind_006e8062	1
Unwind@006e806d	eh_unwind_006e806d	1
Unwind@006e8078	eh_unwind_006e8078	1
Unwind@006e8083	eh_unwind_006e8083	1
Unwind@006e808e	eh_unwind_006e808e	1
Unwind@006e8099	eh_unwind_006e8099	1
Unwind@006e80a4	eh_unwind_006e80a4	1
Unwind@006e80af	eh_unwind_006e80af	1
Unwind@006e80ba	eh_unwind_006e80ba	1
Unwind@006e80c5	eh_unwind_006e80c5	1
Unwind@006e80d0	eh_unwind_006e80d0	1
Unwind@006e80db	eh_unwind_006e80db	1
Unwind@006e80e6	eh_unwind_006e80e6	1
Unwind@006e80f1	eh_unwind_006e80f1	1
Unwind@006e80fc	eh_unwind_006e80fc	1
Unwind@006e8107	eh_unwind_006e8107	1
Unwind@006e8112	eh_unwind_006e8112	1
Unwind@006e811d	eh_unwind_006e811d	1
Unwind@006e8128	eh_unwind_006e8128	1
Unwind@006e8133	eh_unwind_006e8133	1
Unwind@006e813e	eh_unwind_006e813e	1
Unwind@006e8161	eh_unwind_006e8161	1
Unwind@006e816d	eh_unwind_006e816d	1
Unwind@006e8179	eh_unwind_006e8179	1
Unwind@006e8184	eh_unwind_006e8184	1
Unwind@006e818f	eh_unwind_006e818f	1
Unwind@006e819a	eh_unwind_006e819a	1
Unwind@006e81a5	eh_unwind_006e81a5	1
Unwind@006e81b0	eh_unwind_006e81b0	1
Unwind@006e81d3	eh_unwind_006e81d3	1
Unwind@006e81df	eh_unwind_006e81df	1
Unwind@006e81eb	eh_unwind_006e81eb	1
Unwind@006e81f6	eh_unwind_006e81f6	1
Unwind@006e8201	eh_unwind_006e8201	1
Unwind@006e820c	eh_unwind_006e820c	1
Unwind@006e8217	eh_unwind_006e8217	1
Unwind@006e8222	eh_unwind_006e8222	1
Unwind@006e822d	eh_unwind_006e822d	1
Unwind@006e8238	eh_unwind_006e8238	1
Unwind@006e8243	eh_unwind_006e8243	1
Unwind@006e824e	eh_unwind_006e824e	1
Unwind@006e8259	eh_unwind_006e8259	1
Unwind@006e8264	eh_unwind_006e8264	1
Unwind@006e8287	eh_unwind_006e8287	1
Unwind@006e8293	eh_unwind_006e8293	1
Unwind@006e829f	eh_unwind_006e829f	1
Unwind@006e82aa	eh_unwind_006e82aa	1
Unwind@006e82b5	eh_unwind_006e82b5	1
Unwind@006e82c0	eh_unwind_006e82c0	1
Unwind@006e82cb	eh_unwind_006e82cb	1
Unwind@006e82d6	eh_unwind_006e82d6	1
Unwind@006e82e1	eh_unwind_006e82e1	1
Unwind@006e82ec	eh_unwind_006e82ec	1
Unwind@006e82f7	eh_unwind_006e82f7	1
Unwind@006e8302	eh_unwind_006e8302	1
Unwind@006e830d	eh_unwind_006e830d	1
Unwind@006e8318	eh_unwind_006e8318	1
Unwind@006e8323	eh_unwind_006e8323	1
Unwind@006e832e	eh_unwind_006e832e	1
Unwind@006e8339	eh_unwind_006e8339	1
Unwind@006e8344	eh_unwind_006e8344	1
Unwind@006e834f	eh_unwind_006e834f	1
Unwind@006e835a	eh_unwind_006e835a	1
Unwind@006e8365	eh_unwind_006e8365	1
Unwind@006e8370	eh_unwind_006e8370	1
Unwind@006e837b	eh_unwind_006e837b	1
Unwind@006e8386	eh_unwind_006e8386	1
Unwind@006e83c0	eh_unwind_006e83c0	1
Unwind@006e8410	eh_unwind_006e8410	1
Unwind@006e841b	eh_unwind_006e841b	1
Unwind@006e8423	eh_unwind_006e8423	1
Unwind@006e8460	eh_unwind_006e8460	1
Unwind@006e8483	eh_unwind_006e8483	1
Unwind@006e848f	eh_unwind_006e848f	1
Unwind@006e849b	eh_unwind_006e849b	1
Unwind@006e84a6	eh_unwind_006e84a6	1
Unwind@006e84b1	eh_unwind_006e84b1	1
Unwind@006e84bc	eh_unwind_006e84bc	1
Unwind@006e84c7	eh_unwind_006e84c7	1
Unwind@006e84d2	eh_unwind_006e84d2	1
Unwind@006e84dd	eh_unwind_006e84dd	1
Unwind@006e84e8	eh_unwind_006e84e8	1
Unwind@006e8560	eh_unwind_006e8560	1
Unwind@006e8590	eh_unwind_006e8590	1
Unwind@006e8598	eh_unwind_006e8598	1
Unwind@006e85a0	eh_unwind_006e85a0	1
Unwind@006e85d0	eh_unwind_006e85d0	1
Unwind@006e85ed	eh_unwind_006e85ed	1
Unwind@006e85f9	eh_unwind_006e85f9	1
Unwind@006e8602	eh_unwind_006e8602	1
Unwind@006e8630	eh_unwind_006e8630	1
Unwind@006e863b	eh_unwind_006e863b	1
Unwind@006e8670	eh_unwind_006e8670	1
Unwind@006e86a0	eh_unwind_006e86a0	1
Unwind@006e86a8	eh_unwind_006e86a8	1
Unwind@006e86b0	eh_unwind_006e86b0	1
Unwind@006e86be	eh_unwind_006e86be	1
Unwind@006e86c6	eh_unwind_006e86c6	1
Unwind@006e86ce	eh_unwind_006e86ce	1
Unwind@006e86d6	eh_unwind_006e86d6	1
Unwind@006e86de	eh_unwind_006e86de	1
Unwind@006e86e6	eh_unwind_006e86e6	1
Unwind@006e86ee	eh_unwind_006e86ee	1
Unwind@006e86f6	eh_unwind_006e86f6	1
Unwind@006e86fe	eh_unwind_006e86fe	1
Unwind@006e8706	eh_unwind_006e8706	1
Unwind@006e870e	eh_unwind_006e870e	1
Unwind@006e8716	eh_unwind_006e8716	1
Unwind@006e871e	eh_unwind_006e871e	1
Unwind@006e8726	eh_unwind_006e8726	1
Unwind@006e872e	eh_unwind_006e872e	1
Unwind@006e8736	eh_unwind_006e8736	1
Unwind@006e873e	eh_unwind_006e873e	1
Unwind@006e8746	eh_unwind_006e8746	1
Unwind@006e874e	eh_unwind_006e874e	1
Unwind@006e8756	eh_unwind_006e8756	1
Unwind@006e875e	eh_unwind_006e875e	1
Unwind@006e8766	eh_unwind_006e8766	1
Unwind@006e876e	eh_unwind_006e876e	1
Unwind@006e8776	eh_unwind_006e8776	1
Unwind@006e877e	eh_unwind_006e877e	1
Unwind@006e87b0	eh_unwind_006e87b0	1
Unwind@006e87d3	eh_unwind_006e87d3	1
Unwind@006e87df	eh_unwind_006e87df	1
Unwind@006e87eb	eh_unwind_006e87eb	1
Unwind@006e87f6	eh_unwind_006e87f6	1
Unwind@006e87fe	eh_unwind_006e87fe	1
Unwind@006e8806	eh_unwind_006e8806	1
Unwind@006e880e	eh_unwind_006e880e	1
Unwind@006e8816	eh_unwind_006e8816	1
Unwind@006e881e	eh_unwind_006e881e	1
Unwind@006e8826	eh_unwind_006e8826	1
Unwind@006e882e	eh_unwind_006e882e	1
Unwind@006e8836	eh_unwind_006e8836	1
Unwind@006e883e	eh_unwind_006e883e	1
Unwind@006e8846	eh_unwind_006e8846	1
Unwind@006e884e	eh_unwind_006e884e	1
Unwind@006e8856	eh_unwind_006e8856	1
Unwind@006e885e	eh_unwind_006e885e	1
Unwind@006e8866	eh_unwind_006e8866	1
Unwind@006e886e	eh_unwind_006e886e	1
Unwind@006e8876	eh_unwind_006e8876	1
Unwind@006e887e	eh_unwind_006e887e	1
Unwind@006e8886	eh_unwind_006e8886	1
Unwind@006e888e	eh_unwind_006e888e	1
Unwind@006e8896	eh_unwind_006e8896	1
Unwind@006e889e	eh_unwind_006e889e	1
Unwind@006e88a6	eh_unwind_006e88a6	1
Unwind@006e88ae	eh_unwind_006e88ae	1
Unwind@006e88b6	eh_unwind_006e88b6	1
Unwind@006e88be	eh_unwind_006e88be	1
Unwind@006e88c6	eh_unwind_006e88c6	1
Unwind@006e88ce	eh_unwind_006e88ce	1
Unwind@006e88d6	eh_unwind_006e88d6	1
Unwind@006e88de	eh_unwind_006e88de	1
Unwind@006e88e6	eh_unwind_006e88e6	1
Unwind@006e88ee	eh_unwind_006e88ee	1
Unwind@006e88f6	eh_unwind_006e88f6	1
Unwind@006e88fe	eh_unwind_006e88fe	1
Unwind@006e8906	eh_unwind_006e8906	1
Unwind@006e890e	eh_unwind_006e890e	1
Unwind@006e8916	eh_unwind_006e8916	1
Unwind@006e891e	eh_unwind_006e891e	1
Unwind@006e8926	eh_unwind_006e8926	1
Unwind@006e892e	eh_unwind_006e892e	1
Unwind@006e8936	eh_unwind_006e8936	1
Unwind@006e893e	eh_unwind_006e893e	1
Unwind@006e8946	eh_unwind_006e8946	1
Unwind@006e894e	eh_unwind_006e894e	1
Unwind@006e8956	eh_unwind_006e8956	1
Unwind@006e895e	eh_unwind_006e895e	1
Unwind@006e8966	eh_unwind_006e8966	1
Unwind@006e896e	eh_unwind_006e896e	1
Unwind@006e8976	eh_unwind_006e8976	1
Unwind@006e897e	eh_unwind_006e897e	1
Unwind@006e8986	eh_unwind_006e8986	1
Unwind@006e898e	eh_unwind_006e898e	1
Unwind@006e8996	eh_unwind_006e8996	1
Unwind@006e89a1	eh_unwind_006e89a1	1
Unwind@006e89a9	eh_unwind_006e89a9	1
Unwind@006e89b4	eh_unwind_006e89b4	1
Unwind@006e89bc	eh_unwind_006e89bc	1
Unwind@006e89c7	eh_unwind_006e89c7	1
Unwind@006e89d2	eh_unwind_006e89d2	1
Unwind@006e89dd	eh_unwind_006e89dd	1
Unwind@006e89e8	eh_unwind_006e89e8	1
Unwind@006e89f3	eh_unwind_006e89f3	1
Unwind@006e89fe	eh_unwind_006e89fe	1
Unwind@006e8a09	eh_unwind_006e8a09	1
Unwind@006e8a14	eh_unwind_006e8a14	1
Unwind@006e8a1f	eh_unwind_006e8a1f	1
Unwind@006e8a2a	eh_unwind_006e8a2a	1
Unwind@006e8a35	eh_unwind_006e8a35	1
Unwind@006e8a40	eh_unwind_006e8a40	1
Unwind@006e8a4b	eh_unwind_006e8a4b	1
Unwind@006e8a56	eh_unwind_006e8a56	1
Unwind@006e8a61	eh_unwind_006e8a61	1
Unwind@006e8a6c	eh_unwind_006e8a6c	1
Unwind@006e8a77	eh_unwind_006e8a77	1
Unwind@006e8a82	eh_unwind_006e8a82	1
Unwind@006e8a8d	eh_unwind_006e8a8d	1
Unwind@006e8a98	eh_unwind_006e8a98	1
Unwind@006e8aa3	eh_unwind_006e8aa3	1
Unwind@006e8aae	eh_unwind_006e8aae	1
Unwind@006e8ab9	eh_unwind_006e8ab9	1
Unwind@006e8ac4	eh_unwind_006e8ac4	1
Unwind@006e8acf	eh_unwind_006e8acf	1
Unwind@006e8ada	eh_unwind_006e8ada	1
Unwind@006e8ae5	eh_unwind_006e8ae5	1
Unwind@006e8af0	eh_unwind_006e8af0	1
Unwind@006e8afb	eh_unwind_006e8afb	1
Unwind@006e8b06	eh_unwind_006e8b06	1
Unwind@006e8b11	eh_unwind_006e8b11	1
Unwind@006e8b1c	eh_unwind_006e8b1c	1
Unwind@006e8b27	eh_unwind_006e8b27	1
Unwind@006e8b32	eh_unwind_006e8b32	1
Unwind@006e8b3d	eh_unwind_006e8b3d	1
Unwind@006e8b48	eh_unwind_006e8b48	1
Unwind@006e8b53	eh_unwind_006e8b53	1
Unwind@006e8b5e	eh_unwind_006e8b5e	1
Unwind@006e8b69	eh_unwind_006e8b69	1
Unwind@006e8b74	eh_unwind_006e8b74	1
Unwind@006e8b7f	eh_unwind_006e8b7f	1
Unwind@006e8bc0	eh_unwind_006e8bc0	1
Unwind@006e8bcb	eh_unwind_006e8bcb	1
Unwind@006e8bd6	eh_unwind_006e8bd6	1
Unwind@006e8be1	eh_unwind_006e8be1	1
Unwind@006e8bec	eh_unwind_006e8bec	1
Unwind@006e8bf7	eh_unwind_006e8bf7	1
Unwind@006e8c02	eh_unwind_006e8c02	1
Unwind@006e8c0d	eh_unwind_006e8c0d	1
Unwind@006e8c18	eh_unwind_006e8c18	1
Unwind@006e8c23	eh_unwind_006e8c23	1
Unwind@006e8c2e	eh_unwind_006e8c2e	1
Unwind@006e8c39	eh_unwind_006e8c39	1
Unwind@006e8c44	eh_unwind_006e8c44	1
Unwind@006e8c4f	eh_unwind_006e8c4f	1
Unwind@006e8c5a	eh_unwind_006e8c5a	1
Unwind@006e8c65	eh_unwind_006e8c65	1
Unwind@006e8c70	eh_unwind_006e8c70	1
Unwind@006e8c7b	eh_unwind_006e8c7b	1
Unwind@006e8c86	eh_unwind_006e8c86	1
Unwind@006e8c91	eh_unwind_006e8c91	1
Unwind@006e8c9c	eh_unwind_006e8c9c	1
Unwind@006e8ca7	eh_unwind_006e8ca7	1
Unwind@006e8cb2	eh_unwind_006e8cb2	1
Unwind@006e8cbd	eh_unwind_006e8cbd	1
Unwind@006e8cc8	eh_unwind_006e8cc8	1
Unwind@006e8ce8	eh_unwind_006e8ce8	1
Unwind@006e8cf4	eh_unwind_006e8cf4	1
Unwind@006e8d00	eh_unwind_006e8d00	1
Unwind@006e8d0b	eh_unwind_006e8d0b	1
Unwind@006e8d16	eh_unwind_006e8d16	1
Unwind@006e8d21	eh_unwind_006e8d21	1
Unwind@006e8d2c	eh_unwind_006e8d2c	1
Unwind@006e8d37	eh_unwind_006e8d37	1
Unwind@006e8d42	eh_unwind_006e8d42	1
Unwind@006e8d4d	eh_unwind_006e8d4d	1
Unwind@006e8d58	eh_unwind_006e8d58	1
Unwind@006e8d63	eh_unwind_006e8d63	1
Unwind@006e8d6e	eh_unwind_006e8d6e	1
Unwind@006e8d79	eh_unwind_006e8d79	1
Unwind@006e8d84	eh_unwind_006e8d84	1
Unwind@006e8d8f	eh_unwind_006e8d8f	1
Unwind@006e8d9a	eh_unwind_006e8d9a	1
Unwind@006e8da5	eh_unwind_006e8da5	1
Unwind@006e8db0	eh_unwind_006e8db0	1
Unwind@006e8dbb	eh_unwind_006e8dbb	1
Unwind@006e8dc6	eh_unwind_006e8dc6	1
Unwind@006e8e00	eh_unwind_006e8e00	1
Unwind@006e8e90	eh_unwind_006e8e90	1
Unwind@006e8e9b	eh_unwind_006e8e9b	1
Unwind@006e8ea6	eh_unwind_006e8ea6	1
Unwind@006e8eb1	eh_unwind_006e8eb1	1
Unwind@006e8ee0	eh_unwind_006e8ee0	1
Unwind@006e8f10	eh_unwind_006e8f10	1
Unwind@006e8f1b	eh_unwind_006e8f1b	1
Unwind@006e8f26	eh_unwind_006e8f26	1
Unwind@006e8f31	eh_unwind_006e8f31	1
Unwind@006e8f3c	eh_unwind_006e8f3c	1
Unwind@006e8f70	eh_unwind_006e8f70	1
Unwind@006e8fa0	eh_unwind_006e8fa0	1
Unwind@006e8fa8	eh_unwind_006e8fa8	1
Unwind@006e8fb3	eh_unwind_006e8fb3	1
Unwind@006e8fbb	eh_unwind_006e8fbb	1
Unwind@006e8fc6	eh_unwind_006e8fc6	1
Unwind@006e8fd1	eh_unwind_006e8fd1	1
Unwind@006e8fdc	eh_unwind_006e8fdc	1
Unwind@006e8fe4	eh_unwind_006e8fe4	1
Unwind@006e8fef	eh_unwind_006e8fef	1
Unwind@006e8ffa	eh_unwind_006e8ffa	1
Unwind@006e9030	eh_unwind_006e9030	1
Unwind@006e9070	eh_unwind_006e9070	1
Unwind@006e9140	eh_unwind_006e9140	1
Unwind@006e9170	eh_unwind_006e9170	1
Unwind@006e917b	eh_unwind_006e917b	1
Unwind@006e9186	eh_unwind_006e9186	1
Unwind@006e9191	eh_unwind_006e9191	1
Unwind@006e91d0	eh_unwind_006e91d0	1
Unwind@006e91f3	eh_unwind_006e91f3	1
Unwind@006e91ff	eh_unwind_006e91ff	1
Unwind@006e920b	eh_unwind_006e920b	1
Unwind@006e9216	eh_unwind_006e9216	1
Unwind@006e921e	eh_unwind_006e921e	1
Unwind@006e9226	eh_unwind_006e9226	1
Unwind@006e922e	eh_unwind_006e922e	1
Unwind@006e9236	eh_unwind_006e9236	1
Unwind@006e923e	eh_unwind_006e923e	1
Unwind@006e9246	eh_unwind_006e9246	1
Unwind@006e924e	eh_unwind_006e924e	1
Unwind@006e9256	eh_unwind_006e9256	1
Unwind@006e925e	eh_unwind_006e925e	1
Unwind@006e9266	eh_unwind_006e9266	1
Unwind@006e926e	eh_unwind_006e926e	1
Unwind@006e9276	eh_unwind_006e9276	1
Unwind@006e927e	eh_unwind_006e927e	1
Unwind@006e9286	eh_unwind_006e9286	1
Unwind@006e928e	eh_unwind_006e928e	1
Unwind@006e9296	eh_unwind_006e9296	1
Unwind@006e929e	eh_unwind_006e929e	1
Unwind@006e92a6	eh_unwind_006e92a6	1
Unwind@006e92ae	eh_unwind_006e92ae	1
Unwind@006e92b6	eh_unwind_006e92b6	1
Unwind@006e92be	eh_unwind_006e92be	1
Unwind@006e92c6	eh_unwind_006e92c6	1
Unwind@006e92d1	eh_unwind_006e92d1	1
Unwind@006e92d9	eh_unwind_006e92d9	1
Unwind@006e92e1	eh_unwind_006e92e1	1
Unwind@006e92ec	eh_unwind_006e92ec	1
Unwind@006e92f4	eh_unwind_006e92f4	1
Unwind@006e92ff	eh_unwind_006e92ff	1
Unwind@006e9307	eh_unwind_006e9307	1
Unwind@006e930f	eh_unwind_006e930f	1
Unwind@006e931a	eh_unwind_006e931a	1
Unwind@006e9322	eh_unwind_006e9322	1
Unwind@006e932d	eh_unwind_006e932d	1
Unwind@006e9335	eh_unwind_006e9335	1
Unwind@006e933d	eh_unwind_006e933d	1
Unwind@006e9348	eh_unwind_006e9348	1
Unwind@006e9350	eh_unwind_006e9350	1
Unwind@006e935b	eh_unwind_006e935b	1
Unwind@006e9363	eh_unwind_006e9363	1
Unwind@006e936b	eh_unwind_006e936b	1
Unwind@006e9376	eh_unwind_006e9376	1
Unwind@006e937e	eh_unwind_006e937e	1
Unwind@006e9389	eh_unwind_006e9389	1
Unwind@006e9394	eh_unwind_006e9394	1
Unwind@006e939c	eh_unwind_006e939c	1
Unwind@006e93a7	eh_unwind_006e93a7	1
Unwind@006e93b2	eh_unwind_006e93b2	1
Unwind@006e93bd	eh_unwind_006e93bd	1
Unwind@006e93f0	eh_unwind_006e93f0	1
Unwind@006e9401	eh_unwind_006e9401	1
Unwind@006e9430	eh_unwind_006e9430	1
Unwind@006e9441	eh_unwind_006e9441	1
Unwind@006e9449	eh_unwind_006e9449	1
Unwind@006e9470	eh_unwind_006e9470	1
Unwind@006e9481	eh_unwind_006e9481	1
Unwind@006e94b0	eh_unwind_006e94b0	1
Unwind@006e9500	eh_unwind_006e9500	1
Unwind@006e9630	eh_unwind_006e9630	1
Unwind@006e9660	eh_unwind_006e9660	1
Unwind@006e9690	eh_unwind_006e9690	1
Unwind@006e96c0	eh_unwind_006e96c0	1
Unwind@006e96ce	eh_unwind_006e96ce	1
Unwind@006e96dc	eh_unwind_006e96dc	1
Unwind@006e96ea	eh_unwind_006e96ea	1
Unwind@006e96f8	eh_unwind_006e96f8	1
Unwind@006e9706	eh_unwind_006e9706	1
Unwind@006e9714	eh_unwind_006e9714	1
Unwind@006e9722	eh_unwind_006e9722	1
Unwind@006e9730	eh_unwind_006e9730	1
Unwind@006e973e	eh_unwind_006e973e	1
Unwind@006e974c	eh_unwind_006e974c	1
Unwind@006e9757	eh_unwind_006e9757	1
Unwind@006e9762	eh_unwind_006e9762	1
Unwind@006e976a	eh_unwind_006e976a	1
Unwind@006e9775	eh_unwind_006e9775	1
Unwind@006e977d	eh_unwind_006e977d	1
Unwind@006e9785	eh_unwind_006e9785	1
Unwind@006e978d	eh_unwind_006e978d	1
Unwind@006e9798	eh_unwind_006e9798	1
Unwind@006e97a3	eh_unwind_006e97a3	1
Unwind@006e97ab	eh_unwind_006e97ab	1
Unwind@006e97b3	eh_unwind_006e97b3	1
Unwind@006e97d6	eh_unwind_006e97d6	1
Unwind@006e97e2	eh_unwind_006e97e2	1
Unwind@006e97ee	eh_unwind_006e97ee	1
Unwind@006e97f9	eh_unwind_006e97f9	1
Unwind@006e9801	eh_unwind_006e9801	1
Unwind@006e980f	eh_unwind_006e980f	1
Unwind@006e9817	eh_unwind_006e9817	1
Unwind@006e9822	eh_unwind_006e9822	1
Unwind@006e9830	eh_unwind_006e9830	1
Unwind@006e9870	eh_unwind_006e9870	1
Unwind@006e98a0	eh_unwind_006e98a0	1
Unwind@006e98ab	eh_unwind_006e98ab	1
Unwind@006e98b6	eh_unwind_006e98b6	1
Unwind@006e98c1	eh_unwind_006e98c1	1
Unwind@006e98cc	eh_unwind_006e98cc	1
Unwind@006e98d7	eh_unwind_006e98d7	1
Unwind@006e98e2	eh_unwind_006e98e2	1
Unwind@006e98ed	eh_unwind_006e98ed	1
Unwind@006e98f8	eh_unwind_006e98f8	1
Unwind@006e9903	eh_unwind_006e9903	1
Unwind@006e9930	eh_unwind_006e9930	1
Unwind@006e9938	eh_unwind_006e9938	1
Unwind@006e9970	eh_unwind_006e9970	1
Unwind@006e9978	eh_unwind_006e9978	1
Unwind@006e9980	eh_unwind_006e9980	1
Unwind@006e9988	eh_unwind_006e9988	1
Unwind@006e9990	eh_unwind_006e9990	1
Unwind@006e99c0	eh_unwind_006e99c0	1
Unwind@006e99c8	eh_unwind_006e99c8	1
Unwind@006e9a00	eh_unwind_006e9a00	1
Unwind@006e9a08	eh_unwind_006e9a08	1
Unwind@006e9a10	eh_unwind_006e9a10	1
Unwind@006e9a18	eh_unwind_006e9a18	1
Unwind@006e9a50	eh_unwind_006e9a50	1
Unwind@006e9a80	eh_unwind_006e9a80	1
Unwind@006e9ab0	eh_unwind_006e9ab0	1
Unwind@006e9ae0	eh_unwind_006e9ae0	1
Unwind@006e9b20	eh_unwind_006e9b20	1
Unwind@006e9b28	eh_unwind_006e9b28	1
Unwind@006e9b30	eh_unwind_006e9b30	1
Unwind@006e9b60	eh_unwind_006e9b60	1
Unwind@006e9b68	eh_unwind_006e9b68	1
Unwind@006e9b70	eh_unwind_006e9b70	1
Unwind@006e9b78	eh_unwind_006e9b78	1
Unwind@006e9b80	eh_unwind_006e9b80	1
Unwind@006e9b88	eh_unwind_006e9b88	1
Unwind@006e9b90	eh_unwind_006e9b90	1
Unwind@006e9b98	eh_unwind_006e9b98	1
Unwind@006e9ba0	eh_unwind_006e9ba0	1
Unwind@006e9ba8	eh_unwind_006e9ba8	1
Unwind@006e9bb0	eh_unwind_006e9bb0	1
Unwind@006e9bb8	eh_unwind_006e9bb8	1
Unwind@006e9bc0	eh_unwind_006e9bc0	1
Unwind@006e9bcb	eh_unwind_006e9bcb	1
Unwind@006e9bd6	eh_unwind_006e9bd6	1
Unwind@006e9bde	eh_unwind_006e9bde	1
Unwind@006e9be6	eh_unwind_006e9be6	1
Unwind@006e9bee	eh_unwind_006e9bee	1
Unwind@006e9c11	eh_unwind_006e9c11	1
Unwind@006e9c1d	eh_unwind_006e9c1d	1
Unwind@006e9c29	eh_unwind_006e9c29	1
Unwind@006e9c34	eh_unwind_006e9c34	1
Unwind@006e9c70	eh_unwind_006e9c70	1
Unwind@006e9c78	eh_unwind_006e9c78	1
Unwind@006e9c80	eh_unwind_006e9c80	1
Unwind@006e9c88	eh_unwind_006e9c88	1
Unwind@006e9cc0	eh_unwind_006e9cc0	1
Unwind@006e9cc8	eh_unwind_006e9cc8	1
Unwind@006e9cd0	eh_unwind_006e9cd0	1
Unwind@006e9cd8	eh_unwind_006e9cd8	1
Unwind@006e9d10	eh_unwind_006e9d10	1
Unwind@006e9d18	eh_unwind_006e9d18	1
Unwind@006e9d35	eh_unwind_006e9d35	1
Unwind@006e9d41	eh_unwind_006e9d41	1
Unwind@006e9d4a	eh_unwind_006e9d4a	1
Unwind@006e9d55	eh_unwind_006e9d55	1
Unwind@006e9d5d	eh_unwind_006e9d5d	1
Unwind@006e9d65	eh_unwind_006e9d65	1
Unwind@006e9da0	eh_unwind_006e9da0	1
Unwind@006e9da8	eh_unwind_006e9da8	1
Unwind@006e9db0	eh_unwind_006e9db0	1
Unwind@006e9db8	eh_unwind_006e9db8	1
Unwind@006e9dc0	eh_unwind_006e9dc0	1
Unwind@006e9df0	eh_unwind_006e9df0	1
Unwind@006e9dfb	eh_unwind_006e9dfb	1
Unwind@006e9e06	eh_unwind_006e9e06	1
Unwind@006e9e17	eh_unwind_006e9e17	1
Unwind@006e9e28	eh_unwind_006e9e28	1
Unwind@006e9e70	eh_unwind_006e9e70	1
Unwind@006e9ea0	eh_unwind_006e9ea0	1
Unwind@006e9ed0	eh_unwind_006e9ed0	1
Unwind@006e9f10	eh_unwind_006e9f10	1
Unwind@006e9f26	eh_unwind_006e9f26	1
Unwind@006e9f50	eh_unwind_006e9f50	1
Unwind@006e9f58	eh_unwind_006e9f58	1
Unwind@006e9f60	eh_unwind_006e9f60	1
Unwind@006e9f6b	eh_unwind_006e9f6b	1
Unwind@006e9fa0	eh_unwind_006e9fa0	1
Unwind@006e9fab	eh_unwind_006e9fab	1
Unwind@006e9fe0	eh_unwind_006e9fe0	1
Unwind@006ea050	eh_unwind_006ea050	1
Unwind@006ea080	eh_unwind_006ea080	1
Unwind@006ea08e	eh_unwind_006ea08e	1
Unwind@006ea096	eh_unwind_006ea096	1
Unwind@006ea0a4	eh_unwind_006ea0a4	1
Unwind@006ea0af	eh_unwind_006ea0af	1
Unwind@006ea0ba	eh_unwind_006ea0ba	1
Unwind@006ea0c5	eh_unwind_006ea0c5	1
Unwind@006ea0d0	eh_unwind_006ea0d0	1
Unwind@006ea0db	eh_unwind_006ea0db	1
Unwind@006ea0e6	eh_unwind_006ea0e6	1
Unwind@006ea0f1	eh_unwind_006ea0f1	1
Unwind@006ea0fc	eh_unwind_006ea0fc	1
Unwind@006ea107	eh_unwind_006ea107	1
Unwind@006ea112	eh_unwind_006ea112	1
Unwind@006ea11d	eh_unwind_006ea11d	1
Unwind@006ea128	eh_unwind_006ea128	1
Unwind@006ea133	eh_unwind_006ea133	1
Unwind@006ea13e	eh_unwind_006ea13e	1
Unwind@006ea149	eh_unwind_006ea149	1
Unwind@006ea154	eh_unwind_006ea154	1
Unwind@006ea15f	eh_unwind_006ea15f	1
Unwind@006ea16a	eh_unwind_006ea16a	1
Unwind@006ea175	eh_unwind_006ea175	1
Unwind@006ea180	eh_unwind_006ea180	1
Unwind@006ea18b	eh_unwind_006ea18b	1
Unwind@006ea196	eh_unwind_006ea196	1
Unwind@006ea1a1	eh_unwind_006ea1a1	1
Unwind@006ea1ac	eh_unwind_006ea1ac	1
Unwind@006ea1b7	eh_unwind_006ea1b7	1
Unwind@006ea1c2	eh_unwind_006ea1c2	1
Unwind@006ea1cd	eh_unwind_006ea1cd	1
Unwind@006ea1d8	eh_unwind_006ea1d8	1
Unwind@006ea1e3	eh_unwind_006ea1e3	1
Unwind@006ea1ee	eh_unwind_006ea1ee	1
Unwind@006ea1f9	eh_unwind_006ea1f9	1
Unwind@006ea204	eh_unwind_006ea204	1
Unwind@006ea20f	eh_unwind_006ea20f	1
Unwind@006ea21a	eh_unwind_006ea21a	1
Unwind@006ea225	eh_unwind_006ea225	1
Unwind@006ea230	eh_unwind_006ea230	1
Unwind@006ea23b	eh_unwind_006ea23b	1
Unwind@006ea246	eh_unwind_006ea246	1
Unwind@006ea251	eh_unwind_006ea251	1
Unwind@006ea25c	eh_unwind_006ea25c	1
Unwind@006ea267	eh_unwind_006ea267	1
Unwind@006ea272	eh_unwind_006ea272	1
Unwind@006ea27d	eh_unwind_006ea27d	1
Unwind@006ea288	eh_unwind_006ea288	1
Unwind@006ea293	eh_unwind_006ea293	1
Unwind@006ea29e	eh_unwind_006ea29e	1
Unwind@006ea2a9	eh_unwind_006ea2a9	1
Unwind@006ea2b4	eh_unwind_006ea2b4	1
Unwind@006ea2bf	eh_unwind_006ea2bf	1
Unwind@006ea2ca	eh_unwind_006ea2ca	1
Unwind@006ea2d5	eh_unwind_006ea2d5	1
Unwind@006ea2e0	eh_unwind_006ea2e0	1
Unwind@006ea2eb	eh_unwind_006ea2eb	1
Unwind@006ea2f6	eh_unwind_006ea2f6	1
Unwind@006ea301	eh_unwind_006ea301	1
Unwind@006ea30c	eh_unwind_006ea30c	1
Unwind@006ea317	eh_unwind_006ea317	1
Unwind@006ea322	eh_unwind_006ea322	1
Unwind@006ea32d	eh_unwind_006ea32d	1
Unwind@006ea338	eh_unwind_006ea338	1
Unwind@006ea343	eh_unwind_006ea343	1
Unwind@006ea34e	eh_unwind_006ea34e	1
Unwind@006ea359	eh_unwind_006ea359	1
Unwind@006ea364	eh_unwind_006ea364	1
Unwind@006ea36f	eh_unwind_006ea36f	1
Unwind@006ea37a	eh_unwind_006ea37a	1
Unwind@006ea385	eh_unwind_006ea385	1
Unwind@006ea390	eh_unwind_006ea390	1
Unwind@006ea39b	eh_unwind_006ea39b	1
Unwind@006ea3a6	eh_unwind_006ea3a6	1
Unwind@006ea3b1	eh_unwind_006ea3b1	1
Unwind@006ea3bc	eh_unwind_006ea3bc	1
Unwind@006ea3c7	eh_unwind_006ea3c7	1
Unwind@006ea3d2	eh_unwind_006ea3d2	1
Unwind@006ea3dd	eh_unwind_006ea3dd	1
Unwind@006ea3e8	eh_unwind_006ea3e8	1
Unwind@006ea3f3	eh_unwind_006ea3f3	1
Unwind@006ea3fe	eh_unwind_006ea3fe	1
Unwind@006ea409	eh_unwind_006ea409	1
Unwind@006ea414	eh_unwind_006ea414	1
Unwind@006ea41f	eh_unwind_006ea41f	1
Unwind@006ea42a	eh_unwind_006ea42a	1
Unwind@006ea435	eh_unwind_006ea435	1
Unwind@006ea440	eh_unwind_006ea440	1
Unwind@006ea44b	eh_unwind_006ea44b	1
Unwind@006ea456	eh_unwind_006ea456	1
Unwind@006ea461	eh_unwind_006ea461	1
Unwind@006ea46c	eh_unwind_006ea46c	1
Unwind@006ea477	eh_unwind_006ea477	1
Unwind@006ea482	eh_unwind_006ea482	1
Unwind@006ea48d	eh_unwind_006ea48d	1
Unwind@006ea498	eh_unwind_006ea498	1
Unwind@006ea4a3	eh_unwind_006ea4a3	1
Unwind@006ea4ae	eh_unwind_006ea4ae	1
Unwind@006ea4b9	eh_unwind_006ea4b9	1
Unwind@006ea4c4	eh_unwind_006ea4c4	1
Unwind@006ea4cf	eh_unwind_006ea4cf	1
Unwind@006ea4da	eh_unwind_006ea4da	1
Unwind@006ea4e5	eh_unwind_006ea4e5	1
Unwind@006ea4f0	eh_unwind_006ea4f0	1
Unwind@006ea4fb	eh_unwind_006ea4fb	1
Unwind@006ea506	eh_unwind_006ea506	1
Unwind@006ea511	eh_unwind_006ea511	1
Unwind@006ea51c	eh_unwind_006ea51c	1
Unwind@006ea527	eh_unwind_006ea527	1
Unwind@006ea532	eh_unwind_006ea532	1
Unwind@006ea53d	eh_unwind_006ea53d	1
Unwind@006ea548	eh_unwind_006ea548	1
Unwind@006ea553	eh_unwind_006ea553	1
Unwind@006ea55e	eh_unwind_006ea55e	1
Unwind@006ea569	eh_unwind_006ea569	1
Unwind@006ea574	eh_unwind_006ea574	1
Unwind@006ea57f	eh_unwind_006ea57f	1
Unwind@006ea58a	eh_unwind_006ea58a	1
Unwind@006ea595	eh_unwind_006ea595	1
Unwind@006ea5a0	eh_unwind_006ea5a0	1
Unwind@006ea5ab	eh_unwind_006ea5ab	1
Unwind@006ea5b6	eh_unwind_006ea5b6	1
Unwind@006ea5c1	eh_unwind_006ea5c1	1
Unwind@006ea5cc	eh_unwind_006ea5cc	1
Unwind@006ea5d7	eh_unwind_006ea5d7	1
Unwind@006ea5e2	eh_unwind_006ea5e2	1
Unwind@006ea5ed	eh_unwind_006ea5ed	1
Unwind@006ea5f8	eh_unwind_006ea5f8	1
Unwind@006ea603	eh_unwind_006ea603	1
Unwind@006ea60e	eh_unwind_006ea60e	1
Unwind@006ea619	eh_unwind_006ea619	1
Unwind@006ea624	eh_unwind_006ea624	1
Unwind@006ea62f	eh_unwind_006ea62f	1
Unwind@006ea63a	eh_unwind_006ea63a	1
Unwind@006ea645	eh_unwind_006ea645	1
Unwind@006ea650	eh_unwind_006ea650	1
Unwind@006ea65b	eh_unwind_006ea65b	1
Unwind@006ea666	eh_unwind_006ea666	1
Unwind@006ea671	eh_unwind_006ea671	1
Unwind@006ea67c	eh_unwind_006ea67c	1
Unwind@006ea687	eh_unwind_006ea687	1
Unwind@006ea692	eh_unwind_006ea692	1
Unwind@006ea69d	eh_unwind_006ea69d	1
Unwind@006ea6a8	eh_unwind_006ea6a8	1
Unwind@006ea6b3	eh_unwind_006ea6b3	1
Unwind@006ea6be	eh_unwind_006ea6be	1
Unwind@006ea6c9	eh_unwind_006ea6c9	1
Unwind@006ea6d4	eh_unwind_006ea6d4	1
Unwind@006ea6df	eh_unwind_006ea6df	1
Unwind@006ea6ea	eh_unwind_006ea6ea	1
Unwind@006ea6f5	eh_unwind_006ea6f5	1
Unwind@006ea700	eh_unwind_006ea700	1
Unwind@006ea70b	eh_unwind_006ea70b	1
Unwind@006ea716	eh_unwind_006ea716	1
Unwind@006ea721	eh_unwind_006ea721	1
Unwind@006ea72c	eh_unwind_006ea72c	1
Unwind@006ea737	eh_unwind_006ea737	1
Unwind@006ea742	eh_unwind_006ea742	1
Unwind@006ea74d	eh_unwind_006ea74d	1
Unwind@006ea758	eh_unwind_006ea758	1
Unwind@006ea763	eh_unwind_006ea763	1
Unwind@006ea76e	eh_unwind_006ea76e	1
Unwind@006ea779	eh_unwind_006ea779	1
Unwind@006ea784	eh_unwind_006ea784	1
Unwind@006ea78f	eh_unwind_006ea78f	1
Unwind@006ea79a	eh_unwind_006ea79a	1
Unwind@006ea7a5	eh_unwind_006ea7a5	1
Unwind@006ea7b0	eh_unwind_006ea7b0	1
Unwind@006ea7bb	eh_unwind_006ea7bb	1
Unwind@006ea7c6	eh_unwind_006ea7c6	1
Unwind@006ea7d1	eh_unwind_006ea7d1	1
Unwind@006ea7dc	eh_unwind_006ea7dc	1
Unwind@006ea7e7	eh_unwind_006ea7e7	1
Unwind@006ea7f2	eh_unwind_006ea7f2	1
Unwind@006ea7fd	eh_unwind_006ea7fd	1
Unwind@006ea808	eh_unwind_006ea808	1
Unwind@006ea813	eh_unwind_006ea813	1
Unwind@006ea81e	eh_unwind_006ea81e	1
Unwind@006ea829	eh_unwind_006ea829	1
Unwind@006ea834	eh_unwind_006ea834	1
Unwind@006ea83f	eh_unwind_006ea83f	1
Unwind@006ea84a	eh_unwind_006ea84a	1
Unwind@006ea855	eh_unwind_006ea855	1
Unwind@006ea860	eh_unwind_006ea860	1
Unwind@006ea86b	eh_unwind_006ea86b	1
Unwind@006ea876	eh_unwind_006ea876	1
Unwind@006ea881	eh_unwind_006ea881	1
Unwind@006ea88c	eh_unwind_006ea88c	1
Unwind@006ea897	eh_unwind_006ea897	1
Unwind@006ea8a2	eh_unwind_006ea8a2	1
Unwind@006ea8ad	eh_unwind_006ea8ad	1
Unwind@006ea8b8	eh_unwind_006ea8b8	1
Unwind@006ea8c3	eh_unwind_006ea8c3	1
Unwind@006ea8ce	eh_unwind_006ea8ce	1
Unwind@006ea8d9	eh_unwind_006ea8d9	1
Unwind@006ea8e4	eh_unwind_006ea8e4	1
Unwind@006ea8ef	eh_unwind_006ea8ef	1
Unwind@006ea8fa	eh_unwind_006ea8fa	1
Unwind@006ea905	eh_unwind_006ea905	1
Unwind@006ea910	eh_unwind_006ea910	1
Unwind@006ea91b	eh_unwind_006ea91b	1
Unwind@006ea926	eh_unwind_006ea926	1
Unwind@006ea931	eh_unwind_006ea931	1
Unwind@006ea93c	eh_unwind_006ea93c	1
Unwind@006ea947	eh_unwind_006ea947	1
Unwind@006ea952	eh_unwind_006ea952	1
Unwind@006ea95d	eh_unwind_006ea95d	1
Unwind@006ea968	eh_unwind_006ea968	1
Unwind@006ea973	eh_unwind_006ea973	1
Unwind@006ea97e	eh_unwind_006ea97e	1
Unwind@006ea989	eh_unwind_006ea989	1
Unwind@006ea994	eh_unwind_006ea994	1
Unwind@006ea99f	eh_unwind_006ea99f	1
Unwind@006ea9aa	eh_unwind_006ea9aa	1
Unwind@006ea9b5	eh_unwind_006ea9b5	1
Unwind@006ea9c0	eh_unwind_006ea9c0	1
Unwind@006ea9cb	eh_unwind_006ea9cb	1
Unwind@006ea9d6	eh_unwind_006ea9d6	1
Unwind@006ea9e1	eh_unwind_006ea9e1	1
Unwind@006ea9ec	eh_unwind_006ea9ec	1
Unwind@006ea9f7	eh_unwind_006ea9f7	1
Unwind@006eaa02	eh_unwind_006eaa02	1
Unwind@006eaa0d	eh_unwind_006eaa0d	1
Unwind@006eaa18	eh_unwind_006eaa18	1
Unwind@006eaa23	eh_unwind_006eaa23	1
Unwind@006eaa2e	eh_unwind_006eaa2e	1
Unwind@006eaa39	eh_unwind_006eaa39	1
Unwind@006eaa44	eh_unwind_006eaa44	1
Unwind@006eaa4f	eh_unwind_006eaa4f	1
Unwind@006eaa5a	eh_unwind_006eaa5a	1
Unwind@006eaa65	eh_unwind_006eaa65	1
Unwind@006eaa70	eh_unwind_006eaa70	1
Unwind@006eaa7b	eh_unwind_006eaa7b	1
Unwind@006eaa86	eh_unwind_006eaa86	1
Unwind@006eaa91	eh_unwind_006eaa91	1
Unwind@006eaa9c	eh_unwind_006eaa9c	1
Unwind@006eaaa7	eh_unwind_006eaaa7	1
Unwind@006eaab2	eh_unwind_006eaab2	1
Unwind@006eaabd	eh_unwind_006eaabd	1
Unwind@006eaac8	eh_unwind_006eaac8	1
Unwind@006eaad3	eh_unwind_006eaad3	1
Unwind@006eaade	eh_unwind_006eaade	1
Unwind@006eaae9	eh_unwind_006eaae9	1
Unwind@006eaaf4	eh_unwind_006eaaf4	1
Unwind@006eaaff	eh_unwind_006eaaff	1
Unwind@006eab0a	eh_unwind_006eab0a	1
Unwind@006eab15	eh_unwind_006eab15	1
Unwind@006eab20	eh_unwind_006eab20	1
Unwind@006eab2b	eh_unwind_006eab2b	1
Unwind@006eab36	eh_unwind_006eab36	1
Unwind@006eab41	eh_unwind_006eab41	1
Unwind@006eab4c	eh_unwind_006eab4c	1
Unwind@006eab57	eh_unwind_006eab57	1
Unwind@006eab62	eh_unwind_006eab62	1
Unwind@006eab6d	eh_unwind_006eab6d	1
Unwind@006eab78	eh_unwind_006eab78	1
Unwind@006eab83	eh_unwind_006eab83	1
Unwind@006eab8e	eh_unwind_006eab8e	1
Unwind@006eab99	eh_unwind_006eab99	1
Unwind@006eaba4	eh_unwind_006eaba4	1
Unwind@006eabaf	eh_unwind_006eabaf	1
Unwind@006eabba	eh_unwind_006eabba	1
Unwind@006eabc5	eh_unwind_006eabc5	1
Unwind@006eabd0	eh_unwind_006eabd0	1
Unwind@006eabdb	eh_unwind_006eabdb	1
Unwind@006eabe6	eh_unwind_006eabe6	1
Unwind@006eabf1	eh_unwind_006eabf1	1
Unwind@006eabfc	eh_unwind_006eabfc	1
Unwind@006eac07	eh_unwind_006eac07	1
Unwind@006eac12	eh_unwind_006eac12	1
Unwind@006eac1d	eh_unwind_006eac1d	1
Unwind@006eac28	eh_unwind_006eac28	1
Unwind@006eac33	eh_unwind_006eac33	1
Unwind@006eac3e	eh_unwind_006eac3e	1
Unwind@006eac49	eh_unwind_006eac49	1
Unwind@006eac54	eh_unwind_006eac54	1
Unwind@006eac5f	eh_unwind_006eac5f	1
Unwind@006eac6a	eh_unwind_006eac6a	1
Unwind@006eac75	eh_unwind_006eac75	1
Unwind@006eac80	eh_unwind_006eac80	1
Unwind@006eac8b	eh_unwind_006eac8b	1
Unwind@006eac96	eh_unwind_006eac96	1
Unwind@006eaca1	eh_unwind_006eaca1	1
Unwind@006eacac	eh_unwind_006eacac	1
Unwind@006eacb7	eh_unwind_006eacb7	1
Unwind@006eacc2	eh_unwind_006eacc2	1
Unwind@006eaccd	eh_unwind_006eaccd	1
Unwind@006eacd8	eh_unwind_006eacd8	1
Unwind@006eace3	eh_unwind_006eace3	1
Unwind@006eacee	eh_unwind_006eacee	1
Unwind@006eacf9	eh_unwind_006eacf9	1
Unwind@006ead04	eh_unwind_006ead04	1
Unwind@006ead0f	eh_unwind_006ead0f	1
Unwind@006ead1a	eh_unwind_006ead1a	1
Unwind@006ead25	eh_unwind_006ead25	1
Unwind@006ead30	eh_unwind_006ead30	1
Unwind@006ead3b	eh_unwind_006ead3b	1
Unwind@006ead46	eh_unwind_006ead46	1
Unwind@006ead51	eh_unwind_006ead51	1
Unwind@006ead5c	eh_unwind_006ead5c	1
Unwind@006ead67	eh_unwind_006ead67	1
Unwind@006ead72	eh_unwind_006ead72	1
Unwind@006ead7d	eh_unwind_006ead7d	1
Unwind@006ead88	eh_unwind_006ead88	1
Unwind@006ead93	eh_unwind_006ead93	1
Unwind@006ead9e	eh_unwind_006ead9e	1
Unwind@006eada9	eh_unwind_006eada9	1
Unwind@006eadb4	eh_unwind_006eadb4	1
Unwind@006eadbf	eh_unwind_006eadbf	1
Unwind@006eadca	eh_unwind_006eadca	1
Unwind@006eadd5	eh_unwind_006eadd5	1
Unwind@006eade0	eh_unwind_006eade0	1
Unwind@006eadeb	eh_unwind_006eadeb	1
Unwind@006eadf6	eh_unwind_006eadf6	1
Unwind@006eae01	eh_unwind_006eae01	1
Unwind@006eae0c	eh_unwind_006eae0c	1
Unwind@006eae17	eh_unwind_006eae17	1
Unwind@006eae22	eh_unwind_006eae22	1
Unwind@006eae2d	eh_unwind_006eae2d	1
Unwind@006eae38	eh_unwind_006eae38	1
Unwind@006eae43	eh_unwind_006eae43	1
Unwind@006eae4e	eh_unwind_006eae4e	1
Unwind@006eae59	eh_unwind_006eae59	1
Unwind@006eae64	eh_unwind_006eae64	1
Unwind@006eae6f	eh_unwind_006eae6f	1
Unwind@006eae7a	eh_unwind_006eae7a	1
Unwind@006eae85	eh_unwind_006eae85	1
Unwind@006eae90	eh_unwind_006eae90	1
Unwind@006eae9b	eh_unwind_006eae9b	1
Unwind@006eaea6	eh_unwind_006eaea6	1
Unwind@006eaeb1	eh_unwind_006eaeb1	1
Unwind@006eaebc	eh_unwind_006eaebc	1
Unwind@006eaec7	eh_unwind_006eaec7	1
Unwind@006eaed2	eh_unwind_006eaed2	1
Unwind@006eaedd	eh_unwind_006eaedd	1
Unwind@006eaee8	eh_unwind_006eaee8	1
Unwind@006eaef3	eh_unwind_006eaef3	1
Unwind@006eaefe	eh_unwind_006eaefe	1
Unwind@006eaf09	eh_unwind_006eaf09	1
Unwind@006eaf14	eh_unwind_006eaf14	1
Unwind@006eaf1f	eh_unwind_006eaf1f	1
Unwind@006eaf2a	eh_unwind_006eaf2a	1
Unwind@006eaf35	eh_unwind_006eaf35	1
Unwind@006eaf40	eh_unwind_006eaf40	1
Unwind@006eaf4b	eh_unwind_006eaf4b	1
Unwind@006eaf56	eh_unwind_006eaf56	1
Unwind@006eaf61	eh_unwind_006eaf61	1
Unwind@006eaf6c	eh_unwind_006eaf6c	1
Unwind@006eaf77	eh_unwind_006eaf77	1
Unwind@006eaf82	eh_unwind_006eaf82	1
Unwind@006eaf8d	eh_unwind_006eaf8d	1
Unwind@006eaf98	eh_unwind_006eaf98	1
Unwind@006eafa3	eh_unwind_006eafa3	1
Unwind@006eafae	eh_unwind_006eafae	1
Unwind@006eafb9	eh_unwind_006eafb9	1
Unwind@006eafc4	eh_unwind_006eafc4	1
Unwind@006eafcf	eh_unwind_006eafcf	1
Unwind@006eafda	eh_unwind_006eafda	1
Unwind@006eafe5	eh_unwind_006eafe5	1
Unwind@006eaff0	eh_unwind_006eaff0	1
Unwind@006eaffb	eh_unwind_006eaffb	1
Unwind@006eb006	eh_unwind_006eb006	1
Unwind@006eb011	eh_unwind_006eb011	1
Unwind@006eb01c	eh_unwind_006eb01c	1
Unwind@006eb027	eh_unwind_006eb027	1
Unwind@006eb032	eh_unwind_006eb032	1
Unwind@006eb03d	eh_unwind_006eb03d	1
Unwind@006eb048	eh_unwind_006eb048	1
Unwind@006eb053	eh_unwind_006eb053	1
Unwind@006eb05e	eh_unwind_006eb05e	1
Unwind@006eb069	eh_unwind_006eb069	1
Unwind@006eb074	eh_unwind_006eb074	1
Unwind@006eb07f	eh_unwind_006eb07f	1
Unwind@006eb08a	eh_unwind_006eb08a	1
Unwind@006eb095	eh_unwind_006eb095	1
Unwind@006eb0a0	eh_unwind_006eb0a0	1
Unwind@006eb0ab	eh_unwind_006eb0ab	1
Unwind@006eb0b6	eh_unwind_006eb0b6	1
Unwind@006eb0c1	eh_unwind_006eb0c1	1
Unwind@006eb0cc	eh_unwind_006eb0cc	1
Unwind@006eb0d7	eh_unwind_006eb0d7	1
Unwind@006eb0e2	eh_unwind_006eb0e2	1
Unwind@006eb0ed	eh_unwind_006eb0ed	1
Unwind@006eb0f8	eh_unwind_006eb0f8	1
Unwind@006eb103	eh_unwind_006eb103	1
Unwind@006eb10e	eh_unwind_006eb10e	1
Unwind@006eb119	eh_unwind_006eb119	1
Unwind@006eb124	eh_unwind_006eb124	1
Unwind@006eb12f	eh_unwind_006eb12f	1
Unwind@006eb13a	eh_unwind_006eb13a	1
Unwind@006eb145	eh_unwind_006eb145	1
Unwind@006eb150	eh_unwind_006eb150	1
Unwind@006eb15b	eh_unwind_006eb15b	1
Unwind@006eb166	eh_unwind_006eb166	1
Unwind@006eb171	eh_unwind_006eb171	1
Unwind@006eb17c	eh_unwind_006eb17c	1
Unwind@006eb187	eh_unwind_006eb187	1
Unwind@006eb192	eh_unwind_006eb192	1
Unwind@006eb19d	eh_unwind_006eb19d	1
Unwind@006eb1a8	eh_unwind_006eb1a8	1
Unwind@006eb1b3	eh_unwind_006eb1b3	1
Unwind@006eb1be	eh_unwind_006eb1be	1
Unwind@006eb1c9	eh_unwind_006eb1c9	1
Unwind@006eb1d4	eh_unwind_006eb1d4	1
Unwind@006eb1df	eh_unwind_006eb1df	1
Unwind@006eb1ea	eh_unwind_006eb1ea	1
Unwind@006eb1f5	eh_unwind_006eb1f5	1
Unwind@006eb200	eh_unwind_006eb200	1
Unwind@006eb20b	eh_unwind_006eb20b	1
Unwind@006eb216	eh_unwind_006eb216	1
Unwind@006eb221	eh_unwind_006eb221	1
Unwind@006eb22c	eh_unwind_006eb22c	1
Unwind@006eb237	eh_unwind_006eb237	1
Unwind@006eb242	eh_unwind_006eb242	1
Unwind@006eb24d	eh_unwind_006eb24d	1
Unwind@006eb258	eh_unwind_006eb258	1
Unwind@006eb263	eh_unwind_006eb263	1
Unwind@006eb26e	eh_unwind_006eb26e	1
Unwind@006eb279	eh_unwind_006eb279	1
Unwind@006eb284	eh_unwind_006eb284	1
Unwind@006eb28f	eh_unwind_006eb28f	1
Unwind@006eb29a	eh_unwind_006eb29a	1
Unwind@006eb2a5	eh_unwind_006eb2a5	1
Unwind@006eb2b0	eh_unwind_006eb2b0	1
Unwind@006eb2bb	eh_unwind_006eb2bb	1
Unwind@006eb2c6	eh_unwind_006eb2c6	1
Unwind@006eb2d1	eh_unwind_006eb2d1	1
Unwind@006eb2dc	eh_unwind_006eb2dc	1
Unwind@006eb2e7	eh_unwind_006eb2e7	1
Unwind@006eb2f2	eh_unwind_006eb2f2	1
Unwind@006eb2fd	eh_unwind_006eb2fd	1
Unwind@006eb308	eh_unwind_006eb308	1
Unwind@006eb313	eh_unwind_006eb313	1
Unwind@006eb31e	eh_unwind_006eb31e	1
Unwind@006eb329	eh_unwind_006eb329	1
Unwind@006eb334	eh_unwind_006eb334	1
Unwind@006eb33f	eh_unwind_006eb33f	1
Unwind@006eb34a	eh_unwind_006eb34a	1
Unwind@006eb355	eh_unwind_006eb355	1
Unwind@006eb360	eh_unwind_006eb360	1
Unwind@006eb36b	eh_unwind_006eb36b	1
Unwind@006eb376	eh_unwind_006eb376	1
Unwind@006eb381	eh_unwind_006eb381	1
Unwind@006eb38c	eh_unwind_006eb38c	1
Unwind@006eb397	eh_unwind_006eb397	1
Unwind@006eb3a2	eh_unwind_006eb3a2	1
Unwind@006eb3ad	eh_unwind_006eb3ad	1
Unwind@006eb3b8	eh_unwind_006eb3b8	1
Unwind@006eb3c3	eh_unwind_006eb3c3	1
Unwind@006eb3ce	eh_unwind_006eb3ce	1
Unwind@006eb3d9	eh_unwind_006eb3d9	1
Unwind@006eb3e4	eh_unwind_006eb3e4	1
Unwind@006eb3ef	eh_unwind_006eb3ef	1
Unwind@006eb3fa	eh_unwind_006eb3fa	1
Unwind@006eb405	eh_unwind_006eb405	1
Unwind@006eb410	eh_unwind_006eb410	1
Unwind@006eb41b	eh_unwind_006eb41b	1
Unwind@006eb426	eh_unwind_006eb426	1
Unwind@006eb431	eh_unwind_006eb431	1
Unwind@006eb43c	eh_unwind_006eb43c	1
Unwind@006eb447	eh_unwind_006eb447	1
Unwind@006eb452	eh_unwind_006eb452	1
Unwind@006eb45d	eh_unwind_006eb45d	1
Unwind@006eb468	eh_unwind_006eb468	1
Unwind@006eb473	eh_unwind_006eb473	1
Unwind@006eb47e	eh_unwind_006eb47e	1
Unwind@006eb489	eh_unwind_006eb489	1
Unwind@006eb494	eh_unwind_006eb494	1
Unwind@006eb49f	eh_unwind_006eb49f	1
Unwind@006eb4aa	eh_unwind_006eb4aa	1
Unwind@006eb4b5	eh_unwind_006eb4b5	1
Unwind@006eb4c0	eh_unwind_006eb4c0	1
Unwind@006eb4cb	eh_unwind_006eb4cb	1
Unwind@006eb4d6	eh_unwind_006eb4d6	1
Unwind@006eb4e1	eh_unwind_006eb4e1	1
Unwind@006eb4ec	eh_unwind_006eb4ec	1
Unwind@006eb4f7	eh_unwind_006eb4f7	1
Unwind@006eb502	eh_unwind_006eb502	1
Unwind@006eb50d	eh_unwind_006eb50d	1
Unwind@006eb518	eh_unwind_006eb518	1
Unwind@006eb523	eh_unwind_006eb523	1
Unwind@006eb52e	eh_unwind_006eb52e	1
Unwind@006eb539	eh_unwind_006eb539	1
Unwind@006eb544	eh_unwind_006eb544	1
Unwind@006eb54f	eh_unwind_006eb54f	1
Unwind@006eb55a	eh_unwind_006eb55a	1
Unwind@006eb565	eh_unwind_006eb565	1
Unwind@006eb570	eh_unwind_006eb570	1
Unwind@006eb57b	eh_unwind_006eb57b	1
Unwind@006eb586	eh_unwind_006eb586	1
Unwind@006eb591	eh_unwind_006eb591	1
Unwind@006eb59c	eh_unwind_006eb59c	1
Unwind@006eb5a7	eh_unwind_006eb5a7	1
Unwind@006eb5b2	eh_unwind_006eb5b2	1
Unwind@006eb5bd	eh_unwind_006eb5bd	1
Unwind@006eb5c8	eh_unwind_006eb5c8	1
Unwind@006eb5d3	eh_unwind_006eb5d3	1
Unwind@006eb5de	eh_unwind_006eb5de	1
Unwind@006eb5e9	eh_unwind_006eb5e9	1
Unwind@006eb5f4	eh_unwind_006eb5f4	1
Unwind@006eb5ff	eh_unwind_006eb5ff	1
Unwind@006eb60a	eh_unwind_006eb60a	1
Unwind@006eb615	eh_unwind_006eb615	1
Unwind@006eb620	eh_unwind_006eb620	1
Unwind@006eb62b	eh_unwind_006eb62b	1
Unwind@006eb636	eh_unwind_006eb636	1
Unwind@006eb641	eh_unwind_006eb641	1
Unwind@006eb64c	eh_unwind_006eb64c	1
Unwind@006eb657	eh_unwind_006eb657	1
Unwind@006eb662	eh_unwind_006eb662	1
Unwind@006eb66d	eh_unwind_006eb66d	1
Unwind@006eb678	eh_unwind_006eb678	1
Unwind@006eb683	eh_unwind_006eb683	1
Unwind@006eb68e	eh_unwind_006eb68e	1
Unwind@006eb699	eh_unwind_006eb699	1
Unwind@006eb6a4	eh_unwind_006eb6a4	1
Unwind@006eb6af	eh_unwind_006eb6af	1
Unwind@006eb6ba	eh_unwind_006eb6ba	1
Unwind@006eb6c5	eh_unwind_006eb6c5	1
Unwind@006eb6d0	eh_unwind_006eb6d0	1
Unwind@006eb6db	eh_unwind_006eb6db	1
Unwind@006eb6e6	eh_unwind_006eb6e6	1
Unwind@006eb6f1	eh_unwind_006eb6f1	1
Unwind@006eb6fc	eh_unwind_006eb6fc	1
Unwind@006eb707	eh_unwind_006eb707	1
Unwind@006eb712	eh_unwind_006eb712	1
Unwind@006eb71d	eh_unwind_006eb71d	1
Unwind@006eb728	eh_unwind_006eb728	1
Unwind@006eb733	eh_unwind_006eb733	1
Unwind@006eb73e	eh_unwind_006eb73e	1
Unwind@006eb749	eh_unwind_006eb749	1
Unwind@006eb754	eh_unwind_006eb754	1
Unwind@006eb75f	eh_unwind_006eb75f	1
Unwind@006eb76a	eh_unwind_006eb76a	1
Unwind@006eb775	eh_unwind_006eb775	1
Unwind@006eb780	eh_unwind_006eb780	1
Unwind@006eb78b	eh_unwind_006eb78b	1
Unwind@006eb796	eh_unwind_006eb796	1
Unwind@006eb7a1	eh_unwind_006eb7a1	1
Unwind@006eb7ac	eh_unwind_006eb7ac	1
Unwind@006eb7b7	eh_unwind_006eb7b7	1
Unwind@006eb7c2	eh_unwind_006eb7c2	1
Unwind@006eb7cd	eh_unwind_006eb7cd	1
Unwind@006eb7d8	eh_unwind_006eb7d8	1
Unwind@006eb7e3	eh_unwind_006eb7e3	1
Unwind@006eb7ee	eh_unwind_006eb7ee	1
Unwind@006eb7f9	eh_unwind_006eb7f9	1
Unwind@006eb804	eh_unwind_006eb804	1
Unwind@006eb80f	eh_unwind_006eb80f	1
Unwind@006eb81a	eh_unwind_006eb81a	1
Unwind@006eb825	eh_unwind_006eb825	1
Unwind@006eb830	eh_unwind_006eb830	1
Unwind@006eb83b	eh_unwind_006eb83b	1
Unwind@006eb846	eh_unwind_006eb846	1
Unwind@006eb851	eh_unwind_006eb851	1
Unwind@006eb85c	eh_unwind_006eb85c	1
Unwind@006eb867	eh_unwind_006eb867	1
Unwind@006eb872	eh_unwind_006eb872	1
Unwind@006eb87d	eh_unwind_006eb87d	1
Unwind@006eb888	eh_unwind_006eb888	1
Unwind@006eb893	eh_unwind_006eb893	1
Unwind@006eb89e	eh_unwind_006eb89e	1
Unwind@006eb8a9	eh_unwind_006eb8a9	1
Unwind@006eb8b4	eh_unwind_006eb8b4	1
Unwind@006eb8bf	eh_unwind_006eb8bf	1
Unwind@006eb8ca	eh_unwind_006eb8ca	1
Unwind@006eb8d5	eh_unwind_006eb8d5	1
Unwind@006eb8e0	eh_unwind_006eb8e0	1
Unwind@006eb8eb	eh_unwind_006eb8eb	1
Unwind@006eb8f6	eh_unwind_006eb8f6	1
Unwind@006eb901	eh_unwind_006eb901	1
Unwind@006eb90c	eh_unwind_006eb90c	1
Unwind@006eb917	eh_unwind_006eb917	1
Unwind@006eb922	eh_unwind_006eb922	1
Unwind@006eb92d	eh_unwind_006eb92d	1
Unwind@006eb938	eh_unwind_006eb938	1
Unwind@006eb943	eh_unwind_006eb943	1
Unwind@006eb94e	eh_unwind_006eb94e	1
Unwind@006eb959	eh_unwind_006eb959	1
Unwind@006eb964	eh_unwind_006eb964	1
Unwind@006eb96f	eh_unwind_006eb96f	1
Unwind@006eb97a	eh_unwind_006eb97a	1
Unwind@006eb985	eh_unwind_006eb985	1
Unwind@006eb990	eh_unwind_006eb990	1
Unwind@006eb99b	eh_unwind_006eb99b	1
Unwind@006eb9a6	eh_unwind_006eb9a6	1
Unwind@006eb9b1	eh_unwind_006eb9b1	1
Unwind@006eb9bc	eh_unwind_006eb9bc	1
Unwind@006eb9c7	eh_unwind_006eb9c7	1
Unwind@006eb9d2	eh_unwind_006eb9d2	1
Unwind@006eb9dd	eh_unwind_006eb9dd	1
Unwind@006eb9e8	eh_unwind_006eb9e8	1
Unwind@006eb9f3	eh_unwind_006eb9f3	1
Unwind@006eb9fe	eh_unwind_006eb9fe	1
Unwind@006eba09	eh_unwind_006eba09	1
Unwind@006eba14	eh_unwind_006eba14	1
Unwind@006eba1f	eh_unwind_006eba1f	1
Unwind@006eba2a	eh_unwind_006eba2a	1
Unwind@006eba35	eh_unwind_006eba35	1
Unwind@006eba40	eh_unwind_006eba40	1
Unwind@006eba4b	eh_unwind_006eba4b	1
Unwind@006eba56	eh_unwind_006eba56	1
Unwind@006eba61	eh_unwind_006eba61	1
Unwind@006eba6c	eh_unwind_006eba6c	1
Unwind@006eba77	eh_unwind_006eba77	1
Unwind@006eba82	eh_unwind_006eba82	1
Unwind@006eba8d	eh_unwind_006eba8d	1
Unwind@006eba98	eh_unwind_006eba98	1
Unwind@006ebaa3	eh_unwind_006ebaa3	1
Unwind@006ebaae	eh_unwind_006ebaae	1
Unwind@006ebab9	eh_unwind_006ebab9	1
Unwind@006ebac4	eh_unwind_006ebac4	1
Unwind@006ebacf	eh_unwind_006ebacf	1
Unwind@006ebada	eh_unwind_006ebada	1
Unwind@006ebae5	eh_unwind_006ebae5	1
Unwind@006ebaf0	eh_unwind_006ebaf0	1
Unwind@006ebafb	eh_unwind_006ebafb	1
Unwind@006ebb06	eh_unwind_006ebb06	1
Unwind@006ebb11	eh_unwind_006ebb11	1
Unwind@006ebb1c	eh_unwind_006ebb1c	1
Unwind@006ebb27	eh_unwind_006ebb27	1
Unwind@006ebb32	eh_unwind_006ebb32	1
Unwind@006ebb3d	eh_unwind_006ebb3d	1
Unwind@006ebb48	eh_unwind_006ebb48	1
Unwind@006ebb53	eh_unwind_006ebb53	1
Unwind@006ebb5e	eh_unwind_006ebb5e	1
Unwind@006ebb69	eh_unwind_006ebb69	1
Unwind@006ebb74	eh_unwind_006ebb74	1
Unwind@006ebb7f	eh_unwind_006ebb7f	1
Unwind@006ebb8a	eh_unwind_006ebb8a	1
Unwind@006ebb95	eh_unwind_006ebb95	1
Unwind@006ebba0	eh_unwind_006ebba0	1
Unwind@006ebbab	eh_unwind_006ebbab	1
Unwind@006ebbb6	eh_unwind_006ebbb6	1
Unwind@006ebbc1	eh_unwind_006ebbc1	1
Unwind@006ebbcc	eh_unwind_006ebbcc	1
Unwind@006ebbd7	eh_unwind_006ebbd7	1
Unwind@006ebbe2	eh_unwind_006ebbe2	1
Unwind@006ebbed	eh_unwind_006ebbed	1
Unwind@006ebbf8	eh_unwind_006ebbf8	1
Unwind@006ebc03	eh_unwind_006ebc03	1
Unwind@006ebc0e	eh_unwind_006ebc0e	1
Unwind@006ebc19	eh_unwind_006ebc19	1
Unwind@006ebc24	eh_unwind_006ebc24	1
Unwind@006ebc2f	eh_unwind_006ebc2f	1
Unwind@006ebc3a	eh_unwind_006ebc3a	1
Unwind@006ebc45	eh_unwind_006ebc45	1
Unwind@006ebc50	eh_unwind_006ebc50	1
Unwind@006ebc5b	eh_unwind_006ebc5b	1
Unwind@006ebc66	eh_unwind_006ebc66	1
Unwind@006ebc71	eh_unwind_006ebc71	1
Unwind@006ebc7c	eh_unwind_006ebc7c	1
Unwind@006ebc87	eh_unwind_006ebc87	1
Unwind@006ebc92	eh_unwind_006ebc92	1
Unwind@006ebc9d	eh_unwind_006ebc9d	1
Unwind@006ebca8	eh_unwind_006ebca8	1
Unwind@006ebcb3	eh_unwind_006ebcb3	1
Unwind@006ebcbe	eh_unwind_006ebcbe	1
Unwind@006ebcc9	eh_unwind_006ebcc9	1
Unwind@006ebcd4	eh_unwind_006ebcd4	1
Unwind@006ebcdf	eh_unwind_006ebcdf	1
Unwind@006ebcea	eh_unwind_006ebcea	1
Unwind@006ebcf5	eh_unwind_006ebcf5	1
Unwind@006ebd00	eh_unwind_006ebd00	1
Unwind@006ebd0b	eh_unwind_006ebd0b	1
Unwind@006ebd16	eh_unwind_006ebd16	1
Unwind@006ebd21	eh_unwind_006ebd21	1
Unwind@006ebd2c	eh_unwind_006ebd2c	1
Unwind@006ebd37	eh_unwind_006ebd37	1
Unwind@006ebd42	eh_unwind_006ebd42	1
Unwind@006ebd4d	eh_unwind_006ebd4d	1
Unwind@006ebd58	eh_unwind_006ebd58	1
Unwind@006ebd63	eh_unwind_006ebd63	1
Unwind@006ebd6e	eh_unwind_006ebd6e	1
Unwind@006ebd79	eh_unwind_006ebd79	1
Unwind@006ebd84	eh_unwind_006ebd84	1
Unwind@006ebd8f	eh_unwind_006ebd8f	1
Unwind@006ebd9a	eh_unwind_006ebd9a	1
Unwind@006ebda5	eh_unwind_006ebda5	1
Unwind@006ebdb0	eh_unwind_006ebdb0	1
Unwind@006ebdbb	eh_unwind_006ebdbb	1
Unwind@006ebdc6	eh_unwind_006ebdc6	1
Unwind@006ebdd1	eh_unwind_006ebdd1	1
Unwind@006ebddc	eh_unwind_006ebddc	1
Unwind@006ebde7	eh_unwind_006ebde7	1
Unwind@006ebdf2	eh_unwind_006ebdf2	1
Unwind@006ebdfd	eh_unwind_006ebdfd	1
Unwind@006ebe08	eh_unwind_006ebe08	1
Unwind@006ebe13	eh_unwind_006ebe13	1
Unwind@006ebe1e	eh_unwind_006ebe1e	1
Unwind@006ebe29	eh_unwind_006ebe29	1
Unwind@006ebe34	eh_unwind_006ebe34	1
Unwind@006ebe3f	eh_unwind_006ebe3f	1
Unwind@006ebe4a	eh_unwind_006ebe4a	1
Unwind@006ebe55	eh_unwind_006ebe55	1
Unwind@006ebe60	eh_unwind_006ebe60	1
Unwind@006ebe6b	eh_unwind_006ebe6b	1
Unwind@006ebe76	eh_unwind_006ebe76	1
Unwind@006ebe81	eh_unwind_006ebe81	1
Unwind@006ebe8c	eh_unwind_006ebe8c	1
Unwind@006ebe97	eh_unwind_006ebe97	1
Unwind@006ebea2	eh_unwind_006ebea2	1
Unwind@006ebead	eh_unwind_006ebead	1
Unwind@006ebeb8	eh_unwind_006ebeb8	1
Unwind@006ebec3	eh_unwind_006ebec3	1
Unwind@006ebece	eh_unwind_006ebece	1
Unwind@006ebed9	eh_unwind_006ebed9	1
Unwind@006ebee4	eh_unwind_006ebee4	1
Unwind@006ebeef	eh_unwind_006ebeef	1
Unwind@006ebefa	eh_unwind_006ebefa	1
Unwind@006ebf05	eh_unwind_006ebf05	1
Unwind@006ebf10	eh_unwind_006ebf10	1
Unwind@006ebf1b	eh_unwind_006ebf1b	1
Unwind@006ebf26	eh_unwind_006ebf26	1
Unwind@006ebf31	eh_unwind_006ebf31	1
Unwind@006ebf3c	eh_unwind_006ebf3c	1
Unwind@006ebf47	eh_unwind_006ebf47	1
Unwind@006ebf52	eh_unwind_006ebf52	1
Unwind@006ebf5d	eh_unwind_006ebf5d	1
Unwind@006ebf68	eh_unwind_006ebf68	1
Unwind@006ebf73	eh_unwind_006ebf73	1
Unwind@006ebf7e	eh_unwind_006ebf7e	1
Unwind@006ebf89	eh_unwind_006ebf89	1
Unwind@006ebf94	eh_unwind_006ebf94	1
Unwind@006ebf9f	eh_unwind_006ebf9f	1
Unwind@006ebfaa	eh_unwind_006ebfaa	1
Unwind@006ebfb5	eh_unwind_006ebfb5	1
Unwind@006ebfc0	eh_unwind_006ebfc0	1
Unwind@006ebfcb	eh_unwind_006ebfcb	1
Unwind@006ebfd6	eh_unwind_006ebfd6	1
Unwind@006ebfe1	eh_unwind_006ebfe1	1
Unwind@006ebfec	eh_unwind_006ebfec	1
Unwind@006ebff7	eh_unwind_006ebff7	1
Unwind@006ec002	eh_unwind_006ec002	1
Unwind@006ec00d	eh_unwind_006ec00d	1
Unwind@006ec018	eh_unwind_006ec018	1
Unwind@006ec023	eh_unwind_006ec023	1
Unwind@006ec02e	eh_unwind_006ec02e	1
Unwind@006ec039	eh_unwind_006ec039	1
Unwind@006ec044	eh_unwind_006ec044	1
Unwind@006ec04f	eh_unwind_006ec04f	1
Unwind@006ec05a	eh_unwind_006ec05a	1
Unwind@006ec065	eh_unwind_006ec065	1
Unwind@006ec070	eh_unwind_006ec070	1
Unwind@006ec07b	eh_unwind_006ec07b	1
Unwind@006ec086	eh_unwind_006ec086	1
Unwind@006ec091	eh_unwind_006ec091	1
Unwind@006ec09c	eh_unwind_006ec09c	1
Unwind@006ec0a7	eh_unwind_006ec0a7	1
Unwind@006ec0b2	eh_unwind_006ec0b2	1
Unwind@006ec0bd	eh_unwind_006ec0bd	1
Unwind@006ec0c8	eh_unwind_006ec0c8	1
Unwind@006ec0d3	eh_unwind_006ec0d3	1
Unwind@006ec0de	eh_unwind_006ec0de	1
Unwind@006ec0e9	eh_unwind_006ec0e9	1
Unwind@006ec0f4	eh_unwind_006ec0f4	1
Unwind@006ec0ff	eh_unwind_006ec0ff	1
Unwind@006ec10a	eh_unwind_006ec10a	1
Unwind@006ec115	eh_unwind_006ec115	1
Unwind@006ec120	eh_unwind_006ec120	1
Unwind@006ec12b	eh_unwind_006ec12b	1
Unwind@006ec136	eh_unwind_006ec136	1
Unwind@006ec141	eh_unwind_006ec141	1
Unwind@006ec14c	eh_unwind_006ec14c	1
Unwind@006ec157	eh_unwind_006ec157	1
Unwind@006ec162	eh_unwind_006ec162	1
Unwind@006ec16d	eh_unwind_006ec16d	1
Unwind@006ec178	eh_unwind_006ec178	1
Unwind@006ec183	eh_unwind_006ec183	1
Unwind@006ec18e	eh_unwind_006ec18e	1
Unwind@006ec199	eh_unwind_006ec199	1
Unwind@006ec1a4	eh_unwind_006ec1a4	1
Unwind@006ec1af	eh_unwind_006ec1af	1
Unwind@006ec1ba	eh_unwind_006ec1ba	1
Unwind@006ec1c5	eh_unwind_006ec1c5	1
Unwind@006ec1d0	eh_unwind_006ec1d0	1
Unwind@006ec1db	eh_unwind_006ec1db	1
Unwind@006ec1e6	eh_unwind_006ec1e6	1
Unwind@006ec1f1	eh_unwind_006ec1f1	1
Unwind@006ec1fc	eh_unwind_006ec1fc	1
Unwind@006ec207	eh_unwind_006ec207	1
Unwind@006ec212	eh_unwind_006ec212	1
Unwind@006ec21d	eh_unwind_006ec21d	1
Unwind@006ec228	eh_unwind_006ec228	1
Unwind@006ec233	eh_unwind_006ec233	1
Unwind@006ec23e	eh_unwind_006ec23e	1
Unwind@006ec249	eh_unwind_006ec249	1
Unwind@006ec254	eh_unwind_006ec254	1
Unwind@006ec25f	eh_unwind_006ec25f	1
Unwind@006ec26a	eh_unwind_006ec26a	1
Unwind@006ec275	eh_unwind_006ec275	1
Unwind@006ec280	eh_unwind_006ec280	1
Unwind@006ec28b	eh_unwind_006ec28b	1
Unwind@006ec296	eh_unwind_006ec296	1
Unwind@006ec2a1	eh_unwind_006ec2a1	1
Unwind@006ec2ac	eh_unwind_006ec2ac	1
Unwind@006ec2b7	eh_unwind_006ec2b7	1
Unwind@006ec2c2	eh_unwind_006ec2c2	1
Unwind@006ec2cd	eh_unwind_006ec2cd	1
Unwind@006ec2d8	eh_unwind_006ec2d8	1
Unwind@006ec2e3	eh_unwind_006ec2e3	1
Unwind@006ec2ee	eh_unwind_006ec2ee	1
Unwind@006ec2f9	eh_unwind_006ec2f9	1
Unwind@006ec304	eh_unwind_006ec304	1
Unwind@006ec30f	eh_unwind_006ec30f	1
Unwind@006ec31a	eh_unwind_006ec31a	1
Unwind@006ec325	eh_unwind_006ec325	1
Unwind@006ec330	eh_unwind_006ec330	1
Unwind@006ec33b	eh_unwind_006ec33b	1
Unwind@006ec346	eh_unwind_006ec346	1
Unwind@006ec351	eh_unwind_006ec351	1
Unwind@006ec35c	eh_unwind_006ec35c	1
Unwind@006ec367	eh_unwind_006ec367	1
Unwind@006ec372	eh_unwind_006ec372	1
Unwind@006ec37d	eh_unwind_006ec37d	1
Unwind@006ec388	eh_unwind_006ec388	1
Unwind@006ec393	eh_unwind_006ec393	1
Unwind@006ec39e	eh_unwind_006ec39e	1
Unwind@006ec3a9	eh_unwind_006ec3a9	1
Unwind@006ec3b4	eh_unwind_006ec3b4	1
Unwind@006ec3bf	eh_unwind_006ec3bf	1
Unwind@006ec3ca	eh_unwind_006ec3ca	1
Unwind@006ec3d5	eh_unwind_006ec3d5	1
Unwind@006ec3e0	eh_unwind_006ec3e0	1
Unwind@006ec3eb	eh_unwind_006ec3eb	1
Unwind@006ec3f6	eh_unwind_006ec3f6	1
Unwind@006ec401	eh_unwind_006ec401	1
Unwind@006ec40c	eh_unwind_006ec40c	1
Unwind@006ec417	eh_unwind_006ec417	1
Unwind@006ec422	eh_unwind_006ec422	1
Unwind@006ec42d	eh_unwind_006ec42d	1
Unwind@006ec438	eh_unwind_006ec438	1
Unwind@006ec443	eh_unwind_006ec443	1
Unwind@006ec44e	eh_unwind_006ec44e	1
Unwind@006ec459	eh_unwind_006ec459	1
Unwind@006ec464	eh_unwind_006ec464	1
Unwind@006ec46f	eh_unwind_006ec46f	1
Unwind@006ec47a	eh_unwind_006ec47a	1
Unwind@006ec485	eh_unwind_006ec485	1
Unwind@006ec490	eh_unwind_006ec490	1
Unwind@006ec49b	eh_unwind_006ec49b	1
Unwind@006ec4a6	eh_unwind_006ec4a6	1
Unwind@006ec4b1	eh_unwind_006ec4b1	1
Unwind@006ec4bc	eh_unwind_006ec4bc	1
Unwind@006ec4c7	eh_unwind_006ec4c7	1
Unwind@006ec4d2	eh_unwind_006ec4d2	1
Unwind@006ec4dd	eh_unwind_006ec4dd	1
Unwind@006ec4e8	eh_unwind_006ec4e8	1
Unwind@006ec4f3	eh_unwind_006ec4f3	1
Unwind@006ec4fe	eh_unwind_006ec4fe	1
Unwind@006ec509	eh_unwind_006ec509	1
Unwind@006ec514	eh_unwind_006ec514	1
Unwind@006ec51f	eh_unwind_006ec51f	1
Unwind@006ec52a	eh_unwind_006ec52a	1
Unwind@006ec535	eh_unwind_006ec535	1
Unwind@006ec540	eh_unwind_006ec540	1
Unwind@006ec54b	eh_unwind_006ec54b	1
Unwind@006ec556	eh_unwind_006ec556	1
Unwind@006ec561	eh_unwind_006ec561	1
Unwind@006ec56c	eh_unwind_006ec56c	1
Unwind@006ec577	eh_unwind_006ec577	1
Unwind@006ec582	eh_unwind_006ec582	1
Unwind@006ec58d	eh_unwind_006ec58d	1
Unwind@006ec598	eh_unwind_006ec598	1
Unwind@006ec5a3	eh_unwind_006ec5a3	1
Unwind@006ec5ae	eh_unwind_006ec5ae	1
Unwind@006ec5b9	eh_unwind_006ec5b9	1
Unwind@006ec5c4	eh_unwind_006ec5c4	1
Unwind@006ec5cf	eh_unwind_006ec5cf	1
Unwind@006ec5da	eh_unwind_006ec5da	1
Unwind@006ec5e5	eh_unwind_006ec5e5	1
Unwind@006ec5f0	eh_unwind_006ec5f0	1
Unwind@006ec5fb	eh_unwind_006ec5fb	1
Unwind@006ec606	eh_unwind_006ec606	1
Unwind@006ec611	eh_unwind_006ec611	1
Unwind@006ec61c	eh_unwind_006ec61c	1
Unwind@006ec627	eh_unwind_006ec627	1
Unwind@006ec632	eh_unwind_006ec632	1
Unwind@006ec63d	eh_unwind_006ec63d	1
Unwind@006ec648	eh_unwind_006ec648	1
Unwind@006ec653	eh_unwind_006ec653	1
Unwind@006ec65e	eh_unwind_006ec65e	1
Unwind@006ec669	eh_unwind_006ec669	1
Unwind@006ec674	eh_unwind_006ec674	1
Unwind@006ec67f	eh_unwind_006ec67f	1
Unwind@006ec68a	eh_unwind_006ec68a	1
Unwind@006ec695	eh_unwind_006ec695	1
Unwind@006ec6a0	eh_unwind_006ec6a0	1
Unwind@006ec6ab	eh_unwind_006ec6ab	1
Unwind@006ec6b6	eh_unwind_006ec6b6	1
Unwind@006ec6c1	eh_unwind_006ec6c1	1
Unwind@006ec6cc	eh_unwind_006ec6cc	1
Unwind@006ec6d7	eh_unwind_006ec6d7	1
Unwind@006ec6e2	eh_unwind_006ec6e2	1
Unwind@006ec6ed	eh_unwind_006ec6ed	1
Unwind@006ec6f8	eh_unwind_006ec6f8	1
Unwind@006ec703	eh_unwind_006ec703	1
Unwind@006ec70e	eh_unwind_006ec70e	1
Unwind@006ec719	eh_unwind_006ec719	1
Unwind@006ec724	eh_unwind_006ec724	1
Unwind@006ec72f	eh_unwind_006ec72f	1
Unwind@006ec73a	eh_unwind_006ec73a	1
Unwind@006ec745	eh_unwind_006ec745	1
Unwind@006ec750	eh_unwind_006ec750	1
Unwind@006ec75b	eh_unwind_006ec75b	1
Unwind@006ec766	eh_unwind_006ec766	1
Unwind@006ec771	eh_unwind_006ec771	1
Unwind@006ec77c	eh_unwind_006ec77c	1
Unwind@006ec787	eh_unwind_006ec787	1
Unwind@006ec792	eh_unwind_006ec792	1
Unwind@006ec79d	eh_unwind_006ec79d	1
Unwind@006ec7a8	eh_unwind_006ec7a8	1
Unwind@006ec7b3	eh_unwind_006ec7b3	1
Unwind@006ec7be	eh_unwind_006ec7be	1
Unwind@006ec7c9	eh_unwind_006ec7c9	1
Unwind@006ec7d4	eh_unwind_006ec7d4	1
Unwind@006ec7df	eh_unwind_006ec7df	1
Unwind@006ec7ea	eh_unwind_006ec7ea	1
Unwind@006ec7f5	eh_unwind_006ec7f5	1
Unwind@006ec800	eh_unwind_006ec800	1
Unwind@006ec80b	eh_unwind_006ec80b	1
Unwind@006ec816	eh_unwind_006ec816	1
Unwind@006ec821	eh_unwind_006ec821	1
Unwind@006ec82c	eh_unwind_006ec82c	1
Unwind@006ec837	eh_unwind_006ec837	1
Unwind@006ec842	eh_unwind_006ec842	1
Unwind@006ec84d	eh_unwind_006ec84d	1
Unwind@006ec858	eh_unwind_006ec858	1
Unwind@006ec863	eh_unwind_006ec863	1
Unwind@006ec86e	eh_unwind_006ec86e	1
Unwind@006ec879	eh_unwind_006ec879	1
Unwind@006ec884	eh_unwind_006ec884	1
Unwind@006ec88f	eh_unwind_006ec88f	1
Unwind@006ec89a	eh_unwind_006ec89a	1
Unwind@006ec8a5	eh_unwind_006ec8a5	1
Unwind@006ec8b0	eh_unwind_006ec8b0	1
Unwind@006ec8bb	eh_unwind_006ec8bb	1
Unwind@006ec8c6	eh_unwind_006ec8c6	1
Unwind@006ec8d1	eh_unwind_006ec8d1	1
Unwind@006ec8dc	eh_unwind_006ec8dc	1
Unwind@006ec8e7	eh_unwind_006ec8e7	1
Unwind@006ec8f2	eh_unwind_006ec8f2	1
Unwind@006ec8fd	eh_unwind_006ec8fd	1
Unwind@006ec908	eh_unwind_006ec908	1
Unwind@006ec913	eh_unwind_006ec913	1
Unwind@006ec91e	eh_unwind_006ec91e	1
Unwind@006ec929	eh_unwind_006ec929	1
Unwind@006ec934	eh_unwind_006ec934	1
Unwind@006ec93f	eh_unwind_006ec93f	1
Unwind@006ec94a	eh_unwind_006ec94a	1
Unwind@006ec955	eh_unwind_006ec955	1
Unwind@006ec960	eh_unwind_006ec960	1
Unwind@006ec96b	eh_unwind_006ec96b	1
Unwind@006ec976	eh_unwind_006ec976	1
Unwind@006ec981	eh_unwind_006ec981	1
Unwind@006ec98c	eh_unwind_006ec98c	1
Unwind@006ec997	eh_unwind_006ec997	1
Unwind@006ec9a2	eh_unwind_006ec9a2	1
Unwind@006ec9ad	eh_unwind_006ec9ad	1
Unwind@006ec9b8	eh_unwind_006ec9b8	1
Unwind@006ec9c3	eh_unwind_006ec9c3	1
Unwind@006ec9ce	eh_unwind_006ec9ce	1
Unwind@006ec9d9	eh_unwind_006ec9d9	1
Unwind@006ec9e4	eh_unwind_006ec9e4	1
Unwind@006ec9ef	eh_unwind_006ec9ef	1
Unwind@006ec9fa	eh_unwind_006ec9fa	1
Unwind@006eca05	eh_unwind_006eca05	1
Unwind@006eca10	eh_unwind_006eca10	1
Unwind@006eca1b	eh_unwind_006eca1b	1
Unwind@006eca26	eh_unwind_006eca26	1
Unwind@006eca31	eh_unwind_006eca31	1
Unwind@006eca3c	eh_unwind_006eca3c	1
Unwind@006eca47	eh_unwind_006eca47	1
Unwind@006eca52	eh_unwind_006eca52	1
Unwind@006eca5d	eh_unwind_006eca5d	1
Unwind@006eca68	eh_unwind_006eca68	1
Unwind@006eca73	eh_unwind_006eca73	1
Unwind@006eca7e	eh_unwind_006eca7e	1
Unwind@006eca89	eh_unwind_006eca89	1
Unwind@006eca94	eh_unwind_006eca94	1
Unwind@006eca9f	eh_unwind_006eca9f	1
Unwind@006ecaaa	eh_unwind_006ecaaa	1
Unwind@006ecab5	eh_unwind_006ecab5	1
Unwind@006ecac0	eh_unwind_006ecac0	1
Unwind@006ecacb	eh_unwind_006ecacb	1
Unwind@006ecad6	eh_unwind_006ecad6	1
Unwind@006ecae1	eh_unwind_006ecae1	1
Unwind@006ecaec	eh_unwind_006ecaec	1
Unwind@006ecaf7	eh_unwind_006ecaf7	1
Unwind@006ecb02	eh_unwind_006ecb02	1
Unwind@006ecb0d	eh_unwind_006ecb0d	1
Unwind@006ecb18	eh_unwind_006ecb18	1
Unwind@006ecb23	eh_unwind_006ecb23	1
Unwind@006ecb2e	eh_unwind_006ecb2e	1
Unwind@006ecb39	eh_unwind_006ecb39	1
Unwind@006ecb44	eh_unwind_006ecb44	1
Unwind@006ecb4f	eh_unwind_006ecb4f	1
Unwind@006ecb5a	eh_unwind_006ecb5a	1
Unwind@006ecb65	eh_unwind_006ecb65	1
Unwind@006ecb70	eh_unwind_006ecb70	1
Unwind@006ecb7b	eh_unwind_006ecb7b	1
Unwind@006ecb86	eh_unwind_006ecb86	1
Unwind@006ecb91	eh_unwind_006ecb91	1
Unwind@006ecb9c	eh_unwind_006ecb9c	1
Unwind@006ecba7	eh_unwind_006ecba7	1
Unwind@006ecbb2	eh_unwind_006ecbb2	1
Unwind@006ecbbd	eh_unwind_006ecbbd	1
Unwind@006ecbc8	eh_unwind_006ecbc8	1
Unwind@006ecbd3	eh_unwind_006ecbd3	1
Unwind@006ecbde	eh_unwind_006ecbde	1
Unwind@006ecbe9	eh_unwind_006ecbe9	1
Unwind@006ecbf4	eh_unwind_006ecbf4	1
Unwind@006ecbff	eh_unwind_006ecbff	1
Unwind@006ecc0a	eh_unwind_006ecc0a	1
Unwind@006ecc15	eh_unwind_006ecc15	1
Unwind@006ecc20	eh_unwind_006ecc20	1
Unwind@006ecc2b	eh_unwind_006ecc2b	1
Unwind@006ecc36	eh_unwind_006ecc36	1
Unwind@006ecc41	eh_unwind_006ecc41	1
Unwind@006ecc4c	eh_unwind_006ecc4c	1
Unwind@006ecc57	eh_unwind_006ecc57	1
Unwind@006ecc62	eh_unwind_006ecc62	1
Unwind@006ecc6d	eh_unwind_006ecc6d	1
Unwind@006ecc78	eh_unwind_006ecc78	1
Unwind@006ecc83	eh_unwind_006ecc83	1
Unwind@006ecc8e	eh_unwind_006ecc8e	1
Unwind@006ecc99	eh_unwind_006ecc99	1
Unwind@006ecca4	eh_unwind_006ecca4	1
Unwind@006eccaf	eh_unwind_006eccaf	1
Unwind@006eccba	eh_unwind_006eccba	1
Unwind@006eccc5	eh_unwind_006eccc5	1
Unwind@006eccd0	eh_unwind_006eccd0	1
Unwind@006eccdb	eh_unwind_006eccdb	1
Unwind@006ecce6	eh_unwind_006ecce6	1
Unwind@006eccf1	eh_unwind_006eccf1	1
Unwind@006eccfc	eh_unwind_006eccfc	1
Unwind@006ecd07	eh_unwind_006ecd07	1
Unwind@006ecd12	eh_unwind_006ecd12	1
Unwind@006ecd1d	eh_unwind_006ecd1d	1
Unwind@006ecd28	eh_unwind_006ecd28	1
Unwind@006ecd33	eh_unwind_006ecd33	1
Unwind@006ecd3e	eh_unwind_006ecd3e	1
Unwind@006ecd49	eh_unwind_006ecd49	1
Unwind@006ecd54	eh_unwind_006ecd54	1
Unwind@006ecd5f	eh_unwind_006ecd5f	1
Unwind@006ecd6a	eh_unwind_006ecd6a	1
Unwind@006ecd75	eh_unwind_006ecd75	1
Unwind@006ecd80	eh_unwind_006ecd80	1
Unwind@006ecd8b	eh_unwind_006ecd8b	1
Unwind@006ecd96	eh_unwind_006ecd96	1
Unwind@006ecda1	eh_unwind_006ecda1	1
Unwind@006ecdac	eh_unwind_006ecdac	1
Unwind@006ecdb7	eh_unwind_006ecdb7	1
Unwind@006ecdc2	eh_unwind_006ecdc2	1
Unwind@006ecdcd	eh_unwind_006ecdcd	1
Unwind@006ecdd8	eh_unwind_006ecdd8	1
Unwind@006ecde3	eh_unwind_006ecde3	1
Unwind@006ecdee	eh_unwind_006ecdee	1
Unwind@006ecdf9	eh_unwind_006ecdf9	1
Unwind@006ece04	eh_unwind_006ece04	1
Unwind@006ece0f	eh_unwind_006ece0f	1
Unwind@006ece1a	eh_unwind_006ece1a	1
Unwind@006ece25	eh_unwind_006ece25	1
Unwind@006ece30	eh_unwind_006ece30	1
Unwind@006ece3b	eh_unwind_006ece3b	1
Unwind@006ece46	eh_unwind_006ece46	1
Unwind@006ece51	eh_unwind_006ece51	1
Unwind@006ece5c	eh_unwind_006ece5c	1
Unwind@006ece67	eh_unwind_006ece67	1
Unwind@006ece72	eh_unwind_006ece72	1
Unwind@006ece7d	eh_unwind_006ece7d	1
Unwind@006ece88	eh_unwind_006ece88	1
Unwind@006ece93	eh_unwind_006ece93	1
Unwind@006ece9e	eh_unwind_006ece9e	1
Unwind@006ecea9	eh_unwind_006ecea9	1
Unwind@006eceb4	eh_unwind_006eceb4	1
Unwind@006ecebf	eh_unwind_006ecebf	1
Unwind@006ececa	eh_unwind_006ececa	1
Unwind@006eced5	eh_unwind_006eced5	1
Unwind@006ecee0	eh_unwind_006ecee0	1
Unwind@006eceeb	eh_unwind_006eceeb	1
Unwind@006ecef6	eh_unwind_006ecef6	1
Unwind@006ecf01	eh_unwind_006ecf01	1
Unwind@006ecf0c	eh_unwind_006ecf0c	1
Unwind@006ecf17	eh_unwind_006ecf17	1
Unwind@006ecf22	eh_unwind_006ecf22	1
Unwind@006ecf2d	eh_unwind_006ecf2d	1
Unwind@006ecf38	eh_unwind_006ecf38	1
Unwind@006ecf43	eh_unwind_006ecf43	1
Unwind@006ecf4e	eh_unwind_006ecf4e	1
Unwind@006ecf59	eh_unwind_006ecf59	1
Unwind@006ecf64	eh_unwind_006ecf64	1
Unwind@006ecf6f	eh_unwind_006ecf6f	1
Unwind@006ecf7a	eh_unwind_006ecf7a	1
Unwind@006ecf85	eh_unwind_006ecf85	1
Unwind@006ecf90	eh_unwind_006ecf90	1
Unwind@006ecf9b	eh_unwind_006ecf9b	1
Unwind@006ecfa6	eh_unwind_006ecfa6	1
Unwind@006ecfb1	eh_unwind_006ecfb1	1
Unwind@006ecfbc	eh_unwind_006ecfbc	1
Unwind@006ecfc7	eh_unwind_006ecfc7	1
Unwind@006ecfd2	eh_unwind_006ecfd2	1
Unwind@006ecfdd	eh_unwind_006ecfdd	1
Unwind@006ecfe8	eh_unwind_006ecfe8	1
Unwind@006ecff3	eh_unwind_006ecff3	1
Unwind@006ecffe	eh_unwind_006ecffe	1
Unwind@006ed009	eh_unwind_006ed009	1
Unwind@006ed014	eh_unwind_006ed014	1
Unwind@006ed01f	eh_unwind_006ed01f	1
Unwind@006ed02a	eh_unwind_006ed02a	1
Unwind@006ed035	eh_unwind_006ed035	1
Unwind@006ed040	eh_unwind_006ed040	1
Unwind@006ed04b	eh_unwind_006ed04b	1
Unwind@006ed056	eh_unwind_006ed056	1
Unwind@006ed061	eh_unwind_006ed061	1
Unwind@006ed06c	eh_unwind_006ed06c	1
Unwind@006ed077	eh_unwind_006ed077	1
Unwind@006ed082	eh_unwind_006ed082	1
Unwind@006ed08d	eh_unwind_006ed08d	1
Unwind@006ed098	eh_unwind_006ed098	1
Unwind@006ed0a3	eh_unwind_006ed0a3	1
Unwind@006ed0ae	eh_unwind_006ed0ae	1
Unwind@006ed0b9	eh_unwind_006ed0b9	1
Unwind@006ed0c4	eh_unwind_006ed0c4	1
Unwind@006ed0cf	eh_unwind_006ed0cf	1
Unwind@006ed0da	eh_unwind_006ed0da	1
Unwind@006ed0e5	eh_unwind_006ed0e5	1
Unwind@006ed0f0	eh_unwind_006ed0f0	1
Unwind@006ed0fb	eh_unwind_006ed0fb	1
Unwind@006ed106	eh_unwind_006ed106	1
Unwind@006ed111	eh_unwind_006ed111	1
Unwind@006ed11c	eh_unwind_006ed11c	1
Unwind@006ed127	eh_unwind_006ed127	1
Unwind@006ed132	eh_unwind_006ed132	1
Unwind@006ed13d	eh_unwind_006ed13d	1
Unwind@006ed148	eh_unwind_006ed148	1
Unwind@006ed153	eh_unwind_006ed153	1
Unwind@006ed15e	eh_unwind_006ed15e	1
Unwind@006ed169	eh_unwind_006ed169	1
Unwind@006ed174	eh_unwind_006ed174	1
Unwind@006ed17f	eh_unwind_006ed17f	1
Unwind@006ed18a	eh_unwind_006ed18a	1
Unwind@006ed195	eh_unwind_006ed195	1
Unwind@006ed1a0	eh_unwind_006ed1a0	1
Unwind@006ed1ab	eh_unwind_006ed1ab	1
Unwind@006ed1b6	eh_unwind_006ed1b6	1
Unwind@006ed1c1	eh_unwind_006ed1c1	1
Unwind@006ed1cc	eh_unwind_006ed1cc	1
Unwind@006ed1d7	eh_unwind_006ed1d7	1
Unwind@006ed1e2	eh_unwind_006ed1e2	1
Unwind@006ed1ed	eh_unwind_006ed1ed	1
Unwind@006ed1f8	eh_unwind_006ed1f8	1
Unwind@006ed203	eh_unwind_006ed203	1
Unwind@006ed20e	eh_unwind_006ed20e	1
Unwind@006ed219	eh_unwind_006ed219	1
Unwind@006ed224	eh_unwind_006ed224	1
Unwind@006ed22f	eh_unwind_006ed22f	1
Unwind@006ed23a	eh_unwind_006ed23a	1
Unwind@006ed245	eh_unwind_006ed245	1
Unwind@006ed250	eh_unwind_006ed250	1
Unwind@006ed25b	eh_unwind_006ed25b	1
Unwind@006ed266	eh_unwind_006ed266	1
Unwind@006ed271	eh_unwind_006ed271	1
Unwind@006ed27c	eh_unwind_006ed27c	1
Unwind@006ed287	eh_unwind_006ed287	1
Unwind@006ed292	eh_unwind_006ed292	1
Unwind@006ed29d	eh_unwind_006ed29d	1
Unwind@006ed2a8	eh_unwind_006ed2a8	1
Unwind@006ed2b3	eh_unwind_006ed2b3	1
Unwind@006ed2be	eh_unwind_006ed2be	1
Unwind@006ed2c9	eh_unwind_006ed2c9	1
Unwind@006ed2d4	eh_unwind_006ed2d4	1
Unwind@006ed2df	eh_unwind_006ed2df	1
Unwind@006ed2ea	eh_unwind_006ed2ea	1
Unwind@006ed2f5	eh_unwind_006ed2f5	1
Unwind@006ed300	eh_unwind_006ed300	1
Unwind@006ed30b	eh_unwind_006ed30b	1
Unwind@006ed316	eh_unwind_006ed316	1
Unwind@006ed321	eh_unwind_006ed321	1
Unwind@006ed32c	eh_unwind_006ed32c	1
Unwind@006ed337	eh_unwind_006ed337	1
Unwind@006ed342	eh_unwind_006ed342	1
Unwind@006ed34d	eh_unwind_006ed34d	1
Unwind@006ed358	eh_unwind_006ed358	1
Unwind@006ed363	eh_unwind_006ed363	1
Unwind@006ed36e	eh_unwind_006ed36e	1
Unwind@006ed379	eh_unwind_006ed379	1
Unwind@006ed384	eh_unwind_006ed384	1
Unwind@006ed38f	eh_unwind_006ed38f	1
Unwind@006ed39a	eh_unwind_006ed39a	1
Unwind@006ed3a5	eh_unwind_006ed3a5	1
Unwind@006ed3b0	eh_unwind_006ed3b0	1
Unwind@006ed3bb	eh_unwind_006ed3bb	1
Unwind@006ed3c6	eh_unwind_006ed3c6	1
Unwind@006ed3d1	eh_unwind_006ed3d1	1
Unwind@006ed3dc	eh_unwind_006ed3dc	1
Unwind@006ed3e7	eh_unwind_006ed3e7	1
Unwind@006ed3f2	eh_unwind_006ed3f2	1
Unwind@006ed3fd	eh_unwind_006ed3fd	1
Unwind@006ed408	eh_unwind_006ed408	1
Unwind@006ed413	eh_unwind_006ed413	1
Unwind@006ed41e	eh_unwind_006ed41e	1
Unwind@006ed429	eh_unwind_006ed429	1
Unwind@006ed434	eh_unwind_006ed434	1
Unwind@006ed43f	eh_unwind_006ed43f	1
Unwind@006ed44a	eh_unwind_006ed44a	1
Unwind@006ed455	eh_unwind_006ed455	1
Unwind@006ed460	eh_unwind_006ed460	1
Unwind@006ed46b	eh_unwind_006ed46b	1
Unwind@006ed476	eh_unwind_006ed476	1
Unwind@006ed481	eh_unwind_006ed481	1
Unwind@006ed48c	eh_unwind_006ed48c	1
Unwind@006ed497	eh_unwind_006ed497	1
Unwind@006ed4a2	eh_unwind_006ed4a2	1
Unwind@006ed4ad	eh_unwind_006ed4ad	1
Unwind@006ed4b8	eh_unwind_006ed4b8	1
Unwind@006ed4c3	eh_unwind_006ed4c3	1
Unwind@006ed4ce	eh_unwind_006ed4ce	1
Unwind@006ed4d9	eh_unwind_006ed4d9	1
Unwind@006ed4e4	eh_unwind_006ed4e4	1
Unwind@006ed4ef	eh_unwind_006ed4ef	1
Unwind@006ed4fa	eh_unwind_006ed4fa	1
Unwind@006ed505	eh_unwind_006ed505	1
Unwind@006ed510	eh_unwind_006ed510	1
Unwind@006ed51b	eh_unwind_006ed51b	1
Unwind@006ed526	eh_unwind_006ed526	1
Unwind@006ed531	eh_unwind_006ed531	1
Unwind@006ed53c	eh_unwind_006ed53c	1
Unwind@006ed547	eh_unwind_006ed547	1
Unwind@006ed552	eh_unwind_006ed552	1
Unwind@006ed55d	eh_unwind_006ed55d	1
Unwind@006ed568	eh_unwind_006ed568	1
Unwind@006ed573	eh_unwind_006ed573	1
Unwind@006ed57e	eh_unwind_006ed57e	1
Unwind@006ed589	eh_unwind_006ed589	1
Unwind@006ed594	eh_unwind_006ed594	1
Unwind@006ed59f	eh_unwind_006ed59f	1
Unwind@006ed5aa	eh_unwind_006ed5aa	1
Unwind@006ed5b5	eh_unwind_006ed5b5	1
Unwind@006ed5c0	eh_unwind_006ed5c0	1
Unwind@006ed5cb	eh_unwind_006ed5cb	1
Unwind@006ed5d6	eh_unwind_006ed5d6	1
Unwind@006ed5e1	eh_unwind_006ed5e1	1
Unwind@006ed5ec	eh_unwind_006ed5ec	1
Unwind@006ed5f7	eh_unwind_006ed5f7	1
Unwind@006ed602	eh_unwind_006ed602	1
Unwind@006ed60d	eh_unwind_006ed60d	1
Unwind@006ed618	eh_unwind_006ed618	1
Unwind@006ed623	eh_unwind_006ed623	1
Unwind@006ed62e	eh_unwind_006ed62e	1
Unwind@006ed639	eh_unwind_006ed639	1
Unwind@006ed644	eh_unwind_006ed644	1
Unwind@006ed64f	eh_unwind_006ed64f	1
Unwind@006ed65a	eh_unwind_006ed65a	1
Unwind@006ed665	eh_unwind_006ed665	1
Unwind@006ed670	eh_unwind_006ed670	1
Unwind@006ed67b	eh_unwind_006ed67b	1
Unwind@006ed686	eh_unwind_006ed686	1
Unwind@006ed691	eh_unwind_006ed691	1
Unwind@006ed69c	eh_unwind_006ed69c	1
Unwind@006ed6a7	eh_unwind_006ed6a7	1
Unwind@006ed6b2	eh_unwind_006ed6b2	1
Unwind@006ed6bd	eh_unwind_006ed6bd	1
Unwind@006ed6c8	eh_unwind_006ed6c8	1
Unwind@006ed6d3	eh_unwind_006ed6d3	1
Unwind@006ed6de	eh_unwind_006ed6de	1
Unwind@006ed6e9	eh_unwind_006ed6e9	1
Unwind@006ed6f4	eh_unwind_006ed6f4	1
Unwind@006ed6ff	eh_unwind_006ed6ff	1
Unwind@006ed70a	eh_unwind_006ed70a	1
Unwind@006ed715	eh_unwind_006ed715	1
Unwind@006ed720	eh_unwind_006ed720	1
Unwind@006ed72b	eh_unwind_006ed72b	1
Unwind@006ed736	eh_unwind_006ed736	1
Unwind@006ed741	eh_unwind_006ed741	1
Unwind@006ed74c	eh_unwind_006ed74c	1
Unwind@006ed757	eh_unwind_006ed757	1
Unwind@006ed762	eh_unwind_006ed762	1
Unwind@006ed76a	eh_unwind_006ed76a	1
Unwind@006ed772	eh_unwind_006ed772	1
Unwind@006ed77d	eh_unwind_006ed77d	1
Unwind@006ed785	eh_unwind_006ed785	1
Unwind@006ed790	eh_unwind_006ed790	1
Unwind@006ed79b	eh_unwind_006ed79b	1
Unwind@006ed7a6	eh_unwind_006ed7a6	1
Unwind@006ed7b1	eh_unwind_006ed7b1	1
Unwind@006ed7bc	eh_unwind_006ed7bc	1
Unwind@006ed7c7	eh_unwind_006ed7c7	1
Unwind@006ed7d2	eh_unwind_006ed7d2	1
Unwind@006ed7dd	eh_unwind_006ed7dd	1
Unwind@006ed7e8	eh_unwind_006ed7e8	1
Unwind@006ed7f3	eh_unwind_006ed7f3	1
Unwind@006ed7fe	eh_unwind_006ed7fe	1
Unwind@006ed809	eh_unwind_006ed809	1
Unwind@006ed814	eh_unwind_006ed814	1
Unwind@006ed81f	eh_unwind_006ed81f	1
Unwind@006ed82a	eh_unwind_006ed82a	1
Unwind@006ed835	eh_unwind_006ed835	1
Unwind@006ed840	eh_unwind_006ed840	1
Unwind@006ed84b	eh_unwind_006ed84b	1
Unwind@006ed856	eh_unwind_006ed856	1
Unwind@006ed861	eh_unwind_006ed861	1
Unwind@006ed86c	eh_unwind_006ed86c	1
Unwind@006ed877	eh_unwind_006ed877	1
Unwind@006ed882	eh_unwind_006ed882	1
Unwind@006ed88d	eh_unwind_006ed88d	1
Unwind@006ed898	eh_unwind_006ed898	1
Unwind@006ed8a3	eh_unwind_006ed8a3	1
Unwind@006ed8ae	eh_unwind_006ed8ae	1
Unwind@006ed8b9	eh_unwind_006ed8b9	1
Unwind@006ed8c4	eh_unwind_006ed8c4	1
Unwind@006ed8cf	eh_unwind_006ed8cf	1
Unwind@006ed8da	eh_unwind_006ed8da	1
Unwind@006ed8e5	eh_unwind_006ed8e5	1
Unwind@006ed8f0	eh_unwind_006ed8f0	1
Unwind@006ed8fb	eh_unwind_006ed8fb	1
Unwind@006ed906	eh_unwind_006ed906	1
Unwind@006ed911	eh_unwind_006ed911	1
Unwind@006ed91c	eh_unwind_006ed91c	1
Unwind@006ed927	eh_unwind_006ed927	1
Unwind@006ed932	eh_unwind_006ed932	1
Unwind@006ed93d	eh_unwind_006ed93d	1
Unwind@006ed948	eh_unwind_006ed948	1
Unwind@006ed953	eh_unwind_006ed953	1
Unwind@006ed95e	eh_unwind_006ed95e	1
Unwind@006ed969	eh_unwind_006ed969	1
Unwind@006ed974	eh_unwind_006ed974	1
Unwind@006ed97f	eh_unwind_006ed97f	1
Unwind@006ed98a	eh_unwind_006ed98a	1
Unwind@006ed995	eh_unwind_006ed995	1
Unwind@006ed9a0	eh_unwind_006ed9a0	1
Unwind@006ed9ab	eh_unwind_006ed9ab	1
Unwind@006ed9b6	eh_unwind_006ed9b6	1
Unwind@006ed9c1	eh_unwind_006ed9c1	1
Unwind@006ed9cc	eh_unwind_006ed9cc	1
Unwind@006ed9d7	eh_unwind_006ed9d7	1
Unwind@006ed9e2	eh_unwind_006ed9e2	1
Unwind@006ed9ed	eh_unwind_006ed9ed	1
Unwind@006ed9f8	eh_unwind_006ed9f8	1
Unwind@006eda03	eh_unwind_006eda03	1
Unwind@006eda0e	eh_unwind_006eda0e	1
Unwind@006eda19	eh_unwind_006eda19	1
Unwind@006eda24	eh_unwind_006eda24	1
Unwind@006eda2f	eh_unwind_006eda2f	1
Unwind@006eda3a	eh_unwind_006eda3a	1
Unwind@006eda45	eh_unwind_006eda45	1
Unwind@006eda50	eh_unwind_006eda50	1
Unwind@006eda5b	eh_unwind_006eda5b	1
Unwind@006eda66	eh_unwind_006eda66	1
Unwind@006eda71	eh_unwind_006eda71	1
Unwind@006eda7c	eh_unwind_006eda7c	1
Unwind@006eda87	eh_unwind_006eda87	1
Unwind@006eda92	eh_unwind_006eda92	1
Unwind@006eda9d	eh_unwind_006eda9d	1
Unwind@006edaa8	eh_unwind_006edaa8	1
Unwind@006edab3	eh_unwind_006edab3	1
Unwind@006edabe	eh_unwind_006edabe	1
Unwind@006edac9	eh_unwind_006edac9	1
Unwind@006edad4	eh_unwind_006edad4	1
Unwind@006edadf	eh_unwind_006edadf	1
Unwind@006edaea	eh_unwind_006edaea	1
Unwind@006edaf5	eh_unwind_006edaf5	1
Unwind@006edb00	eh_unwind_006edb00	1
Unwind@006edb0b	eh_unwind_006edb0b	1
Unwind@006edb16	eh_unwind_006edb16	1
Unwind@006edb21	eh_unwind_006edb21	1
Unwind@006edb2c	eh_unwind_006edb2c	1
Unwind@006edb37	eh_unwind_006edb37	1
Unwind@006edb42	eh_unwind_006edb42	1
Unwind@006edb4d	eh_unwind_006edb4d	1
Unwind@006edb58	eh_unwind_006edb58	1
Unwind@006edb63	eh_unwind_006edb63	1
Unwind@006edb6e	eh_unwind_006edb6e	1
Unwind@006edb79	eh_unwind_006edb79	1
Unwind@006edb84	eh_unwind_006edb84	1
Unwind@006edb8f	eh_unwind_006edb8f	1
Unwind@006edb9a	eh_unwind_006edb9a	1
Unwind@006edba5	eh_unwind_006edba5	1
Unwind@006edbb0	eh_unwind_006edbb0	1
Unwind@006edbbb	eh_unwind_006edbbb	1
Unwind@006edbc6	eh_unwind_006edbc6	1
Unwind@006edbd1	eh_unwind_006edbd1	1
Unwind@006edbdc	eh_unwind_006edbdc	1
Unwind@006edbe7	eh_unwind_006edbe7	1
Unwind@006edbf2	eh_unwind_006edbf2	1
Unwind@006edbfd	eh_unwind_006edbfd	1
Unwind@006edc08	eh_unwind_006edc08	1
Unwind@006edc13	eh_unwind_006edc13	1
Unwind@006edc1e	eh_unwind_006edc1e	1
Unwind@006edc29	eh_unwind_006edc29	1
Unwind@006edc34	eh_unwind_006edc34	1
Unwind@006edc3f	eh_unwind_006edc3f	1
Unwind@006edc4a	eh_unwind_006edc4a	1
Unwind@006edc55	eh_unwind_006edc55	1
Unwind@006edc60	eh_unwind_006edc60	1
Unwind@006edc6b	eh_unwind_006edc6b	1
Unwind@006edc76	eh_unwind_006edc76	1
Unwind@006edc81	eh_unwind_006edc81	1
Unwind@006edc8c	eh_unwind_006edc8c	1
Unwind@006edc97	eh_unwind_006edc97	1
Unwind@006edca2	eh_unwind_006edca2	1
Unwind@006edcad	eh_unwind_006edcad	1
Unwind@006edcb8	eh_unwind_006edcb8	1
Unwind@006edcc3	eh_unwind_006edcc3	1
Unwind@006edcce	eh_unwind_006edcce	1
Unwind@006edcd9	eh_unwind_006edcd9	1
Unwind@006edce4	eh_unwind_006edce4	1
Unwind@006edcef	eh_unwind_006edcef	1
Unwind@006edcfa	eh_unwind_006edcfa	1
Unwind@006edd05	eh_unwind_006edd05	1
Unwind@006edd10	eh_unwind_006edd10	1
Unwind@006edd1b	eh_unwind_006edd1b	1
Unwind@006edd26	eh_unwind_006edd26	1
Unwind@006edd31	eh_unwind_006edd31	1
Unwind@006edd3c	eh_unwind_006edd3c	1
Unwind@006edd47	eh_unwind_006edd47	1
Unwind@006edd52	eh_unwind_006edd52	1
Unwind@006edd5d	eh_unwind_006edd5d	1
Unwind@006edd68	eh_unwind_006edd68	1
Unwind@006edd73	eh_unwind_006edd73	1
Unwind@006edd7e	eh_unwind_006edd7e	1
Unwind@006edd89	eh_unwind_006edd89	1
Unwind@006edd94	eh_unwind_006edd94	1
Unwind@006edd9f	eh_unwind_006edd9f	1
Unwind@006eddaa	eh_unwind_006eddaa	1
Unwind@006eddb5	eh_unwind_006eddb5	1
Unwind@006eddc0	eh_unwind_006eddc0	1
Unwind@006eddcb	eh_unwind_006eddcb	1
Unwind@006eddd6	eh_unwind_006eddd6	1
Unwind@006edde1	eh_unwind_006edde1	1
Unwind@006eddec	eh_unwind_006eddec	1
Unwind@006eddf7	eh_unwind_006eddf7	1
Unwind@006ede02	eh_unwind_006ede02	1
Unwind@006ede0d	eh_unwind_006ede0d	1
Unwind@006ede18	eh_unwind_006ede18	1
Unwind@006ede23	eh_unwind_006ede23	1
Unwind@006ede2e	eh_unwind_006ede2e	1
Unwind@006ede39	eh_unwind_006ede39	1
Unwind@006ede44	eh_unwind_006ede44	1
Unwind@006ede4f	eh_unwind_006ede4f	1
Unwind@006ede5a	eh_unwind_006ede5a	1
Unwind@006ede65	eh_unwind_006ede65	1
Unwind@006ede70	eh_unwind_006ede70	1
Unwind@006ede7b	eh_unwind_006ede7b	1
Unwind@006ede86	eh_unwind_006ede86	1
Unwind@006ede91	eh_unwind_006ede91	1
Unwind@006ede9c	eh_unwind_006ede9c	1
Unwind@006edea7	eh_unwind_006edea7	1
Unwind@006edeb2	eh_unwind_006edeb2	1
Unwind@006edebd	eh_unwind_006edebd	1
Unwind@006edec8	eh_unwind_006edec8	1
Unwind@006eded3	eh_unwind_006eded3	1
Unwind@006edede	eh_unwind_006edede	1
Unwind@006edee9	eh_unwind_006edee9	1
Unwind@006edef4	eh_unwind_006edef4	1
Unwind@006edeff	eh_unwind_006edeff	1
Unwind@006edf0a	eh_unwind_006edf0a	1
Unwind@006edf15	eh_unwind_006edf15	1
Unwind@006edf20	eh_unwind_006edf20	1
Unwind@006edf2b	eh_unwind_006edf2b	1
Unwind@006edf36	eh_unwind_006edf36	1
Unwind@006edf41	eh_unwind_006edf41	1
Unwind@006edf4c	eh_unwind_006edf4c	1
Unwind@006edf57	eh_unwind_006edf57	1
Unwind@006edf62	eh_unwind_006edf62	1
Unwind@006edf6d	eh_unwind_006edf6d	1
Unwind@006edf78	eh_unwind_006edf78	1
Unwind@006edf83	eh_unwind_006edf83	1
Unwind@006edf8e	eh_unwind_006edf8e	1
Unwind@006edf99	eh_unwind_006edf99	1
Unwind@006edfa4	eh_unwind_006edfa4	1
Unwind@006edfaf	eh_unwind_006edfaf	1
Unwind@006edfba	eh_unwind_006edfba	1
Unwind@006edfc5	eh_unwind_006edfc5	1
Unwind@006edfd0	eh_unwind_006edfd0	1
Unwind@006edfdb	eh_unwind_006edfdb	1
Unwind@006edfe6	eh_unwind_006edfe6	1
Unwind@006edff1	eh_unwind_006edff1	1
Unwind@006edffc	eh_unwind_006edffc	1
Unwind@006ee007	eh_unwind_006ee007	1
Unwind@006ee012	eh_unwind_006ee012	1
Unwind@006ee01d	eh_unwind_006ee01d	1
Unwind@006ee028	eh_unwind_006ee028	1
Unwind@006ee033	eh_unwind_006ee033	1
Unwind@006ee03e	eh_unwind_006ee03e	1
Unwind@006ee049	eh_unwind_006ee049	1
Unwind@006ee054	eh_unwind_006ee054	1
Unwind@006ee05f	eh_unwind_006ee05f	1
Unwind@006ee06a	eh_unwind_006ee06a	1
Unwind@006ee075	eh_unwind_006ee075	1
Unwind@006ee080	eh_unwind_006ee080	1
Unwind@006ee08b	eh_unwind_006ee08b	1
Unwind@006ee096	eh_unwind_006ee096	1
Unwind@006ee0a1	eh_unwind_006ee0a1	1
Unwind@006ee0ac	eh_unwind_006ee0ac	1
Unwind@006ee0b7	eh_unwind_006ee0b7	1
Unwind@006ee0c2	eh_unwind_006ee0c2	1
Unwind@006ee0cd	eh_unwind_006ee0cd	1
Unwind@006ee0d8	eh_unwind_006ee0d8	1
Unwind@006ee0e3	eh_unwind_006ee0e3	1
Unwind@006ee0ee	eh_unwind_006ee0ee	1
Unwind@006ee0f9	eh_unwind_006ee0f9	1
Unwind@006ee104	eh_unwind_006ee104	1
Unwind@006ee10f	eh_unwind_006ee10f	1
Unwind@006ee11a	eh_unwind_006ee11a	1
Unwind@006ee125	eh_unwind_006ee125	1
Unwind@006ee130	eh_unwind_006ee130	1
Unwind@006ee13b	eh_unwind_006ee13b	1
Unwind@006ee146	eh_unwind_006ee146	1
Unwind@006ee151	eh_unwind_006ee151	1
Unwind@006ee15c	eh_unwind_006ee15c	1
Unwind@006ee167	eh_unwind_006ee167	1
Unwind@006ee172	eh_unwind_006ee172	1
Unwind@006ee17d	eh_unwind_006ee17d	1
Unwind@006ee188	eh_unwind_006ee188	1
Unwind@006ee193	eh_unwind_006ee193	1
Unwind@006ee19e	eh_unwind_006ee19e	1
Unwind@006ee1a9	eh_unwind_006ee1a9	1
Unwind@006ee1b4	eh_unwind_006ee1b4	1
Unwind@006ee1bf	eh_unwind_006ee1bf	1
Unwind@006ee1ca	eh_unwind_006ee1ca	1
Unwind@006ee1d5	eh_unwind_006ee1d5	1
Unwind@006ee1e0	eh_unwind_006ee1e0	1
Unwind@006ee1eb	eh_unwind_006ee1eb	1
Unwind@006ee1f6	eh_unwind_006ee1f6	1
Unwind@006ee201	eh_unwind_006ee201	1
Unwind@006ee20c	eh_unwind_006ee20c	1
Unwind@006ee217	eh_unwind_006ee217	1
Unwind@006ee222	eh_unwind_006ee222	1
Unwind@006ee22d	eh_unwind_006ee22d	1
Unwind@006ee238	eh_unwind_006ee238	1
Unwind@006ee243	eh_unwind_006ee243	1
Unwind@006ee24e	eh_unwind_006ee24e	1
Unwind@006ee259	eh_unwind_006ee259	1
Unwind@006ee264	eh_unwind_006ee264	1
Unwind@006ee26f	eh_unwind_006ee26f	1
Unwind@006ee27a	eh_unwind_006ee27a	1
Unwind@006ee285	eh_unwind_006ee285	1
Unwind@006ee290	eh_unwind_006ee290	1
Unwind@006ee29b	eh_unwind_006ee29b	1
Unwind@006ee2a6	eh_unwind_006ee2a6	1
Unwind@006ee2b1	eh_unwind_006ee2b1	1
Unwind@006ee2bc	eh_unwind_006ee2bc	1
Unwind@006ee2c7	eh_unwind_006ee2c7	1
Unwind@006ee2d2	eh_unwind_006ee2d2	1
Unwind@006ee2dd	eh_unwind_006ee2dd	1
Unwind@006ee2e8	eh_unwind_006ee2e8	1
Unwind@006ee2f3	eh_unwind_006ee2f3	1
Unwind@006ee2fe	eh_unwind_006ee2fe	1
Unwind@006ee309	eh_unwind_006ee309	1
Unwind@006ee314	eh_unwind_006ee314	1
Unwind@006ee31f	eh_unwind_006ee31f	1
Unwind@006ee32a	eh_unwind_006ee32a	1
Unwind@006ee335	eh_unwind_006ee335	1
Unwind@006ee340	eh_unwind_006ee340	1
Unwind@006ee34b	eh_unwind_006ee34b	1
Unwind@006ee356	eh_unwind_006ee356	1
Unwind@006ee361	eh_unwind_006ee361	1
Unwind@006ee36c	eh_unwind_006ee36c	1
Unwind@006ee377	eh_unwind_006ee377	1
Unwind@006ee382	eh_unwind_006ee382	1
Unwind@006ee38d	eh_unwind_006ee38d	1
Unwind@006ee398	eh_unwind_006ee398	1
Unwind@006ee3a3	eh_unwind_006ee3a3	1
Unwind@006ee3ae	eh_unwind_006ee3ae	1
Unwind@006ee3b9	eh_unwind_006ee3b9	1
Unwind@006ee3c4	eh_unwind_006ee3c4	1
Unwind@006ee3cf	eh_unwind_006ee3cf	1
Unwind@006ee3da	eh_unwind_006ee3da	1
Unwind@006ee3e5	eh_unwind_006ee3e5	1
Unwind@006ee3f0	eh_unwind_006ee3f0	1
Unwind@006ee3fb	eh_unwind_006ee3fb	1
Unwind@006ee406	eh_unwind_006ee406	1
Unwind@006ee411	eh_unwind_006ee411	1
Unwind@006ee41c	eh_unwind_006ee41c	1
Unwind@006ee427	eh_unwind_006ee427	1
Unwind@006ee432	eh_unwind_006ee432	1
Unwind@006ee43d	eh_unwind_006ee43d	1
Unwind@006ee448	eh_unwind_006ee448	1
Unwind@006ee453	eh_unwind_006ee453	1
Unwind@006ee45e	eh_unwind_006ee45e	1
Unwind@006ee469	eh_unwind_006ee469	1
Unwind@006ee474	eh_unwind_006ee474	1
Unwind@006ee47f	eh_unwind_006ee47f	1
Unwind@006ee48a	eh_unwind_006ee48a	1
Unwind@006ee495	eh_unwind_006ee495	1
Unwind@006ee4a0	eh_unwind_006ee4a0	1
Unwind@006ee4ab	eh_unwind_006ee4ab	1
Unwind@006ee4b6	eh_unwind_006ee4b6	1
Unwind@006ee4c1	eh_unwind_006ee4c1	1
Unwind@006ee4cc	eh_unwind_006ee4cc	1
Unwind@006ee4d7	eh_unwind_006ee4d7	1
Unwind@006ee4e2	eh_unwind_006ee4e2	1
Unwind@006ee4ed	eh_unwind_006ee4ed	1
Unwind@006ee4f8	eh_unwind_006ee4f8	1
Unwind@006ee503	eh_unwind_006ee503	1
Unwind@006ee50e	eh_unwind_006ee50e	1
Unwind@006ee519	eh_unwind_006ee519	1
Unwind@006ee524	eh_unwind_006ee524	1
Unwind@006ee52f	eh_unwind_006ee52f	1
Unwind@006ee53a	eh_unwind_006ee53a	1
Unwind@006ee545	eh_unwind_006ee545	1
Unwind@006ee550	eh_unwind_006ee550	1
Unwind@006ee55b	eh_unwind_006ee55b	1
Unwind@006ee566	eh_unwind_006ee566	1
Unwind@006ee571	eh_unwind_006ee571	1
Unwind@006ee57c	eh_unwind_006ee57c	1
Unwind@006ee587	eh_unwind_006ee587	1
Unwind@006ee592	eh_unwind_006ee592	1
Unwind@006ee59d	eh_unwind_006ee59d	1
Unwind@006ee5a8	eh_unwind_006ee5a8	1
Unwind@006ee5b3	eh_unwind_006ee5b3	1
Unwind@006ee5be	eh_unwind_006ee5be	1
Unwind@006ee5c9	eh_unwind_006ee5c9	1
Unwind@006ee5d4	eh_unwind_006ee5d4	1
Unwind@006ee5df	eh_unwind_006ee5df	1
Unwind@006ee5ea	eh_unwind_006ee5ea	1
Unwind@006ee5f5	eh_unwind_006ee5f5	1
Unwind@006ee600	eh_unwind_006ee600	1
Unwind@006ee60b	eh_unwind_006ee60b	1
Unwind@006ee616	eh_unwind_006ee616	1
Unwind@006ee621	eh_unwind_006ee621	1
Unwind@006ee62c	eh_unwind_006ee62c	1
Unwind@006ee637	eh_unwind_006ee637	1
Unwind@006ee642	eh_unwind_006ee642	1
Unwind@006ee64d	eh_unwind_006ee64d	1
Unwind@006ee658	eh_unwind_006ee658	1
Unwind@006ee663	eh_unwind_006ee663	1
Unwind@006ee66e	eh_unwind_006ee66e	1
Unwind@006ee679	eh_unwind_006ee679	1
Unwind@006ee684	eh_unwind_006ee684	1
Unwind@006ee68f	eh_unwind_006ee68f	1
Unwind@006ee69a	eh_unwind_006ee69a	1
Unwind@006ee6a5	eh_unwind_006ee6a5	1
Unwind@006ee6b0	eh_unwind_006ee6b0	1
Unwind@006ee6bb	eh_unwind_006ee6bb	1
Unwind@006ee6c6	eh_unwind_006ee6c6	1
Unwind@006ee6d1	eh_unwind_006ee6d1	1
Unwind@006ee6dc	eh_unwind_006ee6dc	1
Unwind@006ee6e7	eh_unwind_006ee6e7	1
Unwind@006ee6f2	eh_unwind_006ee6f2	1
Unwind@006ee6fd	eh_unwind_006ee6fd	1
Unwind@006ee708	eh_unwind_006ee708	1
Unwind@006ee713	eh_unwind_006ee713	1
Unwind@006ee71e	eh_unwind_006ee71e	1
Unwind@006ee729	eh_unwind_006ee729	1
Unwind@006ee734	eh_unwind_006ee734	1
Unwind@006ee73f	eh_unwind_006ee73f	1
Unwind@006ee74a	eh_unwind_006ee74a	1
Unwind@006ee755	eh_unwind_006ee755	1
Unwind@006ee760	eh_unwind_006ee760	1
Unwind@006ee76b	eh_unwind_006ee76b	1
Unwind@006ee776	eh_unwind_006ee776	1
Unwind@006ee781	eh_unwind_006ee781	1
Unwind@006ee78c	eh_unwind_006ee78c	1
Unwind@006ee797	eh_unwind_006ee797	1
Unwind@006ee7a2	eh_unwind_006ee7a2	1
Unwind@006ee7ad	eh_unwind_006ee7ad	1
Unwind@006ee7b8	eh_unwind_006ee7b8	1
Unwind@006ee7c3	eh_unwind_006ee7c3	1
Unwind@006ee7ce	eh_unwind_006ee7ce	1
Unwind@006ee7d9	eh_unwind_006ee7d9	1
Unwind@006ee7e4	eh_unwind_006ee7e4	1
Unwind@006ee7ef	eh_unwind_006ee7ef	1
Unwind@006ee7fa	eh_unwind_006ee7fa	1
Unwind@006ee805	eh_unwind_006ee805	1
Unwind@006ee810	eh_unwind_006ee810	1
Unwind@006ee81b	eh_unwind_006ee81b	1
Unwind@006ee826	eh_unwind_006ee826	1
Unwind@006ee831	eh_unwind_006ee831	1
Unwind@006ee83c	eh_unwind_006ee83c	1
Unwind@006ee847	eh_unwind_006ee847	1
Unwind@006ee852	eh_unwind_006ee852	1
Unwind@006ee85d	eh_unwind_006ee85d	1
Unwind@006ee868	eh_unwind_006ee868	1
Unwind@006ee873	eh_unwind_006ee873	1
Unwind@006ee87e	eh_unwind_006ee87e	1
Unwind@006ee889	eh_unwind_006ee889	1
Unwind@006ee894	eh_unwind_006ee894	1
Unwind@006ee89f	eh_unwind_006ee89f	1
Unwind@006ee8aa	eh_unwind_006ee8aa	1
Unwind@006ee8b5	eh_unwind_006ee8b5	1
Unwind@006ee8c0	eh_unwind_006ee8c0	1
Unwind@006ee8cb	eh_unwind_006ee8cb	1
Unwind@006ee8d6	eh_unwind_006ee8d6	1
Unwind@006ee8e1	eh_unwind_006ee8e1	1
Unwind@006ee8ec	eh_unwind_006ee8ec	1
Unwind@006ee8f7	eh_unwind_006ee8f7	1
Unwind@006ee902	eh_unwind_006ee902	1
Unwind@006ee90d	eh_unwind_006ee90d	1
Unwind@006ee918	eh_unwind_006ee918	1
Unwind@006ee923	eh_unwind_006ee923	1
Unwind@006ee92e	eh_unwind_006ee92e	1
Unwind@006ee939	eh_unwind_006ee939	1
Unwind@006ee944	eh_unwind_006ee944	1
Unwind@006ee94f	eh_unwind_006ee94f	1
Unwind@006ee95a	eh_unwind_006ee95a	1
Unwind@006ee965	eh_unwind_006ee965	1
Unwind@006ee970	eh_unwind_006ee970	1
Unwind@006ee97b	eh_unwind_006ee97b	1
Unwind@006ee986	eh_unwind_006ee986	1
Unwind@006ee991	eh_unwind_006ee991	1
Unwind@006ee99c	eh_unwind_006ee99c	1
Unwind@006ee9a7	eh_unwind_006ee9a7	1
Unwind@006ee9b2	eh_unwind_006ee9b2	1
Unwind@006ee9bd	eh_unwind_006ee9bd	1
Unwind@006ee9c8	eh_unwind_006ee9c8	1
Unwind@006ee9d3	eh_unwind_006ee9d3	1
Unwind@006ee9de	eh_unwind_006ee9de	1
Unwind@006ee9e9	eh_unwind_006ee9e9	1
Unwind@006ee9f4	eh_unwind_006ee9f4	1
Unwind@006ee9ff	eh_unwind_006ee9ff	1
Unwind@006eea0a	eh_unwind_006eea0a	1
Unwind@006eea15	eh_unwind_006eea15	1
Unwind@006eea20	eh_unwind_006eea20	1
Unwind@006eea2b	eh_unwind_006eea2b	1
Unwind@006eea36	eh_unwind_006eea36	1
Unwind@006eea41	eh_unwind_006eea41	1
Unwind@006eea4c	eh_unwind_006eea4c	1
Unwind@006eea57	eh_unwind_006eea57	1
Unwind@006eea62	eh_unwind_006eea62	1
Unwind@006eea6d	eh_unwind_006eea6d	1
Unwind@006eea78	eh_unwind_006eea78	1
Unwind@006eea83	eh_unwind_006eea83	1
Unwind@006eea8e	eh_unwind_006eea8e	1
Unwind@006eea99	eh_unwind_006eea99	1
Unwind@006eeaa4	eh_unwind_006eeaa4	1
Unwind@006eeaaf	eh_unwind_006eeaaf	1
Unwind@006eeaba	eh_unwind_006eeaba	1
Unwind@006eeac5	eh_unwind_006eeac5	1
Unwind@006eead0	eh_unwind_006eead0	1
Unwind@006eeadb	eh_unwind_006eeadb	1
Unwind@006eeae6	eh_unwind_006eeae6	1
Unwind@006eeaf1	eh_unwind_006eeaf1	1
Unwind@006eeafc	eh_unwind_006eeafc	1
Unwind@006eeb07	eh_unwind_006eeb07	1
Unwind@006eeb12	eh_unwind_006eeb12	1
Unwind@006eeb1d	eh_unwind_006eeb1d	1
Unwind@006eeb28	eh_unwind_006eeb28	1
Unwind@006eeb33	eh_unwind_006eeb33	1
Unwind@006eeb3e	eh_unwind_006eeb3e	1
Unwind@006eeb49	eh_unwind_006eeb49	1
Unwind@006eeb54	eh_unwind_006eeb54	1
Unwind@006eeb5f	eh_unwind_006eeb5f	1
Unwind@006eeb6a	eh_unwind_006eeb6a	1
Unwind@006eeb75	eh_unwind_006eeb75	1
Unwind@006eeb80	eh_unwind_006eeb80	1
Unwind@006eeb8b	eh_unwind_006eeb8b	1
Unwind@006eeb96	eh_unwind_006eeb96	1
Unwind@006eeba1	eh_unwind_006eeba1	1
Unwind@006eebac	eh_unwind_006eebac	1
Unwind@006eebb7	eh_unwind_006eebb7	1
Unwind@006eebc2	eh_unwind_006eebc2	1
Unwind@006eebcd	eh_unwind_006eebcd	1
Unwind@006eebd8	eh_unwind_006eebd8	1
Unwind@006eebe3	eh_unwind_006eebe3	1
Unwind@006eebee	eh_unwind_006eebee	1
Unwind@006eebf9	eh_unwind_006eebf9	1
Unwind@006eec04	eh_unwind_006eec04	1
Unwind@006eec0f	eh_unwind_006eec0f	1
Unwind@006eec1a	eh_unwind_006eec1a	1
Unwind@006eec25	eh_unwind_006eec25	1
Unwind@006eec30	eh_unwind_006eec30	1
Unwind@006eec3b	eh_unwind_006eec3b	1
Unwind@006eec46	eh_unwind_006eec46	1
Unwind@006eec51	eh_unwind_006eec51	1
Unwind@006eec5c	eh_unwind_006eec5c	1
Unwind@006eec67	eh_unwind_006eec67	1
Unwind@006eec72	eh_unwind_006eec72	1
Unwind@006eec7d	eh_unwind_006eec7d	1
Unwind@006eec88	eh_unwind_006eec88	1
Unwind@006eec93	eh_unwind_006eec93	1
Unwind@006eec9e	eh_unwind_006eec9e	1
Unwind@006eeca9	eh_unwind_006eeca9	1
Unwind@006eecb4	eh_unwind_006eecb4	1
Unwind@006eecbf	eh_unwind_006eecbf	1
Unwind@006eecca	eh_unwind_006eecca	1
Unwind@006eecd5	eh_unwind_006eecd5	1
Unwind@006eece0	eh_unwind_006eece0	1
Unwind@006eeceb	eh_unwind_006eeceb	1
Unwind@006eecf6	eh_unwind_006eecf6	1
Unwind@006eed01	eh_unwind_006eed01	1
Unwind@006eed0c	eh_unwind_006eed0c	1
Unwind@006eed17	eh_unwind_006eed17	1
Unwind@006eed22	eh_unwind_006eed22	1
Unwind@006eed2d	eh_unwind_006eed2d	1
Unwind@006eed38	eh_unwind_006eed38	1
Unwind@006eed43	eh_unwind_006eed43	1
Unwind@006eed4e	eh_unwind_006eed4e	1
Unwind@006eed59	eh_unwind_006eed59	1
Unwind@006eed64	eh_unwind_006eed64	1
Unwind@006eed6f	eh_unwind_006eed6f	1
Unwind@006eed7a	eh_unwind_006eed7a	1
Unwind@006eed85	eh_unwind_006eed85	1
Unwind@006eed90	eh_unwind_006eed90	1
Unwind@006eed9b	eh_unwind_006eed9b	1
Unwind@006eeda6	eh_unwind_006eeda6	1
Unwind@006eedb1	eh_unwind_006eedb1	1
Unwind@006eedbc	eh_unwind_006eedbc	1
Unwind@006eedc7	eh_unwind_006eedc7	1
Unwind@006eedd2	eh_unwind_006eedd2	1
Unwind@006eeddd	eh_unwind_006eeddd	1
Unwind@006eede8	eh_unwind_006eede8	1
Unwind@006eedf3	eh_unwind_006eedf3	1
Unwind@006eedfe	eh_unwind_006eedfe	1
Unwind@006eee09	eh_unwind_006eee09	1
Unwind@006eee14	eh_unwind_006eee14	1
Unwind@006eee1f	eh_unwind_006eee1f	1
Unwind@006eee2a	eh_unwind_006eee2a	1
Unwind@006eee35	eh_unwind_006eee35	1
Unwind@006eee40	eh_unwind_006eee40	1
Unwind@006eee4b	eh_unwind_006eee4b	1
Unwind@006eee56	eh_unwind_006eee56	1
Unwind@006eee61	eh_unwind_006eee61	1
Unwind@006eee6c	eh_unwind_006eee6c	1
Unwind@006eee77	eh_unwind_006eee77	1
Unwind@006eee82	eh_unwind_006eee82	1
Unwind@006eee8d	eh_unwind_006eee8d	1
Unwind@006eee98	eh_unwind_006eee98	1
Unwind@006eeea3	eh_unwind_006eeea3	1
Unwind@006eeeae	eh_unwind_006eeeae	1
Unwind@006eeeb9	eh_unwind_006eeeb9	1
Unwind@006eeec4	eh_unwind_006eeec4	1
Unwind@006eeecf	eh_unwind_006eeecf	1
Unwind@006eeeda	eh_unwind_006eeeda	1
Unwind@006eeee5	eh_unwind_006eeee5	1
Unwind@006eeef0	eh_unwind_006eeef0	1
Unwind@006eeefb	eh_unwind_006eeefb	1
Unwind@006eef06	eh_unwind_006eef06	1
Unwind@006eef11	eh_unwind_006eef11	1
Unwind@006eef1c	eh_unwind_006eef1c	1
Unwind@006eef27	eh_unwind_006eef27	1
Unwind@006eef32	eh_unwind_006eef32	1
Unwind@006eef3d	eh_unwind_006eef3d	1
Unwind@006eef48	eh_unwind_006eef48	1
Unwind@006eef53	eh_unwind_006eef53	1
Unwind@006eef5e	eh_unwind_006eef5e	1
Unwind@006eef69	eh_unwind_006eef69	1
Unwind@006eef74	eh_unwind_006eef74	1
Unwind@006eef7f	eh_unwind_006eef7f	1
Unwind@006eef8a	eh_unwind_006eef8a	1
Unwind@006eef95	eh_unwind_006eef95	1
Unwind@006eefa0	eh_unwind_006eefa0	1
Unwind@006eefab	eh_unwind_006eefab	1
Unwind@006eefb6	eh_unwind_006eefb6	1
Unwind@006eefc1	eh_unwind_006eefc1	1
Unwind@006eefcc	eh_unwind_006eefcc	1
Unwind@006eefd7	eh_unwind_006eefd7	1
Unwind@006eefe2	eh_unwind_006eefe2	1
Unwind@006eefed	eh_unwind_006eefed	1
Unwind@006eeff8	eh_unwind_006eeff8	1
Unwind@006ef003	eh_unwind_006ef003	1
Unwind@006ef00e	eh_unwind_006ef00e	1
Unwind@006ef019	eh_unwind_006ef019	1
Unwind@006ef024	eh_unwind_006ef024	1
Unwind@006ef02f	eh_unwind_006ef02f	1
Unwind@006ef03a	eh_unwind_006ef03a	1
Unwind@006ef045	eh_unwind_006ef045	1
Unwind@006ef050	eh_unwind_006ef050	1
Unwind@006ef05b	eh_unwind_006ef05b	1
Unwind@006ef066	eh_unwind_006ef066	1
Unwind@006ef071	eh_unwind_006ef071	1
Unwind@006ef07c	eh_unwind_006ef07c	1
Unwind@006ef087	eh_unwind_006ef087	1
Unwind@006ef092	eh_unwind_006ef092	1
Unwind@006ef09d	eh_unwind_006ef09d	1
Unwind@006ef0a8	eh_unwind_006ef0a8	1
Unwind@006ef0b3	eh_unwind_006ef0b3	1
Unwind@006ef0be	eh_unwind_006ef0be	1
Unwind@006ef0c9	eh_unwind_006ef0c9	1
Unwind@006ef0d4	eh_unwind_006ef0d4	1
Unwind@006ef0df	eh_unwind_006ef0df	1
Unwind@006ef0ea	eh_unwind_006ef0ea	1
Unwind@006ef0f5	eh_unwind_006ef0f5	1
Unwind@006ef100	eh_unwind_006ef100	1
Unwind@006ef10b	eh_unwind_006ef10b	1
Unwind@006ef116	eh_unwind_006ef116	1
Unwind@006ef121	eh_unwind_006ef121	1
Unwind@006ef12c	eh_unwind_006ef12c	1
Unwind@006ef137	eh_unwind_006ef137	1
Unwind@006ef142	eh_unwind_006ef142	1
Unwind@006ef14d	eh_unwind_006ef14d	1
Unwind@006ef158	eh_unwind_006ef158	1
Unwind@006ef163	eh_unwind_006ef163	1
Unwind@006ef16e	eh_unwind_006ef16e	1
Unwind@006ef179	eh_unwind_006ef179	1
Unwind@006ef184	eh_unwind_006ef184	1
Unwind@006ef18f	eh_unwind_006ef18f	1
Unwind@006ef19a	eh_unwind_006ef19a	1
Unwind@006ef1a5	eh_unwind_006ef1a5	1
Unwind@006ef1b0	eh_unwind_006ef1b0	1
Unwind@006ef1bb	eh_unwind_006ef1bb	1
Unwind@006ef1c6	eh_unwind_006ef1c6	1
Unwind@006ef1d1	eh_unwind_006ef1d1	1
Unwind@006ef1dc	eh_unwind_006ef1dc	1
Unwind@006ef1e7	eh_unwind_006ef1e7	1
Unwind@006ef1f2	eh_unwind_006ef1f2	1
Unwind@006ef1fd	eh_unwind_006ef1fd	1
Unwind@006ef208	eh_unwind_006ef208	1
Unwind@006ef213	eh_unwind_006ef213	1
Unwind@006ef21e	eh_unwind_006ef21e	1
Unwind@006ef229	eh_unwind_006ef229	1
Unwind@006ef234	eh_unwind_006ef234	1
Unwind@006ef23f	eh_unwind_006ef23f	1
Unwind@006ef24a	eh_unwind_006ef24a	1
Unwind@006ef255	eh_unwind_006ef255	1
Unwind@006ef260	eh_unwind_006ef260	1
Unwind@006ef26b	eh_unwind_006ef26b	1
Unwind@006ef276	eh_unwind_006ef276	1
Unwind@006ef281	eh_unwind_006ef281	1
Unwind@006ef28c	eh_unwind_006ef28c	1
Unwind@006ef297	eh_unwind_006ef297	1
Unwind@006ef2a2	eh_unwind_006ef2a2	1
Unwind@006ef2ad	eh_unwind_006ef2ad	1
Unwind@006ef2b8	eh_unwind_006ef2b8	1
Unwind@006ef2c3	eh_unwind_006ef2c3	1
Unwind@006ef2ce	eh_unwind_006ef2ce	1
Unwind@006ef2d9	eh_unwind_006ef2d9	1
Unwind@006ef2e4	eh_unwind_006ef2e4	1
Unwind@006ef2ef	eh_unwind_006ef2ef	1
Unwind@006ef2fa	eh_unwind_006ef2fa	1
Unwind@006ef305	eh_unwind_006ef305	1
Unwind@006ef310	eh_unwind_006ef310	1
Unwind@006ef31b	eh_unwind_006ef31b	1
Unwind@006ef326	eh_unwind_006ef326	1
Unwind@006ef331	eh_unwind_006ef331	1
Unwind@006ef33c	eh_unwind_006ef33c	1
Unwind@006ef347	eh_unwind_006ef347	1
Unwind@006ef352	eh_unwind_006ef352	1
Unwind@006ef35d	eh_unwind_006ef35d	1
Unwind@006ef368	eh_unwind_006ef368	1
Unwind@006ef373	eh_unwind_006ef373	1
Unwind@006ef37e	eh_unwind_006ef37e	1
Unwind@006ef389	eh_unwind_006ef389	1
Unwind@006ef394	eh_unwind_006ef394	1
Unwind@006ef39f	eh_unwind_006ef39f	1
Unwind@006ef3aa	eh_unwind_006ef3aa	1
Unwind@006ef3b5	eh_unwind_006ef3b5	1
Unwind@006ef3c0	eh_unwind_006ef3c0	1
Unwind@006ef3cb	eh_unwind_006ef3cb	1
Unwind@006ef3d6	eh_unwind_006ef3d6	1
Unwind@006ef3e1	eh_unwind_006ef3e1	1
Unwind@006ef3ec	eh_unwind_006ef3ec	1
Unwind@006ef3f7	eh_unwind_006ef3f7	1
Unwind@006ef402	eh_unwind_006ef402	1
Unwind@006ef40d	eh_unwind_006ef40d	1
Unwind@006ef418	eh_unwind_006ef418	1
Unwind@006ef423	eh_unwind_006ef423	1
Unwind@006ef42e	eh_unwind_006ef42e	1
Unwind@006ef439	eh_unwind_006ef439	1
Unwind@006ef444	eh_unwind_006ef444	1
Unwind@006ef44f	eh_unwind_006ef44f	1
Unwind@006ef45a	eh_unwind_006ef45a	1
Unwind@006ef465	eh_unwind_006ef465	1
Unwind@006ef470	eh_unwind_006ef470	1
Unwind@006ef47b	eh_unwind_006ef47b	1
Unwind@006ef486	eh_unwind_006ef486	1
Unwind@006ef491	eh_unwind_006ef491	1
Unwind@006ef49c	eh_unwind_006ef49c	1
Unwind@006ef4a7	eh_unwind_006ef4a7	1
Unwind@006ef4b2	eh_unwind_006ef4b2	1
Unwind@006ef4bd	eh_unwind_006ef4bd	1
Unwind@006ef4c8	eh_unwind_006ef4c8	1
Unwind@006ef4d3	eh_unwind_006ef4d3	1
Unwind@006ef4de	eh_unwind_006ef4de	1
Unwind@006ef4e9	eh_unwind_006ef4e9	1
Unwind@006ef4f4	eh_unwind_006ef4f4	1
Unwind@006ef4ff	eh_unwind_006ef4ff	1
Unwind@006ef50a	eh_unwind_006ef50a	1
Unwind@006ef515	eh_unwind_006ef515	1
Unwind@006ef520	eh_unwind_006ef520	1
Unwind@006ef52b	eh_unwind_006ef52b	1
Unwind@006ef536	eh_unwind_006ef536	1
Unwind@006ef541	eh_unwind_006ef541	1
Unwind@006ef54c	eh_unwind_006ef54c	1
Unwind@006ef557	eh_unwind_006ef557	1
Unwind@006ef562	eh_unwind_006ef562	1
Unwind@006ef56d	eh_unwind_006ef56d	1
Unwind@006ef578	eh_unwind_006ef578	1
Unwind@006ef583	eh_unwind_006ef583	1
Unwind@006ef58e	eh_unwind_006ef58e	1
Unwind@006ef599	eh_unwind_006ef599	1
Unwind@006ef5a4	eh_unwind_006ef5a4	1
Unwind@006ef5af	eh_unwind_006ef5af	1
Unwind@006ef5ba	eh_unwind_006ef5ba	1
Unwind@006ef5c5	eh_unwind_006ef5c5	1
Unwind@006ef5d0	eh_unwind_006ef5d0	1
Unwind@006ef5db	eh_unwind_006ef5db	1
Unwind@006ef5e6	eh_unwind_006ef5e6	1
Unwind@006ef5f1	eh_unwind_006ef5f1	1
Unwind@006ef5fc	eh_unwind_006ef5fc	1
Unwind@006ef607	eh_unwind_006ef607	1
Unwind@006ef612	eh_unwind_006ef612	1
Unwind@006ef61d	eh_unwind_006ef61d	1
Unwind@006ef628	eh_unwind_006ef628	1
Unwind@006ef633	eh_unwind_006ef633	1
Unwind@006ef63e	eh_unwind_006ef63e	1
Unwind@006ef649	eh_unwind_006ef649	1
Unwind@006ef654	eh_unwind_006ef654	1
Unwind@006ef65f	eh_unwind_006ef65f	1
Unwind@006ef66a	eh_unwind_006ef66a	1
Unwind@006ef675	eh_unwind_006ef675	1
Unwind@006ef680	eh_unwind_006ef680	1
Unwind@006ef68b	eh_unwind_006ef68b	1
Unwind@006ef696	eh_unwind_006ef696	1
Unwind@006ef6a1	eh_unwind_006ef6a1	1
Unwind@006ef6ac	eh_unwind_006ef6ac	1
Unwind@006ef6b7	eh_unwind_006ef6b7	1
Unwind@006ef6c2	eh_unwind_006ef6c2	1
Unwind@006ef6cd	eh_unwind_006ef6cd	1
Unwind@006ef6d8	eh_unwind_006ef6d8	1
Unwind@006ef6e3	eh_unwind_006ef6e3	1
Unwind@006ef6ee	eh_unwind_006ef6ee	1
Unwind@006ef6f9	eh_unwind_006ef6f9	1
Unwind@006ef704	eh_unwind_006ef704	1
Unwind@006ef70f	eh_unwind_006ef70f	1
Unwind@006ef71a	eh_unwind_006ef71a	1
Unwind@006ef725	eh_unwind_006ef725	1
Unwind@006ef730	eh_unwind_006ef730	1
Unwind@006ef73b	eh_unwind_006ef73b	1
Unwind@006ef746	eh_unwind_006ef746	1
Unwind@006ef751	eh_unwind_006ef751	1
Unwind@006ef75c	eh_unwind_006ef75c	1
Unwind@006ef767	eh_unwind_006ef767	1
Unwind@006ef772	eh_unwind_006ef772	1
Unwind@006ef77d	eh_unwind_006ef77d	1
Unwind@006ef788	eh_unwind_006ef788	1
Unwind@006ef793	eh_unwind_006ef793	1
Unwind@006ef79e	eh_unwind_006ef79e	1
Unwind@006ef7a9	eh_unwind_006ef7a9	1
Unwind@006ef7b4	eh_unwind_006ef7b4	1
Unwind@006ef7bf	eh_unwind_006ef7bf	1
Unwind@006ef7ca	eh_unwind_006ef7ca	1
Unwind@006ef7d5	eh_unwind_006ef7d5	1
Unwind@006ef7e0	eh_unwind_006ef7e0	1
Unwind@006ef7eb	eh_unwind_006ef7eb	1
Unwind@006ef7f6	eh_unwind_006ef7f6	1
Unwind@006ef801	eh_unwind_006ef801	1
Unwind@006ef80c	eh_unwind_006ef80c	1
Unwind@006ef817	eh_unwind_006ef817	1
Unwind@006ef822	eh_unwind_006ef822	1
Unwind@006ef82d	eh_unwind_006ef82d	1
Unwind@006ef838	eh_unwind_006ef838	1
Unwind@006ef843	eh_unwind_006ef843	1
Unwind@006ef84e	eh_unwind_006ef84e	1
Unwind@006ef859	eh_unwind_006ef859	1
Unwind@006ef864	eh_unwind_006ef864	1
Unwind@006ef86f	eh_unwind_006ef86f	1
Unwind@006ef87a	eh_unwind_006ef87a	1
Unwind@006ef885	eh_unwind_006ef885	1
Unwind@006ef890	eh_unwind_006ef890	1
Unwind@006ef89b	eh_unwind_006ef89b	1
Unwind@006ef8a6	eh_unwind_006ef8a6	1
Unwind@006ef8b1	eh_unwind_006ef8b1	1
Unwind@006ef8bc	eh_unwind_006ef8bc	1
Unwind@006ef8c7	eh_unwind_006ef8c7	1
Unwind@006ef8d2	eh_unwind_006ef8d2	1
Unwind@006ef8dd	eh_unwind_006ef8dd	1
Unwind@006ef8e8	eh_unwind_006ef8e8	1
Unwind@006ef8f3	eh_unwind_006ef8f3	1
Unwind@006ef8fe	eh_unwind_006ef8fe	1
Unwind@006ef909	eh_unwind_006ef909	1
Unwind@006ef914	eh_unwind_006ef914	1
Unwind@006ef91f	eh_unwind_006ef91f	1
Unwind@006ef92a	eh_unwind_006ef92a	1
Unwind@006ef935	eh_unwind_006ef935	1
Unwind@006ef940	eh_unwind_006ef940	1
Unwind@006ef94b	eh_unwind_006ef94b	1
Unwind@006ef956	eh_unwind_006ef956	1
Unwind@006ef961	eh_unwind_006ef961	1
Unwind@006ef96c	eh_unwind_006ef96c	1
Unwind@006ef977	eh_unwind_006ef977	1
Unwind@006ef982	eh_unwind_006ef982	1
Unwind@006ef98d	eh_unwind_006ef98d	1
Unwind@006ef998	eh_unwind_006ef998	1
Unwind@006ef9a3	eh_unwind_006ef9a3	1
Unwind@006ef9ae	eh_unwind_006ef9ae	1
Unwind@006ef9b9	eh_unwind_006ef9b9	1
Unwind@006ef9c4	eh_unwind_006ef9c4	1
Unwind@006ef9cf	eh_unwind_006ef9cf	1
Unwind@006ef9da	eh_unwind_006ef9da	1
Unwind@006ef9e5	eh_unwind_006ef9e5	1
Unwind@006ef9f0	eh_unwind_006ef9f0	1
Unwind@006ef9fb	eh_unwind_006ef9fb	1
Unwind@006efa06	eh_unwind_006efa06	1
Unwind@006efa11	eh_unwind_006efa11	1
Unwind@006efa1c	eh_unwind_006efa1c	1
Unwind@006efa27	eh_unwind_006efa27	1
Unwind@006efa32	eh_unwind_006efa32	1
Unwind@006efa3d	eh_unwind_006efa3d	1
Unwind@006efa48	eh_unwind_006efa48	1
Unwind@006efa53	eh_unwind_006efa53	1
Unwind@006efa5e	eh_unwind_006efa5e	1
Unwind@006efa69	eh_unwind_006efa69	1
Unwind@006efa74	eh_unwind_006efa74	1
Unwind@006efa7f	eh_unwind_006efa7f	1
Unwind@006efa8a	eh_unwind_006efa8a	1
Unwind@006efa95	eh_unwind_006efa95	1
Unwind@006efaa0	eh_unwind_006efaa0	1
Unwind@006efaab	eh_unwind_006efaab	1
Unwind@006efab6	eh_unwind_006efab6	1
Unwind@006efac1	eh_unwind_006efac1	1
Unwind@006efacc	eh_unwind_006efacc	1
Unwind@006efad7	eh_unwind_006efad7	1
Unwind@006efae2	eh_unwind_006efae2	1
Unwind@006efaed	eh_unwind_006efaed	1
Unwind@006efaf8	eh_unwind_006efaf8	1
Unwind@006efb03	eh_unwind_006efb03	1
Unwind@006efb0e	eh_unwind_006efb0e	1
Unwind@006efb19	eh_unwind_006efb19	1
Unwind@006efb24	eh_unwind_006efb24	1
Unwind@006efb2f	eh_unwind_006efb2f	1
Unwind@006efb3a	eh_unwind_006efb3a	1
Unwind@006efb45	eh_unwind_006efb45	1
Unwind@006efb50	eh_unwind_006efb50	1
Unwind@006efb5b	eh_unwind_006efb5b	1
Unwind@006efb66	eh_unwind_006efb66	1
Unwind@006efb71	eh_unwind_006efb71	1
Unwind@006efb7c	eh_unwind_006efb7c	1
Unwind@006efb87	eh_unwind_006efb87	1
Unwind@006efb92	eh_unwind_006efb92	1
Unwind@006efb9d	eh_unwind_006efb9d	1
Unwind@006efba8	eh_unwind_006efba8	1
Unwind@006efbb3	eh_unwind_006efbb3	1
Unwind@006efbbe	eh_unwind_006efbbe	1
Unwind@006efbc9	eh_unwind_006efbc9	1
Unwind@006efbd4	eh_unwind_006efbd4	1
Unwind@006efbdf	eh_unwind_006efbdf	1
Unwind@006efbea	eh_unwind_006efbea	1
Unwind@006efbf5	eh_unwind_006efbf5	1
Unwind@006efc00	eh_unwind_006efc00	1
Unwind@006efc0b	eh_unwind_006efc0b	1
Unwind@006efc16	eh_unwind_006efc16	1
Unwind@006efc21	eh_unwind_006efc21	1
Unwind@006efc2c	eh_unwind_006efc2c	1
Unwind@006efc37	eh_unwind_006efc37	1
Unwind@006efc42	eh_unwind_006efc42	1
Unwind@006efc4d	eh_unwind_006efc4d	1
Unwind@006efc58	eh_unwind_006efc58	1
Unwind@006efc63	eh_unwind_006efc63	1
Unwind@006efc6e	eh_unwind_006efc6e	1
Unwind@006efc79	eh_unwind_006efc79	1
Unwind@006efc84	eh_unwind_006efc84	1
Unwind@006efc8f	eh_unwind_006efc8f	1
Unwind@006efc9a	eh_unwind_006efc9a	1
Unwind@006efca5	eh_unwind_006efca5	1
Unwind@006efcb0	eh_unwind_006efcb0	1
Unwind@006efcbb	eh_unwind_006efcbb	1
Unwind@006efcc6	eh_unwind_006efcc6	1
Unwind@006efcd1	eh_unwind_006efcd1	1
Unwind@006efcdc	eh_unwind_006efcdc	1
Unwind@006efce7	eh_unwind_006efce7	1
Unwind@006efcf2	eh_unwind_006efcf2	1
Unwind@006efcfd	eh_unwind_006efcfd	1
Unwind@006efd08	eh_unwind_006efd08	1
Unwind@006efd13	eh_unwind_006efd13	1
Unwind@006efd1e	eh_unwind_006efd1e	1
Unwind@006efd29	eh_unwind_006efd29	1
Unwind@006efd34	eh_unwind_006efd34	1
Unwind@006efd3f	eh_unwind_006efd3f	1
Unwind@006efd4a	eh_unwind_006efd4a	1
Unwind@006efd55	eh_unwind_006efd55	1
Unwind@006efd60	eh_unwind_006efd60	1
Unwind@006efd6b	eh_unwind_006efd6b	1
Unwind@006efd76	eh_unwind_006efd76	1
Unwind@006efd81	eh_unwind_006efd81	1
Unwind@006efd8c	eh_unwind_006efd8c	1
Unwind@006efd97	eh_unwind_006efd97	1
Unwind@006efda2	eh_unwind_006efda2	1
Unwind@006efdad	eh_unwind_006efdad	1
Unwind@006efdb8	eh_unwind_006efdb8	1
Unwind@006efdc3	eh_unwind_006efdc3	1
Unwind@006efdce	eh_unwind_006efdce	1
Unwind@006efdd9	eh_unwind_006efdd9	1
Unwind@006efde4	eh_unwind_006efde4	1
Unwind@006efdef	eh_unwind_006efdef	1
Unwind@006efdfa	eh_unwind_006efdfa	1
Unwind@006efe05	eh_unwind_006efe05	1
Unwind@006efe10	eh_unwind_006efe10	1
Unwind@006efe1b	eh_unwind_006efe1b	1
Unwind@006efe26	eh_unwind_006efe26	1
Unwind@006efe31	eh_unwind_006efe31	1
Unwind@006efe3c	eh_unwind_006efe3c	1
Unwind@006efe47	eh_unwind_006efe47	1
Unwind@006efe52	eh_unwind_006efe52	1
Unwind@006efe5d	eh_unwind_006efe5d	1
Unwind@006efe68	eh_unwind_006efe68	1
Unwind@006efe73	eh_unwind_006efe73	1
Unwind@006efe7e	eh_unwind_006efe7e	1
Unwind@006efe89	eh_unwind_006efe89	1
Unwind@006efe94	eh_unwind_006efe94	1
Unwind@006efe9f	eh_unwind_006efe9f	1
Unwind@006efeaa	eh_unwind_006efeaa	1
Unwind@006efeb5	eh_unwind_006efeb5	1
Unwind@006efec0	eh_unwind_006efec0	1
Unwind@006efecb	eh_unwind_006efecb	1
Unwind@006efed6	eh_unwind_006efed6	1
Unwind@006efee1	eh_unwind_006efee1	1
Unwind@006efeec	eh_unwind_006efeec	1
Unwind@006efef7	eh_unwind_006efef7	1
Unwind@006eff02	eh_unwind_006eff02	1
Unwind@006eff0d	eh_unwind_006eff0d	1
Unwind@006eff18	eh_unwind_006eff18	1
Unwind@006eff23	eh_unwind_006eff23	1
Unwind@006eff2e	eh_unwind_006eff2e	1
Unwind@006eff39	eh_unwind_006eff39	1
Unwind@006eff44	eh_unwind_006eff44	1
Unwind@006eff4f	eh_unwind_006eff4f	1
Unwind@006eff5a	eh_unwind_006eff5a	1
Unwind@006eff65	eh_unwind_006eff65	1
Unwind@006eff70	eh_unwind_006eff70	1
Unwind@006eff7b	eh_unwind_006eff7b	1
Unwind@006eff86	eh_unwind_006eff86	1
Unwind@006eff91	eh_unwind_006eff91	1
Unwind@006eff9c	eh_unwind_006eff9c	1
Unwind@006effa7	eh_unwind_006effa7	1
Unwind@006effb2	eh_unwind_006effb2	1
Unwind@006effbd	eh_unwind_006effbd	1
Unwind@006effc8	eh_unwind_006effc8	1
Unwind@006effd3	eh_unwind_006effd3	1
Unwind@006effde	eh_unwind_006effde	1
Unwind@006effe9	eh_unwind_006effe9	1
Unwind@006efff4	eh_unwind_006efff4	1
Unwind@006effff	eh_unwind_006effff	1
Unwind@006f000a	eh_unwind_006f000a	1
Unwind@006f0015	eh_unwind_006f0015	1
Unwind@006f0020	eh_unwind_006f0020	1
Unwind@006f002b	eh_unwind_006f002b	1
Unwind@006f0036	eh_unwind_006f0036	1
Unwind@006f0041	eh_unwind_006f0041	1
Unwind@006f004c	eh_unwind_006f004c	1
Unwind@006f0057	eh_unwind_006f0057	1
Unwind@006f0062	eh_unwind_006f0062	1
Unwind@006f006d	eh_unwind_006f006d	1
Unwind@006f0078	eh_unwind_006f0078	1
Unwind@006f0083	eh_unwind_006f0083	1
Unwind@006f008e	eh_unwind_006f008e	1
Unwind@006f0099	eh_unwind_006f0099	1
Unwind@006f00a4	eh_unwind_006f00a4	1
Unwind@006f00af	eh_unwind_006f00af	1
Unwind@006f00ba	eh_unwind_006f00ba	1
Unwind@006f00c5	eh_unwind_006f00c5	1
Unwind@006f00d0	eh_unwind_006f00d0	1
Unwind@006f00db	eh_unwind_006f00db	1
Unwind@006f00e6	eh_unwind_006f00e6	1
Unwind@006f00f1	eh_unwind_006f00f1	1
Unwind@006f00fc	eh_unwind_006f00fc	1
Unwind@006f0107	eh_unwind_006f0107	1
Unwind@006f0112	eh_unwind_006f0112	1
Unwind@006f011d	eh_unwind_006f011d	1
Unwind@006f0128	eh_unwind_006f0128	1
Unwind@006f0133	eh_unwind_006f0133	1
Unwind@006f013e	eh_unwind_006f013e	1
Unwind@006f0149	eh_unwind_006f0149	1
Unwind@006f0154	eh_unwind_006f0154	1
Unwind@006f015f	eh_unwind_006f015f	1
Unwind@006f016a	eh_unwind_006f016a	1
Unwind@006f0175	eh_unwind_006f0175	1
Unwind@006f0180	eh_unwind_006f0180	1
Unwind@006f018b	eh_unwind_006f018b	1
Unwind@006f0196	eh_unwind_006f0196	1
Unwind@006f01a1	eh_unwind_006f01a1	1
Unwind@006f01ac	eh_unwind_006f01ac	1
Unwind@006f01b7	eh_unwind_006f01b7	1
Unwind@006f01c2	eh_unwind_006f01c2	1
Unwind@006f01cd	eh_unwind_006f01cd	1
Unwind@006f01d8	eh_unwind_006f01d8	1
Unwind@006f01e3	eh_unwind_006f01e3	1
Unwind@006f01ee	eh_unwind_006f01ee	1
Unwind@006f01f9	eh_unwind_006f01f9	1
Unwind@006f0204	eh_unwind_006f0204	1
Unwind@006f020f	eh_unwind_006f020f	1
Unwind@006f021a	eh_unwind_006f021a	1
Unwind@006f0225	eh_unwind_006f0225	1
Unwind@006f0230	eh_unwind_006f0230	1
Unwind@006f023b	eh_unwind_006f023b	1
Unwind@006f0246	eh_unwind_006f0246	1
Unwind@006f0251	eh_unwind_006f0251	1
Unwind@006f025c	eh_unwind_006f025c	1
Unwind@006f0267	eh_unwind_006f0267	1
Unwind@006f0272	eh_unwind_006f0272	1
Unwind@006f027d	eh_unwind_006f027d	1
Unwind@006f0288	eh_unwind_006f0288	1
Unwind@006f0293	eh_unwind_006f0293	1
Unwind@006f029e	eh_unwind_006f029e	1
Unwind@006f02a9	eh_unwind_006f02a9	1
Unwind@006f02b4	eh_unwind_006f02b4	1
Unwind@006f02bf	eh_unwind_006f02bf	1
Unwind@006f02ca	eh_unwind_006f02ca	1
Unwind@006f02d5	eh_unwind_006f02d5	1
Unwind@006f02e0	eh_unwind_006f02e0	1
Unwind@006f02eb	eh_unwind_006f02eb	1
Unwind@006f02f6	eh_unwind_006f02f6	1
Unwind@006f0301	eh_unwind_006f0301	1
Unwind@006f030c	eh_unwind_006f030c	1
Unwind@006f0317	eh_unwind_006f0317	1
Unwind@006f0322	eh_unwind_006f0322	1
Unwind@006f032d	eh_unwind_006f032d	1
Unwind@006f0338	eh_unwind_006f0338	1
Unwind@006f0343	eh_unwind_006f0343	1
Unwind@006f034e	eh_unwind_006f034e	1
Unwind@006f0359	eh_unwind_006f0359	1
Unwind@006f0364	eh_unwind_006f0364	1
Unwind@006f036f	eh_unwind_006f036f	1
Unwind@006f037a	eh_unwind_006f037a	1
Unwind@006f0385	eh_unwind_006f0385	1
Unwind@006f0390	eh_unwind_006f0390	1
Unwind@006f039b	eh_unwind_006f039b	1
Unwind@006f03a6	eh_unwind_006f03a6	1
Unwind@006f03b1	eh_unwind_006f03b1	1
Unwind@006f03bc	eh_unwind_006f03bc	1
Unwind@006f03c7	eh_unwind_006f03c7	1
Unwind@006f03d2	eh_unwind_006f03d2	1
Unwind@006f03dd	eh_unwind_006f03dd	1
Unwind@006f03e8	eh_unwind_006f03e8	1
Unwind@006f03f3	eh_unwind_006f03f3	1
Unwind@006f03fe	eh_unwind_006f03fe	1
Unwind@006f0409	eh_unwind_006f0409	1
Unwind@006f0414	eh_unwind_006f0414	1
Unwind@006f041f	eh_unwind_006f041f	1
Unwind@006f042a	eh_unwind_006f042a	1
Unwind@006f0435	eh_unwind_006f0435	1
Unwind@006f0440	eh_unwind_006f0440	1
Unwind@006f044b	eh_unwind_006f044b	1
Unwind@006f0456	eh_unwind_006f0456	1
Unwind@006f0461	eh_unwind_006f0461	1
Unwind@006f046c	eh_unwind_006f046c	1
Unwind@006f0477	eh_unwind_006f0477	1
Unwind@006f0482	eh_unwind_006f0482	1
Unwind@006f048d	eh_unwind_006f048d	1
Unwind@006f0498	eh_unwind_006f0498	1
Unwind@006f04a3	eh_unwind_006f04a3	1
Unwind@006f04ae	eh_unwind_006f04ae	1
Unwind@006f04b9	eh_unwind_006f04b9	1
Unwind@006f04c4	eh_unwind_006f04c4	1
Unwind@006f04cf	eh_unwind_006f04cf	1
Unwind@006f04da	eh_unwind_006f04da	1
Unwind@006f04e5	eh_unwind_006f04e5	1
Unwind@006f04f0	eh_unwind_006f04f0	1
Unwind@006f04fb	eh_unwind_006f04fb	1
Unwind@006f0506	eh_unwind_006f0506	1
Unwind@006f0511	eh_unwind_006f0511	1
Unwind@006f051c	eh_unwind_006f051c	1
Unwind@006f0527	eh_unwind_006f0527	1
Unwind@006f0532	eh_unwind_006f0532	1
Unwind@006f053d	eh_unwind_006f053d	1
Unwind@006f0548	eh_unwind_006f0548	1
Unwind@006f0553	eh_unwind_006f0553	1
Unwind@006f055e	eh_unwind_006f055e	1
Unwind@006f0569	eh_unwind_006f0569	1
Unwind@006f0574	eh_unwind_006f0574	1
Unwind@006f057f	eh_unwind_006f057f	1
Unwind@006f058a	eh_unwind_006f058a	1
Unwind@006f0595	eh_unwind_006f0595	1
Unwind@006f05a0	eh_unwind_006f05a0	1
Unwind@006f05ab	eh_unwind_006f05ab	1
Unwind@006f05b6	eh_unwind_006f05b6	1
Unwind@006f05c1	eh_unwind_006f05c1	1
Unwind@006f05cc	eh_unwind_006f05cc	1
Unwind@006f05d7	eh_unwind_006f05d7	1
Unwind@006f05e2	eh_unwind_006f05e2	1
Unwind@006f05ed	eh_unwind_006f05ed	1
Unwind@006f05f8	eh_unwind_006f05f8	1
Unwind@006f0603	eh_unwind_006f0603	1
Unwind@006f060e	eh_unwind_006f060e	1
Unwind@006f0619	eh_unwind_006f0619	1
Unwind@006f0624	eh_unwind_006f0624	1
Unwind@006f062f	eh_unwind_006f062f	1
Unwind@006f063a	eh_unwind_006f063a	1
Unwind@006f0645	eh_unwind_006f0645	1
Unwind@006f0650	eh_unwind_006f0650	1
Unwind@006f065b	eh_unwind_006f065b	1
Unwind@006f0666	eh_unwind_006f0666	1
Unwind@006f0671	eh_unwind_006f0671	1
Unwind@006f067c	eh_unwind_006f067c	1
Unwind@006f0687	eh_unwind_006f0687	1
Unwind@006f0692	eh_unwind_006f0692	1
Unwind@006f069d	eh_unwind_006f069d	1
Unwind@006f06a8	eh_unwind_006f06a8	1
Unwind@006f06b3	eh_unwind_006f06b3	1
Unwind@006f06be	eh_unwind_006f06be	1
Unwind@006f06c9	eh_unwind_006f06c9	1
Unwind@006f06d4	eh_unwind_006f06d4	1
Unwind@006f06df	eh_unwind_006f06df	1
Unwind@006f06ea	eh_unwind_006f06ea	1
Unwind@006f06f5	eh_unwind_006f06f5	1
Unwind@006f0700	eh_unwind_006f0700	1
Unwind@006f070b	eh_unwind_006f070b	1
Unwind@006f0716	eh_unwind_006f0716	1
Unwind@006f0721	eh_unwind_006f0721	1
Unwind@006f072c	eh_unwind_006f072c	1
Unwind@006f0737	eh_unwind_006f0737	1
Unwind@006f0742	eh_unwind_006f0742	1
Unwind@006f074d	eh_unwind_006f074d	1
Unwind@006f0758	eh_unwind_006f0758	1
Unwind@006f0763	eh_unwind_006f0763	1
Unwind@006f076e	eh_unwind_006f076e	1
Unwind@006f0779	eh_unwind_006f0779	1
Unwind@006f0784	eh_unwind_006f0784	1
Unwind@006f078f	eh_unwind_006f078f	1
Unwind@006f079a	eh_unwind_006f079a	1
Unwind@006f07a5	eh_unwind_006f07a5	1
Unwind@006f07b0	eh_unwind_006f07b0	1
Unwind@006f07bb	eh_unwind_006f07bb	1
Unwind@006f07c6	eh_unwind_006f07c6	1
Unwind@006f07d1	eh_unwind_006f07d1	1
Unwind@006f07dc	eh_unwind_006f07dc	1
Unwind@006f07e7	eh_unwind_006f07e7	1
Unwind@006f07f2	eh_unwind_006f07f2	1
Unwind@006f07fd	eh_unwind_006f07fd	1
Unwind@006f0808	eh_unwind_006f0808	1
Unwind@006f0813	eh_unwind_006f0813	1
Unwind@006f081e	eh_unwind_006f081e	1
Unwind@006f0829	eh_unwind_006f0829	1
Unwind@006f0834	eh_unwind_006f0834	1
Unwind@006f083f	eh_unwind_006f083f	1
Unwind@006f084a	eh_unwind_006f084a	1
Unwind@006f0855	eh_unwind_006f0855	1
Unwind@006f0860	eh_unwind_006f0860	1
Unwind@006f086b	eh_unwind_006f086b	1
Unwind@006f0876	eh_unwind_006f0876	1
Unwind@006f0881	eh_unwind_006f0881	1
Unwind@006f088c	eh_unwind_006f088c	1
Unwind@006f0897	eh_unwind_006f0897	1
Unwind@006f08a2	eh_unwind_006f08a2	1
Unwind@006f08ad	eh_unwind_006f08ad	1
Unwind@006f08b8	eh_unwind_006f08b8	1
Unwind@006f08c3	eh_unwind_006f08c3	1
Unwind@006f08ce	eh_unwind_006f08ce	1
Unwind@006f08d9	eh_unwind_006f08d9	1
Unwind@006f08e4	eh_unwind_006f08e4	1
Unwind@006f08ef	eh_unwind_006f08ef	1
Unwind@006f08fa	eh_unwind_006f08fa	1
Unwind@006f0905	eh_unwind_006f0905	1
Unwind@006f0910	eh_unwind_006f0910	1
Unwind@006f091b	eh_unwind_006f091b	1
Unwind@006f0926	eh_unwind_006f0926	1
Unwind@006f0931	eh_unwind_006f0931	1
Unwind@006f093c	eh_unwind_006f093c	1
Unwind@006f0947	eh_unwind_006f0947	1
Unwind@006f0952	eh_unwind_006f0952	1
Unwind@006f095d	eh_unwind_006f095d	1
Unwind@006f0968	eh_unwind_006f0968	1
Unwind@006f0973	eh_unwind_006f0973	1
Unwind@006f097e	eh_unwind_006f097e	1
Unwind@006f0989	eh_unwind_006f0989	1
Unwind@006f0994	eh_unwind_006f0994	1
Unwind@006f099f	eh_unwind_006f099f	1
Unwind@006f09aa	eh_unwind_006f09aa	1
Unwind@006f09b5	eh_unwind_006f09b5	1
Unwind@006f09c0	eh_unwind_006f09c0	1
Unwind@006f09cb	eh_unwind_006f09cb	1
Unwind@006f09d6	eh_unwind_006f09d6	1
Unwind@006f09e1	eh_unwind_006f09e1	1
Unwind@006f09ec	eh_unwind_006f09ec	1
Unwind@006f09f7	eh_unwind_006f09f7	1
Unwind@006f0a02	eh_unwind_006f0a02	1
Unwind@006f0a0d	eh_unwind_006f0a0d	1
Unwind@006f0a18	eh_unwind_006f0a18	1
Unwind@006f0a23	eh_unwind_006f0a23	1
Unwind@006f0a2e	eh_unwind_006f0a2e	1
Unwind@006f0a39	eh_unwind_006f0a39	1
Unwind@006f0a44	eh_unwind_006f0a44	1
Unwind@006f0a4f	eh_unwind_006f0a4f	1
Unwind@006f0a5a	eh_unwind_006f0a5a	1
Unwind@006f0a65	eh_unwind_006f0a65	1
Unwind@006f0a70	eh_unwind_006f0a70	1
Unwind@006f0a7b	eh_unwind_006f0a7b	1
Unwind@006f0a86	eh_unwind_006f0a86	1
Unwind@006f0a91	eh_unwind_006f0a91	1
Unwind@006f0a9c	eh_unwind_006f0a9c	1
Unwind@006f0aa7	eh_unwind_006f0aa7	1
Unwind@006f0ab2	eh_unwind_006f0ab2	1
Unwind@006f0abd	eh_unwind_006f0abd	1
Unwind@006f0ac8	eh_unwind_006f0ac8	1
Unwind@006f0ad3	eh_unwind_006f0ad3	1
Unwind@006f0ade	eh_unwind_006f0ade	1
Unwind@006f0ae9	eh_unwind_006f0ae9	1
Unwind@006f0af4	eh_unwind_006f0af4	1
Unwind@006f0aff	eh_unwind_006f0aff	1
Unwind@006f0b0a	eh_unwind_006f0b0a	1
Unwind@006f0b15	eh_unwind_006f0b15	1
Unwind@006f0b20	eh_unwind_006f0b20	1
Unwind@006f0b2b	eh_unwind_006f0b2b	1
Unwind@006f0b36	eh_unwind_006f0b36	1
Unwind@006f0b41	eh_unwind_006f0b41	1
Unwind@006f0b4c	eh_unwind_006f0b4c	1
Unwind@006f0b57	eh_unwind_006f0b57	1
Unwind@006f0b62	eh_unwind_006f0b62	1
Unwind@006f0b6d	eh_unwind_006f0b6d	1
Unwind@006f0b78	eh_unwind_006f0b78	1
Unwind@006f0b83	eh_unwind_006f0b83	1
Unwind@006f0b8e	eh_unwind_006f0b8e	1
Unwind@006f0b99	eh_unwind_006f0b99	1
Unwind@006f0ba4	eh_unwind_006f0ba4	1
Unwind@006f0baf	eh_unwind_006f0baf	1
Unwind@006f0bba	eh_unwind_006f0bba	1
Unwind@006f0bc5	eh_unwind_006f0bc5	1
Unwind@006f0bd0	eh_unwind_006f0bd0	1
Unwind@006f0bdb	eh_unwind_006f0bdb	1
Unwind@006f0be6	eh_unwind_006f0be6	1
Unwind@006f0bf1	eh_unwind_006f0bf1	1
Unwind@006f0bfc	eh_unwind_006f0bfc	1
Unwind@006f0c07	eh_unwind_006f0c07	1
Unwind@006f0c12	eh_unwind_006f0c12	1
Unwind@006f0c1d	eh_unwind_006f0c1d	1
Unwind@006f0c28	eh_unwind_006f0c28	1
Unwind@006f0c33	eh_unwind_006f0c33	1
Unwind@006f0c3e	eh_unwind_006f0c3e	1
Unwind@006f0c49	eh_unwind_006f0c49	1
Unwind@006f0c54	eh_unwind_006f0c54	1
Unwind@006f0c5f	eh_unwind_006f0c5f	1
Unwind@006f0c6a	eh_unwind_006f0c6a	1
Unwind@006f0c75	eh_unwind_006f0c75	1
Unwind@006f0c80	eh_unwind_006f0c80	1
Unwind@006f0c8b	eh_unwind_006f0c8b	1
Unwind@006f0c96	eh_unwind_006f0c96	1
Unwind@006f0ca1	eh_unwind_006f0ca1	1
Unwind@006f0cac	eh_unwind_006f0cac	1
Unwind@006f0cb7	eh_unwind_006f0cb7	1
Unwind@006f0cc2	eh_unwind_006f0cc2	1
Unwind@006f0ccd	eh_unwind_006f0ccd	1
Unwind@006f0cd8	eh_unwind_006f0cd8	1
Unwind@006f0ce3	eh_unwind_006f0ce3	1
Unwind@006f0cee	eh_unwind_006f0cee	1
Unwind@006f0cf9	eh_unwind_006f0cf9	1
Unwind@006f0d04	eh_unwind_006f0d04	1
Unwind@006f0d0f	eh_unwind_006f0d0f	1
Unwind@006f0d1a	eh_unwind_006f0d1a	1
Unwind@006f0d25	eh_unwind_006f0d25	1
Unwind@006f0d30	eh_unwind_006f0d30	1
Unwind@006f0d3b	eh_unwind_006f0d3b	1
Unwind@006f0d46	eh_unwind_006f0d46	1
Unwind@006f0d51	eh_unwind_006f0d51	1
Unwind@006f0d5c	eh_unwind_006f0d5c	1
Unwind@006f0d67	eh_unwind_006f0d67	1
Unwind@006f0d72	eh_unwind_006f0d72	1
Unwind@006f0d7d	eh_unwind_006f0d7d	1
Unwind@006f0d88	eh_unwind_006f0d88	1
Unwind@006f0d93	eh_unwind_006f0d93	1
Unwind@006f0d9e	eh_unwind_006f0d9e	1
Unwind@006f0da9	eh_unwind_006f0da9	1
Unwind@006f0db4	eh_unwind_006f0db4	1
Unwind@006f0dbf	eh_unwind_006f0dbf	1
Unwind@006f0dca	eh_unwind_006f0dca	1
Unwind@006f0dd5	eh_unwind_006f0dd5	1
Unwind@006f0de0	eh_unwind_006f0de0	1
Unwind@006f0deb	eh_unwind_006f0deb	1
Unwind@006f0df6	eh_unwind_006f0df6	1
Unwind@006f0e01	eh_unwind_006f0e01	1
Unwind@006f0e0c	eh_unwind_006f0e0c	1
Unwind@006f0e17	eh_unwind_006f0e17	1
Unwind@006f0e22	eh_unwind_006f0e22	1
Unwind@006f0e2d	eh_unwind_006f0e2d	1
Unwind@006f0e38	eh_unwind_006f0e38	1
Unwind@006f0e43	eh_unwind_006f0e43	1
Unwind@006f0e4e	eh_unwind_006f0e4e	1
Unwind@006f0e59	eh_unwind_006f0e59	1
Unwind@006f0e64	eh_unwind_006f0e64	1
Unwind@006f0e6f	eh_unwind_006f0e6f	1
Unwind@006f0e7a	eh_unwind_006f0e7a	1
Unwind@006f0eb0	eh_unwind_006f0eb0	1
Unwind@006f0ee0	eh_unwind_006f0ee0	1
Unwind@006f0eeb	eh_unwind_006f0eeb	1
Unwind@006f0ef3	eh_unwind_006f0ef3	1
Unwind@006f0efb	eh_unwind_006f0efb	1
Unwind@006f0f03	eh_unwind_006f0f03	1
Unwind@006f0f0b	eh_unwind_006f0f0b	1
Unwind@006f0f13	eh_unwind_006f0f13	1
Unwind@006f0f70	eh_unwind_006f0f70	1
Unwind@006f0fa0	eh_unwind_006f0fa0	1
Unwind@006f0fa8	eh_unwind_006f0fa8	1
Unwind@006f0fb3	eh_unwind_006f0fb3	1
Unwind@006f0fbe	eh_unwind_006f0fbe	1
Unwind@006f0fcc	eh_unwind_006f0fcc	1
Unwind@006f0fda	eh_unwind_006f0fda	1
Unwind@006f0fe2	eh_unwind_006f0fe2	1
Unwind@006f0fea	eh_unwind_006f0fea	1
Unwind@006f0ff2	eh_unwind_006f0ff2	1
Unwind@006f0ffa	eh_unwind_006f0ffa	1
Unwind@006f1002	eh_unwind_006f1002	1
Unwind@006f100a	eh_unwind_006f100a	1
Unwind@006f1012	eh_unwind_006f1012	1
Unwind@006f101a	eh_unwind_006f101a	1
Unwind@006f1022	eh_unwind_006f1022	1
Unwind@006f102a	eh_unwind_006f102a	1
Unwind@006f1032	eh_unwind_006f1032	1
Unwind@006f103a	eh_unwind_006f103a	1
Unwind@006f1042	eh_unwind_006f1042	1
Unwind@006f104a	eh_unwind_006f104a	1
Unwind@006f1052	eh_unwind_006f1052	1
Unwind@006f105a	eh_unwind_006f105a	1
Unwind@006f1062	eh_unwind_006f1062	1
Unwind@006f106a	eh_unwind_006f106a	1
Unwind@006f1072	eh_unwind_006f1072	1
Unwind@006f107a	eh_unwind_006f107a	1
Unwind@006f1082	eh_unwind_006f1082	1
Unwind@006f108a	eh_unwind_006f108a	1
Unwind@006f1092	eh_unwind_006f1092	1
Unwind@006f109a	eh_unwind_006f109a	1
Unwind@006f10a2	eh_unwind_006f10a2	1
Unwind@006f10aa	eh_unwind_006f10aa	1
Unwind@006f10b2	eh_unwind_006f10b2	1
Unwind@006f10ba	eh_unwind_006f10ba	1
Unwind@006f10c2	eh_unwind_006f10c2	1
Unwind@006f10ca	eh_unwind_006f10ca	1
Unwind@006f10d2	eh_unwind_006f10d2	1
Unwind@006f10da	eh_unwind_006f10da	1
Unwind@006f10e2	eh_unwind_006f10e2	1
Unwind@006f1110	eh_unwind_006f1110	1
Unwind@006f1118	eh_unwind_006f1118	1
Unwind@006f1150	eh_unwind_006f1150	1
Unwind@006f1180	eh_unwind_006f1180	1
Unwind@006f1188	eh_unwind_006f1188	1
Unwind@006f1190	eh_unwind_006f1190	1
Unwind@006f11c0	eh_unwind_006f11c0	1
Unwind@006f11c8	eh_unwind_006f11c8	1
Unwind@006f11d0	eh_unwind_006f11d0	1
Unwind@006f1200	eh_unwind_006f1200	1
Unwind@006f1208	eh_unwind_006f1208	1
Unwind@006f1230	eh_unwind_006f1230	1
Unwind@006f1260	eh_unwind_006f1260	1
Unwind@006f1290	eh_unwind_006f1290	1
Unwind@006f1298	eh_unwind_006f1298	1
Unwind@006f12a3	eh_unwind_006f12a3	1
Unwind@006f12ae	eh_unwind_006f12ae	1
Unwind@006f12e0	eh_unwind_006f12e0	1
Unwind@006f1310	eh_unwind_006f1310	1
Unwind@006f1318	eh_unwind_006f1318	1
Unwind@006f1340	eh_unwind_006f1340	1
Unwind@006f1348	eh_unwind_006f1348	1
Unwind@006f1370	eh_unwind_006f1370	1
Unwind@006f1378	eh_unwind_006f1378	1
Unwind@006f13a0	eh_unwind_006f13a0	1
Unwind@006f13c3	eh_unwind_006f13c3	1
Unwind@006f13cf	eh_unwind_006f13cf	1
Unwind@006f13db	eh_unwind_006f13db	1
Unwind@006f1410	eh_unwind_006f1410	1
Unwind@006f1418	eh_unwind_006f1418	1
Unwind@006f1420	eh_unwind_006f1420	1
Unwind@006f142e	eh_unwind_006f142e	1
Unwind@006f1460	eh_unwind_006f1460	1
Unwind@006f1468	eh_unwind_006f1468	1
Unwind@006f14a0	eh_unwind_006f14a0	1
Unwind@006f14c3	eh_unwind_006f14c3	1
Unwind@006f14cf	eh_unwind_006f14cf	1
Unwind@006f14db	eh_unwind_006f14db	1
Unwind@006f14e6	eh_unwind_006f14e6	1
Unwind@006f14f1	eh_unwind_006f14f1	1
Unwind@006f14fc	eh_unwind_006f14fc	1
Unwind@006f1507	eh_unwind_006f1507	1
Unwind@006f1512	eh_unwind_006f1512	1
Unwind@006f151d	eh_unwind_006f151d	1
Unwind@006f1528	eh_unwind_006f1528	1
Unwind@006f1533	eh_unwind_006f1533	1
Unwind@006f153e	eh_unwind_006f153e	1
Unwind@006f1561	eh_unwind_006f1561	1
Unwind@006f156d	eh_unwind_006f156d	1
Unwind@006f1579	eh_unwind_006f1579	1
Unwind@006f1584	eh_unwind_006f1584	1
Unwind@006f158f	eh_unwind_006f158f	1
Unwind@006f159a	eh_unwind_006f159a	1
Unwind@006f15a5	eh_unwind_006f15a5	1
Unwind@006f1600	eh_unwind_006f1600	1
Unwind@006f16e0	eh_unwind_006f16e0	1
Unwind@006f1710	eh_unwind_006f1710	1
Unwind@006f171e	eh_unwind_006f171e	1
Unwind@006f172c	eh_unwind_006f172c	1
Unwind@006f173a	eh_unwind_006f173a	1
Unwind@006f1748	eh_unwind_006f1748	1
Unwind@006f1756	eh_unwind_006f1756	1
Unwind@006f1767	eh_unwind_006f1767	1
Unwind@006f1778	eh_unwind_006f1778	1
Unwind@006f1789	eh_unwind_006f1789	1
Unwind@006f179a	eh_unwind_006f179a	1
Unwind@006f17ab	eh_unwind_006f17ab	1
Unwind@006f17bc	eh_unwind_006f17bc	1
Unwind@006f17cd	eh_unwind_006f17cd	1
Unwind@006f17de	eh_unwind_006f17de	1
Unwind@006f17ef	eh_unwind_006f17ef	1
Unwind@006f1800	eh_unwind_006f1800	1
Unwind@006f1811	eh_unwind_006f1811	1
Unwind@006f1822	eh_unwind_006f1822	1
Unwind@006f1833	eh_unwind_006f1833	1
Unwind@006f1844	eh_unwind_006f1844	1
Unwind@006f184c	eh_unwind_006f184c	1
Unwind@006f1857	eh_unwind_006f1857	1
Unwind@006f185f	eh_unwind_006f185f	1
Unwind@006f186a	eh_unwind_006f186a	1
Unwind@006f1872	eh_unwind_006f1872	1
Unwind@006f187d	eh_unwind_006f187d	1
Unwind@006f1885	eh_unwind_006f1885	1
Unwind@006f1890	eh_unwind_006f1890	1
Unwind@006f1898	eh_unwind_006f1898	1
Unwind@006f18a3	eh_unwind_006f18a3	1
Unwind@006f18ab	eh_unwind_006f18ab	1
Unwind@006f18b6	eh_unwind_006f18b6	1
Unwind@006f18be	eh_unwind_006f18be	1
Unwind@006f18c9	eh_unwind_006f18c9	1
Unwind@006f18d1	eh_unwind_006f18d1	1
Unwind@006f18dc	eh_unwind_006f18dc	1
Unwind@006f18e4	eh_unwind_006f18e4	1
Unwind@006f18ef	eh_unwind_006f18ef	1
Unwind@006f18f7	eh_unwind_006f18f7	1
Unwind@006f1902	eh_unwind_006f1902	1
Unwind@006f190a	eh_unwind_006f190a	1
Unwind@006f1915	eh_unwind_006f1915	1
Unwind@006f191d	eh_unwind_006f191d	1
Unwind@006f1928	eh_unwind_006f1928	1
Unwind@006f1960	eh_unwind_006f1960	1
Unwind@006f196b	eh_unwind_006f196b	1
Unwind@006f1976	eh_unwind_006f1976	1
Unwind@006f1981	eh_unwind_006f1981	1
Unwind@006f198c	eh_unwind_006f198c	1
Unwind@006f1997	eh_unwind_006f1997	1
Unwind@006f19a5	eh_unwind_006f19a5	1
Unwind@006f19b3	eh_unwind_006f19b3	1
Unwind@006f19c1	eh_unwind_006f19c1	1
Unwind@006f19cf	eh_unwind_006f19cf	1
Unwind@006f19dd	eh_unwind_006f19dd	1
Unwind@006f19eb	eh_unwind_006f19eb	1
Unwind@006f19f9	eh_unwind_006f19f9	1
Unwind@006f1a07	eh_unwind_006f1a07	1
Unwind@006f1a15	eh_unwind_006f1a15	1
Unwind@006f1a23	eh_unwind_006f1a23	1
Unwind@006f1a31	eh_unwind_006f1a31	1
Unwind@006f1a3f	eh_unwind_006f1a3f	1
Unwind@006f1a4d	eh_unwind_006f1a4d	1
Unwind@006f1a80	eh_unwind_006f1a80	1
Unwind@006f1a88	eh_unwind_006f1a88	1
Unwind@006f1ac0	eh_unwind_006f1ac0	1
Unwind@006f1b30	eh_unwind_006f1b30	1
Unwind@006f1b3b	eh_unwind_006f1b3b	1
Unwind@006f1b43	eh_unwind_006f1b43	1
Unwind@006f1b4e	eh_unwind_006f1b4e	1
Unwind@006f1b56	eh_unwind_006f1b56	1
Unwind@006f1b5e	eh_unwind_006f1b5e	1
Unwind@006f1b66	eh_unwind_006f1b66	1
Unwind@006f1b71	eh_unwind_006f1b71	1
Unwind@006f1b7c	eh_unwind_006f1b7c	1
Unwind@006f1bb0	eh_unwind_006f1bb0	1
Unwind@006f1bbb	eh_unwind_006f1bbb	1
Unwind@006f1bc3	eh_unwind_006f1bc3	1
Unwind@006f1bcb	eh_unwind_006f1bcb	1
Unwind@006f1bd3	eh_unwind_006f1bd3	1
Unwind@006f1bdb	eh_unwind_006f1bdb	1
Unwind@006f1be6	eh_unwind_006f1be6	1
Unwind@006f1bee	eh_unwind_006f1bee	1
Unwind@006f1bf6	eh_unwind_006f1bf6	1
Unwind@006f1bfe	eh_unwind_006f1bfe	1
Unwind@006f1c06	eh_unwind_006f1c06	1
Unwind@006f1c40	eh_unwind_006f1c40	1
Unwind@006f1c80	eh_unwind_006f1c80	1
Unwind@006f1c8b	eh_unwind_006f1c8b	1
Unwind@006f1c96	eh_unwind_006f1c96	1
Unwind@006f1cd0	eh_unwind_006f1cd0	1
Unwind@006f1cd8	eh_unwind_006f1cd8	1
Unwind@006f1ce0	eh_unwind_006f1ce0	1
Unwind@006f1ce8	eh_unwind_006f1ce8	1
Unwind@006f1cf0	eh_unwind_006f1cf0	1
Unwind@006f1cfb	eh_unwind_006f1cfb	1
Unwind@006f1d03	eh_unwind_006f1d03	1
Unwind@006f1d0b	eh_unwind_006f1d0b	1
Unwind@006f1d16	eh_unwind_006f1d16	1
Unwind@006f1d1e	eh_unwind_006f1d1e	1
Unwind@006f1d41	eh_unwind_006f1d41	1
Unwind@006f1d4d	eh_unwind_006f1d4d	1
Unwind@006f1d59	eh_unwind_006f1d59	1
Unwind@006f1d64	eh_unwind_006f1d64	1
Unwind@006f1d6f	eh_unwind_006f1d6f	1
Unwind@006f1d7a	eh_unwind_006f1d7a	1
Unwind@006f1d82	eh_unwind_006f1d82	1
Unwind@006f1d8d	eh_unwind_006f1d8d	1
Unwind@006f1d95	eh_unwind_006f1d95	1
Unwind@006f1d9d	eh_unwind_006f1d9d	1
Unwind@006f1da5	eh_unwind_006f1da5	1
Unwind@006f1dad	eh_unwind_006f1dad	1
Unwind@006f1db5	eh_unwind_006f1db5	1
Unwind@006f1dc0	eh_unwind_006f1dc0	1
Unwind@006f1dcb	eh_unwind_006f1dcb	1
Unwind@006f1dd6	eh_unwind_006f1dd6	1
Unwind@006f1dde	eh_unwind_006f1dde	1
Unwind@006f1de9	eh_unwind_006f1de9	1
Unwind@006f1df4	eh_unwind_006f1df4	1
Unwind@006f1dff	eh_unwind_006f1dff	1
Unwind@006f1e0a	eh_unwind_006f1e0a	1
Unwind@006f1e15	eh_unwind_006f1e15	1
Unwind@006f1e20	eh_unwind_006f1e20	1
Unwind@006f1e2b	eh_unwind_006f1e2b	1
Unwind@006f1e36	eh_unwind_006f1e36	1
Unwind@006f1e41	eh_unwind_006f1e41	1
Unwind@006f1e4c	eh_unwind_006f1e4c	1
Unwind@006f1e57	eh_unwind_006f1e57	1
Unwind@006f1e62	eh_unwind_006f1e62	1
Unwind@006f1e6d	eh_unwind_006f1e6d	1
Unwind@006f1e78	eh_unwind_006f1e78	1
Unwind@006f1e83	eh_unwind_006f1e83	1
Unwind@006f1e8e	eh_unwind_006f1e8e	1
Unwind@006f1e99	eh_unwind_006f1e99	1
Unwind@006f1ea4	eh_unwind_006f1ea4	1
Unwind@006f1eaf	eh_unwind_006f1eaf	1
Unwind@006f1eba	eh_unwind_006f1eba	1
Unwind@006f1ec5	eh_unwind_006f1ec5	1
Unwind@006f1ed0	eh_unwind_006f1ed0	1
Unwind@006f1edb	eh_unwind_006f1edb	1
Unwind@006f1ee6	eh_unwind_006f1ee6	1
Unwind@006f1ef1	eh_unwind_006f1ef1	1
Unwind@006f1efc	eh_unwind_006f1efc	1
Unwind@006f1f07	eh_unwind_006f1f07	1
Unwind@006f1f12	eh_unwind_006f1f12	1
Unwind@006f1f1d	eh_unwind_006f1f1d	1
Unwind@006f1f28	eh_unwind_006f1f28	1
Unwind@006f1f33	eh_unwind_006f1f33	1
Unwind@006f1f3e	eh_unwind_006f1f3e	1
Unwind@006f1f49	eh_unwind_006f1f49	1
Unwind@006f1f54	eh_unwind_006f1f54	1
Unwind@006f1f5f	eh_unwind_006f1f5f	1
Unwind@006f1f6a	eh_unwind_006f1f6a	1
Unwind@006f1f75	eh_unwind_006f1f75	1
Unwind@006f1f80	eh_unwind_006f1f80	1
Unwind@006f1f8b	eh_unwind_006f1f8b	1
Unwind@006f1f96	eh_unwind_006f1f96	1
Unwind@006f1fa1	eh_unwind_006f1fa1	1
Unwind@006f1fac	eh_unwind_006f1fac	1
Unwind@006f1fb7	eh_unwind_006f1fb7	1
Unwind@006f1fc2	eh_unwind_006f1fc2	1
Unwind@006f1fcd	eh_unwind_006f1fcd	1
Unwind@006f1fd8	eh_unwind_006f1fd8	1
Unwind@006f1fe3	eh_unwind_006f1fe3	1
Unwind@006f1fee	eh_unwind_006f1fee	1
Unwind@006f1ff9	eh_unwind_006f1ff9	1
Unwind@006f2004	eh_unwind_006f2004	1
Unwind@006f200f	eh_unwind_006f200f	1
Unwind@006f201a	eh_unwind_006f201a	1
Unwind@006f2025	eh_unwind_006f2025	1
Unwind@006f2030	eh_unwind_006f2030	1
Unwind@006f2070	eh_unwind_006f2070	1
Unwind@006f20b0	eh_unwind_006f20b0	1
Unwind@006f20be	eh_unwind_006f20be	1
Unwind@006f20f0	eh_unwind_006f20f0	1
Unwind@006f2130	eh_unwind_006f2130	1
Unwind@006f213e	eh_unwind_006f213e	1
Unwind@006f2148	eh_unwind_006f2148	1
Unwind@006f2152	eh_unwind_006f2152	1
Unwind@006f215c	eh_unwind_006f215c	1
Unwind@006f2166	eh_unwind_006f2166	1
Unwind@006f2170	eh_unwind_006f2170	1
Unwind@006f217a	eh_unwind_006f217a	1
Unwind@006f2184	eh_unwind_006f2184	1
Unwind@006f218e	eh_unwind_006f218e	1
Unwind@006f2198	eh_unwind_006f2198	1
Unwind@006f21a2	eh_unwind_006f21a2	1
Unwind@006f21ac	eh_unwind_006f21ac	1
Unwind@006f21b6	eh_unwind_006f21b6	1
Unwind@006f21c0	eh_unwind_006f21c0	1
Unwind@006f21ca	eh_unwind_006f21ca	1
Unwind@006f21d4	eh_unwind_006f21d4	1
Unwind@006f21de	eh_unwind_006f21de	1
Unwind@006f21e8	eh_unwind_006f21e8	1
Unwind@006f21f2	eh_unwind_006f21f2	1
Unwind@006f21fc	eh_unwind_006f21fc	1
Unwind@006f220a	eh_unwind_006f220a	1
Unwind@006f2214	eh_unwind_006f2214	1
Unwind@006f221e	eh_unwind_006f221e	1
Unwind@006f2228	eh_unwind_006f2228	1
Unwind@006f2232	eh_unwind_006f2232	1
Unwind@006f223c	eh_unwind_006f223c	1
Unwind@006f2246	eh_unwind_006f2246	1
Unwind@006f2250	eh_unwind_006f2250	1
Unwind@006f225a	eh_unwind_006f225a	1
Unwind@006f2264	eh_unwind_006f2264	1
Unwind@006f226e	eh_unwind_006f226e	1
Unwind@006f2278	eh_unwind_006f2278	1
Unwind@006f2282	eh_unwind_006f2282	1
Unwind@006f228c	eh_unwind_006f228c	1
Unwind@006f2296	eh_unwind_006f2296	1
Unwind@006f22a0	eh_unwind_006f22a0	1
Unwind@006f22aa	eh_unwind_006f22aa	1
Unwind@006f22b4	eh_unwind_006f22b4	1
Unwind@006f22be	eh_unwind_006f22be	1
Unwind@006f22c8	eh_unwind_006f22c8	1
Unwind@006f22d6	eh_unwind_006f22d6	1
Unwind@006f22e0	eh_unwind_006f22e0	1
Unwind@006f22ea	eh_unwind_006f22ea	1
Unwind@006f22f4	eh_unwind_006f22f4	1
Unwind@006f22fe	eh_unwind_006f22fe	1
Unwind@006f2308	eh_unwind_006f2308	1
Unwind@006f2312	eh_unwind_006f2312	1
Unwind@006f231c	eh_unwind_006f231c	1
Unwind@006f2326	eh_unwind_006f2326	1
Unwind@006f2330	eh_unwind_006f2330	1
Unwind@006f233e	eh_unwind_006f233e	1
Unwind@006f2348	eh_unwind_006f2348	1
Unwind@006f2352	eh_unwind_006f2352	1
Unwind@006f235c	eh_unwind_006f235c	1
Unwind@006f2366	eh_unwind_006f2366	1
Unwind@006f2370	eh_unwind_006f2370	1
Unwind@006f237a	eh_unwind_006f237a	1
Unwind@006f2384	eh_unwind_006f2384	1
Unwind@006f238e	eh_unwind_006f238e	1
Unwind@006f2398	eh_unwind_006f2398	1
Unwind@006f23a6	eh_unwind_006f23a6	1
Unwind@006f23b0	eh_unwind_006f23b0	1
Unwind@006f23ba	eh_unwind_006f23ba	1
Unwind@006f23c4	eh_unwind_006f23c4	1
Unwind@006f23ce	eh_unwind_006f23ce	1
Unwind@006f23d8	eh_unwind_006f23d8	1
Unwind@006f23e2	eh_unwind_006f23e2	1
Unwind@006f23ec	eh_unwind_006f23ec	1
Unwind@006f23f6	eh_unwind_006f23f6	1
Unwind@006f2400	eh_unwind_006f2400	1
Unwind@006f240e	eh_unwind_006f240e	1
Unwind@006f2418	eh_unwind_006f2418	1
Unwind@006f2422	eh_unwind_006f2422	1
Unwind@006f242c	eh_unwind_006f242c	1
Unwind@006f2436	eh_unwind_006f2436	1
Unwind@006f2440	eh_unwind_006f2440	1
Unwind@006f244a	eh_unwind_006f244a	1
Unwind@006f2454	eh_unwind_006f2454	1
Unwind@006f245e	eh_unwind_006f245e	1
Unwind@006f2468	eh_unwind_006f2468	1
Unwind@006f2476	eh_unwind_006f2476	1
Unwind@006f2480	eh_unwind_006f2480	1
Unwind@006f248a	eh_unwind_006f248a	1
Unwind@006f2494	eh_unwind_006f2494	1
Unwind@006f249e	eh_unwind_006f249e	1
Unwind@006f24a8	eh_unwind_006f24a8	1
Unwind@006f24b2	eh_unwind_006f24b2	1
Unwind@006f24bc	eh_unwind_006f24bc	1
Unwind@006f24c6	eh_unwind_006f24c6	1
Unwind@006f24d0	eh_unwind_006f24d0	1
Unwind@006f24e0	eh_unwind_006f24e0	1
Unwind@006f24ea	eh_unwind_006f24ea	1
Unwind@006f24f4	eh_unwind_006f24f4	1
Unwind@006f24fe	eh_unwind_006f24fe	1
Unwind@006f2508	eh_unwind_006f2508	1
Unwind@006f2512	eh_unwind_006f2512	1
Unwind@006f251c	eh_unwind_006f251c	1
Unwind@006f2526	eh_unwind_006f2526	1
Unwind@006f2530	eh_unwind_006f2530	1
Unwind@006f253a	eh_unwind_006f253a	1
Unwind@006f254a	eh_unwind_006f254a	1
Unwind@006f2554	eh_unwind_006f2554	1
Unwind@006f255e	eh_unwind_006f255e	1
Unwind@006f2568	eh_unwind_006f2568	1
Unwind@006f2572	eh_unwind_006f2572	1
Unwind@006f257c	eh_unwind_006f257c	1
Unwind@006f2586	eh_unwind_006f2586	1
Unwind@006f2590	eh_unwind_006f2590	1
Unwind@006f259a	eh_unwind_006f259a	1
Unwind@006f25a4	eh_unwind_006f25a4	1
Unwind@006f25b4	eh_unwind_006f25b4	1
Unwind@006f25be	eh_unwind_006f25be	1
Unwind@006f25c8	eh_unwind_006f25c8	1
Unwind@006f25d2	eh_unwind_006f25d2	1
Unwind@006f25dc	eh_unwind_006f25dc	1
Unwind@006f25e6	eh_unwind_006f25e6	1
Unwind@006f25f0	eh_unwind_006f25f0	1
Unwind@006f25fa	eh_unwind_006f25fa	1
Unwind@006f2604	eh_unwind_006f2604	1
Unwind@006f260e	eh_unwind_006f260e	1
Unwind@006f261e	eh_unwind_006f261e	1
Unwind@006f2628	eh_unwind_006f2628	1
Unwind@006f2632	eh_unwind_006f2632	1
Unwind@006f263c	eh_unwind_006f263c	1
Unwind@006f2646	eh_unwind_006f2646	1
Unwind@006f2650	eh_unwind_006f2650	1
Unwind@006f265a	eh_unwind_006f265a	1
Unwind@006f2664	eh_unwind_006f2664	1
Unwind@006f266e	eh_unwind_006f266e	1
Unwind@006f2678	eh_unwind_006f2678	1
Unwind@006f2688	eh_unwind_006f2688	1
Unwind@006f2692	eh_unwind_006f2692	1
Unwind@006f269c	eh_unwind_006f269c	1
Unwind@006f26a6	eh_unwind_006f26a6	1
Unwind@006f26b0	eh_unwind_006f26b0	1
Unwind@006f26ba	eh_unwind_006f26ba	1
Unwind@006f26c4	eh_unwind_006f26c4	1
Unwind@006f26ce	eh_unwind_006f26ce	1
Unwind@006f26d8	eh_unwind_006f26d8	1
Unwind@006f26e2	eh_unwind_006f26e2	1
Unwind@006f26f2	eh_unwind_006f26f2	1
Unwind@006f26fc	eh_unwind_006f26fc	1
Unwind@006f2706	eh_unwind_006f2706	1
Unwind@006f2710	eh_unwind_006f2710	1
Unwind@006f271a	eh_unwind_006f271a	1
Unwind@006f2724	eh_unwind_006f2724	1
Unwind@006f272e	eh_unwind_006f272e	1
Unwind@006f2738	eh_unwind_006f2738	1
Unwind@006f2742	eh_unwind_006f2742	1
Unwind@006f274c	eh_unwind_006f274c	1
Unwind@006f275c	eh_unwind_006f275c	1
Unwind@006f2766	eh_unwind_006f2766	1
Unwind@006f2770	eh_unwind_006f2770	1
Unwind@006f277a	eh_unwind_006f277a	1
Unwind@006f2784	eh_unwind_006f2784	1
Unwind@006f278e	eh_unwind_006f278e	1
Unwind@006f2798	eh_unwind_006f2798	1
Unwind@006f27a2	eh_unwind_006f27a2	1
Unwind@006f27ac	eh_unwind_006f27ac	1
Unwind@006f27b6	eh_unwind_006f27b6	1
Unwind@006f27c6	eh_unwind_006f27c6	1
Unwind@006f27d0	eh_unwind_006f27d0	1
Unwind@006f27da	eh_unwind_006f27da	1
Unwind@006f27e4	eh_unwind_006f27e4	1
Unwind@006f27ee	eh_unwind_006f27ee	1
Unwind@006f27f8	eh_unwind_006f27f8	1
Unwind@006f2802	eh_unwind_006f2802	1
Unwind@006f280c	eh_unwind_006f280c	1
Unwind@006f2816	eh_unwind_006f2816	1
Unwind@006f2820	eh_unwind_006f2820	1
Unwind@006f2830	eh_unwind_006f2830	1
Unwind@006f283a	eh_unwind_006f283a	1
Unwind@006f2844	eh_unwind_006f2844	1
Unwind@006f284e	eh_unwind_006f284e	1
Unwind@006f2858	eh_unwind_006f2858	1
Unwind@006f2862	eh_unwind_006f2862	1
Unwind@006f286c	eh_unwind_006f286c	1
Unwind@006f2876	eh_unwind_006f2876	1
Unwind@006f2880	eh_unwind_006f2880	1
Unwind@006f288a	eh_unwind_006f288a	1
Unwind@006f289a	eh_unwind_006f289a	1
Unwind@006f28a4	eh_unwind_006f28a4	1
Unwind@006f28ae	eh_unwind_006f28ae	1
Unwind@006f28b8	eh_unwind_006f28b8	1
Unwind@006f28c2	eh_unwind_006f28c2	1
Unwind@006f28cc	eh_unwind_006f28cc	1
Unwind@006f28d6	eh_unwind_006f28d6	1
Unwind@006f28e0	eh_unwind_006f28e0	1
Unwind@006f28ea	eh_unwind_006f28ea	1
Unwind@006f28f4	eh_unwind_006f28f4	1
Unwind@006f2904	eh_unwind_006f2904	1
Unwind@006f290e	eh_unwind_006f290e	1
Unwind@006f2918	eh_unwind_006f2918	1
Unwind@006f2922	eh_unwind_006f2922	1
Unwind@006f292c	eh_unwind_006f292c	1
Unwind@006f2936	eh_unwind_006f2936	1
Unwind@006f2940	eh_unwind_006f2940	1
Unwind@006f294a	eh_unwind_006f294a	1
Unwind@006f2954	eh_unwind_006f2954	1
Unwind@006f295e	eh_unwind_006f295e	1
Unwind@006f296e	eh_unwind_006f296e	1
Unwind@006f2978	eh_unwind_006f2978	1
Unwind@006f2982	eh_unwind_006f2982	1
Unwind@006f298c	eh_unwind_006f298c	1
Unwind@006f2996	eh_unwind_006f2996	1
Unwind@006f29a0	eh_unwind_006f29a0	1
Unwind@006f29aa	eh_unwind_006f29aa	1
Unwind@006f29b4	eh_unwind_006f29b4	1
Unwind@006f29be	eh_unwind_006f29be	1
Unwind@006f29c8	eh_unwind_006f29c8	1
Unwind@006f29d8	eh_unwind_006f29d8	1
Unwind@006f29e2	eh_unwind_006f29e2	1
Unwind@006f29ec	eh_unwind_006f29ec	1
Unwind@006f29f6	eh_unwind_006f29f6	1
Unwind@006f2a00	eh_unwind_006f2a00	1
Unwind@006f2a0a	eh_unwind_006f2a0a	1
Unwind@006f2a14	eh_unwind_006f2a14	1
Unwind@006f2a1e	eh_unwind_006f2a1e	1
Unwind@006f2a28	eh_unwind_006f2a28	1
Unwind@006f2a32	eh_unwind_006f2a32	1
Unwind@006f2a42	eh_unwind_006f2a42	1
Unwind@006f2a4c	eh_unwind_006f2a4c	1
Unwind@006f2a56	eh_unwind_006f2a56	1
Unwind@006f2a60	eh_unwind_006f2a60	1
Unwind@006f2a6a	eh_unwind_006f2a6a	1
Unwind@006f2a74	eh_unwind_006f2a74	1
Unwind@006f2a7e	eh_unwind_006f2a7e	1
Unwind@006f2a88	eh_unwind_006f2a88	1
Unwind@006f2a92	eh_unwind_006f2a92	1
Unwind@006f2a9c	eh_unwind_006f2a9c	1
Unwind@006f2aac	eh_unwind_006f2aac	1
Unwind@006f2ab6	eh_unwind_006f2ab6	1
Unwind@006f2ac0	eh_unwind_006f2ac0	1
Unwind@006f2aca	eh_unwind_006f2aca	1
Unwind@006f2ad4	eh_unwind_006f2ad4	1
Unwind@006f2ade	eh_unwind_006f2ade	1
Unwind@006f2ae8	eh_unwind_006f2ae8	1
Unwind@006f2af2	eh_unwind_006f2af2	1
Unwind@006f2afc	eh_unwind_006f2afc	1
Unwind@006f2b06	eh_unwind_006f2b06	1
Unwind@006f2b16	eh_unwind_006f2b16	1
Unwind@006f2b20	eh_unwind_006f2b20	1
Unwind@006f2b2a	eh_unwind_006f2b2a	1
Unwind@006f2b34	eh_unwind_006f2b34	1
Unwind@006f2b3e	eh_unwind_006f2b3e	1
Unwind@006f2b48	eh_unwind_006f2b48	1
Unwind@006f2b52	eh_unwind_006f2b52	1
Unwind@006f2b5c	eh_unwind_006f2b5c	1
Unwind@006f2b66	eh_unwind_006f2b66	1
Unwind@006f2b70	eh_unwind_006f2b70	1
Unwind@006f2b80	eh_unwind_006f2b80	1
Unwind@006f2b8a	eh_unwind_006f2b8a	1
Unwind@006f2b94	eh_unwind_006f2b94	1
Unwind@006f2b9e	eh_unwind_006f2b9e	1
Unwind@006f2ba8	eh_unwind_006f2ba8	1
Unwind@006f2bb2	eh_unwind_006f2bb2	1
Unwind@006f2bbc	eh_unwind_006f2bbc	1
Unwind@006f2bc6	eh_unwind_006f2bc6	1
Unwind@006f2bd0	eh_unwind_006f2bd0	1
Unwind@006f2bda	eh_unwind_006f2bda	1
Unwind@006f2bea	eh_unwind_006f2bea	1
Unwind@006f2bf4	eh_unwind_006f2bf4	1
Unwind@006f2bfe	eh_unwind_006f2bfe	1
Unwind@006f2c08	eh_unwind_006f2c08	1
Unwind@006f2c12	eh_unwind_006f2c12	1
Unwind@006f2c1c	eh_unwind_006f2c1c	1
Unwind@006f2c26	eh_unwind_006f2c26	1
Unwind@006f2c30	eh_unwind_006f2c30	1
Unwind@006f2c3a	eh_unwind_006f2c3a	1
Unwind@006f2c44	eh_unwind_006f2c44	1
Unwind@006f2c54	eh_unwind_006f2c54	1
Unwind@006f2c5e	eh_unwind_006f2c5e	1
Unwind@006f2c68	eh_unwind_006f2c68	1
Unwind@006f2c72	eh_unwind_006f2c72	1
Unwind@006f2c7c	eh_unwind_006f2c7c	1
Unwind@006f2c86	eh_unwind_006f2c86	1
Unwind@006f2c90	eh_unwind_006f2c90	1
Unwind@006f2c9a	eh_unwind_006f2c9a	1
Unwind@006f2ca4	eh_unwind_006f2ca4	1
Unwind@006f2cae	eh_unwind_006f2cae	1
Unwind@006f2cbe	eh_unwind_006f2cbe	1
Unwind@006f2cc8	eh_unwind_006f2cc8	1
Unwind@006f2cd2	eh_unwind_006f2cd2	1
Unwind@006f2cdc	eh_unwind_006f2cdc	1
Unwind@006f2ce6	eh_unwind_006f2ce6	1
Unwind@006f2cf0	eh_unwind_006f2cf0	1
Unwind@006f2cfa	eh_unwind_006f2cfa	1
Unwind@006f2d04	eh_unwind_006f2d04	1
Unwind@006f2d0e	eh_unwind_006f2d0e	1
Unwind@006f2d18	eh_unwind_006f2d18	1
Unwind@006f2d28	eh_unwind_006f2d28	1
Unwind@006f2d32	eh_unwind_006f2d32	1
Unwind@006f2d3c	eh_unwind_006f2d3c	1
Unwind@006f2d46	eh_unwind_006f2d46	1
Unwind@006f2d50	eh_unwind_006f2d50	1
Unwind@006f2d5a	eh_unwind_006f2d5a	1
Unwind@006f2d64	eh_unwind_006f2d64	1
Unwind@006f2d6e	eh_unwind_006f2d6e	1
Unwind@006f2d78	eh_unwind_006f2d78	1
Unwind@006f2d82	eh_unwind_006f2d82	1
Unwind@006f2d92	eh_unwind_006f2d92	1
Unwind@006f2d9c	eh_unwind_006f2d9c	1
Unwind@006f2da6	eh_unwind_006f2da6	1
Unwind@006f2db0	eh_unwind_006f2db0	1
Unwind@006f2dba	eh_unwind_006f2dba	1
Unwind@006f2dc4	eh_unwind_006f2dc4	1
Unwind@006f2dce	eh_unwind_006f2dce	1
Unwind@006f2dd8	eh_unwind_006f2dd8	1
Unwind@006f2de2	eh_unwind_006f2de2	1
Unwind@006f2dec	eh_unwind_006f2dec	1
Unwind@006f2dfc	eh_unwind_006f2dfc	1
Unwind@006f2e06	eh_unwind_006f2e06	1
Unwind@006f2e10	eh_unwind_006f2e10	1
Unwind@006f2e1a	eh_unwind_006f2e1a	1
Unwind@006f2e24	eh_unwind_006f2e24	1
Unwind@006f2e2e	eh_unwind_006f2e2e	1
Unwind@006f2e38	eh_unwind_006f2e38	1
Unwind@006f2e42	eh_unwind_006f2e42	1
Unwind@006f2e4c	eh_unwind_006f2e4c	1
Unwind@006f2e56	eh_unwind_006f2e56	1
Unwind@006f2e66	eh_unwind_006f2e66	1
Unwind@006f2e70	eh_unwind_006f2e70	1
Unwind@006f2e7a	eh_unwind_006f2e7a	1
Unwind@006f2e84	eh_unwind_006f2e84	1
Unwind@006f2e8e	eh_unwind_006f2e8e	1
Unwind@006f2e98	eh_unwind_006f2e98	1
Unwind@006f2ea2	eh_unwind_006f2ea2	1
Unwind@006f2eac	eh_unwind_006f2eac	1
Unwind@006f2eb6	eh_unwind_006f2eb6	1
Unwind@006f2ec0	eh_unwind_006f2ec0	1
Unwind@006f2ed0	eh_unwind_006f2ed0	1
Unwind@006f2eda	eh_unwind_006f2eda	1
Unwind@006f2ee4	eh_unwind_006f2ee4	1
Unwind@006f2eee	eh_unwind_006f2eee	1
Unwind@006f2ef8	eh_unwind_006f2ef8	1
Unwind@006f2f02	eh_unwind_006f2f02	1
Unwind@006f2f0c	eh_unwind_006f2f0c	1
Unwind@006f2f16	eh_unwind_006f2f16	1
Unwind@006f2f20	eh_unwind_006f2f20	1
Unwind@006f2f2a	eh_unwind_006f2f2a	1
Unwind@006f2f38	eh_unwind_006f2f38	1
Unwind@006f2f42	eh_unwind_006f2f42	1
Unwind@006f2f4c	eh_unwind_006f2f4c	1
Unwind@006f2f56	eh_unwind_006f2f56	1
Unwind@006f2f60	eh_unwind_006f2f60	1
Unwind@006f2f6a	eh_unwind_006f2f6a	1
Unwind@006f2f74	eh_unwind_006f2f74	1
Unwind@006f2f7e	eh_unwind_006f2f7e	1
Unwind@006f2f88	eh_unwind_006f2f88	1
Unwind@006f2f92	eh_unwind_006f2f92	1
Unwind@006f2fa0	eh_unwind_006f2fa0	1
Unwind@006f2faa	eh_unwind_006f2faa	1
Unwind@006f2fb4	eh_unwind_006f2fb4	1
Unwind@006f2fbe	eh_unwind_006f2fbe	1
Unwind@006f2fc8	eh_unwind_006f2fc8	1
Unwind@006f2fd2	eh_unwind_006f2fd2	1
Unwind@006f2fdc	eh_unwind_006f2fdc	1
Unwind@006f2fe6	eh_unwind_006f2fe6	1
Unwind@006f2ff0	eh_unwind_006f2ff0	1
Unwind@006f2ffa	eh_unwind_006f2ffa	1
Unwind@006f3030	eh_unwind_006f3030	1
Unwind@006f3060	eh_unwind_006f3060	1
Unwind@006f307d	eh_unwind_006f307d	1
Unwind@006f3089	eh_unwind_006f3089	1
Unwind@006f3095	eh_unwind_006f3095	1
Unwind@006f30a0	eh_unwind_006f30a0	1
Unwind@006f30a8	eh_unwind_006f30a8	1
Unwind@006f30b0	eh_unwind_006f30b0	1
Unwind@006f30cd	eh_unwind_006f30cd	1
Unwind@006f30d9	eh_unwind_006f30d9	1
Unwind@006f30e5	eh_unwind_006f30e5	1
Unwind@006f30f0	eh_unwind_006f30f0	1
Unwind@006f30f8	eh_unwind_006f30f8	1
Unwind@006f3130	eh_unwind_006f3130	1
Unwind@006f314d	eh_unwind_006f314d	1
Unwind@006f3159	eh_unwind_006f3159	1
Unwind@006f3165	eh_unwind_006f3165	1
Unwind@006f3170	eh_unwind_006f3170	1
Unwind@006f3178	eh_unwind_006f3178	1
Unwind@006f31b0	eh_unwind_006f31b0	1
Unwind@006f31cd	eh_unwind_006f31cd	1
Unwind@006f31d9	eh_unwind_006f31d9	1
Unwind@006f31e5	eh_unwind_006f31e5	1
Unwind@006f31f0	eh_unwind_006f31f0	1
Unwind@006f31f8	eh_unwind_006f31f8	1
Unwind@006f3200	eh_unwind_006f3200	1
Unwind@006f3230	eh_unwind_006f3230	1
Unwind@006f323e	eh_unwind_006f323e	1
Unwind@006f3248	eh_unwind_006f3248	1
Unwind@006f3252	eh_unwind_006f3252	1
Unwind@006f325c	eh_unwind_006f325c	1
Unwind@006f3266	eh_unwind_006f3266	1
Unwind@006f3270	eh_unwind_006f3270	1
Unwind@006f327a	eh_unwind_006f327a	1
Unwind@006f3284	eh_unwind_006f3284	1
Unwind@006f328e	eh_unwind_006f328e	1
Unwind@006f3298	eh_unwind_006f3298	1
Unwind@006f32a2	eh_unwind_006f32a2	1
Unwind@006f32ac	eh_unwind_006f32ac	1
Unwind@006f32b6	eh_unwind_006f32b6	1
Unwind@006f32c0	eh_unwind_006f32c0	1
Unwind@006f32ca	eh_unwind_006f32ca	1
Unwind@006f32d4	eh_unwind_006f32d4	1
Unwind@006f32de	eh_unwind_006f32de	1
Unwind@006f32e8	eh_unwind_006f32e8	1
Unwind@006f32f2	eh_unwind_006f32f2	1
Unwind@006f32fc	eh_unwind_006f32fc	1
Unwind@006f330a	eh_unwind_006f330a	1
Unwind@006f3314	eh_unwind_006f3314	1
Unwind@006f331e	eh_unwind_006f331e	1
Unwind@006f3328	eh_unwind_006f3328	1
Unwind@006f3332	eh_unwind_006f3332	1
Unwind@006f333c	eh_unwind_006f333c	1
Unwind@006f3346	eh_unwind_006f3346	1
Unwind@006f3350	eh_unwind_006f3350	1
Unwind@006f335a	eh_unwind_006f335a	1
Unwind@006f3364	eh_unwind_006f3364	1
Unwind@006f336e	eh_unwind_006f336e	1
Unwind@006f3378	eh_unwind_006f3378	1
Unwind@006f3382	eh_unwind_006f3382	1
Unwind@006f338c	eh_unwind_006f338c	1
Unwind@006f3396	eh_unwind_006f3396	1
Unwind@006f33a0	eh_unwind_006f33a0	1
Unwind@006f33aa	eh_unwind_006f33aa	1
Unwind@006f33b4	eh_unwind_006f33b4	1
Unwind@006f33be	eh_unwind_006f33be	1
Unwind@006f33c8	eh_unwind_006f33c8	1
Unwind@006f3400	eh_unwind_006f3400	1
Unwind@006f3430	eh_unwind_006f3430	1
Unwind@006f3520	eh_unwind_006f3520	1
Unwind@006f3550	eh_unwind_006f3550	1
Unwind@006f355b	eh_unwind_006f355b	1
Unwind@006f3566	eh_unwind_006f3566	1
Unwind@006f3571	eh_unwind_006f3571	1
Unwind@006f357c	eh_unwind_006f357c	1
Unwind@006f3587	eh_unwind_006f3587	1
Unwind@006f35c0	eh_unwind_006f35c0	1
Unwind@006f35f0	eh_unwind_006f35f0	1
Unwind@006f35fb	eh_unwind_006f35fb	1
Unwind@006f3606	eh_unwind_006f3606	1
Unwind@006f361d	eh_unwind_006f361d	1
Unwind@006f36a0	eh_unwind_006f36a0	1
Unwind@006f36ab	eh_unwind_006f36ab	1
Unwind@006f36b6	eh_unwind_006f36b6	1
Unwind@006f36c1	eh_unwind_006f36c1	1
Unwind@006f36cc	eh_unwind_006f36cc	1
Unwind@006f3740	eh_unwind_006f3740	1
Unwind@006f374b	eh_unwind_006f374b	1
Unwind@006f3756	eh_unwind_006f3756	1
Unwind@006f3761	eh_unwind_006f3761	1
Unwind@006f376c	eh_unwind_006f376c	1
Unwind@006f3777	eh_unwind_006f3777	1
Unwind@006f3782	eh_unwind_006f3782	1
Unwind@006f378d	eh_unwind_006f378d	1
Unwind@006f3798	eh_unwind_006f3798	1
Unwind@006f37a3	eh_unwind_006f37a3	1
Unwind@006f37ae	eh_unwind_006f37ae	1
Unwind@006f37b9	eh_unwind_006f37b9	1
Unwind@006f37c4	eh_unwind_006f37c4	1
Unwind@006f37cf	eh_unwind_006f37cf	1
Unwind@006f37da	eh_unwind_006f37da	1
Unwind@006f37e5	eh_unwind_006f37e5	1
Unwind@006f37f0	eh_unwind_006f37f0	1
Unwind@006f37fb	eh_unwind_006f37fb	1
Unwind@006f3806	eh_unwind_006f3806	1
Unwind@006f3811	eh_unwind_006f3811	1
Unwind@006f381c	eh_unwind_006f381c	1
Unwind@006f3827	eh_unwind_006f3827	1
Unwind@006f3832	eh_unwind_006f3832	1
Unwind@006f383d	eh_unwind_006f383d	1
Unwind@006f3848	eh_unwind_006f3848	1
Unwind@006f3853	eh_unwind_006f3853	1
Unwind@006f385e	eh_unwind_006f385e	1
Unwind@006f3869	eh_unwind_006f3869	1
Unwind@006f3874	eh_unwind_006f3874	1
Unwind@006f387f	eh_unwind_006f387f	1
Unwind@006f388d	eh_unwind_006f388d	1
Unwind@006f3898	eh_unwind_006f3898	1
Unwind@006f38a3	eh_unwind_006f38a3	1
Unwind@006f38ae	eh_unwind_006f38ae	1
Unwind@006f38b9	eh_unwind_006f38b9	1
Unwind@006f38c4	eh_unwind_006f38c4	1
Unwind@006f38cf	eh_unwind_006f38cf	1
Unwind@006f38da	eh_unwind_006f38da	1
Unwind@006f38e5	eh_unwind_006f38e5	1
Unwind@006f38f0	eh_unwind_006f38f0	1
Unwind@006f38fb	eh_unwind_006f38fb	1
Unwind@006f3906	eh_unwind_006f3906	1
Unwind@006f3911	eh_unwind_006f3911	1
Unwind@006f391c	eh_unwind_006f391c	1
Unwind@006f3927	eh_unwind_006f3927	1
Unwind@006f3932	eh_unwind_006f3932	1
Unwind@006f393d	eh_unwind_006f393d	1
Unwind@006f3948	eh_unwind_006f3948	1
Unwind@006f3953	eh_unwind_006f3953	1
Unwind@006f395e	eh_unwind_006f395e	1
Unwind@006f3969	eh_unwind_006f3969	1
Unwind@006f3974	eh_unwind_006f3974	1
Unwind@006f397c	eh_unwind_006f397c	1
Unwind@006f398a	eh_unwind_006f398a	1
Unwind@006f3998	eh_unwind_006f3998	1
Unwind@006f39a6	eh_unwind_006f39a6	1
Unwind@006f39b1	eh_unwind_006f39b1	1
Unwind@006f39bc	eh_unwind_006f39bc	1
Unwind@006f39c7	eh_unwind_006f39c7	1
Unwind@006f39d2	eh_unwind_006f39d2	1
Unwind@006f39dd	eh_unwind_006f39dd	1
Unwind@006f39e5	eh_unwind_006f39e5	1
Unwind@006f39ed	eh_unwind_006f39ed	1
Unwind@006f39fb	eh_unwind_006f39fb	1
Unwind@006f3a09	eh_unwind_006f3a09	1
Unwind@006f3a17	eh_unwind_006f3a17	1
Unwind@006f3a25	eh_unwind_006f3a25	1
Unwind@006f3a33	eh_unwind_006f3a33	1
Unwind@006f3a41	eh_unwind_006f3a41	1
Unwind@006f3a4f	eh_unwind_006f3a4f	1
Unwind@006f3a5d	eh_unwind_006f3a5d	1
Unwind@006f3a6b	eh_unwind_006f3a6b	1
Unwind@006f3a79	eh_unwind_006f3a79	1
Unwind@006f3a87	eh_unwind_006f3a87	1
Unwind@006f3a95	eh_unwind_006f3a95	1
Unwind@006f3aa3	eh_unwind_006f3aa3	1
Unwind@006f3ab1	eh_unwind_006f3ab1	1
Unwind@006f3abf	eh_unwind_006f3abf	1
Unwind@006f3acd	eh_unwind_006f3acd	1
Unwind@006f3adb	eh_unwind_006f3adb	1
Unwind@006f3ae9	eh_unwind_006f3ae9	1
Unwind@006f3af7	eh_unwind_006f3af7	1
Unwind@006f3b05	eh_unwind_006f3b05	1
Unwind@006f3b13	eh_unwind_006f3b13	1
Unwind@006f3b21	eh_unwind_006f3b21	1
Unwind@006f3b2f	eh_unwind_006f3b2f	1
Unwind@006f3b3d	eh_unwind_006f3b3d	1
Unwind@006f3b4b	eh_unwind_006f3b4b	1
Unwind@006f3b56	eh_unwind_006f3b56	1
Unwind@006f3b61	eh_unwind_006f3b61	1
Unwind@006f3b69	eh_unwind_006f3b69	1
Unwind@006f3b71	eh_unwind_006f3b71	1
Unwind@006f3b79	eh_unwind_006f3b79	1
Unwind@006f3b81	eh_unwind_006f3b81	1
Unwind@006f3b89	eh_unwind_006f3b89	1
Unwind@006f3b91	eh_unwind_006f3b91	1
Unwind@006f3b99	eh_unwind_006f3b99	1
Unwind@006f3ba1	eh_unwind_006f3ba1	1
Unwind@006f3ba9	eh_unwind_006f3ba9	1
Unwind@006f3bb1	eh_unwind_006f3bb1	1
Unwind@006f3bbf	eh_unwind_006f3bbf	1
Unwind@006f3bcd	eh_unwind_006f3bcd	1
Unwind@006f3bdb	eh_unwind_006f3bdb	1
Unwind@006f3be3	eh_unwind_006f3be3	1
Unwind@006f3bf1	eh_unwind_006f3bf1	1
Unwind@006f3bff	eh_unwind_006f3bff	1
Unwind@006f3c0d	eh_unwind_006f3c0d	1
Unwind@006f3c1b	eh_unwind_006f3c1b	1
Unwind@006f3c29	eh_unwind_006f3c29	1
Unwind@006f3d00	eh_unwind_006f3d00	1
Unwind@006f3d11	eh_unwind_006f3d11	1
Unwind@006f3d40	eh_unwind_006f3d40	1
Unwind@006f3dd0	eh_unwind_006f3dd0	1
Unwind@006f3e10	eh_unwind_006f3e10	1
Unwind@006f3e1b	eh_unwind_006f3e1b	1
Unwind@006f3e26	eh_unwind_006f3e26	1
Unwind@006f3e31	eh_unwind_006f3e31	1
Unwind@006f3e3c	eh_unwind_006f3e3c	1
Unwind@006f3e47	eh_unwind_006f3e47	1
Unwind@006f3e52	eh_unwind_006f3e52	1
Unwind@006f3e5d	eh_unwind_006f3e5d	1
Unwind@006f3e68	eh_unwind_006f3e68	1
Unwind@006f3e73	eh_unwind_006f3e73	1
Unwind@006f3e7e	eh_unwind_006f3e7e	1
Unwind@006f3e89	eh_unwind_006f3e89	1
Unwind@006f3e94	eh_unwind_006f3e94	1
Unwind@006f3e9f	eh_unwind_006f3e9f	1
Unwind@006f3eaa	eh_unwind_006f3eaa	1
Unwind@006f3eb5	eh_unwind_006f3eb5	1
Unwind@006f3ec0	eh_unwind_006f3ec0	1
Unwind@006f3ecb	eh_unwind_006f3ecb	1
Unwind@006f3ed6	eh_unwind_006f3ed6	1
Unwind@006f3ee1	eh_unwind_006f3ee1	1
Unwind@006f3eec	eh_unwind_006f3eec	1
Unwind@006f3ef7	eh_unwind_006f3ef7	1
Unwind@006f3f02	eh_unwind_006f3f02	1
Unwind@006f3f10	eh_unwind_006f3f10	1
Unwind@006f3f1e	eh_unwind_006f3f1e	1
Unwind@006f3f2c	eh_unwind_006f3f2c	1
Unwind@006f3f3a	eh_unwind_006f3f3a	1
Unwind@006f3f48	eh_unwind_006f3f48	1
Unwind@006f3f56	eh_unwind_006f3f56	1
Unwind@006f3f64	eh_unwind_006f3f64	1
Unwind@006f3f72	eh_unwind_006f3f72	1
Unwind@006f3f80	eh_unwind_006f3f80	1
Unwind@006f3f8e	eh_unwind_006f3f8e	1
Unwind@006f3f9c	eh_unwind_006f3f9c	1
Unwind@006f3faa	eh_unwind_006f3faa	1
Unwind@006f3fb8	eh_unwind_006f3fb8	1
Unwind@006f3ff0	eh_unwind_006f3ff0	1
Unwind@006f3ffb	eh_unwind_006f3ffb	1
Unwind@006f4006	eh_unwind_006f4006	1
Unwind@006f4014	eh_unwind_006f4014	1
Unwind@006f4022	eh_unwind_006f4022	1
Unwind@006f4030	eh_unwind_006f4030	1
Unwind@006f403e	eh_unwind_006f403e	1
Unwind@006f404c	eh_unwind_006f404c	1
Unwind@006f405a	eh_unwind_006f405a	1
Unwind@006f4068	eh_unwind_006f4068	1
Unwind@006f4076	eh_unwind_006f4076	1
Unwind@006f4084	eh_unwind_006f4084	1
Unwind@006f4092	eh_unwind_006f4092	1
Unwind@006f40d0	eh_unwind_006f40d0	1
Unwind@006f40db	eh_unwind_006f40db	1
Unwind@006f40e3	eh_unwind_006f40e3	1
Unwind@006f40ee	eh_unwind_006f40ee	1
Unwind@006f4130	eh_unwind_006f4130	1
Unwind@006f413e	eh_unwind_006f413e	1
Unwind@006f414c	eh_unwind_006f414c	1
Unwind@006f4190	eh_unwind_006f4190	1
Unwind@006f419b	eh_unwind_006f419b	1
Unwind@006f41a6	eh_unwind_006f41a6	1
Unwind@006f41b1	eh_unwind_006f41b1	1
Unwind@006f41f0	eh_unwind_006f41f0	1
Unwind@006f41fe	eh_unwind_006f41fe	1
Unwind@006f4209	eh_unwind_006f4209	1
Unwind@006f4214	eh_unwind_006f4214	1
Unwind@006f421f	eh_unwind_006f421f	1
Unwind@006f4242	eh_unwind_006f4242	1
Unwind@006f424e	eh_unwind_006f424e	1
Unwind@006f425a	eh_unwind_006f425a	1
Unwind@006f4265	eh_unwind_006f4265	1
Unwind@006f4270	eh_unwind_006f4270	1
Unwind@006f4278	eh_unwind_006f4278	1
Unwind@006f429b	eh_unwind_006f429b	1
Unwind@006f42a7	eh_unwind_006f42a7	1
Unwind@006f42b3	eh_unwind_006f42b3	1
Unwind@006f42be	eh_unwind_006f42be	1
Unwind@006f42c9	eh_unwind_006f42c9	1
Unwind@006f4300	eh_unwind_006f4300	1
Unwind@006f430b	eh_unwind_006f430b	1
Unwind@006f4316	eh_unwind_006f4316	1
Unwind@006f4321	eh_unwind_006f4321	1
Unwind@006f432c	eh_unwind_006f432c	1
Unwind@006f4337	eh_unwind_006f4337	1
Unwind@006f4342	eh_unwind_006f4342	1
Unwind@006f434d	eh_unwind_006f434d	1
Unwind@006f4358	eh_unwind_006f4358	1
Unwind@006f4363	eh_unwind_006f4363	1
Unwind@006f436e	eh_unwind_006f436e	1
Unwind@006f4379	eh_unwind_006f4379	1
Unwind@006f4384	eh_unwind_006f4384	1
Unwind@006f438f	eh_unwind_006f438f	1
Unwind@006f439a	eh_unwind_006f439a	1
Unwind@006f43a5	eh_unwind_006f43a5	1
Unwind@006f43b0	eh_unwind_006f43b0	1
Unwind@006f43c7	eh_unwind_006f43c7	1
Unwind@006f43de	eh_unwind_006f43de	1
Unwind@006f43e9	eh_unwind_006f43e9	1
Unwind@006f4400	eh_unwind_006f4400	1
Unwind@006f4417	eh_unwind_006f4417	1
Unwind@006f4425	eh_unwind_006f4425	1
Unwind@006f4433	eh_unwind_006f4433	1
Unwind@006f4441	eh_unwind_006f4441	1
Unwind@006f444f	eh_unwind_006f444f	1
Unwind@006f445d	eh_unwind_006f445d	1
Unwind@006f446b	eh_unwind_006f446b	1
Unwind@006f4479	eh_unwind_006f4479	1
Unwind@006f4487	eh_unwind_006f4487	1
Unwind@006f4495	eh_unwind_006f4495	1
Unwind@006f44a3	eh_unwind_006f44a3	1
Unwind@006f44b1	eh_unwind_006f44b1	1
Unwind@006f44bf	eh_unwind_006f44bf	1
Unwind@006f4500	eh_unwind_006f4500	1
Unwind@006f450e	eh_unwind_006f450e	1
Unwind@006f4519	eh_unwind_006f4519	1
Unwind@006f4524	eh_unwind_006f4524	1
Unwind@006f452f	eh_unwind_006f452f	1
Unwind@006f453a	eh_unwind_006f453a	1
Unwind@006f4545	eh_unwind_006f4545	1
Unwind@006f4550	eh_unwind_006f4550	1
Unwind@006f455b	eh_unwind_006f455b	1
Unwind@006f4566	eh_unwind_006f4566	1
Unwind@006f4571	eh_unwind_006f4571	1
Unwind@006f457c	eh_unwind_006f457c	1
Unwind@006f4587	eh_unwind_006f4587	1
Unwind@006f4592	eh_unwind_006f4592	1
Unwind@006f45d0	eh_unwind_006f45d0	1
Unwind@006f45db	eh_unwind_006f45db	1
Unwind@006f45e6	eh_unwind_006f45e6	1
Unwind@006f4610	eh_unwind_006f4610	1
Unwind@006f461b	eh_unwind_006f461b	1
Unwind@006f4632	eh_unwind_006f4632	1
Unwind@006f4649	eh_unwind_006f4649	1
Unwind@006f4654	eh_unwind_006f4654	1
Unwind@006f465f	eh_unwind_006f465f	1
Unwind@006f466a	eh_unwind_006f466a	1
Unwind@006f4675	eh_unwind_006f4675	1
Unwind@006f4680	eh_unwind_006f4680	1
Unwind@006f468b	eh_unwind_006f468b	1
Unwind@006f4696	eh_unwind_006f4696	1
Unwind@006f46a1	eh_unwind_006f46a1	1
Unwind@006f46ac	eh_unwind_006f46ac	1
Unwind@006f46b7	eh_unwind_006f46b7	1
Unwind@006f46c2	eh_unwind_006f46c2	1
Unwind@006f46cd	eh_unwind_006f46cd	1
Unwind@006f46d8	eh_unwind_006f46d8	1
Unwind@006f46e3	eh_unwind_006f46e3	1
Unwind@006f46ee	eh_unwind_006f46ee	1
Unwind@006f46fc	eh_unwind_006f46fc	1
Unwind@006f470a	eh_unwind_006f470a	1
Unwind@006f4718	eh_unwind_006f4718	1
Unwind@006f4750	eh_unwind_006f4750	1
Unwind@006f4761	eh_unwind_006f4761	1
Unwind@006f4769	eh_unwind_006f4769	1
Unwind@006f477a	eh_unwind_006f477a	1
Unwind@006f47a0	eh_unwind_006f47a0	1
Unwind@006f47e0	eh_unwind_006f47e0	1
Unwind@006f4810	eh_unwind_006f4810	1
Unwind@006f4850	eh_unwind_006f4850	1
Unwind@006f4880	eh_unwind_006f4880	1
Unwind@006f48c0	eh_unwind_006f48c0	1
Unwind@006f4900	eh_unwind_006f4900	1
Unwind@006f490e	eh_unwind_006f490e	1
Unwind@006f491c	eh_unwind_006f491c	1
Unwind@006f4927	eh_unwind_006f4927	1
Unwind@006f4932	eh_unwind_006f4932	1
Unwind@006f493a	eh_unwind_006f493a	1
Unwind@006f4945	eh_unwind_006f4945	1
Unwind@006f494d	eh_unwind_006f494d	1
Unwind@006f4958	eh_unwind_006f4958	1
Unwind@006f4960	eh_unwind_006f4960	1
Unwind@006f496b	eh_unwind_006f496b	1
Unwind@006f4973	eh_unwind_006f4973	1
Unwind@006f497e	eh_unwind_006f497e	1
Unwind@006f4986	eh_unwind_006f4986	1
Unwind@006f4991	eh_unwind_006f4991	1
Unwind@006f49c0	eh_unwind_006f49c0	1
Unwind@006f49ce	eh_unwind_006f49ce	1
Unwind@006f4a00	eh_unwind_006f4a00	1
Unwind@006f4a50	eh_unwind_006f4a50	1
Unwind@006f4a6d	eh_unwind_006f4a6d	1
Unwind@006f4a79	eh_unwind_006f4a79	1
Unwind@006f4a85	eh_unwind_006f4a85	1
Unwind@006f4a90	eh_unwind_006f4a90	1
Unwind@006f4a98	eh_unwind_006f4a98	1
Unwind@006f4aa0	eh_unwind_006f4aa0	1
Unwind@006f4ad0	eh_unwind_006f4ad0	1
Unwind@006f4b10	eh_unwind_006f4b10	1
Unwind@006f4b18	eh_unwind_006f4b18	1
Unwind@006f4b50	eh_unwind_006f4b50	1
Unwind@006f4b58	eh_unwind_006f4b58	1
Unwind@006f4b90	eh_unwind_006f4b90	1
Unwind@006f4bad	eh_unwind_006f4bad	1
Unwind@006f4bb9	eh_unwind_006f4bb9	1
Unwind@006f4bc5	eh_unwind_006f4bc5	1
Unwind@006f4bd0	eh_unwind_006f4bd0	1
Unwind@006f4bdb	eh_unwind_006f4bdb	1
Unwind@006f4be3	eh_unwind_006f4be3	1
Unwind@006f4beb	eh_unwind_006f4beb	1
Unwind@006f4bf3	eh_unwind_006f4bf3	1
Unwind@006f4bfe	eh_unwind_006f4bfe	1
Unwind@006f4c40	eh_unwind_006f4c40	1
Unwind@006f4c4b	eh_unwind_006f4c4b	1
Unwind@006f4c68	eh_unwind_006f4c68	1
Unwind@006f4c74	eh_unwind_006f4c74	1
Unwind@006f4c80	eh_unwind_006f4c80	1
Unwind@006f4c8b	eh_unwind_006f4c8b	1
Unwind@006f4c93	eh_unwind_006f4c93	1
Unwind@006f4cd0	eh_unwind_006f4cd0	1
Unwind@006f4cf3	eh_unwind_006f4cf3	1
Unwind@006f4cff	eh_unwind_006f4cff	1
Unwind@006f4d0b	eh_unwind_006f4d0b	1
Unwind@006f4d16	eh_unwind_006f4d16	1
Unwind@006f4d21	eh_unwind_006f4d21	1
Unwind@006f4d40	eh_unwind_006f4d40	1
Unwind@006f4d48	eh_unwind_006f4d48	1
Unwind@006f4d50	eh_unwind_006f4d50	1
Unwind@006f4d5e	eh_unwind_006f4d5e	1
Unwind@006f4d6c	eh_unwind_006f4d6c	1
Unwind@006f4d77	eh_unwind_006f4d77	1
Unwind@006f4d7f	eh_unwind_006f4d7f	1
Unwind@006f4d87	eh_unwind_006f4d87	1
Unwind@006f4d8f	eh_unwind_006f4d8f	1
Unwind@006f4d9a	eh_unwind_006f4d9a	1
Unwind@006f4dd0	eh_unwind_006f4dd0	1
Unwind@006f4ded	eh_unwind_006f4ded	1
Unwind@006f4df9	eh_unwind_006f4df9	1
Unwind@006f4e05	eh_unwind_006f4e05	1
Unwind@006f4e10	eh_unwind_006f4e10	1
Unwind@006f4e18	eh_unwind_006f4e18	1
Unwind@006f4e20	eh_unwind_006f4e20	1
Unwind@006f4e28	eh_unwind_006f4e28	1
Unwind@006f4e60	eh_unwind_006f4e60	1
Unwind@006f4e7d	eh_unwind_006f4e7d	1
Unwind@006f4e89	eh_unwind_006f4e89	1
Unwind@006f4e95	eh_unwind_006f4e95	1
Unwind@006f4ea0	eh_unwind_006f4ea0	1
Unwind@006f4ea8	eh_unwind_006f4ea8	1
Unwind@006f4ee0	eh_unwind_006f4ee0	1
Unwind@006f4f03	eh_unwind_006f4f03	1
Unwind@006f4f0f	eh_unwind_006f4f0f	1
Unwind@006f4f1b	eh_unwind_006f4f1b	1
Unwind@006f4f26	eh_unwind_006f4f26	1
Unwind@006f4f31	eh_unwind_006f4f31	1
Unwind@006f4f3c	eh_unwind_006f4f3c	1
Unwind@006f4f47	eh_unwind_006f4f47	1
Unwind@006f4f52	eh_unwind_006f4f52	1
Unwind@006f4f75	eh_unwind_006f4f75	1
Unwind@006f4f81	eh_unwind_006f4f81	1
Unwind@006f4f8d	eh_unwind_006f4f8d	1
Unwind@006f4f98	eh_unwind_006f4f98	1
Unwind@006f4fa3	eh_unwind_006f4fa3	1
Unwind@006f4fae	eh_unwind_006f4fae	1
Unwind@006f4fb9	eh_unwind_006f4fb9	1
Unwind@006f4fc4	eh_unwind_006f4fc4	1
Unwind@006f4fcf	eh_unwind_006f4fcf	1
Unwind@006f4fda	eh_unwind_006f4fda	1
Unwind@006f4fe5	eh_unwind_006f4fe5	1
Unwind@006f4ff0	eh_unwind_006f4ff0	1
Unwind@006f4ffb	eh_unwind_006f4ffb	1
Unwind@006f5006	eh_unwind_006f5006	1
Unwind@006f5011	eh_unwind_006f5011	1
Unwind@006f501c	eh_unwind_006f501c	1
Unwind@006f5027	eh_unwind_006f5027	1
Unwind@006f5032	eh_unwind_006f5032	1
Unwind@006f5070	eh_unwind_006f5070	1
Unwind@006f5100	eh_unwind_006f5100	1
Unwind@006f5170	eh_unwind_006f5170	1
Unwind@006f517b	eh_unwind_006f517b	1
Unwind@006f5186	eh_unwind_006f5186	1
Unwind@006f5191	eh_unwind_006f5191	1
Unwind@006f519c	eh_unwind_006f519c	1
Unwind@006f51a7	eh_unwind_006f51a7	1
Unwind@006f51b2	eh_unwind_006f51b2	1
Unwind@006f51bd	eh_unwind_006f51bd	1
Unwind@006f51c8	eh_unwind_006f51c8	1
Unwind@006f51d6	eh_unwind_006f51d6	1
Unwind@006f51e1	eh_unwind_006f51e1	1
Unwind@006f51ef	eh_unwind_006f51ef	1
Unwind@006f51fd	eh_unwind_006f51fd	1
Unwind@006f520b	eh_unwind_006f520b	1
Unwind@006f5219	eh_unwind_006f5219	1
Unwind@006f5227	eh_unwind_006f5227	1
Unwind@006f5235	eh_unwind_006f5235	1
Unwind@006f5243	eh_unwind_006f5243	1
Unwind@006f524e	eh_unwind_006f524e	1
Unwind@006f525c	eh_unwind_006f525c	1
Unwind@006f526a	eh_unwind_006f526a	1
Unwind@006f5278	eh_unwind_006f5278	1
Unwind@006f5286	eh_unwind_006f5286	1
Unwind@006f5294	eh_unwind_006f5294	1
Unwind@006f529f	eh_unwind_006f529f	1
Unwind@006f52aa	eh_unwind_006f52aa	1
Unwind@006f52b5	eh_unwind_006f52b5	1
Unwind@006f52c0	eh_unwind_006f52c0	1
Unwind@006f52cb	eh_unwind_006f52cb	1
Unwind@006f5300	eh_unwind_006f5300	1
Unwind@006f530b	eh_unwind_006f530b	1
Unwind@006f5316	eh_unwind_006f5316	1
Unwind@006f5321	eh_unwind_006f5321	1
Unwind@006f532c	eh_unwind_006f532c	1
Unwind@006f5360	eh_unwind_006f5360	1
Unwind@006f536b	eh_unwind_006f536b	1
Unwind@006f5376	eh_unwind_006f5376	1
Unwind@006f53a0	eh_unwind_006f53a0	1
Unwind@006f53d0	eh_unwind_006f53d0	1
Unwind@006f53d8	eh_unwind_006f53d8	1
Unwind@006f5410	eh_unwind_006f5410	1
Unwind@006f541b	eh_unwind_006f541b	1
Unwind@006f5426	eh_unwind_006f5426	1
Unwind@006f5431	eh_unwind_006f5431	1
Unwind@006f543c	eh_unwind_006f543c	1
Unwind@006f5447	eh_unwind_006f5447	1
Unwind@006f5452	eh_unwind_006f5452	1
Unwind@006f545d	eh_unwind_006f545d	1
Unwind@006f5468	eh_unwind_006f5468	1
Unwind@006f5473	eh_unwind_006f5473	1
Unwind@006f5481	eh_unwind_006f5481	1
Unwind@006f548f	eh_unwind_006f548f	1
Unwind@006f549a	eh_unwind_006f549a	1
Unwind@006f54c0	eh_unwind_006f54c0	1
Unwind@006f54cb	eh_unwind_006f54cb	1
Unwind@006f54d6	eh_unwind_006f54d6	1
Unwind@006f54e1	eh_unwind_006f54e1	1
Unwind@006f54ec	eh_unwind_006f54ec	1
Unwind@006f54f7	eh_unwind_006f54f7	1
Unwind@006f5502	eh_unwind_006f5502	1
Unwind@006f550d	eh_unwind_006f550d	1
Unwind@006f5518	eh_unwind_006f5518	1
Unwind@006f5523	eh_unwind_006f5523	1
Unwind@006f5531	eh_unwind_006f5531	1
Unwind@006f5560	eh_unwind_006f5560	1
Unwind@006f5568	eh_unwind_006f5568	1
Unwind@006f5570	eh_unwind_006f5570	1
Unwind@006f557e	eh_unwind_006f557e	1
Unwind@006f55b0	eh_unwind_006f55b0	1
Unwind@006f55b8	eh_unwind_006f55b8	1
Unwind@006f55c0	eh_unwind_006f55c0	1
Unwind@006f55ce	eh_unwind_006f55ce	1
Unwind@006f5600	eh_unwind_006f5600	1
Unwind@006f5608	eh_unwind_006f5608	1
Unwind@006f5616	eh_unwind_006f5616	1
Unwind@006f5640	eh_unwind_006f5640	1
Unwind@006f5648	eh_unwind_006f5648	1
Unwind@006f5650	eh_unwind_006f5650	1
Unwind@006f5658	eh_unwind_006f5658	1
Unwind@006f5690	eh_unwind_006f5690	1
Unwind@006f56d0	eh_unwind_006f56d0	1
Unwind@006f56d8	eh_unwind_006f56d8	1
Unwind@006f5710	eh_unwind_006f5710	1
Unwind@006f5718	eh_unwind_006f5718	1
Unwind@006f5750	eh_unwind_006f5750	1
Unwind@006f5761	eh_unwind_006f5761	1
Unwind@006f5790	eh_unwind_006f5790	1
Unwind@006f5860	eh_unwind_006f5860	1
Unwind@006f5890	eh_unwind_006f5890	1
Unwind@006f5898	eh_unwind_006f5898	1
Unwind@006f58a0	eh_unwind_006f58a0	1
Unwind@006f58ab	eh_unwind_006f58ab	1
Unwind@006f58b9	eh_unwind_006f58b9	1
Unwind@006f58c7	eh_unwind_006f58c7	1
Unwind@006f58f0	eh_unwind_006f58f0	1
Unwind@006f58f8	eh_unwind_006f58f8	1
Unwind@006f5903	eh_unwind_006f5903	1
Unwind@006f5911	eh_unwind_006f5911	1
Unwind@006f591f	eh_unwind_006f591f	1
Unwind@006f5950	eh_unwind_006f5950	1
Unwind@006f5958	eh_unwind_006f5958	1
Unwind@006f5990	eh_unwind_006f5990	1
Unwind@006f59c0	eh_unwind_006f59c0	1
Unwind@006f59c8	eh_unwind_006f59c8	1
Unwind@006f59d0	eh_unwind_006f59d0	1
Unwind@006f5a00	eh_unwind_006f5a00	1
Unwind@006f5a0b	eh_unwind_006f5a0b	1
Unwind@006f5a40	eh_unwind_006f5a40	1
Unwind@006f5a90	eh_unwind_006f5a90	1
Unwind@006f5a9b	eh_unwind_006f5a9b	1
Unwind@006f5ad0	eh_unwind_006f5ad0	1
Unwind@006f5adb	eh_unwind_006f5adb	1
Unwind@006f5ae6	eh_unwind_006f5ae6	1
Unwind@006f5b10	eh_unwind_006f5b10	1
Unwind@006f5b18	eh_unwind_006f5b18	1
Unwind@006f5b23	eh_unwind_006f5b23	1
Unwind@006f5b2b	eh_unwind_006f5b2b	1
Unwind@006f5be0	eh_unwind_006f5be0	1
Unwind@006f5c70	eh_unwind_006f5c70	1
Unwind@006f5ca0	eh_unwind_006f5ca0	1
Unwind@006f5cd0	eh_unwind_006f5cd0	1
Unwind@006f5cd8	eh_unwind_006f5cd8	1
Unwind@006f5ce3	eh_unwind_006f5ce3	1
Unwind@006f5cef	eh_unwind_006f5cef	1
Unwind@006f5cfb	eh_unwind_006f5cfb	1
Unwind@006f5d30	eh_unwind_006f5d30	1
Unwind@006f5d38	eh_unwind_006f5d38	1
Unwind@006f5d50	eh_unwind_006f5d50	1
Unwind@006f5d5e	eh_unwind_006f5d5e	1
Unwind@006f5d6c	eh_unwind_006f5d6c	1
Unwind@006f5d7a	eh_unwind_006f5d7a	1
Unwind@006f5d88	eh_unwind_006f5d88	1
Unwind@006f5d96	eh_unwind_006f5d96	1
Unwind@006f5da4	eh_unwind_006f5da4	1
Unwind@006f5db2	eh_unwind_006f5db2	1
Unwind@006f5dc0	eh_unwind_006f5dc0	1
Unwind@006f5dce	eh_unwind_006f5dce	1
Unwind@006f5ddc	eh_unwind_006f5ddc	1
Unwind@006f5dea	eh_unwind_006f5dea	1
Unwind@006f5df8	eh_unwind_006f5df8	1
Unwind@006f5e06	eh_unwind_006f5e06	1
Unwind@006f5e14	eh_unwind_006f5e14	1
Unwind@006f5e22	eh_unwind_006f5e22	1
Unwind@006f5e30	eh_unwind_006f5e30	1
Unwind@006f5f40	eh_unwind_006f5f40	1
Unwind@006f5f48	eh_unwind_006f5f48	1
Unwind@006f5f50	eh_unwind_006f5f50	1
Unwind@006f5f80	eh_unwind_006f5f80	1
Unwind@006f5fd0	eh_unwind_006f5fd0	1
Unwind@006f5fd8	eh_unwind_006f5fd8	1
Unwind@006f6000	eh_unwind_006f6000	1
Unwind@006f6090	eh_unwind_006f6090	1
Unwind@006f6098	eh_unwind_006f6098	1
Unwind@006f60c0	eh_unwind_006f60c0	1
Unwind@006f60dd	eh_unwind_006f60dd	1
Unwind@006f60e9	eh_unwind_006f60e9	1
Unwind@006f60f2	eh_unwind_006f60f2	1
Unwind@006f6120	eh_unwind_006f6120	1
Unwind@006f613d	eh_unwind_006f613d	1
Unwind@006f6149	eh_unwind_006f6149	1
Unwind@006f6170	eh_unwind_006f6170	1
Unwind@006f6178	eh_unwind_006f6178	1
Unwind@006f6183	eh_unwind_006f6183	1
Unwind@006f618e	eh_unwind_006f618e	1
Unwind@006f6199	eh_unwind_006f6199	1
Unwind@006f61a4	eh_unwind_006f61a4	1
Unwind@006f61b2	eh_unwind_006f61b2	1
Unwind@006f61c0	eh_unwind_006f61c0	1
Unwind@006f61ce	eh_unwind_006f61ce	1
Unwind@006f61dc	eh_unwind_006f61dc	1
Unwind@006f61ea	eh_unwind_006f61ea	1
Unwind@006f61f8	eh_unwind_006f61f8	1
Unwind@006f6206	eh_unwind_006f6206	1
Unwind@006f6214	eh_unwind_006f6214	1
Unwind@006f6222	eh_unwind_006f6222	1
Unwind@006f6230	eh_unwind_006f6230	1
Unwind@006f623e	eh_unwind_006f623e	1
Unwind@006f624c	eh_unwind_006f624c	1
Unwind@006f625a	eh_unwind_006f625a	1
Unwind@006f6268	eh_unwind_006f6268	1
Unwind@006f6276	eh_unwind_006f6276	1
Unwind@006f6281	eh_unwind_006f6281	1
Unwind@006f6289	eh_unwind_006f6289	1
Unwind@006f6291	eh_unwind_006f6291	1
Unwind@006f62c0	eh_unwind_006f62c0	1
Unwind@006f62f0	eh_unwind_006f62f0	1
Unwind@006f62f8	eh_unwind_006f62f8	1
Unwind@006f6303	eh_unwind_006f6303	1
Unwind@006f630e	eh_unwind_006f630e	1
Unwind@006f6319	eh_unwind_006f6319	1
Unwind@006f6324	eh_unwind_006f6324	1
Unwind@006f6332	eh_unwind_006f6332	1
Unwind@006f6340	eh_unwind_006f6340	1
Unwind@006f634e	eh_unwind_006f634e	1
Unwind@006f635c	eh_unwind_006f635c	1
Unwind@006f636a	eh_unwind_006f636a	1
Unwind@006f6378	eh_unwind_006f6378	1
Unwind@006f6386	eh_unwind_006f6386	1
Unwind@006f6394	eh_unwind_006f6394	1
Unwind@006f63a2	eh_unwind_006f63a2	1
Unwind@006f63b0	eh_unwind_006f63b0	1
Unwind@006f63be	eh_unwind_006f63be	1
Unwind@006f63cc	eh_unwind_006f63cc	1
Unwind@006f63da	eh_unwind_006f63da	1
Unwind@006f63e8	eh_unwind_006f63e8	1
Unwind@006f6420	eh_unwind_006f6420	1
Unwind@006f6450	eh_unwind_006f6450	1
Unwind@006f6458	eh_unwind_006f6458	1
Unwind@006f64c0	eh_unwind_006f64c0	1
Unwind@006f64f0	eh_unwind_006f64f0	1
Unwind@006f64f8	eh_unwind_006f64f8	1
Unwind@006f6503	eh_unwind_006f6503	1
Unwind@006f650b	eh_unwind_006f650b	1
Unwind@006f6516	eh_unwind_006f6516	1
Unwind@006f6540	eh_unwind_006f6540	1
Unwind@006f6548	eh_unwind_006f6548	1
Unwind@006f656b	eh_unwind_006f656b	1
Unwind@006f6577	eh_unwind_006f6577	1
Unwind@006f6583	eh_unwind_006f6583	1
Unwind@006f658e	eh_unwind_006f658e	1
Unwind@006f65d0	eh_unwind_006f65d0	1
Unwind@006f65db	eh_unwind_006f65db	1
Unwind@006f6610	eh_unwind_006f6610	1
Unwind@006f6640	eh_unwind_006f6640	1
Unwind@006f6648	eh_unwind_006f6648	1
Unwind@006f6650	eh_unwind_006f6650	1
Unwind@006f6658	eh_unwind_006f6658	1
Unwind@006f6690	eh_unwind_006f6690	1
Unwind@006f6698	eh_unwind_006f6698	1
Unwind@006f66bb	eh_unwind_006f66bb	1
Unwind@006f66c7	eh_unwind_006f66c7	1
Unwind@006f66d3	eh_unwind_006f66d3	1
Unwind@006f66de	eh_unwind_006f66de	1
Unwind@006f66e9	eh_unwind_006f66e9	1
Unwind@006f66f4	eh_unwind_006f66f4	1
Unwind@006f66fc	eh_unwind_006f66fc	1
Unwind@006f670a	eh_unwind_006f670a	1
Unwind@006f6712	eh_unwind_006f6712	1
Unwind@006f671d	eh_unwind_006f671d	1
Unwind@006f6725	eh_unwind_006f6725	1
Unwind@006f6730	eh_unwind_006f6730	1
Unwind@006f673b	eh_unwind_006f673b	1
Unwind@006f6743	eh_unwind_006f6743	1
Unwind@006f6751	eh_unwind_006f6751	1
Unwind@006f675c	eh_unwind_006f675c	1
Unwind@006f6767	eh_unwind_006f6767	1
Unwind@006f676f	eh_unwind_006f676f	1
Unwind@006f677d	eh_unwind_006f677d	1
Unwind@006f6785	eh_unwind_006f6785	1
Unwind@006f6790	eh_unwind_006f6790	1
Unwind@006f679b	eh_unwind_006f679b	1
Unwind@006f67d0	eh_unwind_006f67d0	1
Unwind@006f67db	eh_unwind_006f67db	1
Unwind@006f67e3	eh_unwind_006f67e3	1
Unwind@006f67eb	eh_unwind_006f67eb	1
Unwind@006f6820	eh_unwind_006f6820	1
Unwind@006f6828	eh_unwind_006f6828	1
Unwind@006f6830	eh_unwind_006f6830	1
Unwind@006f6860	eh_unwind_006f6860	1
Unwind@006f6868	eh_unwind_006f6868	1
Unwind@006f68a0	eh_unwind_006f68a0	1
Unwind@006f68ab	eh_unwind_006f68ab	1
Unwind@006f68b6	eh_unwind_006f68b6	1
Unwind@006f68be	eh_unwind_006f68be	1
Unwind@006f68c6	eh_unwind_006f68c6	1
Unwind@006f6900	eh_unwind_006f6900	1
Unwind@006f6908	eh_unwind_006f6908	1
Unwind@006f6940	eh_unwind_006f6940	1
Unwind@006f694b	eh_unwind_006f694b	1
Unwind@006f6956	eh_unwind_006f6956	1
Unwind@006f6964	eh_unwind_006f6964	1
Unwind@006f696c	eh_unwind_006f696c	1
Unwind@006f6974	eh_unwind_006f6974	1
Unwind@006f697c	eh_unwind_006f697c	1
Unwind@006f69b0	eh_unwind_006f69b0	1
Unwind@006f69b8	eh_unwind_006f69b8	1
Unwind@006f69c3	eh_unwind_006f69c3	1
Unwind@006f69cb	eh_unwind_006f69cb	1
Unwind@006f6a00	eh_unwind_006f6a00	1
Unwind@006f6a0b	eh_unwind_006f6a0b	1
Unwind@006f6a16	eh_unwind_006f6a16	1
Unwind@006f6a21	eh_unwind_006f6a21	1
Unwind@006f6a2c	eh_unwind_006f6a2c	1
Unwind@006f6a37	eh_unwind_006f6a37	1
Unwind@006f6a42	eh_unwind_006f6a42	1
Unwind@006f6a4d	eh_unwind_006f6a4d	1
Unwind@006f6a58	eh_unwind_006f6a58	1
Unwind@006f6a63	eh_unwind_006f6a63	1
Unwind@006f6a6b	eh_unwind_006f6a6b	1
Unwind@006f6a73	eh_unwind_006f6a73	1
Unwind@006f6a7e	eh_unwind_006f6a7e	1
Unwind@006f6a89	eh_unwind_006f6a89	1
Unwind@006f6a94	eh_unwind_006f6a94	1
Unwind@006f6a9c	eh_unwind_006f6a9c	1
Unwind@006f6aa7	eh_unwind_006f6aa7	1
Unwind@006f6ab2	eh_unwind_006f6ab2	1
Unwind@006f6abd	eh_unwind_006f6abd	1
Unwind@006f6ac8	eh_unwind_006f6ac8	1
Unwind@006f6ad3	eh_unwind_006f6ad3	1
Unwind@006f6ade	eh_unwind_006f6ade	1
Unwind@006f6ae9	eh_unwind_006f6ae9	1
Unwind@006f6af4	eh_unwind_006f6af4	1
Unwind@006f6aff	eh_unwind_006f6aff	1
Unwind@006f6b0a	eh_unwind_006f6b0a	1
Unwind@006f6b15	eh_unwind_006f6b15	1
Unwind@006f6b20	eh_unwind_006f6b20	1
Unwind@006f6b50	eh_unwind_006f6b50	1
Unwind@006f6b58	eh_unwind_006f6b58	1
Unwind@006f6b60	eh_unwind_006f6b60	1
Unwind@006f6b6b	eh_unwind_006f6b6b	1
Unwind@006f6b73	eh_unwind_006f6b73	1
Unwind@006f6b7b	eh_unwind_006f6b7b	1
Unwind@006f6b86	eh_unwind_006f6b86	1
Unwind@006f6bc0	eh_unwind_006f6bc0	1
Unwind@006f6bc8	eh_unwind_006f6bc8	1
Unwind@006f6bd0	eh_unwind_006f6bd0	1
Unwind@006f6bdb	eh_unwind_006f6bdb	1
Unwind@006f6be3	eh_unwind_006f6be3	1
Unwind@006f6beb	eh_unwind_006f6beb	1
Unwind@006f6bf6	eh_unwind_006f6bf6	1
Unwind@006f6bfe	eh_unwind_006f6bfe	1
Unwind@006f6c30	eh_unwind_006f6c30	1
Unwind@006f6c3b	eh_unwind_006f6c3b	1
Unwind@006f6c46	eh_unwind_006f6c46	1
Unwind@006f6c4e	eh_unwind_006f6c4e	1
Unwind@006f6c56	eh_unwind_006f6c56	1
Unwind@006f6c5e	eh_unwind_006f6c5e	1
Unwind@006f6c90	eh_unwind_006f6c90	1
Unwind@006f6c9b	eh_unwind_006f6c9b	1
Unwind@006f6ca3	eh_unwind_006f6ca3	1
Unwind@006f6cb1	eh_unwind_006f6cb1	1
Unwind@006f6cb9	eh_unwind_006f6cb9	1
Unwind@006f6cf0	eh_unwind_006f6cf0	1
Unwind@006f6cf8	eh_unwind_006f6cf8	1
Unwind@006f6d00	eh_unwind_006f6d00	1
Unwind@006f6d30	eh_unwind_006f6d30	1
Unwind@006f6d3b	eh_unwind_006f6d3b	1
Unwind@006f6d46	eh_unwind_006f6d46	1
Unwind@006f6d4e	eh_unwind_006f6d4e	1
Unwind@006f6d80	eh_unwind_006f6d80	1
Unwind@006f6d8b	eh_unwind_006f6d8b	1
Unwind@006f6d93	eh_unwind_006f6d93	1
Unwind@006f6dd0	eh_unwind_006f6dd0	1
Unwind@006f6e40	eh_unwind_006f6e40	1
Unwind@006f6e4b	eh_unwind_006f6e4b	1
Unwind@006f6e56	eh_unwind_006f6e56	1
Unwind@006f6e61	eh_unwind_006f6e61	1
Unwind@006f6e6c	eh_unwind_006f6e6c	1
Unwind@006f6e77	eh_unwind_006f6e77	1
Unwind@006f6ea0	eh_unwind_006f6ea0	1
Unwind@006f6eab	eh_unwind_006f6eab	1
Unwind@006f6eb6	eh_unwind_006f6eb6	1
Unwind@006f6ec1	eh_unwind_006f6ec1	1
Unwind@006f6ecc	eh_unwind_006f6ecc	1
Unwind@006f6ed7	eh_unwind_006f6ed7	1
Unwind@006f6ee2	eh_unwind_006f6ee2	1
Unwind@006f6f10	eh_unwind_006f6f10	1
Unwind@006f6f40	eh_unwind_006f6f40	1
Unwind@006f6f48	eh_unwind_006f6f48	1
Unwind@006f6f50	eh_unwind_006f6f50	1
Unwind@006f6f58	eh_unwind_006f6f58	1
Unwind@006f6f80	eh_unwind_006f6f80	1
Unwind@006f6fb0	eh_unwind_006f6fb0	1
Unwind@006f6fbb	eh_unwind_006f6fbb	1
Unwind@006f6fc3	eh_unwind_006f6fc3	1
Unwind@006f7000	eh_unwind_006f7000	1
Unwind@006f7030	eh_unwind_006f7030	1
Unwind@006f703b	eh_unwind_006f703b	1
Unwind@006f7043	eh_unwind_006f7043	1
Unwind@006f7080	eh_unwind_006f7080	1
Unwind@006f70b0	eh_unwind_006f70b0	1
Unwind@006f70bb	eh_unwind_006f70bb	1
Unwind@006f70c6	eh_unwind_006f70c6	1
Unwind@006f70ce	eh_unwind_006f70ce	1
Unwind@006f7100	eh_unwind_006f7100	1
Unwind@006f7108	eh_unwind_006f7108	1
Unwind@006f7110	eh_unwind_006f7110	1
Unwind@006f7140	eh_unwind_006f7140	1
Unwind@006f714b	eh_unwind_006f714b	1
Unwind@006f7180	eh_unwind_006f7180	1
Unwind@006f7188	eh_unwind_006f7188	1
Unwind@006f7193	eh_unwind_006f7193	1
Unwind@006f719b	eh_unwind_006f719b	1
Unwind@006f71a6	eh_unwind_006f71a6	1
Unwind@006f71d0	eh_unwind_006f71d0	1
Unwind@006f71d8	eh_unwind_006f71d8	1
Unwind@006f71e0	eh_unwind_006f71e0	1
Unwind@006f7230	eh_unwind_006f7230	1
Unwind@006f723b	eh_unwind_006f723b	1
Unwind@006f7270	eh_unwind_006f7270	1
Unwind@006f72a0	eh_unwind_006f72a0	1
Unwind@006f72d0	eh_unwind_006f72d0	1
Unwind@006f7300	eh_unwind_006f7300	1
Unwind@006f7330	eh_unwind_006f7330	1
Unwind@006f7360	eh_unwind_006f7360	1
Unwind@006f7368	eh_unwind_006f7368	1
Unwind@006f7390	eh_unwind_006f7390	1
Unwind@006f7398	eh_unwind_006f7398	1
Unwind@006f73a0	eh_unwind_006f73a0	1
Unwind@006f73ab	eh_unwind_006f73ab	1
Unwind@006f73b3	eh_unwind_006f73b3	1
Unwind@006f73c1	eh_unwind_006f73c1	1
Unwind@006f73c9	eh_unwind_006f73c9	1
Unwind@006f73d7	eh_unwind_006f73d7	1
Unwind@006f73df	eh_unwind_006f73df	1
Unwind@006f73ed	eh_unwind_006f73ed	1
Unwind@006f7420	eh_unwind_006f7420	1
Unwind@006f7428	eh_unwind_006f7428	1
Unwind@006f7433	eh_unwind_006f7433	1
Unwind@006f7441	eh_unwind_006f7441	1
Unwind@006f7470	eh_unwind_006f7470	1
Unwind@006f7478	eh_unwind_006f7478	1
Unwind@006f74b0	eh_unwind_006f74b0	1
Unwind@006f74b8	eh_unwind_006f74b8	1
Unwind@006f74f0	eh_unwind_006f74f0	1
Unwind@006f7530	eh_unwind_006f7530	1
Unwind@006f7560	eh_unwind_006f7560	1
Unwind@006f7568	eh_unwind_006f7568	1
Unwind@006f7590	eh_unwind_006f7590	1
Unwind@006f7598	eh_unwind_006f7598	1
Unwind@006f75a6	eh_unwind_006f75a6	1
Unwind@006f75b4	eh_unwind_006f75b4	1
Unwind@006f75c2	eh_unwind_006f75c2	1
Unwind@006f75d0	eh_unwind_006f75d0	1
Unwind@006f75de	eh_unwind_006f75de	1
Unwind@006f75ec	eh_unwind_006f75ec	1
Unwind@006f75fa	eh_unwind_006f75fa	1
Unwind@006f7630	eh_unwind_006f7630	1
Unwind@006f7638	eh_unwind_006f7638	1
Unwind@006f7646	eh_unwind_006f7646	1
Unwind@006f7654	eh_unwind_006f7654	1
Unwind@006f7662	eh_unwind_006f7662	1
Unwind@006f7670	eh_unwind_006f7670	1
Unwind@006f767e	eh_unwind_006f767e	1
Unwind@006f768c	eh_unwind_006f768c	1
Unwind@006f769a	eh_unwind_006f769a	1
Unwind@006f76d0	eh_unwind_006f76d0	1
Unwind@006f76d8	eh_unwind_006f76d8	1
Unwind@006f7700	eh_unwind_006f7700	1
Unwind@006f7750	eh_unwind_006f7750	1
Unwind@006f7758	eh_unwind_006f7758	1
Unwind@006f7763	eh_unwind_006f7763	1
Unwind@006f776e	eh_unwind_006f776e	1
Unwind@006f77a0	eh_unwind_006f77a0	1
Unwind@006f77a8	eh_unwind_006f77a8	1
Unwind@006f77d0	eh_unwind_006f77d0	1
Unwind@006f77d8	eh_unwind_006f77d8	1
Unwind@006f77e0	eh_unwind_006f77e0	1
Unwind@006f77e8	eh_unwind_006f77e8	1
Unwind@006f77f3	eh_unwind_006f77f3	1
Unwind@006f77fb	eh_unwind_006f77fb	1
Unwind@006f7803	eh_unwind_006f7803	1
Unwind@006f7811	eh_unwind_006f7811	1
Unwind@006f7819	eh_unwind_006f7819	1
Unwind@006f7821	eh_unwind_006f7821	1
Unwind@006f782f	eh_unwind_006f782f	1
Unwind@006f7837	eh_unwind_006f7837	1
Unwind@006f783f	eh_unwind_006f783f	1
Unwind@006f784d	eh_unwind_006f784d	1
Unwind@006f7855	eh_unwind_006f7855	1
Unwind@006f785d	eh_unwind_006f785d	1
Unwind@006f786b	eh_unwind_006f786b	1
Unwind@006f7873	eh_unwind_006f7873	1
Unwind@006f787b	eh_unwind_006f787b	1
Unwind@006f7889	eh_unwind_006f7889	1
Unwind@006f7891	eh_unwind_006f7891	1
Unwind@006f7899	eh_unwind_006f7899	1
Unwind@006f78a7	eh_unwind_006f78a7	1
Unwind@006f78b5	eh_unwind_006f78b5	1
Unwind@006f78c3	eh_unwind_006f78c3	1
Unwind@006f78cb	eh_unwind_006f78cb	1
Unwind@006f78d9	eh_unwind_006f78d9	1
Unwind@006f78e1	eh_unwind_006f78e1	1
Unwind@006f78ef	eh_unwind_006f78ef	1
Unwind@006f78f7	eh_unwind_006f78f7	1
Unwind@006f78ff	eh_unwind_006f78ff	1
Unwind@006f790a	eh_unwind_006f790a	1
Unwind@006f7918	eh_unwind_006f7918	1
Unwind@006f7920	eh_unwind_006f7920	1
Unwind@006f792e	eh_unwind_006f792e	1
Unwind@006f7936	eh_unwind_006f7936	1
Unwind@006f793e	eh_unwind_006f793e	1
Unwind@006f7949	eh_unwind_006f7949	1
Unwind@006f7957	eh_unwind_006f7957	1
Unwind@006f795f	eh_unwind_006f795f	1
Unwind@006f7967	eh_unwind_006f7967	1
Unwind@006f7972	eh_unwind_006f7972	1
Unwind@006f7980	eh_unwind_006f7980	1
Unwind@006f7988	eh_unwind_006f7988	1
Unwind@006f7990	eh_unwind_006f7990	1
Unwind@006f799b	eh_unwind_006f799b	1
Unwind@006f79a9	eh_unwind_006f79a9	1
Unwind@006f79b1	eh_unwind_006f79b1	1
Unwind@006f79b9	eh_unwind_006f79b9	1
Unwind@006f79c4	eh_unwind_006f79c4	1
Unwind@006f79d2	eh_unwind_006f79d2	1
Unwind@006f79da	eh_unwind_006f79da	1
Unwind@006f79e2	eh_unwind_006f79e2	1
Unwind@006f79ed	eh_unwind_006f79ed	1
Unwind@006f79fb	eh_unwind_006f79fb	1
Unwind@006f7a03	eh_unwind_006f7a03	1
Unwind@006f7a0b	eh_unwind_006f7a0b	1
Unwind@006f7a16	eh_unwind_006f7a16	1
Unwind@006f7a24	eh_unwind_006f7a24	1
Unwind@006f7a2c	eh_unwind_006f7a2c	1
Unwind@006f7a34	eh_unwind_006f7a34	1
Unwind@006f7a3f	eh_unwind_006f7a3f	1
Unwind@006f7a4d	eh_unwind_006f7a4d	1
Unwind@006f7a55	eh_unwind_006f7a55	1
Unwind@006f7a5d	eh_unwind_006f7a5d	1
Unwind@006f7a68	eh_unwind_006f7a68	1
Unwind@006f7a76	eh_unwind_006f7a76	1
Unwind@006f7a7e	eh_unwind_006f7a7e	1
Unwind@006f7a86	eh_unwind_006f7a86	1
Unwind@006f7a91	eh_unwind_006f7a91	1
Unwind@006f7a9f	eh_unwind_006f7a9f	1
Unwind@006f7aa7	eh_unwind_006f7aa7	1
Unwind@006f7ab5	eh_unwind_006f7ab5	1
Unwind@006f7abd	eh_unwind_006f7abd	1
Unwind@006f7ac5	eh_unwind_006f7ac5	1
Unwind@006f7ad0	eh_unwind_006f7ad0	1
Unwind@006f7ade	eh_unwind_006f7ade	1
Unwind@006f7ae6	eh_unwind_006f7ae6	1
Unwind@006f7aee	eh_unwind_006f7aee	1
Unwind@006f7af9	eh_unwind_006f7af9	1
Unwind@006f7b07	eh_unwind_006f7b07	1
Unwind@006f7b15	eh_unwind_006f7b15	1
Unwind@006f7b23	eh_unwind_006f7b23	1
Unwind@006f7b60	eh_unwind_006f7b60	1
Unwind@006f7b68	eh_unwind_006f7b68	1
Unwind@006f7b73	eh_unwind_006f7b73	1
Unwind@006f7b81	eh_unwind_006f7b81	1
Unwind@006f7b8f	eh_unwind_006f7b8f	1
Unwind@006f7b9d	eh_unwind_006f7b9d	1
Unwind@006f7bab	eh_unwind_006f7bab	1
Unwind@006f7bb9	eh_unwind_006f7bb9	1
Unwind@006f7bc7	eh_unwind_006f7bc7	1
Unwind@006f7bd5	eh_unwind_006f7bd5	1
Unwind@006f7be3	eh_unwind_006f7be3	1
Unwind@006f7bf1	eh_unwind_006f7bf1	1
Unwind@006f7bff	eh_unwind_006f7bff	1
Unwind@006f7c0d	eh_unwind_006f7c0d	1
Unwind@006f7c1b	eh_unwind_006f7c1b	1
Unwind@006f7c29	eh_unwind_006f7c29	1
Unwind@006f7c37	eh_unwind_006f7c37	1
Unwind@006f7c45	eh_unwind_006f7c45	1
Unwind@006f7c53	eh_unwind_006f7c53	1
Unwind@006f7c61	eh_unwind_006f7c61	1
Unwind@006f7c6f	eh_unwind_006f7c6f	1
Unwind@006f7c7d	eh_unwind_006f7c7d	1
Unwind@006f7c8b	eh_unwind_006f7c8b	1
Unwind@006f7c99	eh_unwind_006f7c99	1
Unwind@006f7ca7	eh_unwind_006f7ca7	1
Unwind@006f7cd0	eh_unwind_006f7cd0	1
Unwind@006f7cd8	eh_unwind_006f7cd8	1
Unwind@006f7dc0	eh_unwind_006f7dc0	1
Unwind@006f7df0	eh_unwind_006f7df0	1
Unwind@006f7df8	eh_unwind_006f7df8	1
Unwind@006f7e20	eh_unwind_006f7e20	1
Unwind@006f7e28	eh_unwind_006f7e28	1
Unwind@006f7e60	eh_unwind_006f7e60	1
Unwind@006f7e68	eh_unwind_006f7e68	1
Unwind@006f7ea0	eh_unwind_006f7ea0	1
Unwind@006f7ea8	eh_unwind_006f7ea8	1
Unwind@006f7ee0	eh_unwind_006f7ee0	1
Unwind@006f7ee8	eh_unwind_006f7ee8	1
Unwind@006f7f20	eh_unwind_006f7f20	1
Unwind@006f7f28	eh_unwind_006f7f28	1
Unwind@006f7f60	eh_unwind_006f7f60	1
Unwind@006f7f90	eh_unwind_006f7f90	1
Unwind@006f7fc0	eh_unwind_006f7fc0	1
Unwind@006f7ff0	eh_unwind_006f7ff0	1
Unwind@006f8020	eh_unwind_006f8020	1
Unwind@006f8028	eh_unwind_006f8028	1
Unwind@006f8030	eh_unwind_006f8030	1
Unwind@006f803b	eh_unwind_006f803b	1
Unwind@006f8043	eh_unwind_006f8043	1
Unwind@006f805a	eh_unwind_006f805a	1
Unwind@006f8090	eh_unwind_006f8090	1
Unwind@006f8098	eh_unwind_006f8098	1
Unwind@006f80a0	eh_unwind_006f80a0	1
Unwind@006f80ab	eh_unwind_006f80ab	1
Unwind@006f80b3	eh_unwind_006f80b3	1
Unwind@006f80ca	eh_unwind_006f80ca	1
Unwind@006f8100	eh_unwind_006f8100	1
Unwind@006f8108	eh_unwind_006f8108	1
Unwind@006f8110	eh_unwind_006f8110	1
Unwind@006f811b	eh_unwind_006f811b	1
Unwind@006f8123	eh_unwind_006f8123	1
Unwind@006f813a	eh_unwind_006f813a	1
Unwind@006f8170	eh_unwind_006f8170	1
Unwind@006f8178	eh_unwind_006f8178	1
Unwind@006f8180	eh_unwind_006f8180	1
Unwind@006f818b	eh_unwind_006f818b	1
Unwind@006f8193	eh_unwind_006f8193	1
Unwind@006f81aa	eh_unwind_006f81aa	1
Unwind@006f81e0	eh_unwind_006f81e0	1
Unwind@006f81e8	eh_unwind_006f81e8	1
Unwind@006f81f0	eh_unwind_006f81f0	1
Unwind@006f81fb	eh_unwind_006f81fb	1
Unwind@006f8203	eh_unwind_006f8203	1
Unwind@006f821a	eh_unwind_006f821a	1
Unwind@006f8250	eh_unwind_006f8250	1
Unwind@006f82a0	eh_unwind_006f82a0	1
Unwind@006f82e0	eh_unwind_006f82e0	1
Unwind@006f82e8	eh_unwind_006f82e8	1
Unwind@006f82f0	eh_unwind_006f82f0	1
Unwind@006f8320	eh_unwind_006f8320	1
Unwind@006f8350	eh_unwind_006f8350	1
Unwind@006f8380	eh_unwind_006f8380	1
Unwind@006f83d0	eh_unwind_006f83d0	1
Unwind@006f8400	eh_unwind_006f8400	1
Unwind@006f8450	eh_unwind_006f8450	1
Unwind@006f8461	eh_unwind_006f8461	1
Unwind@006f8490	eh_unwind_006f8490	1
Unwind@006f8498	eh_unwind_006f8498	1
Unwind@006f84a0	eh_unwind_006f84a0	1
Unwind@006f84ab	eh_unwind_006f84ab	1
Unwind@006f84b3	eh_unwind_006f84b3	1
Unwind@006f84c1	eh_unwind_006f84c1	1
Unwind@006f84c9	eh_unwind_006f84c9	1
Unwind@006f84d1	eh_unwind_006f84d1	1
Unwind@006f84dc	eh_unwind_006f84dc	1
Unwind@006f84ea	eh_unwind_006f84ea	1
Unwind@006f84f2	eh_unwind_006f84f2	1
Unwind@006f8500	eh_unwind_006f8500	1
Unwind@006f8540	eh_unwind_006f8540	1
Unwind@006f8548	eh_unwind_006f8548	1
Unwind@006f8553	eh_unwind_006f8553	1
Unwind@006f8561	eh_unwind_006f8561	1
Unwind@006f8590	eh_unwind_006f8590	1
Unwind@006f8598	eh_unwind_006f8598	1
Unwind@006f85a0	eh_unwind_006f85a0	1
Unwind@006f85a8	eh_unwind_006f85a8	1
Unwind@006f85b3	eh_unwind_006f85b3	1
Unwind@006f85be	eh_unwind_006f85be	1
Unwind@006f85c6	eh_unwind_006f85c6	1
Unwind@006f85ce	eh_unwind_006f85ce	1
Unwind@006f85d9	eh_unwind_006f85d9	1
Unwind@006f85e7	eh_unwind_006f85e7	1
Unwind@006f85ef	eh_unwind_006f85ef	1
Unwind@006f85fd	eh_unwind_006f85fd	1
Unwind@006f8605	eh_unwind_006f8605	1
Unwind@006f8613	eh_unwind_006f8613	1
Unwind@006f861b	eh_unwind_006f861b	1
Unwind@006f8623	eh_unwind_006f8623	1
Unwind@006f862e	eh_unwind_006f862e	1
Unwind@006f863c	eh_unwind_006f863c	1
Unwind@006f8670	eh_unwind_006f8670	1
Unwind@006f8678	eh_unwind_006f8678	1
Unwind@006f8683	eh_unwind_006f8683	1
Unwind@006f8691	eh_unwind_006f8691	1
Unwind@006f869f	eh_unwind_006f869f	1
Unwind@006f86d0	eh_unwind_006f86d0	1
Unwind@006f86d8	eh_unwind_006f86d8	1
Unwind@006f86e0	eh_unwind_006f86e0	1
Unwind@006f86e8	eh_unwind_006f86e8	1
Unwind@006f86f3	eh_unwind_006f86f3	1
Unwind@006f86fb	eh_unwind_006f86fb	1
Unwind@006f8703	eh_unwind_006f8703	1
Unwind@006f8711	eh_unwind_006f8711	1
Unwind@006f8719	eh_unwind_006f8719	1
Unwind@006f8721	eh_unwind_006f8721	1
Unwind@006f872f	eh_unwind_006f872f	1
Unwind@006f8737	eh_unwind_006f8737	1
Unwind@006f873f	eh_unwind_006f873f	1
Unwind@006f874d	eh_unwind_006f874d	1
Unwind@006f8755	eh_unwind_006f8755	1
Unwind@006f8763	eh_unwind_006f8763	1
Unwind@006f876b	eh_unwind_006f876b	1
Unwind@006f8779	eh_unwind_006f8779	1
Unwind@006f8781	eh_unwind_006f8781	1
Unwind@006f8789	eh_unwind_006f8789	1
Unwind@006f8794	eh_unwind_006f8794	1
Unwind@006f87a2	eh_unwind_006f87a2	1
Unwind@006f87aa	eh_unwind_006f87aa	1
Unwind@006f87b8	eh_unwind_006f87b8	1
Unwind@006f87c0	eh_unwind_006f87c0	1
Unwind@006f87c8	eh_unwind_006f87c8	1
Unwind@006f87d6	eh_unwind_006f87d6	1
Unwind@006f87e4	eh_unwind_006f87e4	1
Unwind@006f87f2	eh_unwind_006f87f2	1
Unwind@006f8800	eh_unwind_006f8800	1
Unwind@006f880e	eh_unwind_006f880e	1
Unwind@006f881c	eh_unwind_006f881c	1
Unwind@006f882a	eh_unwind_006f882a	1
Unwind@006f8838	eh_unwind_006f8838	1
Unwind@006f8870	eh_unwind_006f8870	1
Unwind@006f8878	eh_unwind_006f8878	1
Unwind@006f8883	eh_unwind_006f8883	1
Unwind@006f8891	eh_unwind_006f8891	1
Unwind@006f889f	eh_unwind_006f889f	1
Unwind@006f88ad	eh_unwind_006f88ad	1
Unwind@006f88bb	eh_unwind_006f88bb	1
Unwind@006f88c9	eh_unwind_006f88c9	1
Unwind@006f88d7	eh_unwind_006f88d7	1
Unwind@006f88e5	eh_unwind_006f88e5	1
Unwind@006f88f3	eh_unwind_006f88f3	1
Unwind@006f8901	eh_unwind_006f8901	1
Unwind@006f890f	eh_unwind_006f890f	1
Unwind@006f891d	eh_unwind_006f891d	1
Unwind@006f892b	eh_unwind_006f892b	1
Unwind@006f8939	eh_unwind_006f8939	1
Unwind@006f8947	eh_unwind_006f8947	1
Unwind@006f8955	eh_unwind_006f8955	1
Unwind@006f8980	eh_unwind_006f8980	1
Unwind@006f8988	eh_unwind_006f8988	1
Unwind@006f89b0	eh_unwind_006f89b0	1
Unwind@006f89b8	eh_unwind_006f89b8	1
Unwind@006f89e0	eh_unwind_006f89e0	1
Unwind@006f8a50	eh_unwind_006f8a50	1
Unwind@006f8a80	eh_unwind_006f8a80	1
Unwind@006f8ab0	eh_unwind_006f8ab0	1
Unwind@006f8b20	eh_unwind_006f8b20	1
Unwind@006f8b50	eh_unwind_006f8b50	1
Unwind@006f8ba0	eh_unwind_006f8ba0	1
Unwind@006f8bd0	eh_unwind_006f8bd0	1
Unwind@006f8bd8	eh_unwind_006f8bd8	1
Unwind@006f8c10	eh_unwind_006f8c10	1
Unwind@006f8c18	eh_unwind_006f8c18	1
Unwind@006f8c23	eh_unwind_006f8c23	1
Unwind@006f8c2e	eh_unwind_006f8c2e	1
Unwind@006f8c39	eh_unwind_006f8c39	1
Unwind@006f8c44	eh_unwind_006f8c44	1
Unwind@006f8c4f	eh_unwind_006f8c4f	1
Unwind@006f8c5a	eh_unwind_006f8c5a	1
Unwind@006f8c65	eh_unwind_006f8c65	1
Unwind@006f8c90	eh_unwind_006f8c90	1
Unwind@006f8c9b	eh_unwind_006f8c9b	1
Unwind@006f8ca6	eh_unwind_006f8ca6	1
Unwind@006f8cae	eh_unwind_006f8cae	1
Unwind@006f8cb6	eh_unwind_006f8cb6	1
Unwind@006f8cc1	eh_unwind_006f8cc1	1
Unwind@006f8ccc	eh_unwind_006f8ccc	1
Unwind@006f8cd4	eh_unwind_006f8cd4	1
Unwind@006f8cdc	eh_unwind_006f8cdc	1
Unwind@006f8ce4	eh_unwind_006f8ce4	1
Unwind@006f8cec	eh_unwind_006f8cec	1
Unwind@006f8d20	eh_unwind_006f8d20	1
Unwind@006f8d28	eh_unwind_006f8d28	1
Unwind@006f8d33	eh_unwind_006f8d33	1
Unwind@006f8d3b	eh_unwind_006f8d3b	1
Unwind@006f8d43	eh_unwind_006f8d43	1
Unwind@006f8d80	eh_unwind_006f8d80	1
Unwind@006f8d88	eh_unwind_006f8d88	1
Unwind@006f8dc0	eh_unwind_006f8dc0	1
Unwind@006f8dc8	eh_unwind_006f8dc8	1
Unwind@006f8dd0	eh_unwind_006f8dd0	1
Unwind@006f8dd8	eh_unwind_006f8dd8	1
Unwind@006f8de0	eh_unwind_006f8de0	1
Unwind@006f8e10	eh_unwind_006f8e10	1
Unwind@006f8e1b	eh_unwind_006f8e1b	1
Unwind@006f8e26	eh_unwind_006f8e26	1
Unwind@006f8e2e	eh_unwind_006f8e2e	1
Unwind@006f8e36	eh_unwind_006f8e36	1
Unwind@006f8e3e	eh_unwind_006f8e3e	1
Unwind@006f8e46	eh_unwind_006f8e46	1
Unwind@006f8e4e	eh_unwind_006f8e4e	1
Unwind@006f8e56	eh_unwind_006f8e56	1
Unwind@006f8e90	eh_unwind_006f8e90	1
Unwind@006f8e98	eh_unwind_006f8e98	1
Unwind@006f8ea3	eh_unwind_006f8ea3	1
Unwind@006f8eae	eh_unwind_006f8eae	1
Unwind@006f8eb6	eh_unwind_006f8eb6	1
Unwind@006f8ebe	eh_unwind_006f8ebe	1
Unwind@006f8ec6	eh_unwind_006f8ec6	1
Unwind@006f8ece	eh_unwind_006f8ece	1
Unwind@006f8f10	eh_unwind_006f8f10	1
Unwind@006f8f18	eh_unwind_006f8f18	1
Unwind@006f8f50	eh_unwind_006f8f50	1
Unwind@006f8f5b	eh_unwind_006f8f5b	1
Unwind@006f8f66	eh_unwind_006f8f66	1
Unwind@006f8f6e	eh_unwind_006f8f6e	1
Unwind@006f8f76	eh_unwind_006f8f76	1
Unwind@006f8f7e	eh_unwind_006f8f7e	1
Unwind@006f8f86	eh_unwind_006f8f86	1
Unwind@006f8fc0	eh_unwind_006f8fc0	1
Unwind@006f8fcb	eh_unwind_006f8fcb	1
Unwind@006f8fd6	eh_unwind_006f8fd6	1
Unwind@006f8fde	eh_unwind_006f8fde	1
Unwind@006f8fe6	eh_unwind_006f8fe6	1
Unwind@006f8fee	eh_unwind_006f8fee	1
Unwind@006f8ff6	eh_unwind_006f8ff6	1
Unwind@006f8ffe	eh_unwind_006f8ffe	1
Unwind@006f9006	eh_unwind_006f9006	1
Unwind@006f900e	eh_unwind_006f900e	1
Unwind@006f9016	eh_unwind_006f9016	1
Unwind@006f9050	eh_unwind_006f9050	1
Unwind@006f9058	eh_unwind_006f9058	1
Unwind@006f9063	eh_unwind_006f9063	1
Unwind@006f906b	eh_unwind_006f906b	1
Unwind@006f9073	eh_unwind_006f9073	1
Unwind@006f90b0	eh_unwind_006f90b0	1
Unwind@006f90b8	eh_unwind_006f90b8	1
Unwind@006f90f0	eh_unwind_006f90f0	1
Unwind@006f90f8	eh_unwind_006f90f8	1
Unwind@006f9100	eh_unwind_006f9100	1
Unwind@006f9108	eh_unwind_006f9108	1
Unwind@006f9140	eh_unwind_006f9140	1
Unwind@006f9148	eh_unwind_006f9148	1
Unwind@006f9170	eh_unwind_006f9170	1
Unwind@006f91a0	eh_unwind_006f91a0	1
Unwind@006f91a8	eh_unwind_006f91a8	1
Unwind@006f91b0	eh_unwind_006f91b0	1
Unwind@006f91bb	eh_unwind_006f91bb	1
Unwind@006f91f0	eh_unwind_006f91f0	1
Unwind@006f9220	eh_unwind_006f9220	1
Unwind@006f9228	eh_unwind_006f9228	1
Unwind@006f9260	eh_unwind_006f9260	1
Unwind@006f9268	eh_unwind_006f9268	1
Unwind@006f9276	eh_unwind_006f9276	1
Unwind@006f92a0	eh_unwind_006f92a0	1
Unwind@006f92a8	eh_unwind_006f92a8	1
Unwind@006f92b6	eh_unwind_006f92b6	1
Unwind@006f92c4	eh_unwind_006f92c4	1
Unwind@006f92f0	eh_unwind_006f92f0	1
Unwind@006f9320	eh_unwind_006f9320	1
Unwind@006f9350	eh_unwind_006f9350	1
Unwind@006f9380	eh_unwind_006f9380	1
Unwind@006f93b0	eh_unwind_006f93b0	1
_Destroy_range@ca	eh_destroy_range_ca	1
_Tidy_deallocate@ca	eh_tidy_deallocate_ca	1
__security_check_cookie@4	eh_security_check_cookie_4	2
dtor_and_free@ca	eh_dtor_ca	1
